lex_func_eval,lex_func_assert,lex_func_system,lex_func_exec,lex_func_shell_exec,lex_func_passthru,lex_func_popen,lex_func_proc_open,lex_obfus_base64_decode,lex_obfus_gzinflate,lex_obfus_gzuncompress,lex_obfus_str_rot13,lex_input__GET,lex_input__POST,lex_input__REQUEST,lex_input__COOKIE,lex_input__FILES,lex_include_include,lex_include_include_once,lex_include_require,lex_include_require_once,lex_string_literal_count,lex_symbol_count,filepath,label
0,0,0,0,0,0,0,0,0,0,0,0,0,0,0,0,0,0,0,0,0,19,131,./Cleaned-Dataset/Normal/0001_01_01_000000_create_users_table.php,normal
0,0,0,0,0,0,0,0,0,0,0,0,0,0,0,0,0,0,0,0,0,10,64,./Cleaned-Dataset/Normal/0001_01_01_000001_create_cache_table.php,normal
0,0,0,0,0,0,0,0,0,0,0,0,0,0,0,0,0,0,0,0,0,28,159,./Cleaned-Dataset/Normal/0001_01_01_000002_create_jobs_table.php,normal
0,0,0,0,0,0,0,0,0,0,0,0,0,0,0,0,0,0,0,0,0,1,98,./Cleaned-Dataset/Normal/000202d76b7e71c1a3708e30f1ab87f5.php,normal
0,0,0,0,0,0,0,0,0,0,0,0,0,4,24,0,0,0,0,0,0,1695,6135,./Cleaned-Dataset/Normal/002965d250fde3bda78eaceb487899b4.php,normal
0,0,0,0,0,0,0,0,0,0,0,0,0,0,3,0,0,0,0,0,0,105,428,./Cleaned-Dataset/Normal/002995ab3a12f725c6a104a97b1012fc.php,normal
0,0,0,0,0,0,0,0,0,0,0,0,0,0,0,0,0,1,0,0,0,19,539,./Cleaned-Dataset/Normal/0029ee9eca3182c78b7294997b28ee14.php,normal
0,0,0,0,0,0,0,0,0,0,0,0,0,3,0,0,0,0,0,0,0,176,627,./Cleaned-Dataset/Normal/0051845956e06bb2473d2c56164f52ee.php,normal
0,0,0,0,0,0,0,0,0,0,0,0,0,0,0,0,0,0,0,0,0,0,13,./Cleaned-Dataset/Normal/0081082f74e8edb6680382dbdeab765f.php,normal
0,0,1,0,0,0,0,0,0,0,0,0,0,0,0,0,0,0,0,0,0,81,803,./Cleaned-Dataset/Normal/00910c8db90d9987c0953399cf698814.php,normal
0,0,0,0,0,0,0,0,0,0,0,0,0,0,0,0,0,0,0,0,0,21,298,./Cleaned-Dataset/Normal/00a27a3b76c8b029147470630022257a.php,normal
0,0,0,0,0,0,0,0,0,0,0,0,0,0,0,0,0,0,0,0,0,0,5,./Cleaned-Dataset/Normal/00b565afdd9d74cb539ea746eb966d2d.php,normal
0,0,0,0,0,0,0,0,0,0,0,0,0,0,0,0,0,0,0,0,0,247,295,./Cleaned-Dataset/Normal/00c2d764b5e368dc09b29af907262d7b.php,normal
0,0,0,0,0,0,0,0,0,0,0,0,2,5,0,0,0,0,0,0,0,80,1950,./Cleaned-Dataset/Normal/00ca6f870c5e3b9f00692a05131c4700.php,normal
0,0,0,0,0,0,0,0,0,0,0,0,0,0,0,0,0,0,0,0,0,0,5,./Cleaned-Dataset/Normal/0111cd527086f66c8267d5c4f3be078e.php,normal
0,0,0,0,0,0,0,0,0,0,0,0,0,0,0,0,0,0,0,0,0,16,41,./Cleaned-Dataset/Normal/0123c9928ebc0b26754eee3e1c0e7237.php,normal
0,0,0,0,0,0,0,0,0,0,0,0,0,0,0,0,0,0,0,0,0,6,11,./Cleaned-Dataset/Normal/012b27a396f4cc4fd8355c0a3d4e9500.php,normal
0,0,0,0,0,0,0,0,0,0,0,0,0,0,0,0,0,0,0,0,0,366,1690,./Cleaned-Dataset/Normal/012d6eea0970370514032efe258e4541.php,normal
0,0,0,0,0,0,0,0,0,0,0,0,0,0,0,0,0,0,0,0,0,934,4013,./Cleaned-Dataset/Normal/0150c33ba8be3f941efa535fa9c29276.php,normal
0,0,0,0,0,0,0,0,0,0,0,0,0,0,0,0,0,0,0,0,2,27,314,./Cleaned-Dataset/Normal/015b3110b08e1d771f695ace1256fa5e.php,normal
0,0,1,0,0,0,0,0,0,0,0,0,0,0,0,0,0,0,0,0,0,8,98,./Cleaned-Dataset/Normal/016c5c8a8ccfcaf578b890915a88afda.php,normal
0,0,0,0,0,0,0,0,0,0,0,0,0,0,0,0,0,0,0,0,0,7,63,./Cleaned-Dataset/Normal/01a5422885cc6c509ec4fae8db7ddbf2.php,normal
0,0,0,0,0,0,0,0,0,0,0,0,0,0,0,0,0,0,0,0,0,9,97,./Cleaned-Dataset/Normal/01c41acf1c8941fd9b5d3e38cf143eb4.php,normal
0,0,0,0,0,0,0,0,0,0,0,0,0,0,0,0,0,7,0,0,0,105,331,./Cleaned-Dataset/Normal/01fb1d197ef2cf7796aae4ba0a25f6de.php,normal
0,0,0,0,0,0,0,0,0,0,0,0,0,0,0,0,0,1,0,0,1,145,300,./Cleaned-Dataset/Normal/0204e79e55108ad3a0345b92e15c1878.php,normal
0,0,0,0,0,0,0,0,0,0,0,0,0,0,0,0,0,0,0,0,0,64,219,./Cleaned-Dataset/Normal/020a16aa8f32badc151a63b91617f59b.php,normal
0,0,0,0,0,0,0,0,0,0,0,0,2,0,14,0,0,1,0,0,0,211,866,./Cleaned-Dataset/Normal/0213e480d207563811c5a561899bdee8.php,normal
0,0,0,0,0,0,0,0,0,0,0,0,0,0,0,0,0,0,0,0,0,53,1460,./Cleaned-Dataset/Normal/023adca0220b4ec68eb8c3c68eb33c4c.php,normal
0,0,0,0,0,0,0,0,0,0,0,0,0,0,0,0,0,0,0,0,0,0,24,./Cleaned-Dataset/Normal/024532460b4d708fb16ebed319faf201.php,normal
0,0,0,0,0,0,0,0,0,0,0,0,0,0,0,0,0,0,0,0,0,5,33,./Cleaned-Dataset/Normal/02593f6daf699d0d8d35a9ff4322f866.php,normal
0,0,0,0,0,0,0,0,0,0,0,0,0,0,0,0,0,0,0,0,0,99,614,./Cleaned-Dataset/Normal/025bee9adbf5c943576ed6136744822c.php,normal
0,0,4,0,0,0,0,0,0,0,0,0,0,0,0,0,0,0,0,0,0,30,87,./Cleaned-Dataset/Normal/02823c6dfdc2a2b3936f5b538471856e.php,normal
0,0,0,0,0,0,0,0,0,0,0,0,0,0,0,0,0,0,0,0,0,9,96,./Cleaned-Dataset/Normal/02882fad73d7dd596e0716af4eee46a7.php,normal
0,0,0,0,0,0,0,0,0,0,0,0,0,4,0,0,0,2,0,1,3,70,280,./Cleaned-Dataset/Normal/028973d24c8efe7bfea1657dafe19658.php,normal
0,0,0,0,0,0,0,0,0,0,0,0,0,0,0,0,0,0,0,0,0,122,94,./Cleaned-Dataset/Normal/02a85e5094f54e9c0dc8d5289342c820.php,normal
0,0,0,0,0,0,0,0,0,0,0,0,0,0,0,0,0,0,0,0,0,0,29,./Cleaned-Dataset/Normal/02c3e4a86fd46563a3b199e70d401c38.php,normal
0,0,0,0,0,0,0,0,0,0,0,0,0,0,0,0,0,0,0,0,0,14,65,./Cleaned-Dataset/Normal/02d2d457c19c5ae48ee82752aee4a207.php,normal
0,0,0,0,0,0,0,0,0,0,0,0,0,0,0,0,0,0,0,0,0,0,6,./Cleaned-Dataset/Normal/02dbfb259175b1d2741e1a868f480266.php,normal
0,0,0,0,0,0,0,0,0,0,0,0,0,0,0,0,0,0,0,0,0,41,372,./Cleaned-Dataset/Normal/02f24a0d1f96a831ebb71ed2cbc9ce8e.php,normal
0,0,0,0,0,0,0,0,0,0,0,0,0,0,10,0,0,0,0,0,0,195,437,./Cleaned-Dataset/Normal/02f5ece31e6efac81343e62fd6b8886e.php,normal
0,0,0,0,0,0,0,0,0,0,0,0,0,0,0,0,0,2,0,0,1,123,741,./Cleaned-Dataset/Normal/02feb2a821750a7345c812a69fea0571.php,normal
0,0,0,0,0,0,0,0,0,0,0,0,0,0,0,0,0,0,0,1,1,2,8,./Cleaned-Dataset/Normal/030bb6ad3f1c614f7f1aa7fd27b79509.php,normal
0,0,0,0,0,0,0,0,0,0,0,0,0,0,0,0,0,0,0,0,0,20,195,./Cleaned-Dataset/Normal/0325bdc3700848be0d89cd2834eb96da.php,normal
0,0,0,0,0,0,0,0,0,0,0,0,0,0,0,0,0,0,0,0,0,0,39,./Cleaned-Dataset/Normal/0333e6b6c08e307810c948accb182f40.php,normal
0,0,5,0,0,0,0,0,0,0,0,0,0,0,0,0,0,12,3,0,0,1300,4585,./Cleaned-Dataset/Normal/035d14313dc3d7a4269b507749000c4a.php,normal
0,0,0,0,0,0,0,0,0,0,0,0,0,0,0,0,0,0,0,0,0,18,260,./Cleaned-Dataset/Normal/0363bc4005adb39c5dec980b7734026e.php,normal
0,1,0,0,0,0,0,0,0,0,0,0,0,0,0,0,0,0,0,0,0,56,269,./Cleaned-Dataset/Normal/037b68bbf5c6feb6da666212c9a2b77f.php,normal
0,0,0,0,0,0,0,0,0,0,0,0,0,0,0,0,0,0,0,0,0,1,28,./Cleaned-Dataset/Normal/038b67273dba5f2f8cde2fdb06a3fb3d.php,normal
0,0,0,0,0,0,0,0,0,0,0,0,0,0,0,0,0,0,0,0,0,1,50,./Cleaned-Dataset/Normal/039270ed106f4779972443800ef983fe.php,normal
0,0,0,0,0,0,0,0,0,0,0,0,0,0,0,0,0,0,0,0,0,70,221,./Cleaned-Dataset/Normal/040af8ad237b6abfe8cfe3a62e30ab89.php,normal
0,0,0,0,0,0,0,0,0,0,0,0,0,0,0,0,0,0,0,0,0,1,29,./Cleaned-Dataset/Normal/040ebceb69c14b0bec73c8a7699ad0b1.php,normal
0,0,0,0,0,0,0,0,0,0,0,0,0,0,0,0,0,1,0,0,0,27,260,./Cleaned-Dataset/Normal/04492668735cee78e4e659182b7424ee.php,normal
0,0,1,0,0,0,0,0,0,0,0,0,0,0,0,0,0,0,0,0,0,14,188,./Cleaned-Dataset/Normal/0451a5b3c05d10bba90f2439396270fa.php,normal
0,0,0,0,0,0,0,0,0,0,0,0,0,0,0,0,0,0,0,0,0,88,627,./Cleaned-Dataset/Normal/04735b9d569246d4067a385f5a1bb4cf.php,normal
0,0,0,0,0,0,0,0,0,0,0,0,25,16,2,0,0,0,0,0,0,908,3154,./Cleaned-Dataset/Normal/0474c73c0fa179820946f8bd64dcb157.php,normal
0,0,0,0,0,0,0,0,0,0,0,0,0,0,0,0,0,0,0,0,0,37,138,./Cleaned-Dataset/Normal/049c849dcdbf5b65d6522e163237aade.php,normal
0,0,0,0,0,0,0,0,0,0,0,0,0,0,5,0,0,2,0,0,0,263,1430,./Cleaned-Dataset/Normal/04a6442a6d084751645c49ced9044b83.php,normal
0,0,0,0,0,0,0,0,0,0,0,0,0,0,0,0,0,0,0,0,0,42,577,./Cleaned-Dataset/Normal/04fc9926ce809756f7f81335786501c6.php,normal
0,0,0,0,0,0,0,0,0,0,0,0,0,0,0,0,0,8,0,0,0,14,15,./Cleaned-Dataset/Normal/0517b2d17454906bde97e0118badd95d.php,normal
0,0,0,0,0,0,0,0,0,0,0,0,0,0,0,0,0,0,0,0,0,120,974,./Cleaned-Dataset/Normal/051cea8868b4c626681ecfeb0a61cb65.php,normal
0,0,0,0,0,0,0,0,0,0,0,0,0,0,11,0,0,0,1,0,0,117,461,./Cleaned-Dataset/Normal/0558780896540e9045731cc47689afcc.php,normal
0,0,0,0,0,0,0,0,0,0,0,0,0,0,0,0,0,0,0,0,0,23,151,./Cleaned-Dataset/Normal/0562239c2ac9990fbbaad57bd141b59d.php,normal
0,0,0,0,0,0,0,0,0,0,0,0,0,0,4,0,0,1,0,0,1,318,3700,./Cleaned-Dataset/Normal/05925f258dfb9f144f82600808713c0a.php,normal
0,0,0,0,0,0,0,0,0,0,0,0,0,0,0,0,0,0,0,0,0,1,22,./Cleaned-Dataset/Normal/05a677e097cff6fe978a402d3dc669cc.php,normal
0,0,0,0,0,0,0,0,0,0,0,0,0,0,0,0,0,0,0,0,0,33,84,./Cleaned-Dataset/Normal/0613e819279d3d9ab75b31f8b090b11a.php,normal
0,0,0,0,0,0,0,0,0,0,0,0,0,0,0,0,0,0,0,0,0,60,441,./Cleaned-Dataset/Normal/061c26c2b41238fde074bcb538da756f.php,normal
0,0,0,0,0,0,0,0,1,0,0,0,0,13,5,0,0,0,0,0,1,529,3594,./Cleaned-Dataset/Normal/063c68fdae9a5df63fe1b39b70d0204c.php,normal
0,0,0,0,0,0,0,0,0,0,0,0,0,0,0,0,0,0,0,0,0,0,41,./Cleaned-Dataset/Normal/0668f4eb97568c62ffd73058e2e90042.php,normal
0,0,0,0,0,0,0,0,0,0,0,0,0,0,0,0,0,0,0,0,0,6,58,./Cleaned-Dataset/Normal/069c3dff63626ecf79c046606f47aebc.php,normal
0,0,0,0,0,0,0,0,0,0,0,0,0,0,0,0,0,0,0,0,1,3,55,./Cleaned-Dataset/Normal/06d1412505180cf19a7678ab769397d8.php,normal
0,0,0,0,0,0,0,0,0,0,0,0,0,0,3,0,0,0,0,0,0,90,228,./Cleaned-Dataset/Normal/06d7a647b359eb4974d62e62da033400.php,normal
0,0,0,0,0,0,0,0,0,0,0,0,0,0,3,0,0,0,0,0,0,582,1947,./Cleaned-Dataset/Normal/06e631715fa360679dabef71f250e8c3.php,normal
0,0,0,0,0,0,0,0,0,0,0,0,0,0,0,0,0,0,0,0,0,14,128,./Cleaned-Dataset/Normal/06faea3aab90b78c2551e5fd7930c498.php,normal
0,0,0,0,0,0,0,0,0,0,0,0,0,0,0,0,0,0,0,0,0,72,399,./Cleaned-Dataset/Normal/07170c037629c359189bad9d7911a5b2.php,normal
0,0,0,0,0,0,0,0,0,0,0,0,0,0,0,0,0,2,0,1,0,321,1929,./Cleaned-Dataset/Normal/0729be8c28c8651cfadefd3fb2b6c6be.php,normal
0,0,0,0,0,0,0,0,0,0,0,0,0,0,0,0,0,0,0,0,0,7,16,./Cleaned-Dataset/Normal/07378228932b1870db5be8c9b99feca8.php,normal
0,0,0,0,0,0,0,0,0,0,0,0,0,0,0,0,0,0,0,0,0,1,7,./Cleaned-Dataset/Normal/07437eb1fff6757c8a016bcc09cc94c5.php,normal
0,0,0,0,0,0,0,0,1,0,0,0,0,0,0,0,0,0,0,0,0,316,1736,./Cleaned-Dataset/Normal/074771f052666014c88512423d9d83c7.php,normal
0,0,0,0,0,0,0,0,0,0,0,0,0,0,0,0,0,0,0,0,1,8,41,./Cleaned-Dataset/Normal/07a6f97afdb0cb17aa7175be5d70646c.php,normal
0,0,0,0,0,0,0,0,0,0,0,0,0,0,0,0,0,0,0,0,0,9,63,./Cleaned-Dataset/Normal/07b93aba4d6b22adb9540009235d68f1.php,normal
0,0,0,0,0,0,0,0,0,0,0,0,0,0,0,0,0,0,0,0,1,8,41,./Cleaned-Dataset/Normal/07bc0058d014c9a6e906fd08cd74823d.php,normal
0,0,0,0,0,0,0,0,0,0,0,0,0,0,0,0,0,0,0,0,0,28,67,./Cleaned-Dataset/Normal/07c96e6e5435f123e363239285e51b25.php,normal
0,0,0,0,0,0,0,0,0,0,0,0,0,0,0,0,0,0,0,0,0,68,338,./Cleaned-Dataset/Normal/07e1f25b1dea0c55af794b28b34271de.php,normal
0,0,0,0,0,0,0,0,0,0,0,0,0,0,0,0,0,0,0,0,0,0,27,./Cleaned-Dataset/Normal/07e7ac92efc692bbcc0c974c32bacf76.php,normal
0,0,0,0,0,0,0,0,0,0,0,0,0,0,0,0,0,0,0,0,0,17,58,./Cleaned-Dataset/Normal/07ef3a95d4f02a1993e3442e4bdf417d.php,normal
0,0,0,0,0,0,0,0,0,0,0,0,0,0,0,0,0,0,0,0,0,1,21,./Cleaned-Dataset/Normal/07fee35dad57332ee34662f857005150.php,normal
0,0,0,0,0,0,0,0,0,0,0,0,0,0,0,0,0,0,0,0,0,1,13,./Cleaned-Dataset/Normal/0814a2dd3d910f3402fd6534f4db3e50.php,normal
0,0,0,0,0,0,0,0,0,0,0,0,0,0,0,0,0,0,0,0,0,1,7,./Cleaned-Dataset/Normal/082794c99ce75fa509475760ff98788b.php,normal
0,0,0,0,0,0,0,0,0,0,0,0,0,0,0,0,0,0,0,0,0,10,111,./Cleaned-Dataset/Normal/084e6c738a7fdf76b2a4f99af8a2d5c1.php,normal
0,0,0,0,0,0,0,0,0,0,0,0,0,0,0,0,0,0,0,0,0,5,25,./Cleaned-Dataset/Normal/085c7d48da403bf35e85162d8b3b9db5.php,normal
0,0,0,0,0,0,0,0,0,0,0,0,0,0,0,0,0,0,0,0,0,0,13,./Cleaned-Dataset/Normal/0875de1345c586bbaa0c8aa7512246c6.php,normal
0,0,0,0,0,0,0,0,0,0,0,0,0,0,0,0,0,0,0,0,0,198,1230,./Cleaned-Dataset/Normal/088632edbf5994edbd99251a11fd0d04.php,normal
0,0,0,0,0,0,0,0,1,0,0,0,11,6,0,1,0,0,0,0,0,335,1707,./Cleaned-Dataset/Normal/088f21afc5accb3c14dfe5c24ae9d485.php,normal
0,0,0,0,0,0,0,0,0,0,0,0,0,0,0,0,0,0,0,0,0,96,24,./Cleaned-Dataset/Normal/089b3ac2b00694b0d3af8fe4caf60eb7.php,normal
0,0,0,0,0,0,0,0,0,0,0,0,0,0,0,0,0,0,0,0,0,1,14,./Cleaned-Dataset/Normal/08a0c311dba04443012dfe3b8cccca93.php,normal
0,0,0,0,0,0,0,0,0,0,0,0,0,0,8,0,0,0,0,0,0,69,300,./Cleaned-Dataset/Normal/08a485f5c5e7577beab20245698bbe23.php,normal
0,0,0,0,0,0,0,0,0,0,0,0,0,0,0,0,0,0,0,0,0,36,187,./Cleaned-Dataset/Normal/08b0419cec85d21f1c09ec6ded62570a.php,normal
0,0,0,0,0,0,0,0,0,0,0,0,0,0,0,0,0,0,0,0,0,63,485,./Cleaned-Dataset/Normal/08c3abb326203d3bdcc020f571bfa13e.php,normal
0,0,0,0,0,0,0,0,0,0,0,0,0,0,0,0,0,0,0,0,0,1,7,./Cleaned-Dataset/Normal/08d0ccf65010f2a1d48857a0b5ea53d7.php,normal
0,0,0,0,0,0,0,0,0,0,0,0,0,0,0,0,0,8,0,0,0,405,1542,./Cleaned-Dataset/Normal/08e492da142c12c47aa908b3025993c6.php,normal
0,0,0,0,0,0,0,0,0,0,0,0,0,0,0,0,0,0,0,0,0,1,52,./Cleaned-Dataset/Normal/092595613ffccb411727820b279cdf80.php,normal
0,0,0,0,0,0,0,0,0,0,0,0,0,0,0,0,0,0,0,0,0,1,10,./Cleaned-Dataset/Normal/094bfd76269c9fcc3c5cda8f05d05335.php,normal
0,0,0,0,0,0,0,0,0,0,0,0,0,0,3,0,0,0,0,0,3,15,154,./Cleaned-Dataset/Normal/096630621ba0bd645b6714fc64e7639b.php,normal
0,0,0,0,0,0,0,0,0,0,0,0,0,0,0,0,0,0,0,0,0,186,96,./Cleaned-Dataset/Normal/09876d01923af3bf348d21353240e041.php,normal
0,0,0,0,0,0,0,0,0,0,0,0,0,0,0,0,0,0,0,0,0,11,402,./Cleaned-Dataset/Normal/099595ee69a356ef526f4a2a36cd4564.php,normal
0,0,0,0,0,0,0,0,0,0,0,0,0,0,0,0,0,0,0,0,0,231,893,./Cleaned-Dataset/Normal/09a625f8200539593c4601af216a4eff.php,normal
0,0,0,0,0,0,0,0,0,0,0,0,0,0,0,0,0,0,0,0,1,30,727,./Cleaned-Dataset/Normal/09a6dc8296ed03d9e91099d2460638a7.php,normal
0,0,0,1,0,0,0,0,0,0,0,0,0,0,0,0,0,0,0,0,0,51,386,./Cleaned-Dataset/Normal/09befdb5d3ad3d6a130c77a37d9bfe1e.php,normal
0,0,0,0,0,0,0,0,0,0,0,0,0,0,0,0,0,0,0,0,0,253,688,./Cleaned-Dataset/Normal/09ce3b14560fb0ecb1ff15fa421a8245.php,normal
0,0,3,0,0,0,0,0,0,0,0,0,0,0,0,0,0,0,0,0,0,17,47,./Cleaned-Dataset/Normal/09d22668d72a42dc480fc67c40652143.php,normal
0,0,0,0,0,0,0,0,0,0,0,0,0,0,9,0,0,0,0,0,0,199,1789,./Cleaned-Dataset/Normal/09d9e3f9cac9a642877d55f807e02694.php,normal
0,0,0,0,0,0,0,0,0,0,0,0,4,31,0,0,0,0,0,2,0,414,1644,./Cleaned-Dataset/Normal/09ed22f89c7921ffe451099a931edba8.php,normal
0,0,0,0,0,0,0,0,0,0,0,0,0,0,0,0,0,0,0,0,0,16,34,./Cleaned-Dataset/Normal/0a31041cf52541f6ec9085947e6ee5b5.php,normal
0,0,0,0,0,0,0,0,0,0,0,0,0,0,0,2,0,0,0,0,0,54,538,./Cleaned-Dataset/Normal/0a398761aa69dab874942afd55e44dec.php,normal
0,0,0,0,0,0,0,0,0,0,0,0,0,0,0,0,0,0,0,2,0,278,2429,./Cleaned-Dataset/Normal/0a6bd03dd261339da35526374d6e2b77.php,normal
0,0,0,0,0,0,0,0,0,0,0,0,0,0,0,0,0,0,0,0,0,36,187,./Cleaned-Dataset/Normal/0a851ac06e5fba4f885213c8631078dc.php,normal
0,0,0,0,0,0,0,0,0,0,0,0,0,0,0,0,0,0,0,0,0,36,183,./Cleaned-Dataset/Normal/0a8a28421f67f707bf527b45c5697dda.php,normal
0,0,0,0,0,0,0,0,0,0,0,0,1,1,0,0,0,0,0,0,0,72,373,./Cleaned-Dataset/Normal/0a8ad321e82af327338effcfdb875adc.php,normal
0,0,0,0,0,0,0,0,0,0,0,0,0,0,0,0,0,0,0,0,0,3,80,./Cleaned-Dataset/Normal/0a8ef0ad2298f372e373cab012355768.php,normal
0,0,0,0,0,0,0,0,0,0,0,0,0,0,0,0,0,4,0,0,0,149,783,./Cleaned-Dataset/Normal/0aabd1a000ede9001bf5872349b62253.php,normal
0,0,0,0,0,0,0,0,0,0,0,0,0,0,0,0,0,0,0,0,0,111,893,./Cleaned-Dataset/Normal/0ab5db0957b8239e311b90e02d4f4af8.php,normal
0,0,0,0,0,0,0,0,0,0,0,0,0,0,0,0,0,0,0,0,0,68,258,./Cleaned-Dataset/Normal/0abd490a6d9e165d43c7dfc963c6cd86.php,normal
0,0,0,0,0,0,0,0,0,0,0,0,0,0,0,0,0,0,0,0,0,60,296,./Cleaned-Dataset/Normal/0b0fd7ce8c4cf734788654380b757b68.php,normal
0,0,0,0,0,0,0,0,0,0,0,0,0,0,0,0,0,0,0,0,0,124,863,./Cleaned-Dataset/Normal/0b298ca3188b0f4a30995b4e0d44749a.php,normal
0,0,0,0,0,0,0,0,0,0,0,0,0,0,0,0,0,0,0,0,0,14,156,./Cleaned-Dataset/Normal/0b5cfb22c90b7b14cb5e5ed55ee1c9c9.php,normal
0,0,0,0,0,0,0,0,0,0,0,0,0,0,0,0,0,0,0,0,0,70,377,./Cleaned-Dataset/Normal/0b9da78add12d86545887c4e7e341e1e.php,normal
0,0,0,0,0,0,0,0,0,0,0,0,0,0,0,0,0,0,0,0,0,0,44,./Cleaned-Dataset/Normal/0bcfb43644fcc48f6bfda53dbf2f1527.php,normal
0,0,0,0,0,0,0,0,0,0,0,0,0,0,0,0,0,0,0,0,0,2,23,./Cleaned-Dataset/Normal/0c4f91d6f6b8c63add6adff90a2fc848.php,normal
0,0,0,0,0,0,0,0,0,0,0,0,1,0,0,0,0,0,0,0,0,111,1531,./Cleaned-Dataset/Normal/0c51089022b051fbeff80fddf297e78c.php,normal
0,0,0,0,0,0,0,0,0,0,0,0,0,0,0,0,0,2,0,0,0,181,610,./Cleaned-Dataset/Normal/0c562043485fe362f89d660dc8d735ed.php,normal
0,0,0,0,0,0,0,0,0,0,0,0,0,0,0,0,0,0,0,0,0,5,105,./Cleaned-Dataset/Normal/0c5b3f2ac1db78c19e591a79704a94da.php,normal
0,0,0,0,0,0,0,0,0,0,0,0,0,0,0,0,0,0,0,0,0,0,157,./Cleaned-Dataset/Normal/0c7b062790495339215878ed5b24e00e.php,normal
0,0,0,0,0,0,0,0,0,0,0,0,0,0,0,0,0,0,0,0,0,159,1554,./Cleaned-Dataset/Normal/0c8577e7dc317c29b4510cd511610623.php,normal
0,0,0,0,0,0,0,0,0,0,0,0,0,0,0,0,0,0,0,0,0,7,93,./Cleaned-Dataset/Normal/0c9c19d67a45a735e62498b157fa85ba.php,normal
0,0,1,0,0,0,0,0,0,0,0,0,0,0,0,0,0,0,0,0,0,1,9,./Cleaned-Dataset/Normal/0ccfc9e6f4bb7a308d1f339c575ec1c5.php,normal
0,0,0,0,0,0,0,0,0,0,0,0,0,0,0,0,0,0,0,0,0,371,1340,./Cleaned-Dataset/Normal/0cdbb35fe53213f6f01add132129687a.php,normal
0,0,0,0,0,0,0,0,0,0,0,0,0,0,0,0,0,0,0,0,0,91,607,./Cleaned-Dataset/Normal/0cf5ef46df8684a5d51b29cf61dec701.php,normal
7,0,2,2,0,2,0,0,0,0,0,0,0,3,0,7,0,0,0,0,0,298,1627,./Cleaned-Dataset/Normal/0d1b090877374ea040993b6788c6f65a.php,normal
0,0,0,0,0,0,0,0,0,0,0,0,0,0,12,0,0,0,0,1,1,36,243,./Cleaned-Dataset/Normal/0d3dec06bed6da7bb8e941991376bee6.php,normal
1,0,1,0,0,0,0,0,0,0,0,0,0,0,0,0,0,0,0,0,0,359,1486,./Cleaned-Dataset/Normal/0d44a2a321bb468465ed994d3bd995af.php,normal
0,0,0,0,0,0,0,0,0,0,0,0,0,0,0,0,0,0,0,0,0,36,68,./Cleaned-Dataset/Normal/0d9423ff37c57943b95936d4d460a41b.php,normal
0,0,0,0,0,0,0,0,0,0,0,0,0,0,0,0,0,0,0,0,0,37,160,./Cleaned-Dataset/Normal/0d9de1318395e552e431ebccee790515.php,normal
0,0,0,0,0,0,0,0,0,0,0,0,0,0,0,0,0,0,0,0,0,8,93,./Cleaned-Dataset/Normal/0de247e5cb82249142df088d57ff4c72.php,normal
0,0,0,0,0,0,0,0,0,0,0,0,0,0,0,0,0,0,0,0,0,0,30,./Cleaned-Dataset/Normal/0e04682e9e4ca72983e5aec4340fdb58.php,normal
0,0,0,0,0,0,0,0,0,0,0,0,0,0,0,0,0,0,0,0,0,2,42,./Cleaned-Dataset/Normal/0e6fde1669eb6b046f0b06a2f7e24320.php,normal
0,0,0,0,0,0,0,0,0,0,0,0,0,0,0,0,0,0,0,0,0,0,9,./Cleaned-Dataset/Normal/0e7692ca7871c314cdb62f1f29742773.php,normal
0,0,0,0,0,0,0,0,0,0,0,0,0,0,0,0,0,0,0,0,0,5,74,./Cleaned-Dataset/Normal/0e82a7b7cea2a75edb9c36bac1388cf5.php,normal
0,0,0,0,0,0,0,0,0,0,0,0,0,0,3,0,0,0,0,1,1,69,287,./Cleaned-Dataset/Normal/0e98de9bd5c8385cfcf7fe7611739262.php,normal
0,0,0,0,0,0,0,0,0,0,0,0,0,0,0,0,0,0,0,0,0,5,37,./Cleaned-Dataset/Normal/0e999844369d2196ac6cdbf56eaadadd.php,normal
0,0,0,0,0,0,0,0,0,0,0,0,0,0,0,0,0,0,0,0,0,52,280,./Cleaned-Dataset/Normal/0ee3b93c4fe3e0c48807f7b184953695.php,normal
0,0,0,0,0,0,0,0,0,0,0,0,0,0,0,0,0,2,0,1,1,235,2600,./Cleaned-Dataset/Normal/0eead143c2e337bae7b053ac0e01437d.php,normal
0,0,0,0,0,0,0,0,0,0,0,0,0,0,0,0,0,1,0,2,1,94,423,./Cleaned-Dataset/Normal/0f0f77410f1d5dec48e648dc30dfdbd4.php,normal
0,0,0,0,0,0,0,0,0,0,0,0,0,0,0,0,0,0,0,0,0,224,1266,./Cleaned-Dataset/Normal/0f42219d61538d7f76f3cf6c15a79a11.php,normal
0,0,0,0,0,0,0,0,0,0,0,0,0,0,0,0,0,0,0,0,0,60,407,./Cleaned-Dataset/Normal/0f682375e145886bec2cf86435d53e20.php,normal
0,0,0,0,0,0,0,0,0,0,0,0,0,0,0,0,0,0,0,0,0,79,513,./Cleaned-Dataset/Normal/0f8fe8af808e1accf19f1498f253284c.php,normal
0,0,0,0,0,0,0,0,0,0,0,0,6,0,24,0,0,0,0,0,0,614,3325,./Cleaned-Dataset/Normal/0f915a2c81136e396fa86e92081c43d8.php,normal
0,0,0,0,0,0,0,0,0,0,0,0,0,0,0,0,0,10,2,0,1,272,1742,./Cleaned-Dataset/Normal/0fb20f02db2417aa4150752bb946056e.php,normal
0,0,0,0,0,0,0,0,0,0,0,0,0,0,0,0,0,0,0,0,0,78,428,./Cleaned-Dataset/Normal/0fbe7e7598fc18e6c092c14cc7fd3656.php,normal
0,0,0,0,0,0,0,0,0,0,0,0,0,0,0,0,0,0,0,0,0,731,1787,./Cleaned-Dataset/Normal/0fdf122c921db36bd54e6122bc8280e4.php,normal
0,0,0,0,0,0,0,0,0,0,0,0,0,0,0,0,0,0,0,0,0,31,71,./Cleaned-Dataset/Normal/0fe711e668cc9b0691fc27338cba474b.php,normal
0,0,0,0,0,0,0,0,0,0,0,0,0,0,0,0,0,0,0,0,0,28,247,./Cleaned-Dataset/Normal/1021c087000f18de1728a0b1fab2407e.php,normal
0,0,0,0,0,0,0,0,0,0,0,0,0,0,0,0,0,0,0,0,0,2,262,./Cleaned-Dataset/Normal/103b32937a164b3a88848ce02f639194.php,normal
0,0,0,0,0,0,0,0,0,0,0,0,0,0,0,0,0,3,0,0,0,61,408,./Cleaned-Dataset/Normal/103e359bc800df010019217bfa40dd32.php,normal
0,0,0,0,0,0,0,0,0,0,0,0,0,0,0,0,0,0,0,0,0,52,331,./Cleaned-Dataset/Normal/10557d2e38efa78a809ab7c47b41725d.php,normal
0,0,0,0,0,0,0,0,0,0,0,0,0,0,0,0,0,0,0,0,0,10,17,./Cleaned-Dataset/Normal/105a71bdaaf1c66b844a48fd95a2c898.php,normal
0,0,0,0,0,0,0,0,0,0,0,0,0,0,0,0,0,0,0,0,0,12,318,./Cleaned-Dataset/Normal/106a29914f8c1124272d624277a1ad21.php,normal
0,0,0,0,0,0,0,0,0,0,0,0,0,0,0,0,0,1,0,1,0,36,697,./Cleaned-Dataset/Normal/10730f4a3c441ee7dfb1c219408caf44.php,normal
0,0,0,0,0,0,0,0,0,0,0,0,0,0,0,0,0,0,0,0,0,34,384,./Cleaned-Dataset/Normal/1074a0c079edefad8fbbd0b97990c4ee.php,normal
0,0,0,0,0,0,0,0,0,0,0,0,0,0,0,0,0,0,0,0,0,0,73,./Cleaned-Dataset/Normal/107d9add5f6fe5e612a2e6d3ed80b3c5.php,normal
0,0,0,0,0,0,0,0,0,0,0,0,0,0,0,0,0,0,0,0,0,39,454,./Cleaned-Dataset/Normal/10aff9c58b85c135e70bd4ca15acf153.php,normal
0,0,0,0,0,0,0,0,0,0,0,0,2,23,4,0,0,0,0,0,4,267,944,./Cleaned-Dataset/Normal/10c333906cf6828041a65851ca235d71.php,normal
0,0,0,0,0,0,0,0,0,0,0,0,0,0,0,0,0,0,0,0,0,196,833,./Cleaned-Dataset/Normal/10d19de48add65e94542cc690981a280.php,normal
0,0,0,0,0,0,0,0,0,0,0,0,0,0,0,0,0,0,0,0,0,33,163,./Cleaned-Dataset/Normal/10eab3320b79b82685b43edb189e8701.php,normal
0,0,0,0,0,0,0,0,0,0,0,0,0,0,0,0,0,0,0,0,0,6,52,./Cleaned-Dataset/Normal/10ed15e2adaa49637f154a21cc3a09c8.php,normal
0,0,0,0,0,0,0,0,0,0,0,0,0,0,0,0,0,0,0,0,0,9,61,./Cleaned-Dataset/Normal/10f149e90ea6cec4bfebd11e34cbfbb6.php,normal
0,0,0,0,0,0,0,0,0,0,0,0,0,0,0,0,0,0,0,0,0,2,98,./Cleaned-Dataset/Normal/10f7ecffd63602cd489e6f4147c0f26a.php,normal
0,0,0,1,0,0,0,0,0,0,0,0,0,0,0,0,0,0,0,0,1,16,96,./Cleaned-Dataset/Normal/112a49def9a570379290be4ec2aae7a7.php,normal
0,0,0,0,0,0,0,0,0,0,0,0,0,0,0,0,0,0,0,0,0,2,44,./Cleaned-Dataset/Normal/1132a3511ecea863e40cff31f4c27711.php,normal
0,0,0,0,0,0,0,0,0,0,0,0,0,0,0,0,0,0,0,0,0,2,16,./Cleaned-Dataset/Normal/1137130f56114b589a3535deffbb5285.php,normal
0,0,0,0,0,0,0,0,0,0,0,0,0,0,0,0,0,0,0,0,0,2,15,./Cleaned-Dataset/Normal/1139a3be4075fdf8a41d1fbba6b0c5fd.php,normal
0,0,0,0,0,0,0,0,0,0,0,0,0,0,0,0,0,0,0,0,0,8,91,./Cleaned-Dataset/Normal/116b6b72f4cf38e737730523c9417bbe.php,normal
0,0,0,0,0,0,0,0,0,0,0,0,0,0,0,0,0,0,0,0,0,35,425,./Cleaned-Dataset/Normal/1195c7e0375fab3a3ef1f440b421b6fc.php,normal
0,0,0,0,0,0,0,0,0,0,0,0,0,0,0,0,0,0,0,0,0,0,52,./Cleaned-Dataset/Normal/119738ff91ca4264a7e2ab40768b959a.php,normal
0,0,0,0,0,0,0,0,0,0,0,0,0,0,0,0,0,0,0,0,0,6,42,./Cleaned-Dataset/Normal/11bb37133b4bc34c59874b2878272a8b.php,normal
0,0,0,0,0,0,0,0,0,0,0,0,0,0,0,0,0,0,0,0,0,73,746,./Cleaned-Dataset/Normal/1216a44aecd98c09c95cd57515ac685a.php,normal
0,0,0,0,0,0,0,0,0,0,0,0,0,0,0,0,0,0,0,0,0,26,80,./Cleaned-Dataset/Normal/123034fc480d71809f9dacacc9991283.php,normal
0,0,0,0,0,0,0,0,0,0,0,0,0,0,0,0,0,0,0,0,0,110,785,./Cleaned-Dataset/Normal/12309ae7230d9717c55c046ccb4fc345.php,normal
0,0,0,0,0,0,0,0,0,0,0,0,0,58,13,0,0,0,0,0,0,465,2472,./Cleaned-Dataset/Normal/123a262cd28b27e1bf3ed5cd77da5bbb.php,normal
0,0,0,0,0,0,0,0,0,0,0,0,0,0,0,0,3,4,0,0,3,367,1742,./Cleaned-Dataset/Normal/123d6e314e38e5ea6bc6131f509cda0a.php,normal
0,0,0,0,0,0,0,0,0,0,0,0,0,0,0,0,0,0,0,0,0,107,294,./Cleaned-Dataset/Normal/125a8a57d1776e7129d008f4ccfa7f81.php,normal
0,0,0,0,0,0,0,0,0,0,0,0,0,0,0,0,0,0,0,0,0,15,84,./Cleaned-Dataset/Normal/1280ab36607c964dc867b4bd79bcda6d.php,normal
1,0,0,5,0,0,0,0,0,0,0,0,0,0,0,0,0,1,1,1,1,220,1903,./Cleaned-Dataset/Normal/12a741d41bce85384bd5909d5f35b370.php,normal
0,0,0,0,0,0,0,0,0,0,0,0,0,0,0,0,0,0,0,0,13,13,39,./Cleaned-Dataset/Normal/12a94f6954b830fc2a00da68fa2967bb.php,normal
0,0,3,0,0,0,0,0,0,0,0,0,6,0,0,0,0,1,0,0,2,116,484,./Cleaned-Dataset/Normal/12aa20bd761de7dbcd1f2559a8eb69a0.php,normal
0,0,0,0,0,0,0,0,0,0,0,0,0,0,0,0,0,0,0,0,1,8,41,./Cleaned-Dataset/Normal/12e6618b55737ef7d4af5f30f90b4355.php,normal
0,0,0,0,0,0,0,0,0,0,0,0,0,0,0,0,0,0,0,0,0,0,35,./Cleaned-Dataset/Normal/133c630d9e77a53ab597ec7408fc4803.php,normal
0,0,0,0,0,0,0,0,0,0,0,0,0,0,0,0,0,0,0,0,0,1,6,./Cleaned-Dataset/Normal/13443c6c7eb3ff732de3402ad5aa29c0.php,normal
0,0,0,0,0,0,0,0,0,0,0,0,0,0,0,0,0,0,0,1,0,245,1454,./Cleaned-Dataset/Normal/13511320cb67d58508331f00a8f86b66.php,normal
0,0,0,0,0,0,0,0,0,0,0,0,0,0,0,0,0,0,0,0,0,18,499,./Cleaned-Dataset/Normal/13890bf6fbc0ad275a615ca7721f5cd0.php,normal
0,0,0,0,0,0,0,0,0,0,0,0,0,0,0,0,0,0,0,0,0,1900,9886,./Cleaned-Dataset/Normal/13b0c0baf9907fb69845daaff00f2f2b.php,normal
0,0,0,0,0,0,0,0,0,0,0,0,0,0,0,0,0,0,0,0,0,1,13,./Cleaned-Dataset/Normal/13ea656e57675d5ee5426201050c36b5.php,normal
0,0,0,0,0,0,0,0,0,0,0,0,0,0,0,0,0,0,0,0,0,4,53,./Cleaned-Dataset/Normal/13ec1d266fcc15f09384a26138c08dc2.php,normal
0,0,0,0,0,0,0,0,0,0,0,0,0,0,0,0,0,1,0,0,0,5,21,./Cleaned-Dataset/Normal/13fb1eac2823dfe3a3f1991d9044a29f.php,normal
0,0,0,0,0,0,0,0,0,0,0,0,0,0,23,0,0,0,0,0,1,30,212,./Cleaned-Dataset/Normal/13fbd50604ae68dba83ade4c77d670a2.php,normal
0,0,0,0,0,0,0,0,0,0,0,0,0,0,0,0,0,0,0,0,0,0,8,./Cleaned-Dataset/Normal/13fecdea17d95ffe8f70fe3c56e0f497.php,normal
0,0,0,0,0,0,0,0,0,0,0,0,0,0,0,0,0,0,0,0,0,72,81,./Cleaned-Dataset/Normal/1405c1a39e6a32f498cd4110796070df.php,normal
0,0,0,0,0,0,0,0,0,0,0,0,0,0,0,0,0,1,0,1,0,279,888,./Cleaned-Dataset/Normal/141d595d6336dfc7ed7d226450def4f9.php,normal
0,0,0,0,0,0,0,0,0,0,0,0,0,0,0,0,0,0,0,0,0,27,201,./Cleaned-Dataset/Normal/14216235258eeb504ec4490a5d1ad636.php,normal
0,0,0,0,0,0,0,0,0,0,0,0,0,0,0,0,0,0,0,0,0,30,35,./Cleaned-Dataset/Normal/142f0b5f898f6fb7122da187c84b08b6.php,normal
0,0,0,0,0,0,0,0,1,0,0,0,0,0,0,0,0,0,0,0,0,43,396,./Cleaned-Dataset/Normal/1434fc58cfef4af8cff9ec061f926f68.php,normal
0,0,0,0,0,0,0,0,0,0,0,0,0,0,0,0,0,0,0,0,0,0,56,./Cleaned-Dataset/Normal/143982833a90b10d987761e612bd6148.php,normal
0,0,0,0,0,0,0,0,0,0,0,0,0,0,0,0,0,0,0,0,0,14,115,./Cleaned-Dataset/Normal/144bef4399010fe7fb6ac887fe11169a.php,normal
0,0,0,0,0,0,0,0,0,0,0,0,0,0,0,0,0,0,0,0,0,5,548,./Cleaned-Dataset/Normal/1460019a61af37092f73e3caa1f52d7d.php,normal
0,0,0,0,0,0,0,0,0,0,0,0,0,0,0,0,0,0,0,0,0,28,182,./Cleaned-Dataset/Normal/1498a1108e43b462b6428433d042b302.php,normal
0,0,0,0,0,0,0,0,0,0,0,0,0,0,0,0,0,0,0,0,0,4,56,./Cleaned-Dataset/Normal/14aac3b4be6d12260bba2bb9fbf832ed.php,normal
0,0,0,0,0,0,0,0,0,0,0,0,0,0,0,0,0,0,0,0,0,61,301,./Cleaned-Dataset/Normal/14ac34e028f5f5400b3fcb96a38ce822.php,normal
0,0,0,0,0,0,0,0,0,0,0,0,0,0,0,0,0,0,0,0,0,2,9,./Cleaned-Dataset/Normal/14ac643930e3a59ba5175becd98069a3.php,normal
0,0,0,0,0,0,0,0,0,0,0,0,0,0,0,0,0,0,0,0,0,1,6,./Cleaned-Dataset/Normal/14cdc1d902eea4675bb0eb7842ddc923.php,normal
0,0,0,0,0,0,0,0,0,0,0,0,0,0,0,0,0,3,2,0,0,220,1005,./Cleaned-Dataset/Normal/14e0e50a015bbdc6fad1f4f9e5bc8f6b.php,normal
0,0,0,0,0,0,0,0,0,0,0,0,0,0,0,0,0,0,0,0,0,52,423,./Cleaned-Dataset/Normal/14f6b1814aea14eab2f2f3eac34a6dbc.php,normal
0,0,0,0,0,0,0,0,0,0,0,0,0,0,0,0,0,0,0,0,0,178,635,./Cleaned-Dataset/Normal/151601eb4179909ed889d603ad998830.php,normal
0,0,0,0,0,0,0,0,0,0,0,0,0,0,0,0,0,0,0,0,0,1,10,./Cleaned-Dataset/Normal/152132940b72e341f6a8e55551fe7aa7.php,normal
0,0,0,0,0,0,0,0,0,0,0,0,2,2,4,0,0,0,0,2,1,157,584,./Cleaned-Dataset/Normal/1547c0d2dba245dd67af36d2cd679eba.php,normal
0,0,0,0,0,0,0,0,0,0,0,0,0,0,0,0,0,0,0,0,0,0,6,./Cleaned-Dataset/Normal/154878ffb2a0acb8b17e5c5a832c3b23.php,normal
0,0,0,0,0,0,0,0,0,0,0,0,0,0,0,0,0,0,0,0,0,29,170,./Cleaned-Dataset/Normal/15524e3b2fbe227e99555af5baca46c2.php,normal
0,0,0,0,0,0,0,0,0,0,0,0,0,0,0,0,0,0,0,0,0,12,190,./Cleaned-Dataset/Normal/15744999e68485751c25056f793b6612.php,normal
0,0,0,0,0,0,0,0,0,0,0,0,0,0,0,0,0,0,0,0,0,9,106,./Cleaned-Dataset/Normal/159353d76c50658b35452a7e77448d57.php,normal
0,0,0,0,0,0,0,0,0,0,0,0,0,0,0,0,0,0,0,0,0,0,7,./Cleaned-Dataset/Normal/15c8a12fac847ecdd8d01057688c83e6.php,normal
0,0,0,0,0,0,0,0,0,0,0,0,1,0,42,0,0,1,0,0,2,246,1005,./Cleaned-Dataset/Normal/15d422d2d9f8fe4dd4db2330345c8b4d.php,normal
0,0,0,0,0,0,0,0,0,0,0,0,20,0,0,0,0,0,0,0,0,494,2598,./Cleaned-Dataset/Normal/15e45f42e97d63dc67c4f9fe2503c8c2.php,normal
0,0,0,0,0,0,0,0,0,0,0,0,0,0,2,0,0,0,0,0,0,257,916,./Cleaned-Dataset/Normal/160065229de2335782262e0b866f4997.php,normal
0,0,0,0,0,0,0,0,0,0,0,0,0,0,0,0,0,0,0,0,0,26,77,./Cleaned-Dataset/Normal/161fa0c80eebce8ec9ae41f8a9015e1e.php,normal
0,0,0,0,0,0,0,0,0,0,0,0,0,0,0,0,0,1,0,0,0,1,3,./Cleaned-Dataset/Normal/16841cf55adc04ab84f22e932b96196a.php,normal
0,0,0,0,0,0,0,0,0,0,0,0,0,0,0,0,0,0,0,0,0,8,181,./Cleaned-Dataset/Normal/169d5e14df61c4d30abbfe403a7325a4.php,normal
0,0,0,0,0,0,0,0,0,0,0,0,0,0,0,0,0,0,0,0,0,0,53,./Cleaned-Dataset/Normal/16cb55432dc93807cf583e158006159e.php,normal
0,0,0,0,0,0,0,0,0,0,0,0,0,0,0,0,0,0,0,0,1,1,11,./Cleaned-Dataset/Normal/16d42ff617c4a616c3bd94ba103a4582.php,normal
0,0,0,0,0,0,0,0,0,0,0,0,0,1,0,0,1,0,0,0,0,664,5608,./Cleaned-Dataset/Normal/16f54a00756b0df77b85257cf8dba958.php,normal
0,0,0,0,0,0,0,0,0,0,0,0,0,0,0,0,0,0,0,0,0,72,304,./Cleaned-Dataset/Normal/16fbc1d86ef940b59c47a2dd85705aa0.php,normal
0,0,0,0,0,0,0,0,0,0,0,0,0,0,0,0,0,0,0,0,0,2,19,./Cleaned-Dataset/Normal/170dbe071e260e8af8fcbd8ec7b0cd55.php,normal
0,0,0,0,0,0,0,0,0,0,0,0,14,9,25,0,0,1,0,0,3,548,2503,./Cleaned-Dataset/Normal/17173730eacdfad1add44f45e0eb72b1.php,normal
0,0,0,0,0,0,0,0,0,0,0,0,0,0,0,0,0,0,0,0,0,77,319,./Cleaned-Dataset/Normal/173cbdec2ea48d462bcb8a552b8963ef.php,normal
0,0,0,0,0,0,0,0,0,0,0,0,0,0,0,0,0,0,0,0,0,0,13,./Cleaned-Dataset/Normal/1758bf51212f0be758ef44b169df831f.php,normal
0,0,0,0,0,0,0,0,0,0,0,0,0,0,0,0,0,0,0,0,0,50,964,./Cleaned-Dataset/Normal/1763ef188cb4a52787651c5dc304650f.php,normal
0,0,0,0,0,0,0,0,0,0,0,0,0,0,0,0,0,0,0,0,0,176,735,./Cleaned-Dataset/Normal/176d477fd63505ce207d3a3386327aa4.php,normal
0,0,0,0,0,0,0,0,0,0,0,0,0,0,0,0,0,0,0,0,0,1,7,./Cleaned-Dataset/Normal/177881683e2cc45fa7830f4cf3cfd76a.php,normal
0,0,0,0,0,0,0,0,0,0,0,0,0,0,0,0,0,0,0,0,0,1,14,./Cleaned-Dataset/Normal/1781972214f6eb1516282134e72dd0c2.php,normal
0,0,0,0,0,0,0,0,0,0,0,0,0,0,0,0,0,0,0,0,0,24,97,./Cleaned-Dataset/Normal/17b09d15525e62dda9d821fc6d4a79d1.php,normal
0,0,0,0,0,0,0,0,0,0,0,0,0,0,0,0,0,0,0,0,0,31,164,./Cleaned-Dataset/Normal/17c7810fca2ccd81aa1a05a8e5cd1cca.php,normal
0,0,0,0,0,0,0,0,0,0,0,0,0,0,0,0,0,0,0,0,0,1,10,./Cleaned-Dataset/Normal/17d42b48fa11388e0a992fac8aa2e991.php,normal
0,0,0,0,0,0,0,0,0,0,0,0,0,0,0,0,0,1,0,0,0,121,1154,./Cleaned-Dataset/Normal/17fa363caf65a0568f842655c25b4912.php,normal
0,0,0,0,0,0,0,0,0,0,0,0,0,0,0,0,0,0,0,0,0,0,80,./Cleaned-Dataset/Normal/17fc6609ee211fd5797c402efe14d8a6.php,normal
0,0,0,0,0,0,0,0,0,0,0,0,0,0,0,0,0,0,0,0,0,24,208,./Cleaned-Dataset/Normal/1832d118501ed7bfa40b84b87e50cf1a.php,normal
0,0,0,0,0,0,0,0,0,0,0,0,0,0,0,0,0,0,0,0,0,9,13,./Cleaned-Dataset/Normal/1844ad121bb4250f99f1df185b858229.php,normal
0,0,0,0,0,0,0,0,0,0,0,0,0,0,0,0,0,0,0,0,0,0,9,./Cleaned-Dataset/Normal/184fdc11a8b7eb73351cc42186ed87cc.php,normal
0,0,0,0,0,0,0,0,0,0,0,0,11,0,0,0,0,0,0,0,2,544,1605,./Cleaned-Dataset/Normal/185f25d3d8f71cfc82cb7ccf1e5b1459.php,normal
0,0,0,0,0,0,0,0,0,0,0,0,0,0,0,0,0,0,0,0,0,89,693,./Cleaned-Dataset/Normal/187333d7b097ac6550088af15097c17d.php,normal
0,0,0,0,0,0,0,0,0,0,0,0,0,0,0,0,0,0,0,0,0,3,19,./Cleaned-Dataset/Normal/187c71ec4335cc161c8188b4903f6c61.php,normal
0,0,0,0,0,0,0,0,0,0,0,0,1,22,31,0,3,1,0,0,1,289,2018,./Cleaned-Dataset/Normal/1897066c057208905eb059818f8ceb44.php,normal
0,0,0,0,0,0,0,0,0,0,0,0,2,2,0,0,0,0,0,0,0,20,397,./Cleaned-Dataset/Normal/18bc42c19732b1091246bcf71a8d8748.php,normal
0,0,4,0,0,0,0,0,0,0,0,0,0,0,0,0,0,0,0,0,0,106,773,./Cleaned-Dataset/Normal/18bd10f8add67ded36270a6fa4cf895c.php,normal
0,0,0,0,0,0,0,0,0,0,0,0,12,6,6,0,0,1,0,1,1,140,594,./Cleaned-Dataset/Normal/18c6f9c911dd60bbad963d1dfe35137f.php,normal
0,0,0,0,0,0,0,0,0,0,0,0,0,0,2,0,0,1,0,0,0,137,579,./Cleaned-Dataset/Normal/1912a98e41bc4af34251dabbe0178edb.php,normal
0,0,0,0,0,0,0,0,0,0,0,0,0,0,0,0,0,0,0,0,0,15,171,./Cleaned-Dataset/Normal/191ef6aedef42af22a9e2267b93d737a.php,normal
0,0,0,0,0,0,0,0,0,0,0,0,0,0,0,0,0,0,0,0,0,7,13,./Cleaned-Dataset/Normal/1939791b3e227ded3a66988765e2698e.php,normal
0,0,0,0,0,0,0,0,0,0,0,0,0,0,0,0,0,0,0,0,0,36,187,./Cleaned-Dataset/Normal/193e306e0259d8d88621115baabf98e1.php,normal
0,0,0,0,0,0,0,0,0,0,0,0,0,0,0,0,0,0,0,0,0,46,516,./Cleaned-Dataset/Normal/195230da8507c056ec56d400253db871.php,normal
1,0,0,0,0,0,0,0,0,0,0,0,0,0,0,0,0,0,0,0,0,182,1269,./Cleaned-Dataset/Normal/1952428dcd352bafb228570b32027d2a.php,normal
0,0,0,0,0,0,0,0,0,0,0,0,0,0,0,0,0,0,0,0,0,78,598,./Cleaned-Dataset/Normal/19622e490d8ee32aaff5d07bef7b68db.php,normal
0,0,0,0,0,0,0,0,0,0,0,0,0,0,0,0,0,0,0,0,0,45,13,./Cleaned-Dataset/Normal/196259629f6986966b6ec9a7713e8114.php,normal
0,0,0,0,0,0,0,0,0,0,0,0,0,0,0,0,0,0,0,0,0,6,69,./Cleaned-Dataset/Normal/1968b13d3ed74072e727a847091b4dd5.php,normal
0,0,0,0,0,0,0,0,0,0,0,0,0,0,0,0,0,0,0,0,0,11,54,./Cleaned-Dataset/Normal/1974548e55759ad6cb78ee37aa6ffbb8.php,normal
0,0,0,0,0,0,0,0,0,0,0,0,0,5,12,0,1,10,0,1,0,329,2213,./Cleaned-Dataset/Normal/19750f6233867c4b23a59fa558588be8.php,normal
0,0,0,0,0,0,0,0,0,0,0,0,0,0,0,0,0,0,0,0,0,16,132,./Cleaned-Dataset/Normal/19805efd193c66f8435c7a28f75b244c.php,normal
0,0,0,0,0,0,0,0,0,0,0,0,0,0,0,0,0,1,0,0,0,60,848,./Cleaned-Dataset/Normal/19a058f7abf85ccce317fcc3123161de.php,normal
0,0,4,0,0,0,0,0,0,0,0,0,0,0,0,0,0,0,0,0,0,273,896,./Cleaned-Dataset/Normal/19dedf77ac967497e5673a496a0c17cd.php,normal
0,0,0,0,0,0,0,0,0,0,0,0,0,0,0,0,0,0,0,0,1,3,8,./Cleaned-Dataset/Normal/19ff1fae31fd2d0338c7601bcb4baf58.php,normal
0,0,0,0,0,0,0,0,0,0,0,0,0,0,0,0,0,0,0,0,0,1,13,./Cleaned-Dataset/Normal/1a0b68bb7ed367c0077de421812a88ca.php,normal
0,0,0,0,0,0,0,0,0,0,0,0,0,0,0,0,0,0,0,0,0,112,315,./Cleaned-Dataset/Normal/1a175d7e060ec7e513341826e1b2391b.php,normal
0,0,0,0,0,0,0,0,0,0,0,0,0,0,0,0,0,0,0,0,0,6,87,./Cleaned-Dataset/Normal/1a38838aed0af2995e73286508db63a8.php,normal
0,0,0,0,0,0,0,0,0,0,0,0,0,0,0,0,0,0,0,0,0,0,35,./Cleaned-Dataset/Normal/1a48dd4e02bc75c58d8d208bbb0a182d.php,normal
0,0,0,0,0,0,0,0,0,0,0,0,0,0,0,0,0,0,0,0,0,45,273,./Cleaned-Dataset/Normal/1a4a9873bc8fd0c27c36a8f0744685de.php,normal
0,0,0,0,0,0,0,0,0,0,0,0,0,0,0,0,0,0,0,0,0,8,7,./Cleaned-Dataset/Normal/1a58449845559bfd4dc19ab4238c27d7.php,normal
0,0,0,0,0,0,0,0,0,0,0,0,0,0,0,0,0,0,0,0,0,50,515,./Cleaned-Dataset/Normal/1a8860386f37becd1cb865d5487b888e.php,normal
0,0,0,0,0,0,0,0,0,0,0,0,0,0,0,0,0,0,0,0,0,2,46,./Cleaned-Dataset/Normal/1a9dfab7cfb3605c0e5574b0d6bd7332.php,normal
0,0,0,0,0,0,0,0,0,0,0,0,0,0,0,0,0,0,0,0,0,5,291,./Cleaned-Dataset/Normal/1aa4754e2b2956b406202b27c11d61e2.php,normal
0,0,0,0,0,0,0,0,0,0,0,0,0,0,0,0,0,0,1,0,0,12,78,./Cleaned-Dataset/Normal/1b1bfa0850b9b07692b8dcbd5c07c50b.php,normal
0,0,0,0,0,0,0,0,0,0,0,0,0,0,4,0,0,0,0,1,1,8,28,./Cleaned-Dataset/Normal/1b1e014daab22e885e05e4ebd28fca9d.php,normal
0,0,0,0,0,0,0,0,0,0,0,0,0,0,0,0,0,0,0,0,0,1298,7105,./Cleaned-Dataset/Normal/1b1ece743734bb3b80fa5050bf805f18.php,normal
0,0,0,0,0,0,0,0,0,0,0,0,0,0,0,0,0,0,0,0,0,14,214,./Cleaned-Dataset/Normal/1b3cda207345e544cb21d8ff94faed7f.php,normal
0,0,0,0,0,0,0,0,0,0,0,0,0,0,15,0,0,0,0,1,1,51,285,./Cleaned-Dataset/Normal/1b3e0ffd63e0f1e33130e99a6da442f1.php,normal
0,0,0,0,0,0,0,0,0,0,0,0,0,0,0,0,0,0,0,0,0,30,331,./Cleaned-Dataset/Normal/1b3f51fe618829d5316f84204f3a7c33.php,normal
0,0,0,0,0,0,0,0,0,0,0,0,0,0,0,0,0,0,0,1,1,2,8,./Cleaned-Dataset/Normal/1ba6cbb9e2a9d3deb348997492ed692e.php,normal
0,0,0,0,0,0,0,0,0,0,0,0,0,0,0,0,0,0,0,0,0,15,97,./Cleaned-Dataset/Normal/1bb228502bacf9bbe24a9af78ca9c449.php,normal
0,0,0,0,0,0,0,0,0,0,0,0,0,0,0,0,0,0,0,0,0,1,6,./Cleaned-Dataset/Normal/1bcac53e48c55b56e6f59b324ff13e69.php,normal
0,0,0,0,0,0,0,0,0,0,0,0,0,2,0,0,0,0,0,0,1,9,77,./Cleaned-Dataset/Normal/1bcb68c8b33765e6d62d2d6ad5e8fc95.php,normal
0,0,0,0,0,0,0,0,0,0,0,0,0,0,0,0,0,0,0,0,0,39,495,./Cleaned-Dataset/Normal/1bddf4e19ef8ff18539453c772d6d771.php,normal
0,0,0,0,0,0,0,0,0,0,0,0,0,0,0,0,0,0,0,0,0,17,120,./Cleaned-Dataset/Normal/1be24c28452b640c65eca3d6a3b59832.php,normal
0,0,0,0,0,0,0,0,0,0,0,0,0,0,1,0,0,0,0,0,0,277,1208,./Cleaned-Dataset/Normal/1c0ba5382dabcbf02e47fadd5aadf1b7.php,normal
0,0,1,0,0,0,0,0,0,0,0,0,0,0,0,0,0,2,0,0,0,61,756,./Cleaned-Dataset/Normal/1c12b68a544e6940bf1d3ca3cbf4c803.php,normal
0,0,0,0,0,0,0,0,0,0,0,0,0,0,0,0,0,0,0,0,1,46,188,./Cleaned-Dataset/Normal/1c38fe0f59689866206ee90ef3d64896.php,normal
0,0,0,0,0,0,0,0,0,0,0,0,0,0,0,0,0,0,0,0,0,2,7,./Cleaned-Dataset/Normal/1c4b69ca4cd9b8538714b2483d0e5995.php,normal
0,0,2,0,0,0,0,0,0,0,0,0,0,0,0,0,0,0,0,0,0,107,1257,./Cleaned-Dataset/Normal/1c5c39737df97e268b1bc709198a5f31.php,normal
0,0,0,0,0,0,0,0,0,0,0,0,0,0,0,0,0,0,0,0,0,3,40,./Cleaned-Dataset/Normal/1c7c32d4f29a62de3565583cbf6f4926.php,normal
0,0,0,0,0,0,0,0,0,0,0,0,0,0,0,0,0,0,0,0,0,12,96,./Cleaned-Dataset/Normal/1c8ab9be069ba83827ae38fb32e68241.php,normal
0,0,0,0,0,0,0,0,0,0,0,0,0,1,38,0,0,0,0,0,0,227,1266,./Cleaned-Dataset/Normal/1c8c16a7a3ade81766fe6eb080cc2785.php,normal
0,0,0,0,0,0,0,0,0,0,0,0,0,0,0,0,0,0,0,0,0,108,552,./Cleaned-Dataset/Normal/1cc5718cf27207f4e76151bc390a5140.php,normal
0,0,0,0,0,0,0,0,0,0,0,0,0,0,0,0,0,0,0,0,0,70,379,./Cleaned-Dataset/Normal/1ccb93361414f53090112401c27b229f.php,normal
0,0,0,0,0,0,0,0,0,0,0,0,0,0,0,0,0,0,0,0,0,271,1085,./Cleaned-Dataset/Normal/1ccf56a9b67046a00f7d336029e6cf82.php,normal
0,0,0,0,0,0,0,0,0,0,0,0,1,4,0,0,0,0,0,0,1,14,87,./Cleaned-Dataset/Normal/1d0c11e5324c78d39acb0218ec74af37.php,normal
0,0,0,0,0,0,0,0,0,0,0,0,0,0,0,0,0,0,0,0,0,23,58,./Cleaned-Dataset/Normal/1d2857a9d4e035cb9e4570b161022c21.php,normal
0,0,0,0,0,0,0,0,0,0,0,0,0,0,0,0,0,0,0,0,0,42,95,./Cleaned-Dataset/Normal/1d2c0f8471ce0e95825503482d17eb23.php,normal
0,0,0,0,0,0,0,0,0,0,0,0,0,0,0,0,0,0,0,0,0,238,1033,./Cleaned-Dataset/Normal/1d451849ed86ddae3c43c5c79b16360c.php,normal
0,0,0,0,0,0,0,0,0,0,0,0,23,0,8,0,0,2,0,0,3,267,1000,./Cleaned-Dataset/Normal/1d6eadfac3c12195ddc33255385353aa.php,normal
0,0,0,0,0,0,0,0,0,0,0,0,0,0,0,0,0,0,0,0,0,6,32,./Cleaned-Dataset/Normal/1d7e80c43599d70e8feef4196f36a099.php,normal
0,0,2,0,0,0,0,0,0,0,0,0,0,0,0,0,0,0,0,0,0,235,1369,./Cleaned-Dataset/Normal/1d8a839f779913f5aa330c4d9562fb78.php,normal
0,0,0,0,0,0,0,0,0,0,0,0,0,2,42,0,0,1,0,1,2,167,1234,./Cleaned-Dataset/Normal/1d973df62f4ac9b8a6da5673c9a7043e.php,normal
0,0,0,0,0,0,0,0,0,0,0,0,0,0,0,0,0,0,0,0,1,378,1908,./Cleaned-Dataset/Normal/1da1855a17e1ee170bfea5b3944aafc1.php,normal
0,0,0,0,0,0,0,0,0,0,0,0,0,0,0,0,0,0,0,0,0,0,218,./Cleaned-Dataset/Normal/1dd66d4c58533370c6719775049e436a.php,normal
0,0,0,0,0,0,0,0,0,0,0,0,0,0,0,0,0,0,0,0,0,63,391,./Cleaned-Dataset/Normal/1ddf7280df866fecf23d823ad7f90f49.php,normal
0,0,0,0,0,0,0,0,0,0,0,0,0,0,0,0,0,0,0,0,0,43,260,./Cleaned-Dataset/Normal/1dee3f83b96c2390fbd4e13651cb5f61.php,normal
0,0,0,0,0,0,0,0,0,0,0,0,0,0,0,0,0,0,0,0,0,40,150,./Cleaned-Dataset/Normal/1df9412da5fd9692a2dc92c816c7d170.php,normal
0,0,0,0,0,0,0,0,0,0,0,0,0,0,0,0,0,0,0,0,0,28,99,./Cleaned-Dataset/Normal/1e3fb2c04b12a7a849dda75b7d092f2b.php,normal
0,0,0,0,0,0,0,0,0,0,0,0,1,0,0,1,0,2,3,0,0,41,123,./Cleaned-Dataset/Normal/1e40c7bb7fc8987b56751060f0e0bb22.php,normal
0,0,0,0,0,0,0,0,1,0,0,0,0,0,0,0,0,0,0,0,0,7,81,./Cleaned-Dataset/Normal/1e6572bde34c56cbc47374721ce19ede.php,normal
0,0,0,0,0,0,0,0,0,0,0,0,0,0,0,0,0,0,0,0,0,0,8,./Cleaned-Dataset/Normal/1e6be3349288106e17305da555a33e0e.php,normal
0,0,0,0,0,0,0,0,0,0,0,0,0,0,0,0,0,0,0,0,0,1,6,./Cleaned-Dataset/Normal/1e7febadeae18e4664e82107aba4b778.php,normal
0,0,0,0,0,0,0,0,0,0,0,0,0,0,9,0,0,0,0,0,0,112,389,./Cleaned-Dataset/Normal/1e907cd412009f416eb6e9c20e2eb26d.php,normal
0,0,0,0,0,0,0,0,0,0,0,0,0,0,0,0,0,0,0,0,0,1,25,./Cleaned-Dataset/Normal/1ec10e4b79624897ee1a4ca3c6715f74.php,normal
0,0,0,0,0,0,0,0,0,0,0,0,0,0,0,0,0,0,0,0,0,124,949,./Cleaned-Dataset/Normal/1ed31ce073cc840c28587cb857d532e6.php,normal
0,0,0,0,0,0,0,0,0,0,0,0,0,0,26,0,0,0,0,0,0,431,1712,./Cleaned-Dataset/Normal/1f1bfa18ecf05a87d75fc042e83aaaa1.php,normal
0,0,1,0,0,0,0,0,0,0,0,0,0,0,0,0,0,0,0,0,0,13,155,./Cleaned-Dataset/Normal/1f6ff01830dbbb6cb20d6f3984b737e1.php,normal
0,0,0,0,0,0,0,0,0,0,0,0,0,0,0,0,0,0,0,0,0,63,33,./Cleaned-Dataset/Normal/1f7b75724c166468a0ae08cfa30cdd68.php,normal
0,0,0,0,0,0,0,0,0,0,0,0,0,0,0,0,0,0,0,0,0,0,6,./Cleaned-Dataset/Normal/1f959118b8e486ead4ddfc56ffb11242.php,normal
0,0,0,0,0,0,0,0,0,0,0,0,2,0,0,0,0,0,0,0,0,39,290,./Cleaned-Dataset/Normal/1fb0130bf11a79727e9910e9b917dae2.php,normal
0,0,0,0,0,0,0,0,0,0,0,0,0,0,0,0,0,0,0,0,0,4,43,./Cleaned-Dataset/Normal/1fc2f4bbdf22d52eac61c77911600190.php,normal
0,0,0,0,0,0,0,0,0,0,0,0,0,0,0,0,0,1,0,0,2,3,7,./Cleaned-Dataset/Normal/20093f5250283e64070419ed35f1bd26.php,normal
0,0,1,0,0,0,0,0,0,0,0,0,0,0,0,0,0,0,0,0,0,119,75,./Cleaned-Dataset/Normal/20221c0a3e29a11cb3ae287db130701b.php,normal
0,0,0,0,0,0,0,0,0,0,0,0,0,0,0,0,0,0,0,0,0,79,635,./Cleaned-Dataset/Normal/2038ae3a1086a26951d898ef92bbf879.php,normal
0,0,0,0,0,0,0,0,0,0,0,0,0,0,0,0,0,0,0,0,0,2,17,./Cleaned-Dataset/Normal/203ca38eb80ac814226aa335d2d28d42.php,normal
0,0,0,0,0,0,0,0,0,0,0,0,0,0,0,0,0,0,0,0,0,3,42,./Cleaned-Dataset/Normal/2049fbe9c00a22a3c85a834aaff27945.php,normal
0,0,0,0,0,0,0,0,0,0,0,0,0,0,0,0,0,0,0,0,0,4,30,./Cleaned-Dataset/Normal/204b94ffd87c6288a4bf5888100bb3df.php,normal
0,0,0,0,0,0,0,0,0,0,0,0,0,0,0,0,0,0,0,0,0,5,47,./Cleaned-Dataset/Normal/205d64ae0d4120b97d39d37ee01bca81.php,normal
0,0,0,0,0,0,0,0,0,0,0,0,0,0,0,0,0,0,0,0,0,12,63,./Cleaned-Dataset/Normal/20b46ff590fcc7c6b9cd4717c3530370.php,normal
0,0,0,0,0,0,0,0,0,0,0,0,0,0,0,0,0,0,0,0,0,1,10,./Cleaned-Dataset/Normal/20bfff90bc4013d485cb93e6d0933044.php,normal
0,0,0,0,0,0,0,0,0,0,0,0,0,0,0,0,0,0,0,0,0,6,244,./Cleaned-Dataset/Normal/20e5725bd45a07c5c12d6ca10775fb67.php,normal
0,0,0,0,0,0,0,0,0,0,0,0,0,0,0,0,0,0,0,0,0,4,6,./Cleaned-Dataset/Normal/20f0c734c8b097e1081192de7651c9a1.php,normal
0,0,0,0,0,0,0,0,0,0,0,0,0,0,0,0,0,0,0,0,0,135,916,./Cleaned-Dataset/Normal/20f9f49a5cd40341d5e273e139b26607.php,normal
0,0,0,0,0,0,0,0,0,0,0,0,0,0,0,0,0,0,0,0,0,47,289,./Cleaned-Dataset/Normal/21275789e083e3a8f591d1a414d2996c.php,normal
0,0,0,0,0,0,0,0,0,0,0,0,0,0,0,0,0,0,0,0,0,188,1084,./Cleaned-Dataset/Normal/2131f694e2953b28a16a6d998aaed7e2.php,normal
0,0,0,0,0,0,0,0,0,0,0,0,0,0,0,0,0,0,0,0,0,7,134,./Cleaned-Dataset/Normal/21544f596be044d3b801dba722a23757.php,normal
0,0,0,0,0,0,0,0,0,0,0,0,0,0,0,0,0,0,0,0,0,1,7,./Cleaned-Dataset/Normal/2166110f40ca9d967434783466382076.php,normal
0,0,0,0,0,0,0,0,0,0,0,0,0,0,0,0,0,0,0,0,0,4,214,./Cleaned-Dataset/Normal/2170df788a2d5758908bbe8cbfbbcd79.php,normal
0,0,1,0,0,0,0,0,0,0,0,0,0,0,0,0,0,0,0,0,0,12,113,./Cleaned-Dataset/Normal/21a710c4072c06de48cb2d169a0678dd.php,normal
0,0,2,0,0,0,0,0,0,0,0,0,0,0,0,0,0,1,0,0,2,195,2012,./Cleaned-Dataset/Normal/21a7c79e6a7bfca1d169fd1ce28ae6a1.php,normal
0,0,0,0,0,0,0,0,0,0,0,0,0,0,0,0,0,0,0,0,1,249,2027,./Cleaned-Dataset/Normal/21b189c37f650c9c75963c87cbfc3c4e.php,normal
0,0,0,0,0,0,0,0,0,0,0,0,0,0,0,0,0,0,0,0,0,50,671,./Cleaned-Dataset/Normal/21b8f5e15ab8176ca82b68bf4285c376.php,normal
0,0,0,0,0,0,0,0,0,0,0,0,0,0,0,0,0,0,0,0,0,272,717,./Cleaned-Dataset/Normal/21c006386ad00dbd3e142325518c4844.php,normal
0,0,0,0,0,0,0,0,0,0,0,0,0,0,0,0,0,0,0,0,0,0,7,./Cleaned-Dataset/Normal/21d74b73d694e7315c18e4cb1522dc29.php,normal
0,0,0,0,0,0,0,0,0,0,0,0,0,0,0,0,0,0,0,0,0,169,851,./Cleaned-Dataset/Normal/221376ebc9031ad2edd65c5cc13c9247.php,normal
0,0,0,0,0,0,0,0,0,0,0,0,0,0,0,0,0,0,0,0,0,1,81,./Cleaned-Dataset/Normal/223c59c8101b625409363c1a57f09be6.php,normal
0,0,0,0,0,0,0,0,0,0,0,0,0,0,4,1,0,0,0,0,0,93,627,./Cleaned-Dataset/Normal/22935bc7716f98898a783974c7910fd4.php,normal
0,0,0,0,0,0,0,0,0,0,0,0,0,0,0,0,0,0,0,0,0,68,503,./Cleaned-Dataset/Normal/229ff0dc22f66ba4a513beca487a0d25.php,normal
0,0,0,0,0,0,0,0,0,0,0,0,0,0,0,0,0,0,0,0,0,46,312,./Cleaned-Dataset/Normal/231af8f905c3faf8e12eb5a88bc05170.php,normal
0,0,0,0,0,0,0,0,0,0,0,0,0,0,5,0,0,0,0,0,0,195,728,./Cleaned-Dataset/Normal/237d6ffcc97127bf08d5a016654f93cf.php,normal
0,0,0,0,0,0,0,0,0,0,0,0,0,0,0,0,0,0,0,0,0,10,158,./Cleaned-Dataset/Normal/23a3d0396f7ed093a6a4193a412a3b7f.php,normal
0,0,0,0,0,0,0,0,0,0,0,0,0,0,0,0,0,0,0,0,0,229,1865,./Cleaned-Dataset/Normal/23c1fb055b550d28a66e4f3507b9b914.php,normal
0,0,0,0,0,0,0,0,0,0,0,0,0,0,0,0,0,0,0,0,0,27,265,./Cleaned-Dataset/Normal/23cebee46c6ab21ea27b5a47a81bb536.php,normal
0,0,0,0,0,0,0,0,0,0,0,0,0,0,0,0,0,1,0,1,0,69,1450,./Cleaned-Dataset/Normal/23f227eee2c2e67d5cad69b2f83728f6.php,normal
0,0,0,0,0,0,0,0,0,0,0,0,0,0,0,0,0,0,0,0,0,73,362,./Cleaned-Dataset/Normal/23f605b912b33a80c341a4ceed8373d9.php,normal
0,0,0,0,0,0,0,0,0,0,0,0,4,0,0,0,0,0,0,0,1,114,406,./Cleaned-Dataset/Normal/240adee5a58d06767d84b759ef968241.php,normal
0,0,0,0,0,0,0,0,0,0,0,0,0,0,0,0,0,0,0,0,0,1,20,./Cleaned-Dataset/Normal/2437b5cbee150888ec308c3f259f1dd1.php,normal
0,0,0,0,0,0,0,0,0,0,0,0,0,0,0,0,0,0,0,0,0,1,70,./Cleaned-Dataset/Normal/244389b6c0069902e7d3cbb8217ba248.php,normal
0,0,0,0,0,0,0,0,0,0,0,0,1,0,1,0,0,0,0,0,0,214,984,./Cleaned-Dataset/Normal/2453fbe354f013051dcc4009f65388ae.php,normal
0,0,0,0,0,0,0,0,0,0,0,0,0,0,0,0,0,0,0,0,0,436,2617,./Cleaned-Dataset/Normal/248fe7b3d09676ef53dea43eacfc820c.php,normal
0,0,0,0,0,0,0,0,0,0,0,0,0,0,0,0,0,0,0,0,0,36,201,./Cleaned-Dataset/Normal/24974de16750626a8d2f6668d5ecf282.php,normal
0,0,0,0,0,0,0,0,0,0,0,0,0,0,0,0,0,0,0,0,0,361,898,./Cleaned-Dataset/Normal/24d09dccb91585c1b27ec5edc8e4da97.php,normal
0,0,0,0,0,0,0,0,0,0,0,0,0,0,0,0,0,0,0,0,0,5,13,./Cleaned-Dataset/Normal/24e00ccca17634d028fbbfdafd9e7461.php,normal
0,0,0,0,0,0,0,0,0,0,0,0,0,0,2,0,0,0,0,0,3,14,95,./Cleaned-Dataset/Normal/24e737501f74cb0caedfd56873b4a923.php,normal
0,0,0,0,0,0,0,0,0,0,0,0,0,0,0,0,0,0,0,0,0,1,13,./Cleaned-Dataset/Normal/24fa824cbd8f2bc88d80516e97c9f690.php,normal
0,0,0,0,0,0,0,0,0,0,0,0,0,0,0,0,0,0,0,0,0,1,14,./Cleaned-Dataset/Normal/24fe21c663b9d289ec3e706215816bab.php,normal
0,0,0,0,0,0,0,0,0,0,0,0,0,2,0,0,9,0,0,0,0,73,866,./Cleaned-Dataset/Normal/250e29e8698abd5786047605462da1d5.php,normal
0,0,0,0,0,0,0,0,0,0,0,0,0,0,0,0,0,0,0,0,0,18,88,./Cleaned-Dataset/Normal/252a5b7503aa866b2054a9afc2670742.php,normal
0,0,0,0,0,0,0,0,0,0,0,0,0,0,0,0,0,0,0,0,0,0,27,./Cleaned-Dataset/Normal/252b19134234b239489c33fc685edd93.php,normal
0,0,0,0,0,0,0,0,0,0,0,0,0,0,0,0,0,0,0,0,0,20,181,./Cleaned-Dataset/Normal/253a059342c6b10b525acfdaeb909f31.php,normal
0,0,0,0,0,0,0,0,0,0,0,0,0,0,0,0,0,0,0,0,0,233,1203,./Cleaned-Dataset/Normal/253cd13f8edc0bbe3be9bb3b7c218514.php,normal
0,0,0,0,0,0,0,0,0,0,0,0,0,0,0,0,0,0,0,0,0,5,59,./Cleaned-Dataset/Normal/256cf4e9312f73c5806c8b291677d269.php,normal
0,0,1,0,0,0,0,0,0,0,0,0,0,0,0,0,0,0,0,1,0,5,38,./Cleaned-Dataset/Normal/2577f4ee2564fd734b49110f30544544.php,normal
0,0,0,0,0,0,0,0,0,0,0,0,0,0,0,0,0,0,0,0,0,0,23,./Cleaned-Dataset/Normal/259fe1ac298bcf0098587ec4b5ca759d.php,normal
0,0,0,0,0,0,0,0,0,0,0,0,0,0,0,0,0,1,0,0,0,18,294,./Cleaned-Dataset/Normal/25ac099670751365ea71f24e75c5f7a2.php,normal
0,0,0,0,0,0,0,0,0,0,0,0,0,0,0,0,0,0,0,0,0,1,7,./Cleaned-Dataset/Normal/25cf3a75300ba564d16c7ea6aa3b94ac.php,normal
0,0,0,0,0,0,0,0,0,0,0,0,0,0,0,0,0,2,0,0,0,276,2550,./Cleaned-Dataset/Normal/25cf73d4ff6656595e67f1a5c4e4ce5f.php,normal
0,0,0,0,0,0,0,0,0,0,0,0,0,12,3,0,0,1,0,0,0,476,2626,./Cleaned-Dataset/Normal/25e69880bbc6eaeca32d669329d05c22.php,normal
0,0,0,0,0,0,0,0,0,0,0,0,0,0,0,0,0,0,0,0,0,1,6,./Cleaned-Dataset/Normal/2632db88a4a11e382884731ed5098c93.php,normal
0,0,0,0,0,0,0,0,0,0,0,0,0,0,0,0,0,0,0,0,0,0,25,./Cleaned-Dataset/Normal/266991e31db0fafdda0c0e7f7c533bfd.php,normal
0,0,0,0,0,0,0,0,0,0,0,0,0,0,0,0,0,0,0,0,0,87,701,./Cleaned-Dataset/Normal/2692234049fb4e53d39d0e195c391ac6.php,normal
0,0,0,0,0,0,0,0,0,0,0,0,0,0,4,0,0,0,0,0,0,16,374,./Cleaned-Dataset/Normal/269a8ca9a984c9a56844bbf65ff6cc29.php,normal
0,0,0,0,0,0,0,0,0,0,0,0,0,0,0,0,0,0,0,0,0,21,132,./Cleaned-Dataset/Normal/269df2b48b0213c3cc1b48065b1ab77f.php,normal
0,0,0,0,0,0,0,0,0,0,0,0,0,0,0,0,0,0,0,0,0,44,270,./Cleaned-Dataset/Normal/26cd208b2ae77285bb385cce49a2cccd.php,normal
0,0,0,0,0,0,0,0,0,0,0,0,0,0,0,0,0,0,0,0,0,72,272,./Cleaned-Dataset/Normal/26d9f8ba55639d499499220054f1aa7b.php,normal
0,0,0,0,0,0,0,0,0,0,0,0,0,0,0,0,0,0,0,0,0,31,48,./Cleaned-Dataset/Normal/26f33e3e197d0167dff9a19c1462dc8a.php,normal
0,0,0,0,0,0,0,0,0,0,0,0,0,0,0,0,0,0,0,1,4,17,55,./Cleaned-Dataset/Normal/270c6fbea51329a390427c7040504a82.php,normal
0,0,0,0,0,0,0,0,0,0,0,0,0,0,0,0,0,0,0,0,0,0,24,./Cleaned-Dataset/Normal/2716e5078425160727378f22a49b98de.php,normal
0,0,0,0,0,0,0,0,0,0,0,0,0,0,0,0,0,0,0,1,0,146,1009,./Cleaned-Dataset/Normal/278861f1e2111cce1910591c8efcaf9f.php,normal
0,0,0,0,0,0,0,0,0,0,0,0,0,2,0,0,0,0,0,0,0,256,1348,./Cleaned-Dataset/Normal/278b2c2932175460d63e5f41591e8c05.php,normal
0,0,0,0,0,0,0,0,0,0,0,0,0,0,0,0,0,0,0,0,0,176,504,./Cleaned-Dataset/Normal/279b61b3cdb0e4c2791458d3eb72ea15.php,normal
0,0,0,0,0,0,0,0,0,0,0,0,0,0,0,0,0,0,0,0,0,5,553,./Cleaned-Dataset/Normal/27ac2a8a0386df3f9d3ab4c210da9547.php,normal
0,0,0,0,0,0,0,0,0,0,0,0,0,0,0,0,0,6,1,0,0,1149,2862,./Cleaned-Dataset/Normal/27b7eeda66a7da7cf3817eb4641fe8f3.php,normal
0,0,0,0,0,0,0,0,0,0,0,0,0,0,0,0,0,0,0,0,0,5,46,./Cleaned-Dataset/Normal/27b8e773329f39be4c982335806184b7.php,normal
0,0,0,0,0,0,0,0,0,0,0,0,0,0,0,0,0,0,0,0,0,2,16,./Cleaned-Dataset/Normal/27f242069833d283967088ac2d9a569c.php,normal
0,0,0,0,0,0,0,0,0,0,0,0,0,0,0,0,0,0,0,0,0,0,24,./Cleaned-Dataset/Normal/27f32119bc499d50db77bcb84638624d.php,normal
0,0,0,0,0,0,0,0,0,0,0,0,0,0,0,0,0,0,0,0,0,1,6,./Cleaned-Dataset/Normal/27f84cdba55322fa8d1259b1fdfb1f38.php,normal
0,0,1,0,0,0,0,0,0,0,0,0,0,0,0,0,0,0,0,0,0,139,912,./Cleaned-Dataset/Normal/2810cfdc0c409e998be6e444c7b52cde.php,normal
0,0,0,0,0,0,0,0,0,0,0,0,2,2,2,0,0,0,0,0,1,13,99,./Cleaned-Dataset/Normal/286f14b5706be27e60354057778e772f.php,normal
0,0,0,0,0,0,0,0,0,0,0,0,0,0,0,0,0,0,0,0,0,1,7,./Cleaned-Dataset/Normal/288a37b2939acbc483516d9b35b631da.php,normal
0,0,0,0,0,0,0,0,0,0,0,0,0,0,0,0,0,0,0,0,0,2,17,./Cleaned-Dataset/Normal/28d483fbf1ab344774d0d5de3483ebb8.php,normal
0,0,0,0,0,0,0,0,0,0,0,0,0,0,0,0,0,0,0,0,0,85,490,./Cleaned-Dataset/Normal/28d83649e6cecdb885b6ede986693acc.php,normal
0,0,0,0,0,0,0,0,0,0,0,0,0,0,0,0,0,0,0,0,0,1,22,./Cleaned-Dataset/Normal/28ee31ee6285bc00386345296c3847e9.php,normal
0,0,0,0,0,0,0,0,0,0,0,0,0,0,0,0,0,1,0,0,0,144,460,./Cleaned-Dataset/Normal/28eece213ba193583a87f345154062be.php,normal
0,0,0,0,0,0,0,0,0,0,0,0,0,0,0,0,0,0,0,0,0,4,3,./Cleaned-Dataset/Normal/28f50361bfb7f2e5740a1cfe8117626b.php,normal
0,0,0,0,0,0,0,0,0,0,0,0,0,0,0,0,0,0,0,0,0,3,25,./Cleaned-Dataset/Normal/29054d0a5de2cf1542418ad0d16e9d5f.php,normal
0,0,0,0,0,0,0,0,0,0,0,0,0,0,0,0,0,0,0,0,0,23,196,./Cleaned-Dataset/Normal/291cac319f6a0055657ee1553e6dc2f9.php,normal
0,0,0,0,0,0,0,0,0,0,0,0,0,0,0,0,0,0,0,0,2,24,336,./Cleaned-Dataset/Normal/291ebe835b884bc9bc455690560497a0.php,normal
0,0,0,0,0,0,0,0,0,0,0,0,0,0,0,0,0,0,0,0,0,48,467,./Cleaned-Dataset/Normal/294e0d0d0d534343eab7e1940dd95d52.php,normal
0,0,1,0,0,0,0,0,0,0,0,0,0,0,0,0,0,0,0,0,0,2,140,./Cleaned-Dataset/Normal/2981c1da476fc54a3c08f3038d6339d7.php,normal
0,0,0,0,0,0,0,0,0,0,0,0,4,0,0,1,0,0,0,0,1,33,229,./Cleaned-Dataset/Normal/298264062bec12bb13793ca73a9876f8.php,normal
0,0,0,0,0,0,0,0,0,0,0,0,0,0,0,0,0,0,0,0,0,4,30,./Cleaned-Dataset/Normal/29a3ecdc7ace5295f641afa508b4cb7f.php,normal
0,0,0,0,0,0,0,0,0,0,0,0,0,0,0,0,0,0,0,0,0,9,257,./Cleaned-Dataset/Normal/29a8e4a8ca91cd279ced130bb8bb1459.php,normal
0,0,0,0,0,0,0,0,0,0,0,0,0,0,0,0,0,0,0,0,0,135,520,./Cleaned-Dataset/Normal/29ec41a71bf44908a40f61c6d7bac90a.php,normal
0,0,0,0,0,0,0,0,0,0,0,0,0,0,0,0,0,0,0,0,1,10,129,./Cleaned-Dataset/Normal/2a0d0406fcd4a98d7c86373725aa1cf0.php,normal
0,0,0,0,0,0,0,0,0,0,0,0,0,0,0,0,0,0,0,0,0,45,140,./Cleaned-Dataset/Normal/2a0dbb4706da92eb3e938d54a48df24b.php,normal
0,0,0,0,0,0,0,0,0,0,0,0,0,0,0,0,0,0,0,0,0,14,58,./Cleaned-Dataset/Normal/2a2baeb7dc0705bea977ab0ed2603f43.php,normal
0,0,0,0,0,0,0,0,0,0,0,0,0,0,0,0,0,0,0,0,0,1,21,./Cleaned-Dataset/Normal/2a33fae5d8e5353e9df98b8dc670955e.php,normal
0,0,0,0,0,0,0,0,0,0,0,0,0,0,0,0,0,0,0,0,0,14,52,./Cleaned-Dataset/Normal/2a68151e39fe9d6a7c85ae058f3a5d38.php,normal
0,0,0,6,0,0,0,0,0,0,0,0,0,0,0,0,0,0,0,1,0,328,2705,./Cleaned-Dataset/Normal/2a6ebb3673897f38161dfe9db055c4f9.php,normal
0,0,0,0,0,0,0,0,0,0,0,0,0,0,0,0,0,0,0,1,1,2,8,./Cleaned-Dataset/Normal/2a7a75a363b0f88f0b6d094a91ef65ea.php,normal
0,0,0,0,0,0,0,0,0,0,0,0,0,0,6,0,0,0,0,1,0,122,671,./Cleaned-Dataset/Normal/2a904a114b7260b5533dae9abbeacf9f.php,normal
0,0,0,0,0,0,0,0,0,0,0,0,0,0,0,0,0,0,0,0,0,0,8,./Cleaned-Dataset/Normal/2aab7e170d16d156597a9f5343e60d4e.php,normal
0,0,0,0,0,0,0,0,0,0,0,0,0,0,0,0,0,0,0,0,0,2,17,./Cleaned-Dataset/Normal/2ac7e111193efa23a75045c53ed2ef7d.php,normal
0,0,0,0,0,0,0,0,0,0,0,0,0,4,0,0,0,0,0,1,1,25,130,./Cleaned-Dataset/Normal/2aced4520f11f97d1c76b20a665b5f7e.php,normal
0,0,0,0,0,0,0,0,0,0,0,0,0,0,0,0,0,0,0,0,0,141,39,./Cleaned-Dataset/Normal/2ad861938bde444e14cb2d03dd939fa2.php,normal
0,0,0,0,0,0,0,0,0,0,0,0,0,0,0,0,0,0,0,0,0,11,124,./Cleaned-Dataset/Normal/2adb9f9cddbb1f785d90bd014e26c7c9.php,normal
0,0,0,0,0,0,0,0,0,0,0,0,0,0,0,0,0,0,0,0,0,155,670,./Cleaned-Dataset/Normal/2b0f34f39887d9bc5a3d2b6f84d8b7b4.php,normal
0,0,0,0,0,0,0,0,0,0,0,0,0,0,0,0,0,0,0,0,0,15,364,./Cleaned-Dataset/Normal/2b6c114ec15600cb9ee5e4e9c3b010ce.php,normal
0,0,0,0,0,0,0,0,0,0,0,0,0,0,0,0,0,0,0,0,0,5,8,./Cleaned-Dataset/Normal/2b71d80f2a9b0f36ae528e43671beb34.php,normal
0,0,0,0,0,0,0,0,0,0,0,0,0,0,0,0,0,0,0,0,0,35,300,./Cleaned-Dataset/Normal/2bb6bf559d68456bd686e00e4d8deec1.php,normal
0,0,0,0,0,0,0,0,0,0,0,0,0,0,6,0,0,0,0,0,0,103,389,./Cleaned-Dataset/Normal/2be8891c27f39d93102f310f75711054.php,normal
0,0,0,0,0,0,0,0,0,0,0,0,0,0,0,0,0,0,0,0,0,25,253,./Cleaned-Dataset/Normal/2bf4f6c7d51151f32b6a462ddecaa059.php,normal
0,0,0,0,0,0,0,0,0,0,0,0,0,0,0,0,0,0,0,0,0,32,282,./Cleaned-Dataset/Normal/2bfd0f66717904a55967d292895e9900.php,normal
0,0,0,0,0,0,0,0,0,0,0,0,2,0,31,0,0,1,0,1,1,134,525,./Cleaned-Dataset/Normal/2c1437db00d6425941b9645d2c25b9d6.php,normal
0,0,0,0,0,0,0,0,0,0,0,0,0,0,0,0,0,0,0,0,0,6,21,./Cleaned-Dataset/Normal/2c17d863a5e3a973905200bf1fe3f396.php,normal
0,0,0,0,0,0,0,0,0,0,0,0,0,0,0,0,0,0,0,0,0,82,510,./Cleaned-Dataset/Normal/2c1db02132f1ecfa41917a5fc9fb9a42.php,normal
0,0,0,0,0,0,0,0,0,0,0,0,1,0,0,0,0,0,0,0,2,157,243,./Cleaned-Dataset/Normal/2c27f387abb710ab35391e21214840d3.php,normal
0,0,0,0,0,0,0,0,0,0,0,0,0,0,0,0,0,0,0,0,0,4,126,./Cleaned-Dataset/Normal/2c2b3e266426c383f59f012d9c2c5321.php,normal
0,0,0,0,0,0,0,0,0,0,0,0,0,0,0,0,0,0,0,0,0,11,62,./Cleaned-Dataset/Normal/2c301ba7933d6ca51fd39d60d2b515ce.php,normal
0,0,0,0,0,0,0,0,0,0,0,0,0,0,0,0,0,0,0,0,0,125,1341,./Cleaned-Dataset/Normal/2c31e0aab96acb8de0760c1ba2d3a517.php,normal
0,0,0,0,0,0,0,0,0,0,0,0,0,0,0,0,0,0,0,0,0,9,50,./Cleaned-Dataset/Normal/2c4c57daf7598e02564bb1081b18e413.php,normal
0,0,0,0,0,0,0,0,0,0,0,0,0,0,0,0,0,0,0,1,0,453,4839,./Cleaned-Dataset/Normal/2c89f86fa85ac537c7e9be99d973f7d2.php,normal
0,0,0,0,0,0,0,0,0,0,0,0,0,0,0,0,0,0,0,0,0,1,7,./Cleaned-Dataset/Normal/2c8fe26818520f51f04c167a31bf3f30.php,normal
0,0,0,0,0,0,0,0,0,0,0,0,0,0,0,0,0,0,0,0,0,9,164,./Cleaned-Dataset/Normal/2c9f164a0a66d9411fbb304b8bb79b47.php,normal
0,0,0,0,0,0,0,0,0,0,0,0,0,0,0,0,0,0,0,0,0,0,13,./Cleaned-Dataset/Normal/2cb25a7157ce2347d7da5c0bec8bbd34.php,normal
0,0,0,0,0,0,0,0,0,0,0,0,0,0,0,0,0,0,1,0,0,32,182,./Cleaned-Dataset/Normal/2cf350df8bd07e5ad57331e3f9c7c5f9.php,normal
0,0,0,0,0,0,0,0,0,0,0,0,0,0,0,0,0,0,0,0,0,196,875,./Cleaned-Dataset/Normal/2d27535876f1a171695b23ad4804b667.php,normal
0,0,0,0,0,0,0,0,0,0,0,0,0,0,0,0,0,0,0,0,0,0,23,./Cleaned-Dataset/Normal/2d2ecd95098bf86f381588412cc29317.php,normal
0,0,0,0,0,0,0,0,0,0,0,0,0,0,0,0,0,0,0,0,0,0,11,./Cleaned-Dataset/Normal/2d56eb83a503457baf1c0de944c874dd.php,normal
0,0,0,0,0,0,0,0,0,0,0,0,0,0,0,0,0,0,2,0,0,987,4959,./Cleaned-Dataset/Normal/2d56f68585f23260b0b59d779909bfa3.php,normal
0,0,0,0,0,0,0,0,0,0,0,0,0,2,0,0,0,0,0,0,1,5,29,./Cleaned-Dataset/Normal/2dcb9b54216d47573a1ebde0547104f9.php,normal
0,0,0,0,0,0,0,0,0,0,0,0,0,0,0,0,0,0,0,0,0,45,27,./Cleaned-Dataset/Normal/2dee01bd95c1a61ca1a26d399ead4ab5.php,normal
0,0,0,0,0,0,0,0,0,0,0,0,16,8,6,0,0,0,0,0,5,244,731,./Cleaned-Dataset/Normal/2e207982188f53fb785d0ee5e4f16e9b.php,normal
0,0,0,0,0,0,0,0,0,0,0,0,0,0,0,0,0,0,0,0,0,1,21,./Cleaned-Dataset/Normal/2e23825fa8c921eb8721ed4757d7b47b.php,normal
0,0,0,0,0,0,0,0,0,0,0,0,0,0,0,0,0,0,0,0,0,159,462,./Cleaned-Dataset/Normal/2e24964b52aeb78c70818eca0c28c673.php,normal
0,0,0,0,0,0,0,0,0,0,0,0,0,0,0,0,0,0,0,0,0,11,122,./Cleaned-Dataset/Normal/2e61b5284e2d1b0f7a6533be203fa53c.php,normal
1,0,1,0,0,0,0,0,0,3,0,0,0,0,0,0,0,0,0,0,0,1171,11755,./Cleaned-Dataset/Normal/2e722c7167ec8a07d9a0cea14b1317d0.php,normal
0,0,0,0,0,0,0,0,0,0,0,0,0,0,0,0,0,0,0,0,0,34,31,./Cleaned-Dataset/Normal/2ea8dc9693682f54367d59424f00d3a2.php,normal
0,0,0,0,0,0,0,0,0,0,0,0,0,0,0,0,0,0,0,0,0,11,57,./Cleaned-Dataset/Normal/2ed6c729dd47dc27992fe00eb2371d41.php,normal
0,0,0,0,0,0,0,0,0,0,0,0,0,0,0,0,0,0,0,0,0,161,697,./Cleaned-Dataset/Normal/2ee25fff0ee717c78528d992660b70e8.php,normal
0,0,0,0,0,0,0,0,0,0,0,0,0,0,0,0,0,0,0,0,0,137,1566,./Cleaned-Dataset/Normal/2ef6be83d0a5ebd24173e6071f0ca45d.php,normal
0,0,0,0,0,0,0,0,0,0,0,0,0,0,0,0,0,0,0,0,0,1,10,./Cleaned-Dataset/Normal/2f0ca2ee57506afe46ee254fb824711b.php,normal
0,0,0,0,0,0,0,0,0,0,0,0,0,0,0,0,0,0,0,0,0,26,362,./Cleaned-Dataset/Normal/2f0de669cf443245bf7a680def6b45bb.php,normal
0,0,0,0,0,0,0,0,3,0,0,0,0,0,0,0,0,0,0,0,0,33,685,./Cleaned-Dataset/Normal/2f0f6ebbc624dff2942d3f10b0066500.php,normal
0,0,0,0,0,0,0,0,0,0,0,0,0,0,0,0,0,0,0,0,0,10,18,./Cleaned-Dataset/Normal/2f6445dccfb7f960832e041549cb122c.php,normal
0,0,0,0,0,0,4,0,0,0,0,0,0,0,0,0,0,9,0,3,0,503,3863,./Cleaned-Dataset/Normal/2f7c0b0b1bea2c65e56f9860dbee1776.php,normal
0,0,0,0,0,0,0,0,0,0,0,0,0,0,0,0,0,0,0,0,0,43,133,./Cleaned-Dataset/Normal/2f7f3781d380e8fe14686d726c4bc8b8.php,normal
0,0,0,0,0,0,0,0,0,0,0,0,0,0,0,0,0,0,0,0,0,30,223,./Cleaned-Dataset/Normal/2f86e3808614642fb2b0fc18482db470.php,normal
0,0,0,0,0,0,0,0,0,0,0,0,0,0,0,0,0,0,0,0,0,36,307,./Cleaned-Dataset/Normal/2f97e9e58de218b0b2a03fbad1a4012a.php,normal
0,0,0,0,0,0,0,0,0,0,0,0,0,0,0,0,0,0,0,0,0,4,206,./Cleaned-Dataset/Normal/2faf14fcb0645a2db682de7aabfb9106.php,normal
0,0,0,0,0,0,0,0,0,0,0,0,0,0,0,0,0,0,0,0,0,183,743,./Cleaned-Dataset/Normal/2fc24a109f90b53c47cb6352fd265bde.php,normal
0,0,0,0,0,0,0,0,0,0,0,0,0,0,0,0,0,0,0,0,0,51,351,./Cleaned-Dataset/Normal/2fc456ab5742125774791c05af2b5b1d.php,normal
0,0,0,0,0,0,0,0,0,0,0,0,0,0,0,0,0,0,0,0,0,50,506,./Cleaned-Dataset/Normal/2fc71ecd798d778bfc6889f3612ab60f.php,normal
0,0,0,0,0,0,0,0,0,0,0,0,0,0,4,0,0,1,0,0,0,364,2211,./Cleaned-Dataset/Normal/2fce4b413a05f6703ca6d6706e2599aa.php,normal
0,0,0,4,0,0,0,0,0,0,0,0,0,0,0,0,0,0,0,0,0,239,1999,./Cleaned-Dataset/Normal/2fe0e2d6f4a6ef81ced753108c9d2156.php,normal
0,0,0,0,0,0,0,0,0,0,0,0,0,0,0,0,0,0,0,0,0,110,248,./Cleaned-Dataset/Normal/2feec6ade7fc185fe28feb1c09a86465.php,normal
0,0,0,0,0,0,0,0,0,0,0,0,0,0,0,0,0,0,0,0,0,935,4766,./Cleaned-Dataset/Normal/3013a9b88b83d8a70af0e18d9d3cd9ef.php,normal
0,0,0,0,0,0,0,0,0,0,0,0,0,0,0,0,0,0,0,0,0,19,153,./Cleaned-Dataset/Normal/302a38998d9784499b6bf1e367e57776.php,normal
0,0,2,0,0,0,0,0,0,0,0,0,0,0,0,0,0,0,0,0,0,121,204,./Cleaned-Dataset/Normal/305349cddcb09a4fee2559723ee871ac.php,normal
0,0,1,0,0,0,0,0,0,0,0,0,0,0,0,0,0,0,0,0,0,20,211,./Cleaned-Dataset/Normal/305688f52fda16fedc95d2203ef27220.php,normal
0,0,0,0,0,0,0,0,0,0,0,0,0,0,0,0,0,0,0,0,0,67,398,./Cleaned-Dataset/Normal/305db4410ab2175f6238f59477ba1437.php,normal
0,0,0,0,0,0,0,0,0,0,0,0,10,1,0,0,1,0,0,0,0,262,2334,./Cleaned-Dataset/Normal/3072c2c0243fb911b9194d61e9b57c0e.php,normal
0,0,0,0,0,0,0,0,0,0,0,0,0,0,0,0,0,0,0,0,0,56,87,./Cleaned-Dataset/Normal/3074c4b7e38035d7b0a3992fdf3bbcf0.php,normal
0,0,0,0,0,0,0,0,0,0,0,0,0,0,0,0,0,0,0,0,0,96,629,./Cleaned-Dataset/Normal/30963b236fea9f33ef224465980f3638.php,normal
0,0,0,0,0,0,0,0,0,0,0,0,0,0,0,0,0,0,0,0,0,2,17,./Cleaned-Dataset/Normal/30b074154e41c710bb883faa4b654bfe.php,normal
0,0,0,0,0,0,0,0,0,0,0,0,0,0,17,0,0,0,0,0,0,99,538,./Cleaned-Dataset/Normal/30dc9afb77c04bf078d5a3c75f6e2d41.php,normal
0,0,0,0,0,0,0,0,0,0,0,0,0,0,0,0,0,0,0,0,0,5,33,./Cleaned-Dataset/Normal/30f3f45b2ea3738c5283bd97e798e590.php,normal
0,0,0,0,0,0,0,0,0,0,0,0,0,0,0,0,0,0,0,1,2,70,1076,./Cleaned-Dataset/Normal/310eb6d2d7fa05aa850f528338d28439.php,normal
0,0,0,0,0,0,0,0,0,0,0,0,0,0,0,0,0,0,0,0,0,11,55,./Cleaned-Dataset/Normal/31341257c74ba47a200085eeb4f5edc1.php,normal
0,0,0,0,0,0,0,0,0,0,0,0,0,0,0,0,0,0,0,0,0,106,175,./Cleaned-Dataset/Normal/3158d4d8ed2e19c6ea6498776bf6aedb.php,normal
0,0,0,0,0,0,0,0,0,0,0,0,0,0,0,0,0,0,0,0,0,55,120,./Cleaned-Dataset/Normal/31768ee8893031e52dd834250fee0252.php,normal
0,0,0,0,0,0,0,0,0,0,0,0,0,0,3,0,0,0,0,0,1,27,185,./Cleaned-Dataset/Normal/3182a2242cceae82c73c3ddc34ddc1c9.php,normal
0,0,0,0,0,0,0,0,0,0,0,0,0,0,0,0,0,0,0,0,0,3,30,./Cleaned-Dataset/Normal/318c5c85e1595295c1e6cbb39e08a308.php,normal
0,0,0,0,0,0,0,0,0,0,0,0,0,0,0,0,0,0,0,0,0,3,28,./Cleaned-Dataset/Normal/3199ca42c6c3eacdb589ae8e2d2b5dfd.php,normal
0,0,0,0,0,0,0,0,0,0,0,0,0,0,0,0,0,0,0,0,0,166,548,./Cleaned-Dataset/Normal/31ac882b8d2ad07342109d5c836f38c6.php,normal
0,0,0,0,0,0,0,0,0,0,0,0,0,0,0,0,0,0,0,0,0,216,1021,./Cleaned-Dataset/Normal/31c9161cf055bc59d80d3d4bf992ede8.php,normal
0,0,0,0,0,0,0,0,0,0,0,0,0,0,0,0,0,0,0,0,0,3,41,./Cleaned-Dataset/Normal/31e93e032d2b4bc71236497beb395b66.php,normal
0,0,0,0,0,0,0,0,0,0,0,0,0,0,0,0,0,0,0,0,0,65,482,./Cleaned-Dataset/Normal/31ea9ed3bb490b74e8d5444c12d615e6.php,normal
0,0,0,0,0,0,0,0,0,0,0,0,0,0,1,7,0,0,0,0,0,256,863,./Cleaned-Dataset/Normal/323d6caf4b948d764ec98e61cf980a5b.php,normal
0,0,0,0,0,0,0,0,0,0,0,0,0,0,0,0,0,0,0,0,0,3,71,./Cleaned-Dataset/Normal/32440d2cb4d91e48bd14baf33ab1a22e.php,normal
0,0,0,0,0,0,0,0,0,0,0,0,0,0,0,0,0,0,0,0,0,860,910,./Cleaned-Dataset/Normal/325f27010baf2a79d15e693d9a16a810.php,normal
0,0,0,0,0,0,0,0,0,0,0,0,0,0,0,0,0,0,0,0,0,4,27,./Cleaned-Dataset/Normal/3291ed5d2b571149f57f375d0189c883.php,normal
0,0,0,0,0,0,0,0,0,0,0,0,0,0,0,0,0,0,0,0,0,131,1543,./Cleaned-Dataset/Normal/329af0c2d0c779ef168b69721ddf78db.php,normal
0,0,0,0,0,0,0,0,0,0,0,0,0,0,3,0,4,0,0,0,0,99,1202,./Cleaned-Dataset/Normal/32a19d2c133c54ba5aa9848343d910ca.php,normal
0,0,0,0,0,0,0,0,0,0,0,0,0,0,0,0,0,0,0,0,0,1,7,./Cleaned-Dataset/Normal/32a27669d19fd912535587f501312c7b.php,normal
0,0,0,0,0,0,0,0,0,0,0,0,0,0,0,0,0,0,0,0,10,10,40,./Cleaned-Dataset/Normal/32ac76bea2307022852b2f7a62c60c2b.php,normal
0,0,0,0,0,0,0,0,0,0,0,0,0,0,0,0,0,0,0,0,0,0,9,./Cleaned-Dataset/Normal/32b569f6bdd6bf1b458089da3b6bf3a1.php,normal
0,0,0,0,0,0,0,0,0,0,0,0,2,3,0,0,0,0,0,1,1,20,205,./Cleaned-Dataset/Normal/32be61dda3958f4859c8284ba72df364.php,normal
0,0,0,0,0,0,0,0,0,0,0,0,0,0,0,0,0,0,0,0,0,7,203,./Cleaned-Dataset/Normal/32cdba3d661c46be416fb6e93f64b276.php,normal
0,0,0,0,0,0,0,0,0,0,0,0,0,0,0,0,0,0,0,0,0,151,762,./Cleaned-Dataset/Normal/32d0d5bfc4100b89b6bb2ddc49b4a7f0.php,normal
0,0,0,1,0,0,0,0,0,0,0,0,1,0,0,0,0,0,0,0,0,150,2062,./Cleaned-Dataset/Normal/32dc6e70bee3c28def49e0b517e43b4a.php,normal
0,0,1,0,0,0,0,0,0,0,0,0,0,0,0,0,0,1,0,0,0,140,665,./Cleaned-Dataset/Normal/32e57a799bd1afbd0dc36bc19c24be00.php,normal
0,0,0,0,0,0,0,0,0,0,0,0,0,0,0,0,0,0,0,0,0,1,15,./Cleaned-Dataset/Normal/32ea5ce79ade691b20806fa09624ee8d.php,normal
0,0,0,0,0,0,0,0,0,0,0,0,0,0,0,0,0,0,0,0,0,129,615,./Cleaned-Dataset/Normal/3311a5eeed68989a059386cba18336cc.php,normal
0,0,0,0,0,0,0,0,0,0,0,0,0,0,0,0,0,0,0,0,0,122,222,./Cleaned-Dataset/Normal/33275ba0572858e765a9ed41ed9f17f5.php,normal
0,0,0,0,0,0,0,0,0,0,0,0,0,0,0,0,0,0,0,0,0,128,437,./Cleaned-Dataset/Normal/336558ae2f2f8f39c4498e453cad11a0.php,normal
0,0,0,0,0,0,0,0,0,0,0,0,0,0,0,0,0,0,0,0,0,104,469,./Cleaned-Dataset/Normal/3383ea7e1661a44552086a95c2a0b4b5.php,normal
0,0,0,0,0,0,0,0,0,0,0,0,0,0,0,0,0,0,0,0,0,12,51,./Cleaned-Dataset/Normal/33c2e3bd8669d81c4ccea11ef60ff74e.php,normal
0,0,7,0,0,0,0,0,0,0,0,0,0,0,0,0,0,0,0,0,0,47,574,./Cleaned-Dataset/Normal/33ddd69ffaab3104b4599c3953d89391.php,normal
0,0,0,0,0,0,0,0,0,0,0,0,0,0,0,0,4,0,0,0,0,140,954,./Cleaned-Dataset/Normal/33f075a8ac1bf0c53d49da850f06c024.php,normal
0,0,0,0,0,0,0,0,0,0,0,0,0,0,0,0,0,0,0,0,0,100,942,./Cleaned-Dataset/Normal/340f20023a680f265eb08109bdf1c3cb.php,normal
0,0,0,0,0,0,0,0,0,1,1,0,0,0,0,0,0,0,0,0,0,164,1171,./Cleaned-Dataset/Normal/3412727649083582229fe900aba349bb.php,normal
0,0,0,0,0,0,0,0,0,0,0,0,0,0,0,0,0,0,0,0,0,5,126,./Cleaned-Dataset/Normal/3414f13acd44c8844424907a4011571a.php,normal
0,0,0,0,0,0,0,0,0,0,0,0,0,0,0,0,0,0,0,0,0,43,209,./Cleaned-Dataset/Normal/341c9c4a8ae2ce787d2c3752e689489b.php,normal
0,0,0,0,0,0,0,0,0,0,0,0,0,0,0,0,0,0,0,0,0,8,9,./Cleaned-Dataset/Normal/3423c77651ed9dcf2887e5e1251aefde.php,normal
0,0,1,0,0,0,0,0,0,0,0,0,0,0,0,0,0,0,0,0,0,25,586,./Cleaned-Dataset/Normal/346cd7cb56e0df2a74933ec6599376f4.php,normal
0,0,0,0,0,0,0,0,0,0,0,0,0,0,0,0,0,0,0,0,0,5,33,./Cleaned-Dataset/Normal/34774b29bdea2bfdf7523a8f3c0f5c79.php,normal
0,0,0,0,0,0,0,0,0,0,0,0,0,0,0,0,0,0,0,0,0,25,76,./Cleaned-Dataset/Normal/347edb5238e340c13c2e654685725e24.php,normal
0,0,0,0,0,0,0,0,0,0,0,0,0,0,0,0,0,0,0,0,0,88,466,./Cleaned-Dataset/Normal/34ccb656e7733b82097a8e2585899f6b.php,normal
0,0,0,0,0,0,0,0,0,0,0,0,0,0,0,0,0,0,0,0,0,238,1496,./Cleaned-Dataset/Normal/34e18c0318075defc090c21325e53d31.php,normal
0,0,0,0,0,0,0,0,0,0,0,0,0,0,0,0,0,0,0,0,0,2,13,./Cleaned-Dataset/Normal/34e3c7179b567001e3b4aa90a8454a55.php,normal
0,0,0,0,0,0,0,0,0,0,0,0,0,0,0,0,0,0,0,0,0,0,27,./Cleaned-Dataset/Normal/34f65a4887757e7b7c1cb102781adda0.php,normal
0,0,0,0,0,0,0,0,0,0,0,0,0,9,4,0,0,0,0,0,0,330,1129,./Cleaned-Dataset/Normal/3528bf15efc7834e8e4b9484a07c6760.php,normal
0,5,0,0,0,0,0,0,0,0,0,0,0,0,0,0,0,0,0,0,0,65,330,./Cleaned-Dataset/Normal/353a19ff75326fca4c6177d722bbf2ae.php,normal
0,0,0,0,0,0,0,0,0,0,0,0,0,0,0,0,0,0,0,0,0,2,26,./Cleaned-Dataset/Normal/354f989c5bed1a9a71be3689d7e3828c.php,normal
0,0,0,0,0,0,0,0,0,0,0,0,0,0,0,0,0,0,0,1,0,135,1191,./Cleaned-Dataset/Normal/355ba0ad77613fe3e62a53b161df7d43.php,normal
0,0,0,0,0,0,0,0,0,0,0,0,0,0,0,0,0,0,0,0,0,79,1172,./Cleaned-Dataset/Normal/355d291c5d854a2afb34c269ce9cbfd5.php,normal
0,0,0,0,0,0,0,0,0,0,0,0,0,0,0,0,0,0,0,0,0,10,58,./Cleaned-Dataset/Normal/359ccee0c6f8c5750e9e9dfb924e150b.php,normal
0,0,0,0,0,0,0,0,0,0,0,0,4,0,4,0,0,3,0,0,0,318,1370,./Cleaned-Dataset/Normal/359e307e85d3655906f62c8fa0471c13.php,normal
0,0,0,0,0,0,0,0,0,0,0,0,0,0,0,0,0,0,0,0,0,41,93,./Cleaned-Dataset/Normal/35c37a03c5f8a130140fa527a67ec43e.php,normal
0,0,0,0,0,0,0,0,0,0,0,0,0,0,0,0,0,0,1,0,0,71,240,./Cleaned-Dataset/Normal/35e238406eadbe765c45b519507627bd.php,normal
0,0,0,0,0,0,0,0,0,0,0,0,0,0,7,0,0,0,0,0,0,159,690,./Cleaned-Dataset/Normal/3612e649341972e334dd9083d88cc885.php,normal
0,0,4,0,0,0,0,0,0,0,0,0,0,0,0,0,0,0,0,0,0,53,341,./Cleaned-Dataset/Normal/3616af1b0bff4941554485f7babe8273.php,normal
0,0,0,0,0,0,0,0,0,0,0,0,0,0,0,0,0,0,0,0,0,10,18,./Cleaned-Dataset/Normal/3658a695ef391ce16070d1a5fe03386c.php,normal
0,0,0,0,0,0,0,0,0,0,0,0,0,0,0,0,0,0,0,0,0,12,65,./Cleaned-Dataset/Normal/365c147a1ba2b1fb98ec9c36c28d3d72.php,normal
0,0,0,0,0,0,0,0,0,0,0,0,0,0,0,0,0,0,0,0,0,7,75,./Cleaned-Dataset/Normal/366f5e392db784eb5966f321d0011389.php,normal
0,0,0,0,0,0,0,0,0,0,0,0,0,0,0,0,0,0,0,0,1,35,61,./Cleaned-Dataset/Normal/367ba621c9fb68af5dea1bd7879eff57.php,normal
0,3,1,0,0,0,0,0,0,0,0,0,0,0,1,1,0,1,0,0,0,407,1705,./Cleaned-Dataset/Normal/3688810b3b5cda54009f93e67c7bfe02.php,normal
0,0,0,0,0,0,0,0,0,0,0,0,0,0,0,0,0,0,0,0,0,18,335,./Cleaned-Dataset/Normal/368ad02fd2a232858878ad72b2b1fbf3.php,normal
0,0,0,0,0,0,0,0,0,0,0,0,0,0,0,0,0,0,0,0,0,131,629,./Cleaned-Dataset/Normal/36cc9ea1563b9bed77123569fa182ba1.php,normal
0,0,0,0,0,0,0,0,0,0,0,0,0,0,0,0,0,0,0,1,1,2,8,./Cleaned-Dataset/Normal/36fd6671a5493cc8c5405621d96dea7c.php,normal
0,0,0,0,0,0,0,0,0,0,0,0,0,0,0,0,0,0,0,0,0,577,933,./Cleaned-Dataset/Normal/36ff41d6d8e0da8f5d42a5d889561ebd.php,normal
0,0,0,0,0,0,0,0,0,0,0,0,17,0,0,0,0,0,0,0,0,34,326,./Cleaned-Dataset/Normal/371b9a38ccb1744034d24b95f34e597f.php,normal
0,0,0,0,0,0,0,0,0,0,0,0,0,0,0,0,0,3,0,0,6,76,424,./Cleaned-Dataset/Normal/37228a8135f0486eec32a3cb0e21cde8.php,normal
0,0,0,0,0,0,0,0,0,0,0,0,0,0,0,0,0,0,0,0,0,71,481,./Cleaned-Dataset/Normal/372b6fd8c168955214912f8fe1239fce.php,normal
0,0,0,0,0,0,0,0,0,0,0,0,0,0,0,0,0,0,0,0,0,2,17,./Cleaned-Dataset/Normal/372f52afa4afa9d3c14ade08df658ef0.php,normal
0,0,0,0,0,0,0,0,0,0,0,0,0,0,0,0,0,0,0,0,0,186,956,./Cleaned-Dataset/Normal/3735c4ccb5dfd078d41fb63cc343df39.php,normal
0,0,0,0,0,0,0,0,0,0,0,0,0,0,0,0,0,0,0,0,0,10,818,./Cleaned-Dataset/Normal/373918ebc2325cc33470c7b7d7421b26.php,normal
0,0,0,0,0,0,0,0,0,0,0,0,0,0,0,0,0,0,0,0,0,10,18,./Cleaned-Dataset/Normal/376205e9c6688bfae32a6b449c89f855.php,normal
0,0,0,0,0,0,0,0,0,0,0,0,0,0,0,0,0,1,0,0,1,8,49,./Cleaned-Dataset/Normal/37774e6f0419c91834f1b5973cbd3664.php,normal
0,0,1,0,0,0,0,0,0,0,0,0,0,0,0,0,0,2,0,0,2,29,368,./Cleaned-Dataset/Normal/378bb1f7785931c9f7c325239a2f8cea.php,normal
0,0,0,0,0,0,0,0,0,0,0,0,0,0,0,0,0,4,0,0,2,77,528,./Cleaned-Dataset/Normal/37a3235c75d844ff75d49f5a44d3dcd1.php,normal
0,0,0,0,0,0,0,0,0,0,0,0,0,0,0,0,0,0,0,0,0,12,93,./Cleaned-Dataset/Normal/37bb1b8e0159da676e39f6ebf1e49658.php,normal
0,0,0,0,0,0,0,0,0,0,0,0,0,0,0,0,0,0,0,0,0,0,14,./Cleaned-Dataset/Normal/37c4d83d1baaf6cab59914abceec2b94.php,normal
0,0,0,0,0,0,0,0,0,0,0,0,0,0,0,1,0,0,0,0,0,226,1897,./Cleaned-Dataset/Normal/380504b11aa85f6673bd0c1b8fef24e9.php,normal
0,0,1,0,0,0,0,0,0,0,5,0,0,0,0,0,0,1,0,0,0,1934,11039,./Cleaned-Dataset/Normal/3816a3c2db08065fc6c43ce06089d08a.php,normal
0,0,0,0,0,0,0,0,0,0,0,0,0,0,0,0,0,2,0,0,2,312,698,./Cleaned-Dataset/Normal/381c5aded13f71a6a66b8fefe8ef1cd5.php,normal
0,0,1,0,0,0,0,0,0,0,0,0,0,0,0,0,0,0,0,0,0,5,66,./Cleaned-Dataset/Normal/3837b28c34314d58e714900309d9e534.php,normal
0,0,0,0,0,0,0,0,0,0,0,0,0,0,0,0,0,0,0,0,0,2,15,./Cleaned-Dataset/Normal/386e7b44b1dcceb809a8f34a33c21558.php,normal
0,0,0,0,0,0,0,0,0,0,0,0,0,0,0,0,0,0,0,0,0,10,188,./Cleaned-Dataset/Normal/3874bf4ad88a1bb8e34f856dc0e54305.php,normal
0,0,0,0,0,0,0,0,0,0,0,0,3,0,0,0,0,2,0,0,1,36,208,./Cleaned-Dataset/Normal/38a283af42d101bd499c18518fecb777.php,normal
0,0,0,0,0,0,0,0,0,0,0,0,0,0,0,0,0,0,0,0,0,39,375,./Cleaned-Dataset/Normal/38a6fb9733c7e56578080ffd6fb1aca4.php,normal
0,0,0,0,0,0,0,0,0,0,0,0,0,0,0,0,0,0,0,0,0,0,28,./Cleaned-Dataset/Normal/38bf21f4ef216e64b83811e81e0bae44.php,normal
0,0,0,0,0,0,0,0,0,0,0,0,0,0,0,0,0,0,0,0,0,1,7,./Cleaned-Dataset/Normal/38e4b318bfa32e6ef322115e0d2adaa8.php,normal
0,0,0,0,0,0,0,0,0,0,0,0,0,0,0,0,0,0,0,0,0,1,168,./Cleaned-Dataset/Normal/38ea4527228073d0a600b642f2e57946.php,normal
0,0,0,0,0,0,0,0,0,0,0,0,0,0,0,0,0,0,0,0,0,63,248,./Cleaned-Dataset/Normal/3915aa275595c72597cd5ec4b99bc5fd.php,normal
0,0,0,0,0,0,0,0,0,0,0,0,0,0,0,0,0,0,0,0,0,209,390,./Cleaned-Dataset/Normal/391c75d9161dd06c51ae5c3df37475bc.php,normal
0,0,0,0,0,0,0,0,0,0,0,0,0,0,0,0,0,0,0,0,1,17,82,./Cleaned-Dataset/Normal/3927adbd9dd474bf8c4289be695dfc87.php,normal
0,0,6,0,0,0,0,0,0,0,0,0,0,0,0,0,0,0,0,0,0,63,534,./Cleaned-Dataset/Normal/3939a8bda648bdb0721889b720634622.php,normal
0,0,0,0,0,0,0,0,0,0,0,0,0,0,0,0,0,0,0,0,0,39,657,./Cleaned-Dataset/Normal/393e16299e63f33712d0b9893f03d13e.php,normal
0,0,0,0,0,0,0,0,0,0,0,0,0,0,0,0,0,0,0,0,0,1,21,./Cleaned-Dataset/Normal/3945a2467bdd34c192b9313adf65fe13.php,normal
0,0,0,0,0,0,0,0,0,0,0,0,0,0,0,0,0,0,0,0,0,48,335,./Cleaned-Dataset/Normal/3978524a51a41d5e29d598eb545487ef.php,normal
0,0,0,0,0,0,0,0,0,0,0,0,0,0,0,0,0,0,0,0,0,2,10,./Cleaned-Dataset/Normal/397891573b8b1c12bedaaad45e382cdd.php,normal
0,0,0,0,0,0,0,0,0,0,0,0,0,0,0,0,0,2,0,0,0,82,420,./Cleaned-Dataset/Normal/39978314e912506536348ddefbbe1494.php,normal
0,0,0,0,0,0,0,0,0,0,0,0,0,0,0,0,0,0,0,0,0,44,373,./Cleaned-Dataset/Normal/39afcefa96d0b98195c166251cded9be.php,normal
0,0,0,0,0,0,0,0,0,0,0,0,0,0,0,0,0,0,0,0,0,0,15,./Cleaned-Dataset/Normal/39b4821f1a0891827e70ed1f2dd19af1.php,normal
0,0,0,0,0,0,0,0,0,0,0,0,0,0,0,0,0,0,0,0,0,83,914,./Cleaned-Dataset/Normal/39c1b35642147bb5a2a1aae33f6c5afa.php,normal
0,0,0,0,0,0,0,0,0,0,0,0,0,0,0,0,0,0,0,0,0,42,362,./Cleaned-Dataset/Normal/39d238e09dcb9e0334e3209bc29bf336.php,normal
0,0,0,0,0,0,0,0,0,0,0,0,0,0,0,0,0,0,0,0,0,13,241,./Cleaned-Dataset/Normal/39f0d5a590867d9277b27cf6e15e11be.php,normal
0,0,0,0,0,0,0,0,0,0,0,0,0,0,0,0,0,0,0,0,0,14,55,./Cleaned-Dataset/Normal/39f6ff1f88082d297f59b5c2d4a77590.php,normal
0,0,0,0,0,0,0,0,0,0,0,0,3,10,34,0,0,0,0,0,1,701,4720,./Cleaned-Dataset/Normal/39fdde43bd3122a4c8fc3cbef1e609b6.php,normal
0,0,0,0,0,0,0,0,0,0,0,0,0,0,0,0,0,0,0,0,0,0,6,./Cleaned-Dataset/Normal/3a088dc662dc92fd42d1343ad01b78cc.php,normal
0,0,0,0,0,0,0,0,0,0,0,0,0,0,0,0,0,0,0,0,0,55,792,./Cleaned-Dataset/Normal/3a11b1933d17fc4da9c3000cacef6929.php,normal
0,0,0,0,0,0,0,0,0,0,0,0,0,0,0,0,0,9,8,1,10,228,2417,./Cleaned-Dataset/Normal/3a256cba4c1f43cb4869f2c855c06fcc.php,normal
0,0,0,0,0,0,0,0,0,0,0,0,0,0,0,0,0,0,0,0,0,11,110,./Cleaned-Dataset/Normal/3a322df3da9d5920353e89e6744c39bc.php,normal
0,0,0,0,0,0,0,0,0,0,0,0,0,0,0,0,0,0,0,0,0,91,983,./Cleaned-Dataset/Normal/3a4f8a4d6ce521d9072cc880faea316e.php,normal
0,0,0,0,0,0,0,0,0,0,0,0,0,0,0,0,0,0,0,0,1,6,19,./Cleaned-Dataset/Normal/3a84415f2900fb7242dccc0c882a7c83.php,normal
0,0,0,0,0,0,0,0,0,0,0,0,0,0,0,0,0,0,0,0,0,15,65,./Cleaned-Dataset/Normal/3acd86ed39e6829647140dc8be2f33b0.php,normal
0,0,0,0,0,0,0,0,0,0,0,0,0,0,0,0,0,0,0,0,0,5,67,./Cleaned-Dataset/Normal/3b0b33960d798a3f18af12e357436ef4.php,normal
0,0,0,0,0,0,0,0,0,0,0,0,0,0,0,0,0,0,0,0,0,84,414,./Cleaned-Dataset/Normal/3b0cbbbd6aa93263e9e341a620d75b58.php,normal
0,0,0,0,0,0,0,0,0,0,0,0,0,0,0,0,0,0,0,0,0,0,5,./Cleaned-Dataset/Normal/3b0e34377fdbb332b158314b2574df14.php,normal
0,0,0,0,0,0,0,0,0,0,0,0,0,0,0,0,0,0,0,0,0,148,437,./Cleaned-Dataset/Normal/3b279afad7598ed493068d8874a0c887.php,normal
0,0,0,0,0,0,0,0,0,0,0,0,0,0,0,0,0,0,0,0,0,44,299,./Cleaned-Dataset/Normal/3b54cdbd0626a45fff1aef7d7ddee39b.php,normal
0,0,0,0,0,0,0,0,0,0,0,0,0,0,0,0,0,0,0,0,0,1,81,./Cleaned-Dataset/Normal/3b5a0187b2a8cf28244512d45a90a52a.php,normal
0,0,0,0,0,0,0,0,0,0,0,0,0,0,0,0,0,0,0,0,0,1,7,./Cleaned-Dataset/Normal/3b65692eb619303ba1988945d0ef5fdc.php,normal
0,0,0,0,0,0,0,0,0,0,0,0,0,0,0,0,0,0,0,0,0,1,74,./Cleaned-Dataset/Normal/3b7c006cf1a2cd1a2a5b904135390c5d.php,normal
0,0,10,0,0,0,0,0,0,0,0,0,0,0,0,0,0,1,0,1,0,299,3977,./Cleaned-Dataset/Normal/3b81faf4f517992142b6b71fb90c45d9.php,normal
0,0,0,0,0,0,0,0,0,0,0,0,0,0,0,0,0,0,0,0,2,12,45,./Cleaned-Dataset/Normal/3b8d777c1f53dfec87e73fdf594ca64a.php,normal
0,0,0,0,0,0,0,0,0,0,0,0,0,0,0,0,0,1,0,0,0,33,164,./Cleaned-Dataset/Normal/3b9419ff19b90d29a0da6cda37b8036e.php,normal
0,0,0,0,0,0,0,0,0,0,0,0,0,0,0,0,0,0,0,0,0,31,605,./Cleaned-Dataset/Normal/3bb6841d562c6d1605839f66b6fdb49d.php,normal
0,0,0,0,0,0,0,0,0,0,0,0,0,0,0,0,0,0,0,0,0,40,379,./Cleaned-Dataset/Normal/3bc3b2ea0bbff7bfa244af3100d1f7ac.php,normal
0,0,0,0,0,0,0,0,0,0,0,0,0,0,0,0,0,0,0,0,0,7,27,./Cleaned-Dataset/Normal/3bded780c8d8334b6b45b30bd8e8a181.php,normal
0,0,0,0,0,0,0,0,0,0,0,0,0,0,0,0,0,0,0,0,0,12,92,./Cleaned-Dataset/Normal/3c0f8cc429611cb641811acf9ee030f4.php,normal
0,0,0,0,0,0,0,0,0,0,0,0,0,0,0,0,0,0,0,0,0,12,93,./Cleaned-Dataset/Normal/3c11f403b62daa41968ca6c5db1d4e8b.php,normal
0,0,0,0,0,0,0,0,0,0,0,0,0,0,0,0,0,1,0,0,0,26,163,./Cleaned-Dataset/Normal/3c180e1a004cbc5718088fbe321f1aeb.php,normal
0,0,0,0,0,0,0,0,0,0,0,0,1,24,41,0,0,0,0,5,0,1017,4603,./Cleaned-Dataset/Normal/3c20bc080611d1b45ad4771a15857cc2.php,normal
0,0,0,0,0,0,0,0,0,0,0,0,0,0,0,0,0,0,0,0,0,31,214,./Cleaned-Dataset/Normal/3c3a0cd54645767e99dcca6912612576.php,normal
0,0,0,0,0,0,0,0,0,0,0,0,0,0,0,0,0,0,0,0,0,1,7,./Cleaned-Dataset/Normal/3c42e533074598347e01f5cc7c7e188d.php,normal
0,0,0,0,0,0,0,0,0,0,0,0,0,0,0,0,0,0,0,0,0,25,128,./Cleaned-Dataset/Normal/3c51ea6fd4417fadbbb4e55bd9ec075f.php,normal
0,0,0,0,0,0,0,0,0,0,0,0,0,0,0,0,0,1,0,0,0,163,965,./Cleaned-Dataset/Normal/3c6770e265d0a61c34ee0cc6709c2615.php,normal
0,0,0,0,0,0,0,0,0,0,0,0,0,0,5,1,0,0,0,0,0,84,530,./Cleaned-Dataset/Normal/3c9fae86df64768bee6258a93ddb9681.php,normal
0,0,0,0,0,0,0,0,0,0,0,0,0,4,0,0,0,0,0,0,0,100,1114,./Cleaned-Dataset/Normal/3cc02045db74a186e42eb40faa58f71a.php,normal
0,0,0,0,0,0,0,0,0,0,0,0,0,0,0,0,0,0,0,0,0,10,49,./Cleaned-Dataset/Normal/3cc7dea96ce2bcc86e86b8d2c073d800.php,normal
0,0,0,0,0,0,0,0,0,0,0,0,0,0,0,0,0,0,0,0,0,217,954,./Cleaned-Dataset/Normal/3cc84a7b54a89a43ee53fb0362a9a9ef.php,normal
0,0,0,0,0,0,0,0,0,0,0,0,0,0,0,0,0,0,0,0,0,10,131,./Cleaned-Dataset/Normal/3ce0b01a8964847769941b5b5c238253.php,normal
0,0,0,0,0,0,0,0,0,0,0,0,0,0,0,0,0,0,0,0,0,190,662,./Cleaned-Dataset/Normal/3ce57f549d50339a563a8ef448e0431b.php,normal
0,0,0,0,0,0,0,0,0,0,0,0,0,0,0,0,0,0,0,0,0,6,42,./Cleaned-Dataset/Normal/3cf26cc818a92b59703880e5478863ad.php,normal
0,0,0,0,0,0,0,0,0,0,0,0,0,0,0,0,0,0,0,0,0,124,323,./Cleaned-Dataset/Normal/3d1851d72c3db2a9a4b84dc6f2d1841e.php,normal
0,0,1,0,0,0,0,0,0,0,0,0,0,0,0,0,0,1,0,1,0,172,2623,./Cleaned-Dataset/Normal/3d2b8ba6fccc6f6391ee0d7f838ea4d7.php,normal
0,0,0,0,0,0,0,0,0,0,0,0,0,0,66,0,0,0,0,0,0,195,1231,./Cleaned-Dataset/Normal/3d4066aadc2010b0b31ef52eae7bc79f.php,normal
0,0,0,0,0,0,0,0,0,0,0,0,0,0,0,0,0,0,0,0,0,2,7,./Cleaned-Dataset/Normal/3d5bc73f13cb93889ba425542561e62c.php,normal
0,0,0,0,0,0,0,0,0,0,0,0,0,0,0,1,0,0,0,0,0,45,165,./Cleaned-Dataset/Normal/3d6f16af84d0cc5ed12e72eece6d75bf.php,normal
0,0,0,0,0,0,0,0,0,0,0,0,0,0,0,0,0,0,0,0,0,6,200,./Cleaned-Dataset/Normal/3dac0610b0b0263b36e5fa255be7a810.php,normal
0,0,0,0,0,0,0,0,0,0,0,0,0,0,0,0,0,2,0,0,0,27,48,./Cleaned-Dataset/Normal/3dbd3f014453a56b7f3b1f450c21500c.php,normal
0,0,0,0,0,0,0,0,0,0,0,0,0,0,0,0,0,0,0,0,0,4,72,./Cleaned-Dataset/Normal/3de13908b80e8382e3b6ce1d90862f96.php,normal
0,0,0,0,0,0,0,0,0,0,0,0,0,0,0,0,0,0,0,0,0,5,149,./Cleaned-Dataset/Normal/3de376ddf3f92e7a55d3dc84ad2c53c7.php,normal
0,0,0,0,0,0,0,0,0,0,0,0,0,0,0,0,0,0,0,0,0,354,21,./Cleaned-Dataset/Normal/3dfbf9657b3ec833e40af028f553e6a4.php,normal
0,0,0,0,0,0,0,0,0,0,0,0,0,0,0,0,0,0,0,0,0,1510,10615,./Cleaned-Dataset/Normal/3e07c99019b2b1bfc372ee4e067d6557.php,normal
0,0,0,0,0,0,0,0,0,0,0,0,0,0,0,0,0,0,0,0,0,2,35,./Cleaned-Dataset/Normal/3e0a45545cdc6a96bb6e3b7beabc1e9e.php,normal
0,0,0,0,0,0,0,0,0,0,0,0,0,0,0,0,0,0,0,0,0,166,451,./Cleaned-Dataset/Normal/3e6816c97897f37d47751d5942d1bc25.php,normal
0,0,0,0,0,0,0,0,0,0,0,0,0,0,0,0,0,0,0,0,0,38,383,./Cleaned-Dataset/Normal/3e82ad1beee762f545c9edee7a69656e.php,normal
0,0,0,0,0,0,0,0,0,0,0,0,0,0,0,0,0,0,0,0,0,18,103,./Cleaned-Dataset/Normal/3e8afde5acffe5e5d62a1f5741d8bffe.php,normal
0,0,0,0,0,0,0,0,0,0,0,0,0,1,1,0,0,0,0,0,0,20,201,./Cleaned-Dataset/Normal/3e905abb9148c36f3fac6efb9d08a591.php,normal
0,0,0,0,0,0,0,0,0,0,0,0,0,0,0,0,0,0,0,0,2,12,48,./Cleaned-Dataset/Normal/3e9293c39c274bd425305a576f24bbac.php,normal
0,0,0,0,0,0,0,0,0,0,0,0,0,0,0,0,0,0,0,0,0,12,46,./Cleaned-Dataset/Normal/3ea8979dc093854e2f12896d58cb1ff8.php,normal
0,0,0,0,0,0,0,0,0,0,0,0,0,0,0,0,0,0,0,0,0,90,429,./Cleaned-Dataset/Normal/3eb817281461f3648c99c3e22035173a.php,normal
0,0,0,0,0,0,0,0,0,0,0,0,0,0,0,0,0,0,0,0,0,0,22,./Cleaned-Dataset/Normal/3efa7c0759d69c9348420f05c4c3c150.php,normal
0,0,0,0,0,0,0,0,0,0,0,0,0,0,0,0,0,4,0,0,1,142,1220,./Cleaned-Dataset/Normal/3efe86c20b680a449b59c76b09bbb314.php,normal
0,0,0,0,0,0,0,0,0,0,0,0,0,0,0,0,0,0,0,0,0,16,89,./Cleaned-Dataset/Normal/3f0269deaefc6d932f52f559ab534dfa.php,normal
0,0,0,0,0,0,0,0,0,0,0,0,3,10,2,2,0,2,0,0,2,123,744,./Cleaned-Dataset/Normal/3f1cbdb9b1c7f5d559222d93248712c6.php,normal
0,0,0,0,0,0,0,0,0,0,0,0,0,0,3,0,0,0,0,0,0,95,354,./Cleaned-Dataset/Normal/3f355d28dd5b1eef16a55542b71cb995.php,normal
0,0,0,0,0,0,0,0,0,0,0,0,0,0,0,0,0,0,0,0,0,2,46,./Cleaned-Dataset/Normal/3f799c326c4dde9c333cb182c6defbf7.php,normal
0,0,0,0,0,0,0,0,0,0,0,0,0,0,0,2,0,1,0,0,0,95,506,./Cleaned-Dataset/Normal/3f8dd66af0600c83bba2525d393ab991.php,normal
0,0,0,0,0,0,0,0,0,0,0,0,0,0,0,0,0,0,0,0,0,8,82,./Cleaned-Dataset/Normal/3fca80c26cd5e337c14140557e675e78.php,normal
0,0,0,0,0,0,0,0,0,0,0,0,0,0,0,0,0,0,0,0,0,5,37,./Cleaned-Dataset/Normal/3ff2e9aa0dd849878f84290bc2fe2967.php,normal
0,0,0,0,0,0,0,0,0,0,0,0,0,0,0,0,0,0,0,0,0,0,25,./Cleaned-Dataset/Normal/400444b61d59fb597be7276f8cb19bdb.php,normal
0,0,0,0,0,0,0,0,0,0,0,0,0,0,0,0,0,7,0,0,0,78,171,./Cleaned-Dataset/Normal/40091ae656e254adb3ba32830532234e.php,normal
0,0,0,0,0,0,0,0,0,0,0,0,0,0,0,0,0,0,0,0,0,92,443,./Cleaned-Dataset/Normal/4014980118cdd59976ed354493346a53.php,normal
0,0,0,0,0,0,0,0,0,0,0,0,0,0,0,0,0,0,0,0,0,11,65,./Cleaned-Dataset/Normal/40273903802883549ed0fdc326a249af.php,normal
0,0,0,0,0,0,0,0,0,0,0,0,0,0,0,0,0,0,0,0,0,14,121,./Cleaned-Dataset/Normal/402e638a2fac0f60218ac890514c519e.php,normal
0,0,0,0,0,0,0,0,0,0,0,0,0,0,0,0,0,0,0,0,0,39,55,./Cleaned-Dataset/Normal/404.php,normal
0,0,0,0,0,0,0,0,0,0,0,0,0,0,0,0,0,0,0,0,0,12,18,./Cleaned-Dataset/Normal/404_1.php,normal
0,0,0,0,0,0,0,0,0,0,0,0,0,0,0,0,0,0,0,0,0,8,17,./Cleaned-Dataset/Normal/404_10.php,normal
0,0,0,0,0,0,0,0,0,0,0,0,0,0,0,0,0,0,0,0,0,13,23,./Cleaned-Dataset/Normal/404_2.php,normal
0,0,0,0,0,0,0,0,0,0,0,0,0,0,0,0,0,0,0,0,0,12,18,./Cleaned-Dataset/Normal/404_3.php,normal
0,0,0,0,0,0,0,0,0,0,0,0,0,0,0,0,0,0,0,0,0,13,18,./Cleaned-Dataset/Normal/404_4.php,normal
0,0,0,0,0,0,0,0,0,0,0,0,0,0,0,0,0,0,0,0,0,13,24,./Cleaned-Dataset/Normal/404_5.php,normal
0,0,0,0,0,0,0,0,0,0,0,0,0,0,0,0,0,0,0,0,0,14,24,./Cleaned-Dataset/Normal/404_6.php,normal
0,0,0,0,0,0,0,0,0,0,0,0,0,0,0,0,0,0,0,0,0,15,21,./Cleaned-Dataset/Normal/404_7.php,normal
0,0,0,0,0,0,0,0,0,0,0,0,0,0,0,0,0,0,0,0,0,13,20,./Cleaned-Dataset/Normal/404_8.php,normal
0,0,0,0,0,0,0,0,0,0,0,0,0,0,0,0,0,0,0,0,0,12,22,./Cleaned-Dataset/Normal/404_9.php,normal
0,0,0,0,0,0,0,0,0,0,0,0,0,0,0,0,0,0,0,0,0,9,130,./Cleaned-Dataset/Normal/405014868f3e371ccc4b3866792a21a4.php,normal
0,0,0,0,0,0,0,0,0,0,0,0,0,0,0,0,0,0,0,0,0,31,358,./Cleaned-Dataset/Normal/4053e717df10810ed9fdf376b2bf9b58.php,normal
0,0,0,0,0,0,0,0,0,0,0,0,0,0,0,4,0,1,0,0,0,100,594,./Cleaned-Dataset/Normal/405902775f9ae673c3daffcef33e1586.php,normal
0,0,0,0,0,0,0,0,0,0,0,0,0,0,0,0,0,0,0,0,0,919,2969,./Cleaned-Dataset/Normal/40702580e998314ebea7c559d404bd46.php,normal
0,0,0,0,0,0,0,0,0,0,0,0,0,0,0,0,0,0,0,0,0,3,63,./Cleaned-Dataset/Normal/4070aba4c231f3e0d3709784d584d1cf.php,normal
0,0,0,0,0,0,0,0,0,0,0,0,0,0,0,0,0,0,0,0,0,26,299,./Cleaned-Dataset/Normal/40730c8a97aeac72d64e427de7115e2a.php,normal
1,0,0,0,0,0,0,0,0,0,0,0,0,0,0,0,0,0,0,0,0,199,2128,./Cleaned-Dataset/Normal/40795102b8df35b80b08cfe11f31fb01.php,normal
0,0,0,0,0,0,0,0,0,0,0,0,0,0,0,0,0,0,0,0,0,1,20,./Cleaned-Dataset/Normal/40f6dc8ac8d9a2f32b88ca6245ed0268.php,normal
0,0,0,0,0,0,0,0,0,0,0,0,0,0,5,0,0,0,1,0,1,18,116,./Cleaned-Dataset/Normal/410c31877c622e5154e39e11d4073c27.php,normal
0,0,0,0,0,0,0,0,0,0,0,0,0,0,0,0,0,0,0,0,0,1,6,./Cleaned-Dataset/Normal/41140040bbfeec537fde44aec79f0915.php,normal
0,0,0,0,0,0,0,0,0,0,0,0,0,0,0,0,0,0,0,0,5,38,121,./Cleaned-Dataset/Normal/4122b342d5ec98c62024122706518662.php,normal
0,0,0,0,0,0,0,0,0,0,0,0,0,0,0,0,0,0,0,0,0,1,7,./Cleaned-Dataset/Normal/412afb191b319bd9a6fed2d5c805ecb0.php,normal
0,0,1,0,0,0,0,0,0,0,0,0,0,0,0,0,0,0,0,0,0,165,273,./Cleaned-Dataset/Normal/413bd5ae2dca8bec9656892187041dfa.php,normal
0,0,0,0,0,0,0,0,0,0,0,0,0,0,0,0,0,0,0,0,0,64,394,./Cleaned-Dataset/Normal/41536cdbebab95b60b0ee145b69ebad6.php,normal
0,0,0,0,0,0,0,0,0,0,0,0,0,0,0,0,0,0,0,0,0,270,1013,./Cleaned-Dataset/Normal/416b3641fe30d4ff8220ec4aba02b263.php,normal
0,0,0,0,0,0,0,0,0,0,0,0,0,0,1,0,0,0,0,0,0,354,1090,./Cleaned-Dataset/Normal/419863c3ea8dd636e91d6c379acace85.php,normal
0,0,0,0,0,0,0,0,0,0,0,0,0,0,0,0,0,0,0,0,0,86,399,./Cleaned-Dataset/Normal/419be559e585559fbda88298bd9e0fed.php,normal
0,0,0,0,0,0,0,0,0,0,0,0,0,0,0,0,0,0,0,0,0,395,166,./Cleaned-Dataset/Normal/41cc4ba4f35b12abd7a61b1514cd998c.php,normal
0,0,0,0,0,5,0,0,0,0,0,0,0,0,0,0,0,0,0,0,0,115,774,./Cleaned-Dataset/Normal/41e09b4d31029cbddefabe0121ada399.php,normal
0,0,0,0,0,0,0,0,0,0,0,0,0,0,0,0,0,0,0,0,0,1,7,./Cleaned-Dataset/Normal/420bb19f78abfd1b326dc5627ba1ee1f.php,normal
0,0,0,0,0,0,0,0,0,0,0,0,0,0,0,0,0,0,0,0,0,40,138,./Cleaned-Dataset/Normal/4220cf263458edbb47fb9aeb70ef7a06.php,normal
0,0,0,0,0,0,0,0,0,0,0,0,0,0,0,0,0,0,0,0,0,0,66,./Cleaned-Dataset/Normal/422821eca54ac098d5cb391744f5b321.php,normal
0,0,0,0,0,0,0,0,0,0,0,0,0,0,0,0,0,0,0,1,1,5,47,./Cleaned-Dataset/Normal/424f57af1dfdc30a4337b08b56ab67d3.php,normal
0,0,0,0,0,0,0,0,0,0,0,0,0,0,0,0,0,0,0,0,0,39,198,./Cleaned-Dataset/Normal/4272fd1ddc6f21dc43f495b80e236c55.php,normal
0,0,0,0,0,0,0,0,0,0,0,0,0,0,0,0,0,0,0,0,0,6,25,./Cleaned-Dataset/Normal/427f9a9fc77277d340b63ce6919b3169.php,normal
0,0,0,0,0,0,0,0,0,0,0,0,0,0,0,0,0,0,0,0,0,6,197,./Cleaned-Dataset/Normal/428b000b8541a713c5e1d5c14058b920.php,normal
0,0,0,0,0,0,0,0,0,0,0,0,0,0,0,0,0,0,0,0,0,39,805,./Cleaned-Dataset/Normal/42a840f590dfdca4fe1a82d0e63ba9b0.php,normal
0,0,0,0,0,0,0,0,0,0,0,0,0,0,0,0,0,0,0,0,0,27,33,./Cleaned-Dataset/Normal/42a9a84974bb3ed0ef133444b2e8e536.php,normal
0,0,0,0,0,0,0,0,0,0,0,0,0,0,0,0,0,0,0,0,0,182,1144,./Cleaned-Dataset/Normal/42afa2210d0c77c9c9ccb7c1dff6b21c.php,normal
0,0,0,0,0,0,0,0,0,0,0,0,0,0,0,0,0,0,0,0,0,8,174,./Cleaned-Dataset/Normal/42e2180292beea294a0cb891bbb94dcb.php,normal
0,0,0,0,0,0,0,0,0,0,0,0,0,0,0,0,0,0,0,0,0,194,683,./Cleaned-Dataset/Normal/42f1b1fc39f79f2f9f6439ae415a4e1f.php,normal
0,0,0,0,0,0,0,0,0,0,0,0,0,0,13,0,0,1,0,0,0,219,1172,./Cleaned-Dataset/Normal/42f44efb139090c715a65cfec9c0a195.php,normal
0,0,0,0,0,0,0,0,0,0,0,0,0,0,0,0,0,0,0,0,0,5,107,./Cleaned-Dataset/Normal/43338f1e3e8f5770f9f06d22d1b88465.php,normal
0,0,0,0,0,0,0,0,0,0,0,0,0,0,0,0,0,0,0,0,0,1,39,./Cleaned-Dataset/Normal/4347efe9882f666f88c2a8f35d472e3f.php,normal
0,0,0,1,0,0,0,0,0,0,0,0,0,0,0,0,0,0,0,0,0,21,220,./Cleaned-Dataset/Normal/4367e3f4f2a5c461baad46a92cb70c8f.php,normal
0,0,0,0,0,0,0,0,0,0,0,0,0,0,0,0,0,0,0,0,0,4,16,./Cleaned-Dataset/Normal/436f785334826c18ffdd5d8714667c7d.php,normal
0,0,0,0,0,0,0,0,0,0,0,0,0,0,0,0,0,0,0,0,1,6,30,./Cleaned-Dataset/Normal/4380e8bfdc3538216abf7338f2298d44.php,normal
0,0,0,0,0,0,0,0,0,0,0,0,0,0,0,0,0,0,0,0,0,1965,3,./Cleaned-Dataset/Normal/43c8bd2144d0b2e70c6b98e0c02d0be8.php,normal
0,0,0,0,0,0,0,0,0,0,0,0,0,0,0,0,0,1,0,0,0,16,229,./Cleaned-Dataset/Normal/43d461cb623250f625a299a8df7fc000.php,normal
0,0,0,0,0,0,0,0,0,0,0,0,0,0,0,0,0,0,0,0,0,6,250,./Cleaned-Dataset/Normal/43e92a6da8fa91fea2535b953d56269a.php,normal
0,0,0,0,0,0,0,0,0,0,0,0,0,0,0,0,0,0,0,0,0,566,3307,./Cleaned-Dataset/Normal/43e9837baf2a18895331e1ece844ba16.php,normal
0,0,0,0,0,0,0,0,0,0,0,0,0,0,0,0,0,0,0,0,0,14,120,./Cleaned-Dataset/Normal/43fa1c2b11ed634173b47f3815efb4dc.php,normal
0,0,0,0,0,0,0,0,0,0,0,0,0,0,0,0,0,0,0,0,0,2,44,./Cleaned-Dataset/Normal/441d19c20f9016db4718bee51a7be64d.php,normal
0,0,0,0,0,0,0,0,0,0,0,0,0,0,0,0,0,0,0,0,0,4,28,./Cleaned-Dataset/Normal/4435cba9b1ce4c07a7b296ef273a3db2.php,normal
0,0,0,0,0,0,0,0,0,0,0,0,0,0,0,0,0,0,0,0,0,38,225,./Cleaned-Dataset/Normal/446a249dd34387eaab062ccc29a95323.php,normal
0,0,0,0,0,0,0,0,0,0,0,0,0,0,0,0,0,0,0,0,0,1056,1584,./Cleaned-Dataset/Normal/448b712e4f42beb00c3612990aa76686.php,normal
0,0,0,0,0,0,0,0,0,0,0,0,0,0,0,0,0,0,0,0,0,33,683,./Cleaned-Dataset/Normal/44bbe7c06ea9462b2e395f8e98056b8b.php,normal
0,0,0,0,0,0,0,0,0,0,0,0,0,0,0,0,9,0,0,0,0,26,435,./Cleaned-Dataset/Normal/4519655b9f20b5f5dcec1e40871f86d1.php,normal
0,0,0,0,0,0,0,0,0,0,0,0,0,0,0,0,0,0,0,0,0,5,35,./Cleaned-Dataset/Normal/4531181923d432d4fb18331ba389e24b.php,normal
0,0,0,0,0,0,0,0,0,0,0,0,0,0,0,0,0,0,0,0,0,14,47,./Cleaned-Dataset/Normal/453e793113f37ac59e310fcbacbbe8a0.php,normal
0,0,0,0,0,0,0,0,0,0,0,0,0,0,0,0,0,0,0,0,0,58,771,./Cleaned-Dataset/Normal/459c76423ea01a0705d2d277ee4b6175.php,normal
0,0,0,0,0,0,0,0,0,0,0,0,0,0,0,0,0,0,0,0,0,0,14,./Cleaned-Dataset/Normal/45a468cacfff2dc13efd72a8c53b75c1.php,normal
0,0,0,0,0,0,0,0,0,0,0,0,0,0,0,0,0,0,0,0,0,75,386,./Cleaned-Dataset/Normal/45dbdff11b4da9c1c6492c6f31f2e519.php,normal
0,0,0,0,0,0,0,0,0,0,0,0,0,0,0,0,0,0,0,0,0,1,6,./Cleaned-Dataset/Normal/45dd8cbf596862605a6e41b940993c28.php,normal
0,0,0,0,0,0,0,0,0,0,0,0,3,2,0,0,0,0,0,2,0,74,295,./Cleaned-Dataset/Normal/45f1419f0341166028c878f98ad0751c.php,normal
0,0,0,0,0,0,0,0,0,0,0,0,0,0,0,0,0,0,0,0,0,2,28,./Cleaned-Dataset/Normal/4601b54f4e6548705f7e69b77eea9290.php,normal
0,0,0,0,0,0,0,0,0,0,0,0,0,0,0,0,0,0,0,0,0,1,15,./Cleaned-Dataset/Normal/461f6a49887fb0a18e976066b716907c.php,normal
0,0,0,0,0,0,0,0,0,0,0,0,0,0,0,0,0,0,0,0,0,31,184,./Cleaned-Dataset/Normal/462cff964c3de71998d5eb062fc38258.php,normal
0,0,0,0,0,0,0,0,0,0,0,0,0,0,0,0,0,0,0,0,0,62,446,./Cleaned-Dataset/Normal/4653ad84b7f8ea8ae91544c329c077d0.php,normal
0,0,0,0,0,0,0,0,0,0,0,0,0,0,0,0,0,0,0,0,0,238,1059,./Cleaned-Dataset/Normal/4656368b41a95917923a265f4b7e3bc4.php,normal
0,0,0,0,0,0,0,0,0,0,0,0,0,0,0,0,0,0,0,1,0,172,1437,./Cleaned-Dataset/Normal/465b83d0c1b75f563ec03c58af01b8d4.php,normal
0,0,0,0,0,0,0,0,0,0,0,0,0,0,0,0,0,0,0,0,0,127,738,./Cleaned-Dataset/Normal/465fc2f382190f043eef4095b93ce8f2.php,normal
0,0,0,0,0,0,0,0,0,0,0,0,0,0,0,0,0,0,0,0,0,137,858,./Cleaned-Dataset/Normal/467b0549d66f83df8af44ecc9d9df88e.php,normal
0,0,0,0,0,0,0,0,0,0,0,0,0,0,27,0,0,0,0,0,0,221,682,./Cleaned-Dataset/Normal/468ed98e9a5a66e777f4034db12621ba.php,normal
0,0,0,0,0,0,0,0,0,0,0,0,0,0,0,0,0,0,0,0,0,1,10,./Cleaned-Dataset/Normal/46bbc0eceb424d8fdcc04dfccce128bc.php,normal
0,0,0,0,0,0,0,0,0,0,0,0,0,0,0,0,0,0,0,0,0,5,185,./Cleaned-Dataset/Normal/46d3e0d7f551b3f32031b9a4a3ad41ca.php,normal
0,0,0,0,0,0,0,0,0,0,0,0,0,0,0,0,0,0,0,0,0,13,148,./Cleaned-Dataset/Normal/46e2c20e65ff24c0986f2df7172f064f.php,normal
0,0,0,0,0,0,0,0,0,0,0,0,0,0,0,0,0,0,0,0,0,12,75,./Cleaned-Dataset/Normal/46e4bd2d0da8c86c118ab73c76c33664.php,normal
0,0,0,0,0,0,0,0,0,0,0,0,0,0,0,0,0,0,0,0,0,54,31,./Cleaned-Dataset/Normal/46f44994f385a3ffff9fc4bb7ad8f372.php,normal
0,0,0,0,0,0,0,0,0,0,0,0,0,0,0,0,0,0,0,0,0,80,367,./Cleaned-Dataset/Normal/47155c478d888a4bd002e7bfc9568f55.php,normal
0,0,0,0,0,0,0,0,0,0,0,0,0,0,0,0,0,0,0,0,0,24,107,./Cleaned-Dataset/Normal/4751dc96437ea914213dc98b3490c975.php,normal
0,0,0,0,0,0,0,0,0,0,0,0,0,0,0,0,0,0,0,0,0,25,161,./Cleaned-Dataset/Normal/4773993010ba3927e2da78fa2637adb2.php,normal
0,0,0,0,0,0,0,0,0,0,0,0,0,0,0,0,0,0,0,0,0,45,459,./Cleaned-Dataset/Normal/479da3b4a7e7dde26abe4c7169eb26c4.php,normal
0,0,0,0,0,0,0,0,0,0,0,0,0,0,0,0,0,0,0,0,0,11,76,./Cleaned-Dataset/Normal/47a3108a0bbd21aee529c18cb429f0d6.php,normal
0,0,0,0,0,0,0,0,0,0,0,0,0,0,0,0,0,0,0,0,0,5,8,./Cleaned-Dataset/Normal/47c5de02116a55028c1d9d708c02a2d7.php,normal
0,0,0,0,0,0,0,0,0,0,0,0,0,0,0,0,0,0,0,0,0,24,161,./Cleaned-Dataset/Normal/47d95dc49df481dcce3e98cc984c9b2b.php,normal
0,0,0,0,0,0,0,0,0,0,0,0,0,0,0,0,0,0,0,0,1,2,11,./Cleaned-Dataset/Normal/4823c8667b23ca83b31bf9093647e5a2.php,normal
0,0,0,0,0,0,0,0,0,0,0,0,0,0,0,0,0,0,0,0,0,7,43,./Cleaned-Dataset/Normal/4841493d755ee9343ec418fbe9536b71.php,normal
0,0,0,0,0,0,0,0,0,0,0,0,0,0,0,0,0,0,0,0,0,9,126,./Cleaned-Dataset/Normal/484a452ca17156e3bf5dc887403f76ac.php,normal
0,0,0,0,0,0,0,0,0,0,0,0,0,0,0,0,0,0,0,0,0,2,89,./Cleaned-Dataset/Normal/485304c7e599e06c69dc96be5fe21b06.php,normal
0,0,0,0,0,0,0,0,0,0,0,0,0,0,0,0,0,0,0,0,1,8,41,./Cleaned-Dataset/Normal/486fb135de08be70d8feaceb26d2a76d.php,normal
0,0,0,0,0,0,0,0,0,0,0,0,0,0,0,0,0,0,0,0,0,70,1300,./Cleaned-Dataset/Normal/488055370c7590a95c865dce277e5e62.php,normal
0,0,0,0,0,0,0,0,0,0,0,0,0,0,24,0,0,0,2,0,1,42,305,./Cleaned-Dataset/Normal/4887fef552e08b93925e202cd3eaa91a.php,normal
0,0,0,0,0,0,0,0,0,0,0,0,0,0,0,0,0,8,0,0,0,205,1219,./Cleaned-Dataset/Normal/48b75946b9a159d47a8b000bb5f10a18.php,normal
0,0,0,0,0,0,0,0,0,0,0,0,0,1,20,30,0,0,0,0,1,651,2392,./Cleaned-Dataset/Normal/48df39ffb795d8ee8e408f93044d35d4.php,normal
0,0,0,0,0,0,0,0,0,0,0,0,0,0,0,0,0,0,0,0,0,15,199,./Cleaned-Dataset/Normal/48e04c6a3ae7a11aab499e0d247773f3.php,normal
0,0,0,0,0,0,0,0,0,0,0,0,0,0,0,0,0,0,0,0,0,28,141,./Cleaned-Dataset/Normal/48fc46c5d8f005c04b6cba507ff0a245.php,normal
0,0,0,0,0,0,0,0,0,0,0,0,1,1,1,0,0,7,3,122,5,167,796,./Cleaned-Dataset/Normal/492bb5bf726515b6b25d2f56deee04a4.php,normal
0,0,0,0,0,0,0,0,0,0,0,0,2,0,0,0,0,4,0,7,0,1707,3276,./Cleaned-Dataset/Normal/49345e758e4a57ee707d4b0fa3c879b8.php,normal
0,0,0,0,0,0,0,0,0,0,0,0,0,0,0,0,0,0,0,0,0,0,158,./Cleaned-Dataset/Normal/494b226d5572a7b94acec5ea4cd84cc9.php,normal
0,0,0,0,0,0,0,0,0,0,0,0,0,0,0,0,0,0,0,0,0,19,311,./Cleaned-Dataset/Normal/4951b9d466db88e3c761f9476b8aab0d.php,normal
0,0,0,0,0,0,0,0,0,0,0,0,0,0,0,0,0,0,0,0,0,12,160,./Cleaned-Dataset/Normal/495782ae5a206eee6276e7743bd40f2e.php,normal
0,0,0,0,0,0,0,0,0,0,0,0,0,0,0,0,0,2,0,0,0,53,772,./Cleaned-Dataset/Normal/495a28b83640c42eb62c05bff03baa98.php,normal
0,0,0,0,0,0,0,0,0,0,0,0,0,0,0,0,0,0,0,0,0,8,73,./Cleaned-Dataset/Normal/4970c6d0bc2566f489fe9d01afe4237d.php,normal
0,0,0,0,0,0,0,0,0,0,0,0,0,0,0,0,0,0,0,0,0,14,29,./Cleaned-Dataset/Normal/498a5f07b23a673e2309d43a82f193a7.php,normal
0,0,0,0,0,0,0,0,0,0,0,0,0,0,0,0,0,0,0,0,0,66,776,./Cleaned-Dataset/Normal/4997fcf01715ad68d80088909f469ef7.php,normal
0,0,0,0,0,0,0,0,0,0,0,0,0,0,0,0,0,3,0,0,0,36,303,./Cleaned-Dataset/Normal/499847f842d48627e4bb5f1cc3b879df.php,normal
0,0,0,0,0,0,0,0,0,0,0,0,0,0,0,0,0,0,0,0,0,253,1041,./Cleaned-Dataset/Normal/499a0e5132ec6bf84a3de09d365da7aa.php,normal
0,0,0,0,0,0,0,0,0,0,0,0,0,0,0,0,0,0,0,0,0,226,941,./Cleaned-Dataset/Normal/499f1df18de5ff404ab676df95f17d40.php,normal
0,0,0,0,0,0,0,0,0,0,0,0,0,0,0,0,0,0,0,0,0,8,369,./Cleaned-Dataset/Normal/49ab2207a34ee8495dfb5f7c9933fdd4.php,normal
0,0,0,0,0,0,0,0,0,0,0,0,0,0,35,0,0,1,0,0,0,2001,10037,./Cleaned-Dataset/Normal/49bace4227a63f06342c2d976b6cce92.php,normal
0,0,0,0,0,0,0,0,0,0,0,0,0,0,0,0,0,0,0,0,2,6,67,./Cleaned-Dataset/Normal/49d367b3b17b0fde9a1c59577c8044ab.php,normal
0,0,0,0,0,0,0,0,0,0,0,0,0,0,0,0,0,0,0,0,0,7,41,./Cleaned-Dataset/Normal/49e3a5d388ca46a44b1f8cd6faa4ebac.php,normal
0,0,0,0,0,0,0,0,0,0,0,0,0,0,0,0,0,0,0,0,0,240,905,./Cleaned-Dataset/Normal/4a0125ddf8fa95d64f17e461dc5346e5.php,normal
0,0,0,0,0,0,0,0,0,0,0,0,0,0,0,0,0,0,0,0,0,9,54,./Cleaned-Dataset/Normal/4a022e14f02e73f8fed3b6e18df8311d.php,normal
0,0,0,0,0,0,0,0,0,0,0,0,0,0,0,0,0,0,0,0,0,0,36,./Cleaned-Dataset/Normal/4a106781b535ab5a94b488f4e286fc26.php,normal
0,0,0,0,0,0,0,0,0,0,0,0,0,0,0,0,0,0,0,0,0,7,29,./Cleaned-Dataset/Normal/4a164e137304e447eaa4014528ed82e0.php,normal
0,0,0,0,0,0,0,0,0,0,0,0,0,0,0,0,0,0,0,0,0,30,196,./Cleaned-Dataset/Normal/4a16ca2ecfac268361c73a01f48927cc.php,normal
0,1,0,0,0,0,0,0,0,0,0,0,0,0,0,0,0,0,0,0,0,65,481,./Cleaned-Dataset/Normal/4a1cfe38e2a452895f253665dd191dce.php,normal
0,0,0,0,0,0,0,0,0,0,0,0,0,0,0,0,0,0,0,0,0,58,221,./Cleaned-Dataset/Normal/4a2e671b8a1bb5b89ded05724c79d203.php,normal
0,0,0,0,0,0,0,0,0,0,0,0,0,0,0,0,0,1,0,0,0,21,322,./Cleaned-Dataset/Normal/4a3a9156117907679d870dd51db755e9.php,normal
0,0,0,0,0,0,0,0,0,0,0,0,0,0,11,0,0,0,0,0,0,46,342,./Cleaned-Dataset/Normal/4a65c5904784a0ce52652706a4563b1c.php,normal
0,0,0,0,0,0,0,0,0,0,0,0,0,0,0,0,0,0,0,0,0,1,7,./Cleaned-Dataset/Normal/4a986590ac3b4f2b707b5b1a97b1aed8.php,normal
0,0,0,0,0,0,0,0,0,0,0,0,0,0,0,0,0,1,0,0,0,26,103,./Cleaned-Dataset/Normal/4a98e8d697ee910ed2c7379f5a640473.php,normal
0,0,0,0,0,0,0,0,0,0,0,0,0,0,0,0,0,0,0,0,0,25,196,./Cleaned-Dataset/Normal/4a9a1785047a66961439e336fb2a211f.php,normal
0,0,0,0,0,0,0,0,0,0,0,0,0,0,34,0,0,0,0,0,0,309,1376,./Cleaned-Dataset/Normal/4adccf26dafe90a6e48a3392a55d59fd.php,normal
0,0,0,0,0,0,0,0,0,0,0,0,0,1,53,0,0,0,0,0,0,398,1654,./Cleaned-Dataset/Normal/4af4490551111f707f2ce75a16c08125.php,normal
0,0,0,0,0,0,0,0,0,0,0,0,0,0,0,0,0,0,0,0,0,1,33,./Cleaned-Dataset/Normal/4b0f29dadbf5bb18e841fc16c807669a.php,normal
0,0,0,0,0,0,0,0,0,0,0,0,0,0,0,0,0,0,0,0,0,60,187,./Cleaned-Dataset/Normal/4b558435fe39e08f00190ce61e2b9dc8.php,normal
0,0,0,0,0,0,0,0,0,0,0,0,0,0,0,0,0,0,0,0,0,1,10,./Cleaned-Dataset/Normal/4b6199579a8d7e1924681dc5f096db0f.php,normal
0,0,0,0,0,0,0,0,0,0,0,0,0,0,0,0,0,0,0,0,0,9,219,./Cleaned-Dataset/Normal/4b71e9921f4c4e1e00a9a6a86069721b.php,normal
0,0,0,0,0,0,0,0,0,0,0,0,0,0,0,0,0,0,0,0,0,444,1833,./Cleaned-Dataset/Normal/4bced7fa957b3d7f6e1c639f99fdec2a.php,normal
0,0,0,0,0,0,0,0,0,0,0,0,0,0,0,0,0,0,0,0,0,40,152,./Cleaned-Dataset/Normal/4c172f616691acae3191f49c10e11877.php,normal
0,0,0,0,0,0,0,0,0,0,0,0,0,0,0,0,0,0,0,0,0,0,61,./Cleaned-Dataset/Normal/4c3de115f4a52a70f8285fe578cf650a.php,normal
0,0,0,0,0,0,0,0,0,0,0,0,0,0,0,0,0,0,0,0,0,2,21,./Cleaned-Dataset/Normal/4c5e48d691858486f22b9ded36410a5d.php,normal
0,0,0,0,0,0,0,0,0,0,0,0,0,0,0,0,0,0,0,0,3,6,58,./Cleaned-Dataset/Normal/4c8a0a7e0e0a36002e08886c3244f012.php,normal
0,0,0,0,0,0,0,0,0,0,0,0,0,0,0,0,0,0,0,0,0,66,393,./Cleaned-Dataset/Normal/4cc8610d1773a7c4dfc4ef899b89793f.php,normal
0,0,0,0,0,0,0,0,0,0,0,0,0,0,0,0,0,0,0,0,0,27,86,./Cleaned-Dataset/Normal/4cd23dac2083625f5e376abde8bcdc05.php,normal
0,0,0,0,0,0,0,0,0,0,0,0,0,0,0,0,0,0,0,0,0,57,376,./Cleaned-Dataset/Normal/4cd7e8520ca835abdd8ab79978b1af28.php,normal
0,0,0,0,0,0,0,0,0,0,0,0,0,0,0,0,0,0,0,0,0,1,14,./Cleaned-Dataset/Normal/4cdf43f7996b80a626ebf6c8f7f8dd4e.php,normal
0,0,0,0,0,0,0,0,0,0,0,0,0,2,0,0,0,0,0,0,0,30,210,./Cleaned-Dataset/Normal/4d17401971d4dce5e19f0bd0f3cdf212.php,normal
0,0,0,0,0,0,0,0,0,0,0,0,0,0,0,0,0,0,0,0,0,36,235,./Cleaned-Dataset/Normal/4d20562b634b7f9f8f7b1cb145447184.php,normal
0,0,0,0,0,0,0,0,0,0,0,0,0,0,0,0,0,0,0,0,0,33,446,./Cleaned-Dataset/Normal/4d23f10bd0009fd1adc09e4030d87dbf.php,normal
0,0,0,0,0,0,0,0,0,0,0,0,0,0,0,0,0,0,0,0,0,5,59,./Cleaned-Dataset/Normal/4d60ea11a41128e55adc52eddad1450e.php,normal
0,0,0,0,0,0,0,0,0,0,0,0,0,0,0,0,0,0,0,0,2,9,95,./Cleaned-Dataset/Normal/4d78ae948653af08aeec7f2e403c2eed.php,normal
0,0,0,0,0,0,0,0,0,0,0,0,0,0,3,0,0,0,0,0,0,35,327,./Cleaned-Dataset/Normal/4da6d780e6529608e2c93dc37276fe5b.php,normal
0,0,0,0,0,0,0,0,0,0,0,0,0,0,0,0,0,0,0,0,0,56,588,./Cleaned-Dataset/Normal/4dadfb02f4214c8736e65134aefb4bca.php,normal
0,0,0,0,0,0,0,0,0,0,0,0,0,0,0,0,0,0,0,0,0,19,56,./Cleaned-Dataset/Normal/4dccb2c92c188fb97766dfe85de8499b.php,normal
0,0,0,0,0,0,0,0,0,0,0,0,0,0,0,0,0,7,0,0,0,30,53,./Cleaned-Dataset/Normal/4ddc7a98a5c20e1f3846fda869833d17.php,normal
0,0,0,0,0,0,0,0,0,0,0,0,0,0,0,0,0,0,0,0,0,36,349,./Cleaned-Dataset/Normal/4de45b8f750549a56ee86ca639bda54f.php,normal
0,0,0,0,0,0,0,0,0,0,0,0,0,0,0,0,0,0,0,0,0,22,120,./Cleaned-Dataset/Normal/4e27b7e6c3d8e89c1945364dde414d7e.php,normal
0,0,0,0,0,0,0,0,0,0,0,0,0,0,0,0,0,0,0,0,0,36,1568,./Cleaned-Dataset/Normal/4e2b6aa948b33643c113842db69a27db.php,normal
0,0,0,0,0,0,0,0,0,0,0,0,0,0,0,0,0,0,0,0,0,1,6,./Cleaned-Dataset/Normal/4e35b386ecd7e9192a4deaf462a5ab79.php,normal
0,0,0,0,0,0,0,0,0,0,0,0,0,0,0,0,0,0,0,0,2,12,45,./Cleaned-Dataset/Normal/4e3915732ceeac51f09a8b4732c4b921.php,normal
0,0,0,0,0,0,0,0,0,0,0,0,0,0,0,0,0,0,0,0,0,373,1475,./Cleaned-Dataset/Normal/4e3a1dfef775cc9510689f53009fbf25.php,normal
0,0,0,0,0,0,0,0,0,0,0,0,0,0,0,0,0,0,0,0,0,8,63,./Cleaned-Dataset/Normal/4e4486f63a711c2627e1ee8aeb3b782d.php,normal
0,0,0,0,0,0,0,0,0,0,0,0,0,0,0,0,0,0,0,0,0,5,109,./Cleaned-Dataset/Normal/4e52caa50ebd1ca9b7159641dcc9f207.php,normal
0,0,0,0,0,0,0,0,0,0,0,0,0,0,4,0,0,1,0,0,0,60,953,./Cleaned-Dataset/Normal/4e56a792317aeb6c9da79f9bccbd2a49.php,normal
0,0,0,0,0,0,0,0,0,0,0,0,0,0,0,0,0,0,0,0,0,1,7,./Cleaned-Dataset/Normal/4e63774ecb87ded072537ce90a7eaee9.php,normal
0,0,0,0,0,0,0,0,0,0,0,0,0,0,0,0,0,0,0,0,0,0,13,./Cleaned-Dataset/Normal/4e9cce128b416799332f68e3cff7d249.php,normal
0,0,0,0,0,0,0,0,0,0,0,0,0,0,0,0,0,0,0,0,0,44,219,./Cleaned-Dataset/Normal/4eaf3c73fdfe80255892e037766252f0.php,normal
0,0,0,0,0,0,0,0,0,0,0,0,0,0,0,0,0,0,0,0,0,86,576,./Cleaned-Dataset/Normal/4ed4aee3a63eae047e2e5b3d26f54aab.php,normal
0,0,0,0,0,0,0,0,0,0,0,0,0,0,0,0,0,0,0,0,0,24,50,./Cleaned-Dataset/Normal/4edc489f021f854c6344013fa354a7ce.php,normal
0,0,0,0,0,0,0,0,0,0,0,0,0,0,0,0,0,0,0,0,0,207,660,./Cleaned-Dataset/Normal/4ef7428d4be7bbd0bbf67ab674ab2725.php,normal
0,0,0,0,0,0,0,0,0,0,0,0,0,0,0,0,0,0,0,0,0,80,368,./Cleaned-Dataset/Normal/4f2ce2d6d0ec358d2f02436fba4b68d8.php,normal
0,0,0,0,0,0,0,0,0,0,0,0,0,0,11,2,0,6,0,1,2,749,5125,./Cleaned-Dataset/Normal/4f4473cef9644f3c2b2a6f9b59a07f95.php,normal
0,0,0,0,0,0,0,0,0,0,0,0,0,0,0,0,0,0,0,0,0,53,413,./Cleaned-Dataset/Normal/4f459025f15fdfcad13e3d70240587fa.php,normal
0,0,2,0,0,0,0,0,0,1,0,0,0,0,0,0,0,0,0,0,0,21,406,./Cleaned-Dataset/Normal/4f68e3bdec7aecd4f1fc173c8e940f1f.php,normal
0,0,0,0,0,0,0,0,0,0,0,0,0,0,0,0,0,0,0,0,0,54,217,./Cleaned-Dataset/Normal/4f6992c8d8ad3dd12eca4f3e2b35d714.php,normal
0,0,0,0,0,0,0,0,0,0,0,0,0,0,0,0,0,0,0,0,0,16,28,./Cleaned-Dataset/Normal/4f83b7e109230f5faabb21c3f4e61e5a.php,normal
0,0,0,0,0,0,0,0,0,0,0,0,0,0,0,0,0,0,0,0,0,7,141,./Cleaned-Dataset/Normal/4f86bff0273fba9189e71cc4ba4957be.php,normal
0,0,0,0,0,0,0,0,0,0,0,0,0,0,0,0,0,0,0,1,0,47,306,./Cleaned-Dataset/Normal/4f8f49eac3cee29a7eaa7e2ca6241cfd.php,normal
0,0,2,1,0,0,0,0,0,0,0,0,0,0,0,0,0,1,0,0,0,1645,4373,./Cleaned-Dataset/Normal/4f97376df5f198cc433c0365d20555a9.php,normal
0,0,0,0,0,0,0,0,0,0,0,0,0,0,0,0,0,0,0,0,0,63,19,./Cleaned-Dataset/Normal/4fb0fc14dbd33067cb829b3446cc0278.php,normal
0,0,0,0,0,0,0,0,0,0,0,0,0,0,0,0,0,0,0,0,0,31,177,./Cleaned-Dataset/Normal/4fb54723263c5a80b2cab9168a4011b9.php,normal
0,0,2,0,0,0,0,0,0,0,0,0,0,0,0,0,0,5,0,1,0,357,2842,./Cleaned-Dataset/Normal/4fdb0a4e9204c27c989b84b6934800c8.php,normal
0,0,0,0,0,0,0,0,0,0,0,0,0,0,0,0,0,0,0,0,0,55,638,./Cleaned-Dataset/Normal/4fe13bf1437d8b064f141cf7149baaf0.php,normal
0,0,0,0,0,0,0,0,0,0,0,0,0,0,0,0,0,0,0,0,2,6,48,./Cleaned-Dataset/Normal/4ff5c79e27cbf75a524f5eddd6cef0c2.php,normal
0,0,6,0,0,0,0,0,0,0,0,0,0,0,0,0,0,0,0,0,0,113,1470,./Cleaned-Dataset/Normal/4ff6ffd38f3d1f18471de238319aad85.php,normal
0,0,0,0,0,0,0,0,0,0,0,0,0,0,0,0,0,0,0,0,0,34,221,./Cleaned-Dataset/Normal/50042abc90c5c485ad89ccc7acd4f056.php,normal
0,0,0,0,0,0,0,0,0,0,0,0,0,0,0,0,0,0,0,0,0,94,871,./Cleaned-Dataset/Normal/500a11cc6e5839619d7f09c3b1c7ea66.php,normal
0,0,0,0,0,0,0,0,0,0,0,0,0,0,0,0,0,1,0,0,0,66,1286,./Cleaned-Dataset/Normal/50139288663763d28030fe23dc50b10f.php,normal
0,0,0,0,0,0,0,0,0,0,0,0,0,0,0,0,0,0,0,0,0,14,185,./Cleaned-Dataset/Normal/503c21cb3db02ded66e01ff8614468bc.php,normal
0,0,0,0,0,0,0,0,0,0,0,0,0,0,0,0,0,0,0,0,0,1,46,./Cleaned-Dataset/Normal/5041e2604c583fef4f5ac957156242bb.php,normal
0,0,0,0,0,0,0,0,0,0,0,0,0,0,0,0,0,0,0,0,0,58,162,./Cleaned-Dataset/Normal/508927c6cd85c53df0b1a07c9407df8b.php,normal
0,0,0,0,0,0,0,0,0,0,0,0,0,0,0,0,0,0,0,0,0,2,17,./Cleaned-Dataset/Normal/509a0a80e0299724b71f210717e369ed.php,normal
0,0,0,0,0,0,0,0,0,0,0,0,0,0,0,0,0,0,0,0,0,1,13,./Cleaned-Dataset/Normal/50a152d995e225fca6ebe40a43b2d04c.php,normal
0,0,0,0,0,0,0,0,0,0,0,0,0,0,0,0,0,0,0,0,0,15,461,./Cleaned-Dataset/Normal/50c6c2f5e94f7cc1d9be7f47554e8dd7.php,normal
0,0,0,0,0,0,0,0,0,0,0,0,0,0,0,0,0,0,0,0,0,81,374,./Cleaned-Dataset/Normal/50d2c358f1ee7a1c95dde4701cd05f7c.php,normal
0,0,0,0,0,0,0,0,0,0,0,0,0,0,0,0,0,0,0,0,0,30,45,./Cleaned-Dataset/Normal/513716c01839cd14e187066c3b191f80.php,normal
0,0,0,0,0,0,0,0,0,0,0,0,0,0,0,0,0,11,0,0,0,547,2537,./Cleaned-Dataset/Normal/514a6cc64a7f901819c2442d5c0fd452.php,normal
0,0,0,0,0,0,0,0,0,0,0,0,0,0,0,0,0,0,0,0,0,5,179,./Cleaned-Dataset/Normal/514b9c1d20e8be228ff6bd5d8496a7ec.php,normal
0,0,0,0,0,0,0,0,0,0,0,0,0,0,0,0,0,0,0,0,0,6,86,./Cleaned-Dataset/Normal/51502dd139623076dd04a21f8099a7cf.php,normal
0,0,0,0,0,0,0,0,0,0,0,0,0,0,0,0,0,0,0,0,0,366,4886,./Cleaned-Dataset/Normal/51566a5a319c72cf85bf42659a3c5f0e.php,normal
0,0,1,0,0,0,0,0,0,0,0,0,0,0,0,0,0,1,0,1,0,46,2181,./Cleaned-Dataset/Normal/519d58a90267877cde1daec7fabb9637.php,normal
0,0,0,0,0,0,0,0,0,0,0,0,0,0,0,0,0,0,0,0,0,1,12,./Cleaned-Dataset/Normal/51a48d94ddab4ff4871f89496a90cd99.php,normal
0,0,0,0,0,0,0,0,0,0,0,0,0,0,0,0,0,0,0,0,0,1,80,./Cleaned-Dataset/Normal/51a5766d2cd3cbfb5fdb67583885a033.php,normal
0,0,0,0,0,0,0,0,0,0,0,0,0,0,0,0,0,0,0,0,0,7,218,./Cleaned-Dataset/Normal/51c403849395639ae506d4ed93078c08.php,normal
0,0,0,0,0,0,0,0,0,0,0,0,0,0,0,0,0,0,0,0,0,20,171,./Cleaned-Dataset/Normal/51c61d4a009a90a1771faa6088f80a17.php,normal
0,0,1,0,0,0,0,0,0,0,0,0,0,0,0,0,0,0,0,0,0,0,5,./Cleaned-Dataset/Normal/51d720496e3d7a6d5bdc5128625bee26.php,normal
0,0,0,0,0,0,0,0,0,0,0,0,0,0,0,0,0,0,0,0,0,30,359,./Cleaned-Dataset/Normal/51db37c2a3a44ae3f0815934f94c881b.php,normal
0,0,0,0,0,0,0,0,0,0,0,0,0,0,0,0,0,0,0,0,0,9,92,./Cleaned-Dataset/Normal/51ee9a32ca372b8cbbb7cad6e05a620d.php,normal
0,0,0,0,0,0,0,0,0,0,0,0,2,0,0,0,0,0,0,0,0,7,27,./Cleaned-Dataset/Normal/51fab70811048edfcd0f34c0d4089d5f.php,normal
0,0,0,0,0,0,0,0,0,0,0,0,0,0,9,0,0,0,0,0,3,36,256,./Cleaned-Dataset/Normal/5211d58ca40810b3e24d964f2eaa3674.php,normal
0,0,0,0,0,0,0,0,0,0,0,0,0,0,0,0,0,0,0,0,0,35,136,./Cleaned-Dataset/Normal/52129a1af10bed9d8b8075c3beccebf7.php,normal
0,0,0,0,0,0,0,0,0,0,0,0,0,0,0,0,0,0,0,0,1,2,11,./Cleaned-Dataset/Normal/521cb94b9501ca24bc495a31c66925d8.php,normal
0,0,0,0,0,0,0,0,0,0,0,0,0,0,0,0,0,0,0,0,0,30,92,./Cleaned-Dataset/Normal/5228a78244c6319a4c67ed2fc7cfcd90.php,normal
0,0,0,0,0,0,0,0,0,0,0,0,0,0,0,0,0,0,0,0,0,36,83,./Cleaned-Dataset/Normal/523eb60bea260216db893c704742853b.php,normal
0,0,0,0,0,0,0,0,0,0,0,0,0,0,0,0,0,0,0,0,0,1,19,./Cleaned-Dataset/Normal/5260d531818b1aabf07f49546cdc5ac4.php,normal
0,0,1,0,0,0,0,0,0,0,0,0,1,2,2,0,1,1,0,0,2,61,162,./Cleaned-Dataset/Normal/52823591dc934bd5eea7a2868e5724e7.php,normal
0,0,0,0,0,0,0,0,0,0,0,0,0,0,0,0,0,0,0,0,0,14,55,./Cleaned-Dataset/Normal/528f80e81c6870e56ae4fad5eec422d3.php,normal
0,0,0,0,0,0,0,0,0,0,0,0,0,0,0,0,0,0,0,0,0,32,317,./Cleaned-Dataset/Normal/528fb193a0cfc94d556b9de0684c871d.php,normal
0,0,0,0,0,0,0,0,0,0,0,0,0,0,0,0,0,0,0,0,0,497,2094,./Cleaned-Dataset/Normal/5293ce1798ad10e03e5608dfec362344.php,normal
0,0,0,0,0,0,0,0,0,0,0,0,0,0,0,0,0,0,0,0,0,0,56,./Cleaned-Dataset/Normal/52b0e77b458d09214ad5d266f0a17048.php,normal
0,0,0,0,0,0,0,0,0,0,0,0,0,0,0,0,0,0,0,0,0,1,32,./Cleaned-Dataset/Normal/52b57f34a43045c000de348f325607d1.php,normal
0,0,0,0,0,0,0,0,0,0,0,0,0,0,0,0,0,0,0,0,0,112,452,./Cleaned-Dataset/Normal/52c6e7ee7899e57fc3187f7690b55ecb.php,normal
0,0,0,0,0,0,0,0,0,0,0,0,0,0,0,0,0,0,0,0,0,14,165,./Cleaned-Dataset/Normal/52e583fc4c1a475c89f5648ac08a3c9b.php,normal
0,0,0,0,0,0,0,0,0,0,0,0,0,0,0,0,0,9,0,1,0,934,8206,./Cleaned-Dataset/Normal/52ff37eecf66b8243b8dfe368aa295ce.php,normal
0,0,0,0,0,0,0,0,0,0,0,0,0,0,0,0,0,0,0,0,0,18,243,./Cleaned-Dataset/Normal/530bea4532135e4994a4b9e31d02b893.php,normal
0,0,0,0,0,0,0,0,0,0,0,0,0,0,0,0,0,0,0,0,0,92,654,./Cleaned-Dataset/Normal/531a955971b983caec0c38f45167cfdd.php,normal
0,0,0,0,0,0,0,0,0,0,0,0,0,0,0,0,0,0,0,0,0,1,106,./Cleaned-Dataset/Normal/53222ccca4032e58dbf9dbae1b007c92.php,normal
0,0,0,0,0,0,0,0,0,0,0,0,0,0,0,0,0,0,0,0,0,1,7,./Cleaned-Dataset/Normal/5356b3100577811b45a6da1c164a5331.php,normal
0,0,0,0,0,0,0,0,0,0,0,0,0,0,0,0,0,0,0,0,0,20,173,./Cleaned-Dataset/Normal/53640ae17793ebffef39334921c6e00c.php,normal
0,0,0,0,0,0,0,0,0,0,0,0,0,0,0,0,0,1,0,0,2,3,7,./Cleaned-Dataset/Normal/537827625eb0b223c61765aa6f11c297.php,normal
0,0,0,0,0,0,0,0,0,0,0,0,0,0,0,0,0,0,0,0,0,36,784,./Cleaned-Dataset/Normal/5379be78a4e446943b2190fc98bbf5b6.php,normal
0,0,0,0,0,0,0,0,0,0,0,0,0,0,0,0,0,0,0,0,0,3,69,./Cleaned-Dataset/Normal/537a2f1686251bac17b564f97061f3b2.php,normal
0,0,0,0,0,0,0,0,0,0,0,0,0,0,0,0,0,0,0,0,0,3,24,./Cleaned-Dataset/Normal/538d5e668e89fa7c84fee89387bdb986.php,normal
0,0,0,0,0,0,0,0,0,0,0,0,0,0,0,0,0,0,0,0,0,7,111,./Cleaned-Dataset/Normal/53a57e7b965a8bac98cd9f657b002f7d.php,normal
0,0,0,0,0,0,0,0,0,0,0,0,0,0,0,0,0,0,0,0,0,0,11,./Cleaned-Dataset/Normal/53a5a173efa0a26704456e4ad3625b51.php,normal
0,0,0,0,0,0,0,0,0,0,0,0,0,0,0,0,0,0,0,0,0,126,589,./Cleaned-Dataset/Normal/53d2442bd726c40fa0429500c66b0f53.php,normal
0,0,0,0,0,0,0,0,0,0,0,0,1,0,0,0,0,0,0,0,0,55,726,./Cleaned-Dataset/Normal/53d2eb5dfb48f271dc5d1ff0d667362b.php,normal
0,0,0,0,0,0,0,0,0,0,0,0,0,0,0,0,0,0,0,0,0,30,195,./Cleaned-Dataset/Normal/53dca5cb5c82873e50ffa02a465b29e2.php,normal
0,0,0,0,0,0,0,0,0,0,0,0,0,0,0,0,0,1,0,0,0,69,406,./Cleaned-Dataset/Normal/53f2199bfd0d8d7acb0d3504323184ed.php,normal
0,0,0,0,0,0,0,0,0,0,0,0,0,3,7,0,0,3,1,0,0,104,747,./Cleaned-Dataset/Normal/53f4b33609e5e958a0cf7dd94deac5e1.php,normal
0,0,0,0,0,0,0,0,0,0,0,0,0,0,0,0,0,0,0,0,0,0,19,./Cleaned-Dataset/Normal/53f83ce3e7c1f545cf7fd2b5bd162f19.php,normal
0,0,0,0,0,0,0,0,0,0,0,0,0,0,0,0,0,0,0,0,0,200,688,./Cleaned-Dataset/Normal/53fcfe44c16b69cffc2389a94a296036.php,normal
0,0,0,0,0,0,0,0,0,0,0,0,0,0,0,0,0,0,0,0,1,2,13,./Cleaned-Dataset/Normal/541242a293805952a0e22234f09d6fa9.php,normal
0,0,0,0,0,0,0,0,0,0,0,0,0,0,0,0,0,2,0,0,1,176,275,./Cleaned-Dataset/Normal/542ffde47955463ede78bfdbe0637244.php,normal
0,0,0,0,0,0,0,0,0,0,0,0,3,0,42,0,0,0,0,1,1,113,699,./Cleaned-Dataset/Normal/544210bb8c0c6298013d2bb0f6fa1571.php,normal
0,0,0,0,0,0,0,0,0,0,0,0,0,0,0,0,0,0,0,0,0,34,133,./Cleaned-Dataset/Normal/54455401fdb4384e2a8f0ee044334573.php,normal
0,0,0,0,0,0,0,0,0,0,0,0,0,0,0,0,0,0,0,0,0,1,7,./Cleaned-Dataset/Normal/545331f7a60875e7dca859e6e4c1be28.php,normal
0,0,0,0,0,0,0,0,0,0,0,0,0,0,0,0,0,1,0,0,1,11,37,./Cleaned-Dataset/Normal/5471d48093e0302086782f6bb6ca20e9.php,normal
0,0,0,0,0,0,0,0,0,0,0,0,0,0,0,0,0,0,0,1,0,2,91,./Cleaned-Dataset/Normal/54a322e229364f5d5fe4c95a51887a94.php,normal
0,0,0,0,0,0,0,0,0,0,0,0,0,0,0,0,0,0,0,0,0,23,105,./Cleaned-Dataset/Normal/54a5db9bba7fbb4c69a1db930a63d5fb.php,normal
0,0,1,0,0,0,0,0,0,0,0,0,0,0,0,0,0,0,0,0,0,205,2022,./Cleaned-Dataset/Normal/54d4d45e0bb21637b0e00c53205ff4c7.php,normal
0,0,0,0,0,0,0,0,0,0,0,0,0,0,0,0,0,0,0,0,0,17,463,./Cleaned-Dataset/Normal/54d726a2d171b655b63b25c95584294f.php,normal
0,3,0,0,0,0,0,0,0,0,0,0,0,0,2,0,0,1,0,0,0,196,828,./Cleaned-Dataset/Normal/54e41f18ef9a727f058af7dcea3f518c.php,normal
0,0,0,0,0,0,0,0,0,0,0,0,0,0,3,0,0,0,0,0,1,8,82,./Cleaned-Dataset/Normal/54e5832fa76233e8346dc05a8dcdcc2e.php,normal
0,0,0,0,0,0,0,0,0,0,0,0,0,0,0,0,0,0,0,0,0,0,43,./Cleaned-Dataset/Normal/54f12a2ffa36648831126aa7b4e3bc4f.php,normal
0,0,0,0,0,0,0,0,0,0,0,0,0,0,0,0,0,0,0,0,1,39,120,./Cleaned-Dataset/Normal/55118c601a9f19f2d9504bfdeba705bb.php,normal
0,0,0,0,0,0,0,0,0,0,0,0,0,0,0,0,0,0,0,0,0,298,2288,./Cleaned-Dataset/Normal/555daeeefd9d5b7c828663fdf2548e80.php,normal
0,0,0,0,0,0,0,0,0,0,0,0,0,0,0,0,0,0,0,0,0,33,878,./Cleaned-Dataset/Normal/555f83eb8a710abd9c12a42c68d88b97.php,normal
0,0,0,0,0,0,0,0,0,0,0,0,0,0,0,0,0,0,0,0,0,1,7,./Cleaned-Dataset/Normal/5581b739a536dfedc042f25842f0e8c3.php,normal
0,0,0,0,0,0,0,0,0,0,0,0,0,0,0,0,0,0,0,0,0,11,53,./Cleaned-Dataset/Normal/5585ec8a31129840ede60f2a2af85dcf.php,normal
0,0,0,0,0,0,0,0,0,0,0,0,0,0,0,0,0,0,0,0,0,31,219,./Cleaned-Dataset/Normal/55915fc2d53f23d41dfd8f75bd84d505.php,normal
0,0,3,2,0,0,0,0,0,0,0,0,0,0,0,0,0,2,0,2,0,169,2089,./Cleaned-Dataset/Normal/55a4f08a3770703e41dd3c09b68cf4ce.php,normal
0,0,0,0,0,0,0,0,0,0,0,0,0,0,0,0,0,1,0,0,0,16,868,./Cleaned-Dataset/Normal/55e854db13cfc7b2785045e0974322a7.php,normal
2,0,0,0,0,0,0,0,0,0,0,0,0,0,0,0,0,0,0,0,1,136,418,./Cleaned-Dataset/Normal/55f839c15967c36a1a5ebd2b05bf2d98.php,normal
0,0,0,0,0,0,0,0,0,0,0,0,0,6,0,3,0,8,0,0,0,660,4591,./Cleaned-Dataset/Normal/560fb7842b1b776f3be23f8786d1c699.php,normal
0,0,0,0,0,0,0,0,0,0,0,0,0,1,0,0,0,0,0,0,0,390,962,./Cleaned-Dataset/Normal/561a38ef3f6446c8ee07c76279452f8a.php,normal
0,0,0,0,0,0,0,0,0,0,0,0,0,0,0,0,0,0,0,0,1,131,373,./Cleaned-Dataset/Normal/56387285fd885f4f3de254df48084242.php,normal
0,0,0,0,0,0,0,0,0,0,0,0,0,0,0,0,0,0,0,0,0,12,71,./Cleaned-Dataset/Normal/563afae620f4058fc0ab225732654920.php,normal
0,0,0,0,0,0,0,0,0,0,0,0,0,0,0,0,0,0,0,0,0,1,24,./Cleaned-Dataset/Normal/56b23ff430cc88b2e243ed0c0a182ade.php,normal
0,0,0,0,0,0,0,0,0,0,0,0,0,0,0,0,0,4,0,0,0,875,3418,./Cleaned-Dataset/Normal/56b7d29aff2a824bcc0e13c6795da22f.php,normal
0,0,0,0,0,0,0,0,0,0,0,0,0,0,0,0,0,0,0,0,0,216,1954,./Cleaned-Dataset/Normal/56e75e65957bfef291d506cb62b4f186.php,normal
0,0,0,0,0,0,0,0,0,0,0,0,0,0,0,0,0,0,0,0,0,12,39,./Cleaned-Dataset/Normal/56e76553405627fe915149334a74b0f5.php,normal
0,0,0,0,0,0,0,0,0,0,0,0,0,0,0,0,0,0,0,0,0,84,291,./Cleaned-Dataset/Normal/570dff5a6ed96b0241d900fe5bd5fb5d.php,normal
0,0,0,0,0,0,0,0,0,0,0,0,0,0,0,0,0,0,0,0,0,8,65,./Cleaned-Dataset/Normal/572c105a65d7d2a13250d3d057a01add.php,normal
0,0,0,0,0,0,0,0,0,0,0,0,0,0,0,0,0,0,0,0,0,1,71,./Cleaned-Dataset/Normal/5749a773f0454a0c4d228e6bff74523d.php,normal
0,0,0,0,0,0,0,0,0,0,0,0,0,0,0,0,0,0,0,0,0,7,56,./Cleaned-Dataset/Normal/576fb10261e1a57b74f0702e38ed65db.php,normal
0,0,0,0,0,0,0,0,0,0,0,0,0,0,0,0,0,0,0,0,0,7,61,./Cleaned-Dataset/Normal/5776db0ed018066839ea4690b301ab0c.php,normal
0,0,0,0,0,0,0,0,0,0,0,0,0,0,0,0,0,0,0,0,0,115,212,./Cleaned-Dataset/Normal/578956727e0a7574cecd17b4f9cf838e.php,normal
0,0,0,5,0,0,0,0,0,0,0,0,0,0,0,0,0,0,0,1,0,428,3189,./Cleaned-Dataset/Normal/579c7b1f629c91d838f25148607d31ec.php,normal
0,0,8,0,0,0,0,0,0,0,0,0,0,0,0,0,0,0,0,0,0,6,504,./Cleaned-Dataset/Normal/57b5c424435215df2b7fb2377e30602f.php,normal
0,0,0,0,0,0,0,0,0,0,0,0,2,0,12,0,0,0,0,0,0,318,1240,./Cleaned-Dataset/Normal/57c0a51dd69f10489a6890e27a2208ec.php,normal
0,0,0,0,0,0,0,0,0,0,0,0,0,0,18,0,0,3,0,0,1,60,322,./Cleaned-Dataset/Normal/57ccd16ed60947525ec6070cc632750a.php,normal
0,0,0,0,0,0,0,0,0,0,0,0,0,0,0,0,0,0,0,0,0,95,488,./Cleaned-Dataset/Normal/57d2e73a4b2c61346191129c563bf515.php,normal
0,0,0,0,0,0,0,0,0,0,0,0,0,0,0,0,0,0,0,0,0,1,21,./Cleaned-Dataset/Normal/57da8371ad50eeb39d2b5ca5209549bf.php,normal
0,0,1,0,0,0,0,0,0,0,0,0,0,0,0,0,0,0,0,0,0,74,293,./Cleaned-Dataset/Normal/57e45c8db23bbb45ca857ef9b7959912.php,normal
0,0,0,0,0,0,0,0,0,0,0,0,0,0,0,0,0,0,0,0,0,918,2138,./Cleaned-Dataset/Normal/57e9415fe6b9aeb6634d54d3c11fdf59.php,normal
0,0,0,0,0,0,0,0,0,0,0,0,0,0,0,0,0,0,0,0,0,1,41,./Cleaned-Dataset/Normal/57e944a8cf1d537e61c6e486d4574e83.php,normal
0,0,0,0,0,0,0,0,0,0,0,0,0,0,0,0,0,0,0,0,0,262,1722,./Cleaned-Dataset/Normal/5802d284d3ab38289b8f8b3c81e11381.php,normal
0,0,0,0,0,0,0,0,0,0,0,0,0,0,0,0,0,0,0,0,0,14,206,./Cleaned-Dataset/Normal/5811e64e8e38f4f4b0d8ae50faa8cea0.php,normal
0,0,0,0,0,0,0,0,0,0,0,0,0,0,3,0,0,0,0,0,0,58,172,./Cleaned-Dataset/Normal/5820e30d948e61bda8dabc0905b6f016.php,normal
0,0,0,0,0,0,0,0,0,0,0,0,0,0,0,0,0,0,0,0,0,3,138,./Cleaned-Dataset/Normal/58351aaffa2a88b119500db3c4601553.php,normal
0,0,0,0,0,0,0,0,0,0,0,0,0,0,0,0,0,0,0,0,0,16,34,./Cleaned-Dataset/Normal/58445af462723871a34138a7df01ca90.php,normal
0,0,0,0,0,0,0,0,0,0,0,0,0,0,0,0,0,0,0,0,0,53,159,./Cleaned-Dataset/Normal/586948f7f0895ebed436d3574d742141.php,normal
0,0,0,0,0,0,0,0,0,0,0,0,0,0,0,0,0,0,0,0,0,2,89,./Cleaned-Dataset/Normal/586f7a351cbd947d8632bcd553c337a5.php,normal
0,0,0,0,0,0,0,0,0,0,0,0,0,0,0,0,0,0,0,0,0,1,21,./Cleaned-Dataset/Normal/58817a998c829f65c96edc9c1a419328.php,normal
0,0,0,0,0,0,0,0,0,0,0,0,0,0,0,0,0,0,0,0,0,42,168,./Cleaned-Dataset/Normal/58a6982ff17182718867f03a54f80281.php,normal
0,0,0,0,0,0,0,0,0,0,0,0,0,0,0,0,0,0,0,0,0,489,439,./Cleaned-Dataset/Normal/591f44fbaa05cb687838f364241d211c.php,normal
0,0,0,0,0,0,0,0,0,0,0,0,0,0,5,0,0,0,0,0,0,149,926,./Cleaned-Dataset/Normal/592ce2b0ca11ca25c25a1783589e422e.php,normal
0,0,0,0,0,0,0,0,0,0,0,0,0,0,26,0,0,0,0,1,2,115,763,./Cleaned-Dataset/Normal/595a4f51862c16ceb151e3c28518f8ee.php,normal
0,0,1,0,0,0,0,0,0,0,0,0,0,0,0,0,0,0,0,0,0,4,84,./Cleaned-Dataset/Normal/596de38397503ceeabc9e89eeebe6661.php,normal
0,0,0,0,0,0,0,0,0,0,0,0,0,0,0,0,0,0,0,0,0,24,124,./Cleaned-Dataset/Normal/5994f7f66a0d7b2a2b28808bbfcf7b73.php,normal
0,0,3,0,0,0,0,0,0,0,0,0,0,7,15,0,0,1,1,0,0,493,2288,./Cleaned-Dataset/Normal/59a5cb689014d563a09a0d419c185bd2.php,normal
0,0,0,0,0,0,0,0,0,0,0,0,2,0,0,0,0,1,0,0,1,33,133,./Cleaned-Dataset/Normal/59ca1d916b8cb5238d67e8b021b1b74a.php,normal
0,0,0,0,0,0,0,0,0,0,0,0,0,0,22,0,0,0,1,1,2,172,1288,./Cleaned-Dataset/Normal/59e31ec08596da1aa74fb2ccc5b7fa52.php,normal
0,0,0,0,0,0,0,0,0,0,0,0,0,0,0,0,0,0,0,0,0,1,7,./Cleaned-Dataset/Normal/59ea77d802f51b5fe32b53a8554907e0.php,normal
0,0,0,0,0,0,0,0,0,0,0,0,0,0,9,0,0,0,0,0,1,27,168,./Cleaned-Dataset/Normal/59fb1524907e6df581fb48a245696c78.php,normal
0,0,0,0,0,0,0,0,0,0,0,0,0,0,0,0,0,0,0,0,0,5,92,./Cleaned-Dataset/Normal/5a05241999c8a34570d68a55a33a4b00.php,normal
0,0,0,0,0,0,0,0,0,0,0,0,0,0,0,0,0,0,0,0,0,7,51,./Cleaned-Dataset/Normal/5a148b0d449b299cb921d97c6a891b68.php,normal
0,0,0,0,0,0,0,0,0,0,0,0,0,0,0,0,0,0,0,0,0,0,20,./Cleaned-Dataset/Normal/5a1aa38e9c02e86609448043a220e844.php,normal
0,0,0,0,0,0,0,0,0,0,0,0,0,0,0,0,0,0,0,0,0,25,497,./Cleaned-Dataset/Normal/5a290efbc40891c95f6825f1ae72ccca.php,normal
0,0,0,0,0,0,0,0,0,0,0,0,0,0,0,0,0,0,0,0,0,6,72,./Cleaned-Dataset/Normal/5a38eaeacb15308377066fd28220f9bf.php,normal
0,0,0,0,0,0,0,0,0,0,0,0,0,0,0,0,0,0,0,0,0,82,524,./Cleaned-Dataset/Normal/5a4c506ec08760a87681450196ccf073.php,normal
0,0,1,0,0,0,0,0,0,0,0,0,0,0,0,0,0,0,0,0,0,25,137,./Cleaned-Dataset/Normal/5a5bcf32cea8bd067b294c729006c591.php,normal
0,0,0,0,0,0,0,0,0,0,0,0,0,0,2,0,0,0,0,1,1,11,63,./Cleaned-Dataset/Normal/5a8c773a87b7d2d13f43e3a5c96c7b21.php,normal
0,0,0,0,0,0,0,0,0,0,0,0,0,0,0,0,0,0,0,0,0,30,291,./Cleaned-Dataset/Normal/5a9f75f2c07fb91d0ca878271c8f332d.php,normal
0,0,0,0,0,0,0,0,0,0,0,0,0,0,0,0,0,1,0,0,0,368,1268,./Cleaned-Dataset/Normal/5aa074c2cfd998a81765b4e00d481387.php,normal
0,0,0,0,0,0,0,0,0,0,0,0,0,0,0,0,0,0,0,0,0,4,65,./Cleaned-Dataset/Normal/5ae0399651c4cbdb90b57e694113c01f.php,normal
0,0,0,0,0,0,0,0,0,0,0,0,0,0,0,0,0,8,0,0,0,338,1060,./Cleaned-Dataset/Normal/5aea964bfd6ab5b2bb8c529497c6212e.php,normal
0,0,0,0,0,0,0,0,0,0,0,0,0,0,0,0,0,0,0,0,0,2,17,./Cleaned-Dataset/Normal/5af6283a892bc54ef3f7ba6c344090af.php,normal
0,0,0,0,0,0,0,0,0,0,0,0,0,0,0,0,0,0,0,0,0,15,189,./Cleaned-Dataset/Normal/5b06e61ca13fd40e8bf51ba337746540.php,normal
0,0,0,0,0,0,0,0,0,0,0,0,0,0,0,0,0,0,0,0,0,1,6,./Cleaned-Dataset/Normal/5b201ca7006f79b0c7178f11d8302faa.php,normal
0,0,0,0,0,0,0,0,0,0,0,0,0,0,0,0,0,0,0,0,0,170,1630,./Cleaned-Dataset/Normal/5b5e2c6e2b84c1afc5075b8f577d71ba.php,normal
0,0,0,0,0,0,0,0,0,0,0,0,0,0,0,0,0,0,0,0,0,40,433,./Cleaned-Dataset/Normal/5b62d9719049e53e7f8ac47468489216.php,normal
0,0,0,0,0,0,0,0,1,0,0,0,0,0,26,0,0,1,0,0,1,458,3726,./Cleaned-Dataset/Normal/5b86dea28a61f568cb47be89f85bbcd9.php,normal
0,0,0,0,0,0,0,0,0,0,0,0,1,5,0,0,0,0,0,1,0,1397,9247,./Cleaned-Dataset/Normal/5bab09dd89e487674869ef87afe376fc.php,normal
0,0,0,0,0,0,0,0,0,0,0,0,2,0,0,0,0,0,0,0,0,22,84,./Cleaned-Dataset/Normal/5bb80725ac6f553427b425e43592d255.php,normal
0,0,0,0,0,0,0,0,0,0,0,0,0,0,0,0,0,0,0,0,0,8,73,./Cleaned-Dataset/Normal/5bb9f705d16829c26cc4c06d3f84b61c.php,normal
0,0,0,0,0,0,0,0,0,0,0,0,0,0,0,0,0,0,0,0,0,43,524,./Cleaned-Dataset/Normal/5bc14bdf82ebccd7a89403d6463dbbf9.php,normal
0,0,0,0,0,0,0,0,0,0,0,0,0,0,0,0,0,0,0,0,1,19,60,./Cleaned-Dataset/Normal/5bfd4537a9e2e531fc4d0f525c933925.php,normal
0,0,0,0,0,0,0,0,0,0,0,0,0,0,0,0,0,2,0,0,1,303,532,./Cleaned-Dataset/Normal/5c309851b417334b7aee76604fc724f7.php,normal
0,0,0,0,0,0,0,0,0,0,0,0,0,0,0,0,0,0,0,0,0,206,385,./Cleaned-Dataset/Normal/5c342e2c7efe83c8273405f8df45980b.php,normal
0,0,0,2,0,0,0,0,0,0,0,0,0,0,0,0,0,0,0,0,0,147,1031,./Cleaned-Dataset/Normal/5c3c298e117a38dc1657a749893f838d.php,normal
0,0,0,0,0,0,0,0,0,0,0,0,0,0,0,0,0,0,0,0,0,8,109,./Cleaned-Dataset/Normal/5c6087cd2abb36111d3cf3ec338c1453.php,normal
0,0,0,0,0,0,0,0,0,0,0,0,0,0,0,0,0,0,0,0,0,423,912,./Cleaned-Dataset/Normal/5c82554f3936782270ecc966dbaa8fb2.php,normal
0,0,0,0,0,0,0,0,0,0,0,0,0,0,0,0,0,0,0,0,0,1,6,./Cleaned-Dataset/Normal/5c87758e72652d548bbdd11f20571b02.php,normal
0,0,0,0,0,0,0,0,0,0,0,0,0,2,0,5,0,0,0,0,0,6,159,./Cleaned-Dataset/Normal/5c966710aa1d61661b52ffd328de46ae.php,normal
0,0,0,0,0,0,0,0,0,0,0,0,0,0,0,0,0,0,0,0,0,1508,4328,./Cleaned-Dataset/Normal/5cdeabd6efe8ad1bbee6c5f54d227d20.php,normal
0,0,0,0,0,0,0,0,0,0,0,0,2,0,0,0,0,1,0,0,0,1051,2141,./Cleaned-Dataset/Normal/5ce15e38fd93c5b2489f503006b63c72.php,normal
0,0,0,0,0,0,0,0,0,0,0,0,0,0,0,0,0,0,0,0,1,2,11,./Cleaned-Dataset/Normal/5d186224ebf4ddd0f1719c9ef4b80468.php,normal
0,0,0,0,0,0,0,0,0,0,0,0,0,0,0,0,0,0,0,0,0,110,977,./Cleaned-Dataset/Normal/5d295d4339f9047138bc830d804356cd.php,normal
0,0,0,0,0,0,0,0,0,0,0,0,0,0,0,0,0,0,0,0,0,185,640,./Cleaned-Dataset/Normal/5d68e39536dde79e1f35171a04595f1d.php,normal
0,0,0,0,0,0,0,0,0,0,0,0,0,0,0,0,0,0,0,0,0,53,299,./Cleaned-Dataset/Normal/5d7047192ee98d084d75bbc63f1b3426.php,normal
0,0,0,0,0,0,0,0,0,0,0,0,0,0,0,0,0,0,0,0,0,0,12,./Cleaned-Dataset/Normal/5d705d648d2c5b9adb80fdd453d6956b.php,normal
0,0,0,0,0,0,0,0,0,0,0,0,0,0,0,0,0,2,0,0,0,151,851,./Cleaned-Dataset/Normal/5d82bed88689523ee4e74dd14daa25c6.php,normal
0,0,0,0,0,0,0,0,0,0,0,0,0,0,0,0,0,0,0,0,0,0,44,./Cleaned-Dataset/Normal/5d9349e62508eb20ad84e2a17fb9c03a.php,normal
0,0,0,0,0,0,0,0,0,0,0,0,0,0,0,0,0,0,0,0,0,9,305,./Cleaned-Dataset/Normal/5dd4e7bf214c028565017f4e22d236ed.php,normal
0,0,0,0,0,0,0,0,0,0,0,0,0,0,0,0,0,0,0,0,0,96,470,./Cleaned-Dataset/Normal/5dd6fe472d66b96a58523bde1225876e.php,normal
0,0,0,0,0,0,0,0,0,0,0,0,0,0,0,0,0,0,0,0,0,8,38,./Cleaned-Dataset/Normal/5df7d2851b24a668fcd221e0208f603f.php,normal
0,0,0,0,0,0,0,0,0,0,0,0,0,0,0,0,0,0,0,0,0,56,144,./Cleaned-Dataset/Normal/5e0a4b7f01d4cbf86b9dd3dc280249b1.php,normal
0,0,0,0,0,0,0,0,0,0,0,0,0,0,0,0,0,0,0,1,1,2,8,./Cleaned-Dataset/Normal/5e1829bf1794ce06c5ad77b7e2d17142.php,normal
0,0,0,0,0,0,0,0,1,0,0,0,0,0,0,0,0,0,0,0,0,86,560,./Cleaned-Dataset/Normal/5e1f196d68dd1d7e21661a5fa5774607.php,normal
0,0,0,0,0,0,0,0,0,0,0,0,0,0,0,0,0,0,0,0,0,32,1717,./Cleaned-Dataset/Normal/5e1ffb7a54bb165a807ca2d2c1e61160.php,normal
0,0,0,0,0,0,0,0,0,0,0,0,0,0,0,0,0,0,0,0,0,8,54,./Cleaned-Dataset/Normal/5e245d30c545f3675b8c4e2bcad138f2.php,normal
0,0,0,0,0,0,0,0,0,0,0,0,0,0,0,0,0,0,0,0,0,3,147,./Cleaned-Dataset/Normal/5e37fbfb56003e3ef1b3c3cdd358e6ae.php,normal
0,0,0,0,0,0,0,0,0,0,0,0,0,0,2,0,0,0,0,0,0,49,285,./Cleaned-Dataset/Normal/5e46308ff085b1801d08caae786fb19d.php,normal
0,0,0,0,0,0,0,0,0,0,0,0,0,0,0,0,0,22,0,0,0,399,1854,./Cleaned-Dataset/Normal/5e4ad02b468a81994664947a14536fb3.php,normal
0,0,0,0,0,0,0,0,0,0,0,0,0,0,0,0,0,0,0,0,0,33,63,./Cleaned-Dataset/Normal/5e4f96ee14834039827eb0fdb856c759.php,normal
0,0,0,0,0,0,0,0,0,0,0,0,0,0,0,0,0,0,0,0,0,0,38,./Cleaned-Dataset/Normal/5e57d25eeb561769f69faaa8e707bdf7.php,normal
0,0,4,0,0,0,0,0,0,0,0,0,0,2,15,0,0,4,0,0,0,727,5362,./Cleaned-Dataset/Normal/5e5e55212c1fb10d524315c15af640d5.php,normal
0,0,0,0,0,0,0,0,0,0,0,0,0,0,0,0,0,0,0,0,0,93,344,./Cleaned-Dataset/Normal/5e6ef0234ccbf2edecf3364736e80fa5.php,normal
0,0,0,0,0,0,0,0,0,0,0,0,0,0,0,0,0,0,0,0,0,0,68,./Cleaned-Dataset/Normal/5e8b19c475e420bab0402d54fdbae975.php,normal
0,0,0,0,0,0,0,0,0,0,0,0,0,0,0,0,0,0,0,0,0,7,314,./Cleaned-Dataset/Normal/5e92870489360690c5326ea34b870080.php,normal
0,0,1,0,0,0,0,0,0,0,0,0,4,2,11,0,0,0,0,0,0,332,1899,./Cleaned-Dataset/Normal/5eeed0204256ac6700482f177bf914d4.php,normal
0,0,0,0,0,0,0,0,0,0,0,0,0,0,0,0,0,6,0,0,0,521,2444,./Cleaned-Dataset/Normal/5f720f0567bc32d8b0a74ee69dab7da1.php,normal
0,0,0,0,0,0,0,0,0,0,0,0,0,0,0,0,0,0,0,0,0,2,143,./Cleaned-Dataset/Normal/5f7cebe77577a1554748d5baaf66f52d.php,normal
0,0,0,0,0,0,0,0,0,0,0,0,0,0,0,0,0,0,0,0,0,150,834,./Cleaned-Dataset/Normal/5f91845a5470b73172bae6ae2fd02f02.php,normal
0,0,0,0,0,0,0,0,0,0,0,0,0,0,0,0,0,0,0,0,0,19,553,./Cleaned-Dataset/Normal/5fa1179a4a6cb3ef5fec88dacc6e8bec.php,normal
0,0,0,0,0,0,0,0,0,0,0,0,0,0,0,0,0,0,0,0,0,1,5,./Cleaned-Dataset/Normal/5fac3f3e6e59e2ba781546e0e287f1ae.php,normal
0,0,0,0,0,0,0,0,0,0,0,0,3,0,0,0,0,0,0,0,1,23,109,./Cleaned-Dataset/Normal/5fbef0196d5003b3b50c1914a90164c7.php,normal
0,0,0,0,0,0,0,0,0,0,0,0,0,0,0,0,0,0,0,0,0,3,107,./Cleaned-Dataset/Normal/5fbf61c85c37fea47e069054a7e2348a.php,normal
0,0,0,0,0,0,0,0,0,0,0,0,0,0,0,0,0,0,0,0,0,25,161,./Cleaned-Dataset/Normal/5fc89221a5f3a39aa5ac0df6991c46a4.php,normal
0,0,0,0,0,0,0,0,0,0,0,0,0,0,0,0,0,0,0,0,0,25,127,./Cleaned-Dataset/Normal/5ffefc9fda381d158d6f48697b81618b.php,normal
0,0,0,0,0,0,0,0,0,0,0,0,0,0,0,0,0,0,0,0,0,122,321,./Cleaned-Dataset/Normal/600bb1b58621dd0dfba91e2ca5a877fc.php,normal
0,0,0,0,0,0,0,0,0,0,0,0,0,0,0,0,0,0,0,0,0,1,42,./Cleaned-Dataset/Normal/6020088d87fcc796f7515afae81d17e8.php,normal
0,0,1,0,0,0,0,0,0,0,0,0,0,0,0,0,0,0,0,0,0,2,23,./Cleaned-Dataset/Normal/602c20aacb6ff929c61a540d6dc508b2.php,normal
0,0,0,0,0,0,0,0,0,0,0,0,1,0,0,0,0,0,0,0,0,79,721,./Cleaned-Dataset/Normal/6040a528cf5328ea0f8d1c24b432b341.php,normal
0,0,0,0,0,0,0,0,0,0,0,0,0,0,102,0,0,6,3,0,1,696,3743,./Cleaned-Dataset/Normal/6099c7ee8ace0cd5f0c004c3af121038.php,normal
0,0,0,0,0,0,0,0,0,0,0,0,0,19,3,0,0,0,0,0,0,196,722,./Cleaned-Dataset/Normal/60a62535e6e37d142759b3e769052447.php,normal
0,0,0,0,0,0,0,0,0,0,0,0,0,0,0,0,0,0,0,0,0,23,411,./Cleaned-Dataset/Normal/60b44a363a9dfd330dddcbbe1a1068e2.php,normal
0,0,0,0,0,0,0,0,0,0,0,0,0,0,0,0,0,0,0,0,0,0,49,./Cleaned-Dataset/Normal/60db629ef84fa981f554594a7ab80696.php,normal
0,0,0,0,0,0,0,0,0,0,0,0,0,0,0,0,0,0,0,0,0,55,46,./Cleaned-Dataset/Normal/60ec01c5f20430b4b5dd6782e9e28357.php,normal
0,0,0,0,0,0,0,0,0,0,0,0,0,0,0,0,0,0,0,0,0,15,54,./Cleaned-Dataset/Normal/610b6b0b80c77e78a63d1d123f9c7f79.php,normal
0,0,0,0,0,0,0,0,0,0,0,0,0,0,0,0,0,2,0,0,0,97,1067,./Cleaned-Dataset/Normal/610eb143f6569a4148facc611319501d.php,normal
0,0,0,0,0,0,0,0,0,0,0,0,0,0,0,0,0,0,0,0,0,6,239,./Cleaned-Dataset/Normal/61127ae3561867572fac1381f69df288.php,normal
0,0,0,0,0,0,0,0,0,0,0,0,0,0,0,0,0,0,0,0,0,14,58,./Cleaned-Dataset/Normal/61264af0d03b4380dedae070b1897f72.php,normal
0,0,0,0,0,0,0,0,0,0,0,0,14,250,45,0,6,4,9,3,6,1635,10480,./Cleaned-Dataset/Normal/61406ba1771ca697c1d634965990139e.php,normal
0,0,0,0,0,0,0,0,0,0,0,0,0,0,0,0,0,0,0,0,0,2,8,./Cleaned-Dataset/Normal/6147464a2cd11a9b32189c718f3e1fa5.php,normal
0,0,0,0,0,0,0,0,0,0,0,0,0,0,0,0,0,0,0,0,0,0,133,./Cleaned-Dataset/Normal/6171267baf6cf2754a350ce576c166f4.php,normal
0,0,0,0,0,0,0,0,0,0,0,0,0,0,2,0,0,0,0,0,0,302,2489,./Cleaned-Dataset/Normal/617832e2ff1667b0eb8a1c15d5c04988.php,normal
0,0,0,0,0,0,0,0,0,0,0,0,0,0,0,0,0,0,0,0,0,80,298,./Cleaned-Dataset/Normal/61c5d8cb2a26f28105c3e4326e523b23.php,normal
0,0,0,0,0,0,0,0,0,0,0,0,0,0,0,0,0,0,0,0,0,75,873,./Cleaned-Dataset/Normal/61ca3a22d1e8ca229ad4daa28b7248d9.php,normal
0,0,0,0,0,0,0,0,0,0,0,0,0,0,0,0,0,0,0,0,0,13,24,./Cleaned-Dataset/Normal/61ee5532ec6bd8fb5f60d6e8904b4afd.php,normal
0,0,0,0,0,0,0,0,0,0,0,0,0,0,0,0,0,0,0,0,1,466,3432,./Cleaned-Dataset/Normal/62116a6ff94332dc137317a52c4a2a7f.php,normal
0,0,0,0,0,0,0,0,0,0,0,0,0,0,0,0,0,0,0,0,0,35,202,./Cleaned-Dataset/Normal/6214f5fc0e314c923a0dce5dcb836f8c.php,normal
0,0,0,0,0,0,0,0,0,0,0,0,4,2,0,0,0,0,0,0,0,228,1631,./Cleaned-Dataset/Normal/6247fcb6e1ff8a1f083c7e438426d8c9.php,normal
0,0,0,0,0,0,0,0,0,0,0,0,0,0,0,0,0,1,0,0,0,34,66,./Cleaned-Dataset/Normal/629d109aecc7a42e7c18c505b11e5d0e.php,normal
0,0,0,0,0,0,0,0,0,0,0,0,0,0,0,0,0,0,0,0,0,146,1230,./Cleaned-Dataset/Normal/62a58069478f83d8b767ae9724874da2.php,normal
0,0,0,0,0,0,0,0,0,0,0,0,0,0,0,0,0,0,0,0,0,1,21,./Cleaned-Dataset/Normal/62b740b16331a08f2ca2a368b1aa93c0.php,normal
0,0,0,0,0,0,0,0,0,0,0,0,0,0,0,0,0,0,0,0,0,32,194,./Cleaned-Dataset/Normal/62c732bf3fd92c90aa0e78dbae0d68a2.php,normal
0,0,1,0,0,0,0,0,0,0,0,0,0,0,0,0,0,0,0,0,0,26,188,./Cleaned-Dataset/Normal/62de2ee25f3722c9a68ebaed1831ec0e.php,normal
0,0,0,0,0,0,0,0,0,0,0,0,0,0,0,0,0,0,0,0,0,214,827,./Cleaned-Dataset/Normal/62f07821cb5efdcfd3390e4665483986.php,normal
0,0,0,0,0,0,0,0,0,0,0,0,0,0,0,0,0,0,0,0,0,89,370,./Cleaned-Dataset/Normal/630168ae56d0eece432f3dfe9e1eae3b.php,normal
0,0,0,0,0,0,0,0,0,0,0,0,0,0,0,0,0,0,0,0,0,32,319,./Cleaned-Dataset/Normal/630e54aad6efe6df85e13799ec99615f.php,normal
0,0,0,0,0,0,0,0,0,0,0,0,0,1,44,0,0,2,1,1,1,168,1261,./Cleaned-Dataset/Normal/631863991125415caccac033c090bf8c.php,normal
0,0,0,0,0,0,0,0,0,0,0,0,0,0,0,0,0,0,0,1,0,1,15,./Cleaned-Dataset/Normal/632965db433f56753df2f9309b6db4e5.php,normal
0,0,0,0,0,0,0,0,0,0,0,0,0,0,0,0,0,0,0,0,0,0,19,./Cleaned-Dataset/Normal/634c8df7c8cd1e501db41b894c14086a.php,normal
0,0,0,0,0,0,0,0,0,0,0,0,0,0,0,0,0,1,0,0,0,12,133,./Cleaned-Dataset/Normal/634ffd7c1c6c831c7c046ec9ad30b8d6.php,normal
0,0,0,0,0,0,0,0,0,0,0,0,0,0,0,0,0,0,0,0,0,13,50,./Cleaned-Dataset/Normal/636b27abbce6fa4f6a3e61a4031eaf8c.php,normal
0,0,0,0,0,0,0,0,0,0,0,0,0,0,0,0,0,0,0,0,2,44,659,./Cleaned-Dataset/Normal/6396d56d34bca4c58bb574b81db638d3.php,normal
0,0,0,0,0,0,0,0,0,0,0,0,1,0,0,0,0,1,0,0,0,231,387,./Cleaned-Dataset/Normal/63a1e635f4d776d06f4cada8d1f567ee.php,normal
0,0,0,0,0,0,0,0,0,0,0,0,0,0,0,0,0,0,0,0,0,12,65,./Cleaned-Dataset/Normal/63a3ec4269a5155f586352c1fce5f6f6.php,normal
0,0,5,0,0,0,0,0,0,0,0,0,0,0,0,0,0,0,0,0,1,1027,2916,./Cleaned-Dataset/Normal/63a7d65979f3ca07ffe2ffbbb7153628.php,normal
0,0,0,0,0,0,0,1,0,0,0,0,0,0,0,0,0,0,0,0,0,37,269,./Cleaned-Dataset/Normal/63e90defbfed542d1b7b86c6f7262d10.php,normal
0,0,0,0,0,0,0,0,0,0,0,0,0,0,0,0,0,0,0,0,0,57,37,./Cleaned-Dataset/Normal/642f2857c887617d0a3c993719258417.php,normal
0,0,0,0,0,0,0,0,0,0,0,0,0,0,0,0,0,0,0,0,0,70,285,./Cleaned-Dataset/Normal/6432889b97968ed5b07d404ca2ecca51.php,normal
0,0,0,0,0,0,0,0,0,0,0,0,0,0,0,0,0,0,0,0,0,8,47,./Cleaned-Dataset/Normal/643fd17a451ac4e0015f7c864f9fe4b7.php,normal
0,0,0,0,0,0,0,0,0,0,0,0,0,0,8,0,0,0,0,0,0,65,300,./Cleaned-Dataset/Normal/64409d7c8b65ebf43bdf737af6534b4f.php,normal
0,0,0,0,0,0,0,0,0,0,0,0,0,0,0,0,0,0,0,0,0,1,7,./Cleaned-Dataset/Normal/6446dbe67982cdcc4ce3c0a46d6dc22e.php,normal
0,0,0,0,0,0,0,0,0,0,0,0,0,0,45,0,0,1,0,0,0,318,1324,./Cleaned-Dataset/Normal/64476fd2e57e6e3ad3832a5a37418b62.php,normal
0,0,0,0,0,0,0,0,0,0,0,0,0,0,0,0,0,0,0,0,0,61,614,./Cleaned-Dataset/Normal/645c92d0ba3fede456b873b6cab0dffb.php,normal
0,0,0,0,0,0,0,0,0,0,0,0,0,0,0,0,0,0,0,0,0,268,967,./Cleaned-Dataset/Normal/646dd0ec7b3996aebbff8dce2a6ce10d.php,normal
0,0,0,0,0,0,0,0,0,0,0,0,0,0,0,0,0,0,0,0,0,17,71,./Cleaned-Dataset/Normal/64782a1f5da32b9802c8a2b942a2ec9c.php,normal
0,0,0,0,0,0,0,0,0,0,0,0,0,0,0,0,0,0,0,0,0,19,464,./Cleaned-Dataset/Normal/649411800ddf8cc1062d5c5aa7095394.php,normal
0,0,0,0,0,0,0,0,0,0,0,0,0,0,0,0,0,0,0,0,0,2,17,./Cleaned-Dataset/Normal/64aaf8ccf67a31beeea1830696447ce4.php,normal
0,0,0,0,0,0,0,0,0,0,0,0,0,0,0,0,0,14,0,0,0,237,455,./Cleaned-Dataset/Normal/64b78b63ae81689d966376adaecdf9a4.php,normal
0,0,0,0,0,0,0,0,0,0,0,0,0,0,0,0,0,0,0,0,0,3,30,./Cleaned-Dataset/Normal/64b9d646b67ebb2c7d5500a21bee25bd.php,normal
0,0,0,0,0,0,0,0,0,0,0,0,0,3,0,0,0,0,0,0,0,314,1597,./Cleaned-Dataset/Normal/64bef958ec469145e53e57a90a077a93.php,normal
0,0,0,0,0,0,0,0,0,0,0,0,0,0,0,0,0,0,0,0,0,1,6,./Cleaned-Dataset/Normal/64cdf7ccc00b0f3217cede3170b92290.php,normal
0,0,0,0,0,0,0,0,0,0,0,0,0,0,0,0,0,0,0,1,0,53,349,./Cleaned-Dataset/Normal/64dc1ad407e41bccbb5552051c4925f5.php,normal
0,0,0,0,0,0,0,0,0,0,0,0,0,0,6,3,0,0,0,0,0,120,405,./Cleaned-Dataset/Normal/64de237c34bf2cd72161f4d3859c9e9a.php,normal
0,0,0,0,0,0,0,0,0,0,0,0,0,0,0,0,0,1,0,0,2,24,56,./Cleaned-Dataset/Normal/64e6cda590bd1782b6bbc2e63d574138.php,normal
0,0,0,0,0,0,0,0,0,0,0,0,0,0,0,0,0,0,0,0,0,1,12,./Cleaned-Dataset/Normal/64e90e1e849465977267ac9b07cc88ba.php,normal
0,0,0,0,0,0,0,0,0,0,0,0,0,0,0,0,0,0,0,0,0,1,6,./Cleaned-Dataset/Normal/64fb6273ad28274fa5b497a2368685ab.php,normal
1,0,0,0,0,0,0,0,0,0,0,0,0,0,0,0,0,1,0,1,0,55,1088,./Cleaned-Dataset/Normal/65264c5c2c026602f6f4c5fc6e8fe07d.php,normal
0,0,0,0,0,0,0,0,0,0,0,0,0,0,0,0,0,0,0,1,1,2,8,./Cleaned-Dataset/Normal/658cf64b77d435555ae217a5bbb1536a.php,normal
0,0,0,0,0,0,0,0,0,0,0,0,0,0,0,0,0,1,0,0,2,72,192,./Cleaned-Dataset/Normal/65bb11848721356d6f6479fc759b60d6.php,normal
0,0,0,0,0,0,0,0,0,0,0,0,0,0,0,0,0,0,0,0,0,10,18,./Cleaned-Dataset/Normal/65be140ec24d1ae4240295c80629ee39.php,normal
0,0,0,0,0,0,0,0,0,0,0,0,0,0,0,0,0,2,0,0,0,400,3054,./Cleaned-Dataset/Normal/660059125f8516e864fa2799e8f7f5f6.php,normal
0,0,0,0,0,0,0,0,0,0,0,0,0,0,0,0,0,0,0,0,0,7,98,./Cleaned-Dataset/Normal/6606f1d428f3f5b54021bc98fbf7dd91.php,normal
0,0,0,0,0,0,0,0,0,0,0,0,0,0,0,0,0,0,0,0,0,8,180,./Cleaned-Dataset/Normal/660f7ee4207abed6c317cf9938e22e8c.php,normal
0,0,0,0,0,0,0,0,0,0,0,0,3,11,0,0,2,1,0,0,0,718,2254,./Cleaned-Dataset/Normal/66450c0bcc6c207f39caa06640a560b1.php,normal
0,0,0,0,0,0,0,0,0,0,0,0,0,4,0,0,0,0,0,0,0,46,379,./Cleaned-Dataset/Normal/66597aae7cbf97eb8433a1a1a58c8f83.php,normal
0,0,0,0,0,0,0,0,0,0,0,0,0,0,0,0,0,0,0,0,0,9,11,./Cleaned-Dataset/Normal/66724473cb70aa005866d2f02165cd4e.php,normal
0,0,0,0,0,0,0,0,0,0,0,0,0,0,0,0,0,0,0,0,0,0,9,./Cleaned-Dataset/Normal/66820d596b37e8a7c3135732cde7ba12.php,normal
0,0,0,0,0,0,0,0,0,0,0,0,0,0,0,0,0,0,0,0,0,0,108,./Cleaned-Dataset/Normal/66b89d84f8089214b3098d44ebbef385.php,normal
0,0,0,0,0,0,0,0,0,0,0,0,0,0,0,0,0,0,0,0,0,3,85,./Cleaned-Dataset/Normal/66f38066d121d4a21ab780f4cfaf361c.php,normal
0,0,0,0,0,0,0,0,0,0,0,0,0,0,0,0,0,0,0,0,0,22,181,./Cleaned-Dataset/Normal/66ff05ee3773354a7bbae76128564293.php,normal
0,0,0,0,0,0,0,0,0,0,0,0,0,0,0,0,0,0,0,0,0,0,12,./Cleaned-Dataset/Normal/6701f269603d620e5bd4427ba97af797.php,normal
0,0,0,0,0,0,0,0,0,0,0,0,0,0,0,0,0,0,0,0,0,6,316,./Cleaned-Dataset/Normal/6728637a55c99f94bb5a98960613eb40.php,normal
0,0,0,0,0,0,0,0,0,0,0,0,0,0,0,0,0,0,0,0,0,101,553,./Cleaned-Dataset/Normal/675842d44c3db0bfee5a275618ce8c33.php,normal
0,0,0,0,0,0,0,0,0,0,0,0,0,0,0,0,0,0,0,0,0,0,5,./Cleaned-Dataset/Normal/6776f31007ac85f14d24a0d454e62d71.php,normal
0,0,0,0,0,0,0,0,0,0,0,0,0,1,12,0,0,3,0,1,0,516,2205,./Cleaned-Dataset/Normal/6787860d4551302da6b296fba03775ea.php,normal
0,0,0,0,0,0,0,0,0,0,0,0,0,0,0,0,0,0,0,0,0,0,60,./Cleaned-Dataset/Normal/67db6bf9662946d5149bb26e2c574332.php,normal
0,0,0,0,0,0,0,0,0,0,0,0,0,0,0,0,0,0,0,0,0,2,136,./Cleaned-Dataset/Normal/67e23b7a970e31130d60d3175a0eca33.php,normal
0,0,0,0,0,0,0,0,0,0,0,0,0,0,0,0,0,0,0,0,0,0,30,./Cleaned-Dataset/Normal/67eb2677c34aa5fc57dd3a40934ac18a.php,normal
0,0,0,0,0,0,0,0,0,0,0,0,0,0,0,0,0,0,0,0,0,49,149,./Cleaned-Dataset/Normal/67edcfcb1b981a60f59595b0ceb7c9a8.php,normal
0,0,0,0,0,0,0,0,0,0,0,0,0,0,0,0,0,0,0,0,0,2,10,./Cleaned-Dataset/Normal/67f8754a2eb4afa9522ea9c6f32b561d.php,normal
0,0,0,0,0,0,0,0,0,0,0,0,0,0,0,0,0,1,0,0,1,3,8,./Cleaned-Dataset/Normal/68070de41736e57f8757648a80b9cbbb.php,normal
0,0,0,0,0,0,0,0,0,0,0,0,0,0,0,0,0,0,0,0,0,8,60,./Cleaned-Dataset/Normal/6825b06a3d8313f91fce29fdad1acef3.php,normal
0,0,0,0,0,0,0,0,0,0,0,0,0,0,0,0,0,0,0,0,0,86,171,./Cleaned-Dataset/Normal/6828394865c0946c218ac8280ed6867c.php,normal
0,0,0,0,0,0,0,0,0,0,0,0,0,0,0,0,0,0,0,0,0,73,539,./Cleaned-Dataset/Normal/6837b746ea7d8f764602a263994f622c.php,normal
0,0,0,0,0,0,0,0,0,0,0,0,0,0,0,0,0,0,0,0,0,5,109,./Cleaned-Dataset/Normal/6849137ee46bb156a00035d170762da3.php,normal
0,0,0,0,0,0,0,0,0,0,0,0,0,0,0,0,0,0,0,0,0,2,37,./Cleaned-Dataset/Normal/684a6257a1fbc3f5d6bc862449d069f7.php,normal
0,0,0,0,0,0,0,0,0,0,0,0,0,0,0,0,0,0,0,0,0,2,88,./Cleaned-Dataset/Normal/6869c6c3dbedb837878813b7a9aefd54.php,normal
0,0,0,0,0,0,0,0,0,0,0,0,0,0,0,0,0,0,0,1,1,2,8,./Cleaned-Dataset/Normal/6874157fda181bc2866fd860d93376b9.php,normal
0,0,0,0,0,0,0,0,0,0,0,0,0,0,0,0,0,1,0,0,0,52,162,./Cleaned-Dataset/Normal/687ac2cdbf3a9312a4184ba49ac634c6.php,normal
0,0,0,0,0,0,0,0,0,0,0,0,0,0,0,0,0,7,0,0,0,51,113,./Cleaned-Dataset/Normal/688477408299de6f6448608b7edc963a.php,normal
0,0,0,0,0,0,0,0,0,0,0,0,0,0,0,0,0,0,0,0,0,0,6,./Cleaned-Dataset/Normal/68931d6d9158cccb51983abb666895c5.php,normal
0,0,0,0,0,0,0,0,0,0,0,0,0,0,0,0,0,0,0,0,0,10,18,./Cleaned-Dataset/Normal/689e9e2323dc00ba96d1ede9f44e59e2.php,normal
0,0,0,0,0,0,0,0,0,0,0,0,0,0,0,0,0,0,0,0,0,210,1614,./Cleaned-Dataset/Normal/68a225cf1245dd44ba88696fa6bc05de.php,normal
0,0,0,0,0,0,0,0,0,0,0,0,3,0,0,0,0,0,0,0,0,50,157,./Cleaned-Dataset/Normal/68a945ce97af3124b22caacd407fd8be.php,normal
0,0,0,0,0,0,0,0,0,0,0,0,0,0,0,0,0,0,0,0,0,36,202,./Cleaned-Dataset/Normal/68f837560d605afcf25fdaaf1de9d880.php,normal
0,0,0,0,0,0,0,0,0,0,0,0,0,0,0,0,0,0,0,0,0,14,34,./Cleaned-Dataset/Normal/69024434ca15aa0d935a0c97f3d647c9.php,normal
0,0,0,0,0,0,0,0,0,0,0,0,0,0,0,0,0,0,0,0,1,4,52,./Cleaned-Dataset/Normal/69074f903f8d375f7b047d18d58b16f0.php,normal
0,0,0,0,0,0,0,0,0,0,0,0,0,0,0,0,0,0,0,0,0,25,145,./Cleaned-Dataset/Normal/692e8355f7b1e7bcab634c55ad2a9721.php,normal
0,0,0,0,0,0,0,0,0,0,0,0,0,0,0,0,0,0,0,0,0,200,1153,./Cleaned-Dataset/Normal/6937f09023cc47639023b513ad8f7361.php,normal
0,0,2,0,0,0,0,0,0,0,0,0,0,0,0,0,1,0,0,0,0,13,265,./Cleaned-Dataset/Normal/693b647756cd4970e798c520b233df35.php,normal
2,0,0,0,0,0,0,0,0,0,0,0,0,0,0,0,0,0,0,1,0,25,246,./Cleaned-Dataset/Normal/6945551e2771adb424897004ac96d8c3.php,normal
0,0,0,0,0,0,0,0,0,0,0,0,0,0,0,0,0,0,0,0,0,2,17,./Cleaned-Dataset/Normal/6945799aed39227e556811eb4b8209b4.php,normal
0,0,0,0,0,0,0,0,0,0,0,0,0,0,0,0,0,0,0,0,0,4,32,./Cleaned-Dataset/Normal/694b2adee327367ff11126753f61e0b5.php,normal
0,0,0,0,0,0,0,0,0,0,0,0,1,0,7,0,0,1,1,0,1,80,269,./Cleaned-Dataset/Normal/6960f72d7171931efa6d12b92b7df7d0.php,normal
0,0,0,0,0,0,0,0,0,0,0,0,0,0,0,0,0,0,0,0,0,2,22,./Cleaned-Dataset/Normal/69742e02aa1f68ff5ead435ac285b723.php,normal
0,0,0,0,0,0,0,0,0,0,0,0,0,0,0,0,0,0,0,0,0,3,47,./Cleaned-Dataset/Normal/6975b77494422e95567ba5ef0b7d38a4.php,normal
0,0,0,0,0,0,0,0,0,0,0,0,0,0,0,0,0,0,0,0,0,190,711,./Cleaned-Dataset/Normal/698c629cf6ea5d82bd95e3bbcb92014c.php,normal
0,0,0,0,0,0,0,0,0,0,0,0,0,0,0,0,0,0,0,1,1,92,693,./Cleaned-Dataset/Normal/69b791d58a3b8095b3e52380c8e73d8c.php,normal
0,0,0,0,0,0,0,0,0,0,0,0,8,7,0,0,0,0,0,0,0,121,987,./Cleaned-Dataset/Normal/69bbf1720edc01d9f77bfe8cfb99a5d4.php,normal
0,0,0,0,0,0,0,0,0,0,0,0,0,0,0,0,0,0,0,0,0,135,834,./Cleaned-Dataset/Normal/69c21bbe7656b14f3ace5e38459f441b.php,normal
0,0,0,0,0,0,0,0,0,0,0,0,0,0,16,0,0,0,0,0,1,68,355,./Cleaned-Dataset/Normal/69ee8e3205dac409e3d23c9e50db9b64.php,normal
0,0,0,0,0,0,0,0,0,0,0,0,0,0,0,0,0,0,0,0,0,106,427,./Cleaned-Dataset/Normal/6a07116de37d7a4ea2997cf1f3a0838e.php,normal
0,0,0,0,0,0,0,0,0,0,0,0,0,0,0,0,0,0,0,0,0,67,847,./Cleaned-Dataset/Normal/6a5be3587c6b22137f8d29931a6b94f7.php,normal
0,0,0,0,0,0,0,0,0,0,0,0,0,0,0,0,0,0,0,0,0,1,6,./Cleaned-Dataset/Normal/6a6dfb9d09bf22b6a0ffc281a513912d.php,normal
0,0,0,0,0,0,0,0,0,0,0,0,0,0,0,0,0,0,0,0,0,4,19,./Cleaned-Dataset/Normal/6a8c81e30c175da5046fc06fe403b079.php,normal
0,0,0,0,0,0,0,0,0,0,0,0,0,0,0,0,0,0,0,0,0,0,24,./Cleaned-Dataset/Normal/6a955119775646383711792d4cb5a631.php,normal
0,0,0,0,0,0,0,0,0,0,0,0,0,0,0,0,0,0,0,0,0,8,63,./Cleaned-Dataset/Normal/6a9f1f560b7a8e0c183c71cf7242e6b6.php,normal
3,0,0,0,0,0,0,0,0,0,0,0,0,0,3,0,0,1,0,0,0,311,1368,./Cleaned-Dataset/Normal/6aa19605abe656b0f999ea272a2a542f.php,normal
0,0,0,0,0,0,0,0,0,0,0,0,0,0,0,0,0,0,0,0,0,32,233,./Cleaned-Dataset/Normal/6aa28b2267cdccb3efae80c0af26769f.php,normal
0,0,0,0,0,0,0,0,0,0,0,0,0,0,0,0,0,0,0,0,0,174,1153,./Cleaned-Dataset/Normal/6aaf63d186b0c1592c28db21bc9befe2.php,normal
0,0,0,0,0,0,0,0,0,0,0,0,0,0,0,0,0,0,0,0,0,16,89,./Cleaned-Dataset/Normal/6ad8345a928980ec2a2371c6758a4863.php,normal
0,0,0,0,0,0,0,0,0,0,0,0,0,0,0,0,0,0,0,0,0,0,6,./Cleaned-Dataset/Normal/6b0391574a81d7410e6945b33cd91da3.php,normal
0,0,0,0,0,0,0,0,0,0,0,0,0,0,0,0,0,0,0,0,0,8,130,./Cleaned-Dataset/Normal/6b1a60a650855c377c0c2284fe8afeeb.php,normal
0,0,0,0,0,0,0,0,0,0,0,0,0,0,0,0,0,0,0,0,0,89,50,./Cleaned-Dataset/Normal/6b1c8ad8c32bff71f17c6b43fa75e699.php,normal
0,0,0,0,0,0,0,0,0,0,0,0,0,0,0,0,0,0,0,0,0,94,666,./Cleaned-Dataset/Normal/6b27cb567afcc8070fc24bb7c60c8892.php,normal
0,0,0,0,0,0,0,0,0,0,0,0,0,0,0,0,0,0,0,0,0,1,13,./Cleaned-Dataset/Normal/6b39b4f9cea8fab4101fb86e012204a8.php,normal
0,0,0,0,0,0,0,0,0,0,0,0,0,0,0,0,0,0,0,0,0,3,71,./Cleaned-Dataset/Normal/6b4764154ca36adb66c103ad70aa34a9.php,normal
0,0,0,0,0,0,0,0,0,0,0,0,0,0,0,0,0,0,0,0,0,5,59,./Cleaned-Dataset/Normal/6b62dee3bbd6b0fb8cd9801ca0f30581.php,normal
0,0,0,0,0,0,0,0,0,0,0,0,0,0,0,0,0,0,0,0,0,13,180,./Cleaned-Dataset/Normal/6b9083176ed2c8d8e7b6fb54c2018f89.php,normal
0,0,0,0,0,0,0,0,0,0,0,0,0,4,12,0,0,1,0,0,3,335,1092,./Cleaned-Dataset/Normal/6b921bea1ee178b64f37823f901d1042.php,normal
0,0,0,0,0,0,0,0,0,0,0,0,0,0,0,0,0,0,0,0,2,6,47,./Cleaned-Dataset/Normal/6b95646eb6ea9e9b181883b46231723d.php,normal
0,0,0,0,0,0,0,0,0,0,0,0,0,0,0,0,0,0,0,0,0,10,130,./Cleaned-Dataset/Normal/6b957a2f0772deb0b019d856868b20d2.php,normal
0,0,0,0,0,0,0,0,0,0,0,0,0,0,0,0,0,0,0,0,0,82,430,./Cleaned-Dataset/Normal/6bb0864fa6d659c0fa03e2d162f74b56.php,normal
0,0,0,0,0,0,0,0,0,0,0,0,0,0,0,0,0,0,0,0,0,2,3,./Cleaned-Dataset/Normal/6bc4c7fe9fc6d29755fea1dc6dc034cb.php,normal
0,0,0,0,0,0,0,0,0,0,0,0,0,0,3,0,0,0,0,0,0,124,565,./Cleaned-Dataset/Normal/6bfb6341908ddb490b4af43d77de9d9b.php,normal
0,0,0,0,0,0,0,0,0,0,0,0,0,0,0,0,0,0,0,0,0,107,246,./Cleaned-Dataset/Normal/6c00f463eaf2f4e2922e091eb3df467f.php,normal
0,0,0,0,0,0,0,0,0,0,0,0,0,0,0,0,0,0,0,0,0,10,58,./Cleaned-Dataset/Normal/6c267dfc1653e7440a26de0b3e265a7f.php,normal
0,0,0,0,0,0,0,0,0,0,0,0,0,0,0,0,0,0,0,0,0,55,257,./Cleaned-Dataset/Normal/6c53cccf5400ed367454fbd96bdc6472.php,normal
0,0,0,0,0,0,0,0,0,0,0,0,6,5,0,3,0,0,0,0,0,94,1072,./Cleaned-Dataset/Normal/6c702b3f1b5784a2c2def68fc139ea50.php,normal
0,0,0,0,0,0,0,0,0,0,0,0,0,0,0,0,0,0,0,0,0,24,561,./Cleaned-Dataset/Normal/6c74ccc5d7ba95f9e9a80e11a70c75e6.php,normal
0,0,0,0,0,0,0,0,0,0,0,0,0,0,0,0,0,0,0,0,0,9,54,./Cleaned-Dataset/Normal/6c88ad0d849b5cb6e3c0c0e68ff79a83.php,normal
0,0,0,0,0,0,0,0,0,0,0,0,0,0,0,0,0,0,0,0,0,1,6,./Cleaned-Dataset/Normal/6c9b93275cfa0d3c95e7340a7b1ac283.php,normal
0,0,0,0,0,0,0,0,0,0,0,0,0,0,0,0,0,0,0,0,0,2,24,./Cleaned-Dataset/Normal/6cafbaabb10b05937d52fec96897f6ea.php,normal
0,0,0,0,0,0,0,0,0,0,0,0,0,0,0,0,0,0,0,0,0,50,62,./Cleaned-Dataset/Normal/6ccc933acf597399548bf7faeb0f85c6.php,normal
0,0,1,0,0,0,0,0,0,0,0,0,4,0,7,0,0,0,0,0,0,131,1268,./Cleaned-Dataset/Normal/6cce84f0f0644797c4e15b7c41f7a58d.php,normal
0,0,0,0,0,0,0,0,0,0,0,0,0,0,0,0,0,0,0,0,0,15,217,./Cleaned-Dataset/Normal/6cd5b084b0cbc107f7e78164cb0360d4.php,normal
0,0,0,0,0,0,0,0,0,0,0,0,0,0,0,0,0,0,0,0,0,50,741,./Cleaned-Dataset/Normal/6cdc1ac3d472fc1f401fe7e69bae95a1.php,normal
0,0,0,0,0,0,0,0,0,0,0,0,0,0,0,0,0,0,0,0,0,541,1774,./Cleaned-Dataset/Normal/6cfe757ca16e8815af371f2d7b875d15.php,normal
0,0,0,0,0,0,0,0,0,0,0,0,0,0,0,0,0,0,0,0,0,0,201,./Cleaned-Dataset/Normal/6d14503d598ac029f18783164046ecfb.php,normal
0,0,0,0,0,0,0,0,0,0,0,0,0,0,0,0,0,0,0,0,0,30,208,./Cleaned-Dataset/Normal/6d1d6e63a97d211876bfda7df89f9289.php,normal
0,0,0,0,0,0,0,0,0,0,0,0,0,0,0,0,0,0,0,0,0,146,441,./Cleaned-Dataset/Normal/6d2017940ec5a4b92eac83660cae9935.php,normal
0,0,0,0,0,0,0,0,0,0,0,0,0,0,0,0,0,1,0,0,1,108,480,./Cleaned-Dataset/Normal/6d23041998b3c92f090fec814bc6a2ca.php,normal
0,0,0,0,0,0,0,0,0,0,0,0,0,0,0,0,0,0,0,0,0,12,82,./Cleaned-Dataset/Normal/6d37efaa8ac824db5048cca7b37bd4b0.php,normal
0,0,0,0,0,0,0,0,0,0,0,0,0,0,0,0,0,0,0,0,0,15,409,./Cleaned-Dataset/Normal/6d5b833ba1df0e61f661fc47ffe15cde.php,normal
0,0,0,0,0,0,0,0,0,0,0,0,0,0,0,0,0,0,0,0,0,2,17,./Cleaned-Dataset/Normal/6da920341c3be81494922763ff94f6f3.php,normal
0,0,0,0,0,0,0,0,0,0,0,0,0,0,0,0,0,0,0,0,0,1,119,./Cleaned-Dataset/Normal/6dc5000b9b40b4df512ddd270c2757e5.php,normal
0,0,0,0,0,0,0,0,0,0,0,0,0,0,0,0,0,1,0,0,0,6,276,./Cleaned-Dataset/Normal/6dda74c5b4a7ab5c91f45d821be0e41e.php,normal
0,0,0,0,0,0,0,0,0,0,0,0,0,0,0,0,0,0,0,0,0,2,17,./Cleaned-Dataset/Normal/6de92d90dbe63f62aa4a9bac4920782c.php,normal
0,0,0,0,0,0,0,0,0,0,0,0,0,0,0,0,0,0,0,0,0,3,25,./Cleaned-Dataset/Normal/6e088bab0e966d7f03a8bb8ca5b69467.php,normal
0,0,0,0,0,0,0,0,0,0,0,0,0,0,0,0,0,0,0,0,0,42,358,./Cleaned-Dataset/Normal/6e2a678ebba5d4221b745253fb091c52.php,normal
0,0,0,0,0,0,0,0,0,0,0,0,0,0,0,0,0,0,0,0,0,1,25,./Cleaned-Dataset/Normal/6e41f1c0b48bcd585d377111f4fc5f84.php,normal
0,0,0,0,0,0,0,0,0,0,0,0,0,0,0,0,0,3,0,0,0,402,1828,./Cleaned-Dataset/Normal/6e43f12fce9a8c03e13ca0ef3eb66493.php,normal
0,0,0,0,0,0,0,0,0,0,0,0,0,0,0,0,0,0,0,0,0,1,7,./Cleaned-Dataset/Normal/6e47bc7222058d9e11855e41f3a1d370.php,normal
0,0,0,0,0,0,0,0,0,0,0,0,0,0,0,0,0,0,0,0,0,7,470,./Cleaned-Dataset/Normal/6e541e07b00d578f439a85a2de690bbe.php,normal
0,0,0,0,0,0,0,0,0,0,0,0,0,0,0,0,0,0,0,0,0,784,578,./Cleaned-Dataset/Normal/6e8d5ab8dda037ee17cab2d883046fba.php,normal
0,0,0,0,0,0,0,0,0,0,0,0,0,0,0,0,0,0,0,0,0,2,98,./Cleaned-Dataset/Normal/6f17d0f8f931adf678f0e3bff4ebe485.php,normal
0,0,0,0,0,0,0,0,0,0,0,0,0,0,0,0,0,0,0,0,0,39,11,./Cleaned-Dataset/Normal/6f1d45905d524d5acf31d15f22b03d05.php,normal
0,0,0,0,0,0,0,0,0,0,0,0,0,0,0,0,0,0,0,0,0,43,178,./Cleaned-Dataset/Normal/6f2a168f5edaa06cb4bfcaf7338dca59.php,normal
0,0,0,0,0,0,0,0,0,0,0,0,0,6,43,0,0,3,2,0,0,1231,6688,./Cleaned-Dataset/Normal/6f493180ed48f62da9e963dd22b81f9c.php,normal
0,0,0,0,0,0,0,0,0,0,0,0,0,0,0,0,0,0,0,0,0,20,51,./Cleaned-Dataset/Normal/6f4f71144f81ffbc72193ea8dc5c799c.php,normal
0,0,1,0,0,0,0,0,0,0,0,0,0,2,0,15,0,3,4,0,0,801,5678,./Cleaned-Dataset/Normal/6f80c19365c5db9670c42cc05fb19fbe.php,normal
0,0,0,0,0,0,0,0,0,0,0,0,0,0,20,6,1,1,0,0,3,76,377,./Cleaned-Dataset/Normal/6f95edc698d27d73e5e674abec97fa3d.php,normal
0,0,0,0,0,0,0,0,0,0,0,0,0,0,0,0,0,0,0,0,0,3,15,./Cleaned-Dataset/Normal/6f9c7fe6968b8f2d0198a78b9ab271d6.php,normal
0,0,0,0,0,0,0,0,0,0,0,0,0,0,0,0,0,0,0,0,0,461,1821,./Cleaned-Dataset/Normal/6fa15c4e4f643764a3f4f20842e33e28.php,normal
0,0,0,0,0,0,0,0,0,0,0,0,0,0,0,0,0,7,0,0,0,44,145,./Cleaned-Dataset/Normal/6fbcbc5589c293e29cd5762de5dc3d9e.php,normal
0,0,0,0,0,0,0,0,0,0,0,0,0,0,0,0,0,0,0,0,0,0,8,./Cleaned-Dataset/Normal/6fcaedf450292862e39ce3682c609334.php,normal
0,0,0,0,0,0,0,0,0,0,0,0,0,0,0,0,0,0,0,0,0,7,53,./Cleaned-Dataset/Normal/6fcdc17bf79e4b10b909d313a9095e52.php,normal
0,0,0,0,0,0,0,0,0,0,0,0,0,0,6,0,0,0,0,0,0,1156,1197,./Cleaned-Dataset/Normal/6fd430379b952ed5810eb01a5a7bb180.php,normal
0,0,0,0,0,0,0,0,0,0,0,0,0,0,0,0,0,0,0,0,0,97,877,./Cleaned-Dataset/Normal/70104b5a084b1762a9b641486dc7d047.php,normal
0,0,0,0,0,0,0,0,0,0,0,0,0,0,0,0,0,0,0,0,0,41,250,./Cleaned-Dataset/Normal/705574c56af99fe020990ecaedacc817.php,normal
0,0,0,0,0,0,0,0,0,0,0,0,0,0,0,0,0,0,0,1,0,20,205,./Cleaned-Dataset/Normal/7073f4adb86bd356bef5c2b95a637f7f.php,normal
0,0,0,0,0,0,0,0,0,0,0,0,0,0,0,0,0,2,0,0,0,185,1273,./Cleaned-Dataset/Normal/707472a2fc932bd1873b6619c8518e66.php,normal
0,0,0,0,0,0,0,0,0,0,0,0,0,0,0,0,0,0,0,0,0,1,13,./Cleaned-Dataset/Normal/708a53cd4df95efb0b3c704c92c1cdbb.php,normal
0,0,0,0,0,0,0,0,0,0,0,0,0,0,0,0,0,0,0,0,0,6,59,./Cleaned-Dataset/Normal/708b0ac55207faf326e5c087792c9791.php,normal
0,0,0,0,0,0,0,0,0,0,0,0,0,0,0,0,0,0,0,0,0,85,624,./Cleaned-Dataset/Normal/70b31998002c4fdf8d2c83af9ebc2684.php,normal
0,0,0,0,0,0,0,0,0,0,0,0,0,0,0,0,0,0,0,0,0,185,586,./Cleaned-Dataset/Normal/70b9ce790ee45ec42ccc12e2b51fbcfc.php,normal
0,0,0,0,0,0,0,0,0,0,0,0,0,0,0,0,0,0,0,0,0,0,23,./Cleaned-Dataset/Normal/70caf4772db45c6c2dabb075f960a95e.php,normal
0,0,0,0,0,0,0,0,0,0,0,0,0,0,0,0,0,0,0,0,0,110,817,./Cleaned-Dataset/Normal/70cbd31a25e5eb0fc1738c81814c84d6.php,normal
0,0,0,0,0,0,0,0,0,0,0,0,0,0,0,0,0,0,0,0,0,7,47,./Cleaned-Dataset/Normal/70d93fb989232259478e6e7d68747e80.php,normal
0,0,0,0,0,0,0,0,0,0,0,0,0,0,0,0,0,0,0,1,3,75,280,./Cleaned-Dataset/Normal/70d9aeaa9d1fe9ec508f294ea4607079.php,normal
0,0,0,0,0,0,0,0,0,0,0,0,0,0,0,0,0,0,0,0,0,2,162,./Cleaned-Dataset/Normal/70e05d4c01615acbd8e5183ed5bafeec.php,normal
0,0,0,0,0,0,0,0,0,0,0,0,0,0,0,0,0,0,0,0,0,365,1647,./Cleaned-Dataset/Normal/70fa0e6a1c9a654ee6501bfd821cb795.php,normal
0,0,1,0,0,0,0,0,0,0,0,0,0,12,0,0,0,0,0,2,1,258,742,./Cleaned-Dataset/Normal/70fb2651638f1c594904823d83d8826a.php,normal
0,0,0,0,0,0,0,0,0,0,0,0,0,0,0,0,0,0,0,0,0,190,631,./Cleaned-Dataset/Normal/71256181e51d25fe7e28c4d96ead48c1.php,normal
0,0,0,0,0,0,0,0,0,0,0,0,0,0,0,0,0,0,0,0,0,3,24,./Cleaned-Dataset/Normal/713f5451bb91d27958e333de88a00140.php,normal
0,0,0,0,0,0,0,0,0,0,0,0,0,0,0,0,0,0,0,0,0,73,627,./Cleaned-Dataset/Normal/715c656f063f932bc7221021a2d690ea.php,normal
0,0,0,0,0,0,0,0,0,0,0,0,0,0,0,0,0,0,0,0,0,1,14,./Cleaned-Dataset/Normal/7170d12f9a45836b582ac147592e4ed5.php,normal
0,0,0,0,0,0,0,0,0,0,0,0,5,24,0,0,0,2,0,1,2,244,793,./Cleaned-Dataset/Normal/717d019c3ac52b182e87aadb05705235.php,normal
0,0,0,0,0,0,0,0,0,0,0,0,1,0,0,0,0,0,0,1,0,16,71,./Cleaned-Dataset/Normal/7188c07fdbd43d12f0541b61cd11ed0c.php,normal
0,0,0,0,0,0,0,0,0,0,0,0,0,1,20,0,0,1,3,0,0,311,2405,./Cleaned-Dataset/Normal/71da9578077120044f1f4ed131493c86.php,normal
0,0,0,0,0,0,0,0,0,0,0,0,0,0,0,0,0,1,0,0,0,742,5087,./Cleaned-Dataset/Normal/71f790db056c1eee8728641b8872dc63.php,normal
0,0,0,0,0,0,0,0,0,0,0,0,0,2,0,0,0,0,0,0,2,611,4538,./Cleaned-Dataset/Normal/720da796804173d9e2dd5d77391ecfd0.php,normal
0,0,0,0,0,0,0,0,0,0,0,0,0,0,0,0,0,0,0,0,0,13,104,./Cleaned-Dataset/Normal/722455acea3bba127e59f5fb95d6baa4.php,normal
0,0,0,0,0,0,0,0,0,0,0,0,0,0,0,0,0,0,0,0,0,24,78,./Cleaned-Dataset/Normal/72414bad25217c98833d61a659c382a4.php,normal
0,0,0,0,0,0,0,0,0,0,0,0,0,0,0,0,0,0,0,0,0,0,13,./Cleaned-Dataset/Normal/727dbe5ea8f3b977196b449be3aecb98.php,normal
0,0,0,0,0,0,0,0,0,0,0,0,0,0,0,0,0,0,0,0,0,0,21,./Cleaned-Dataset/Normal/728689589d33ebc55f0c8bffa709b29f.php,normal
0,0,0,0,0,0,0,0,0,0,0,0,0,0,0,0,0,0,0,0,0,204,1713,./Cleaned-Dataset/Normal/72905a09b4d3c55ae529de5008b54818.php,normal
0,0,0,0,0,0,0,0,0,0,0,0,0,0,0,0,0,0,0,0,0,204,1039,./Cleaned-Dataset/Normal/72e137f109c130b73de7ebe7849008d1.php,normal
0,0,0,0,0,0,0,0,0,0,0,0,14,9,25,0,0,1,0,0,3,548,2507,./Cleaned-Dataset/Normal/72e93c1669a15f75765c5acdac982e8f.php,normal
0,0,0,0,0,0,0,0,0,0,0,0,0,0,0,0,0,3,0,0,0,245,1902,./Cleaned-Dataset/Normal/72eb7dd99e40b72c9c222e561d9c7e31.php,normal
0,0,0,0,0,0,0,0,0,0,0,0,0,0,0,0,0,0,0,0,0,14,47,./Cleaned-Dataset/Normal/72ffe0d351a85faf1016a11bc404ebd5.php,normal
0,0,0,0,0,0,0,0,0,0,0,0,0,0,0,0,0,0,0,0,0,38,512,./Cleaned-Dataset/Normal/7301b4c5f91d38fe5c5819ea72a57665.php,normal
0,0,0,0,0,0,0,0,0,0,0,0,0,0,0,0,0,0,0,0,1,3,32,./Cleaned-Dataset/Normal/7311a0933d01014b35a20223c26ccd8f.php,normal
0,0,1,0,0,0,0,0,0,0,0,0,0,0,0,0,0,0,0,0,0,5,102,./Cleaned-Dataset/Normal/73632a0e7f719acfa84cea5672993692.php,normal
0,0,0,0,0,0,0,0,0,0,0,0,0,0,0,0,0,0,0,0,0,3,16,./Cleaned-Dataset/Normal/73842fff2b6c766fa90bcedd9f31a966.php,normal
0,0,0,0,0,0,0,0,0,0,0,0,0,0,0,0,0,0,0,0,0,29,95,./Cleaned-Dataset/Normal/738a30c04ff054648707c2578fcadce2.php,normal
0,0,0,0,0,0,0,0,0,0,0,0,0,0,0,0,0,2,0,0,0,7,206,./Cleaned-Dataset/Normal/738c094616b314c92b2a27bb50d023fd.php,normal
0,0,0,0,0,0,0,0,0,0,0,0,0,0,0,0,0,7,0,0,0,75,228,./Cleaned-Dataset/Normal/739c73f722b9c387842ec915f68fa0d3.php,normal
0,0,0,0,0,0,0,0,0,0,0,0,0,0,0,0,0,0,0,0,0,99,736,./Cleaned-Dataset/Normal/73b0238a8fc2f5ed6fe94655a4998eed.php,normal
1,0,1,1,0,0,0,0,0,0,0,0,0,0,0,0,0,0,0,0,0,322,3087,./Cleaned-Dataset/Normal/73b772275d2593d3ffd8673d3c5af0cc.php,normal
0,0,0,0,0,0,0,0,0,0,0,0,0,0,0,0,0,2,0,0,0,11,261,./Cleaned-Dataset/Normal/73cc8a2f1ceb6440e743376c3d87f801.php,normal
0,0,9,0,0,0,0,0,0,0,0,0,0,0,0,0,0,1,0,0,0,24,90,./Cleaned-Dataset/Normal/73cf6613c01c8f2d18b11c44234e98d8.php,normal
0,0,0,0,0,0,0,0,0,0,0,0,0,0,0,0,0,0,0,0,0,17,25,./Cleaned-Dataset/Normal/73e78cb6189fb57e1315305ff000c758.php,normal
0,0,0,0,0,0,0,0,0,0,0,0,0,0,0,0,0,0,0,0,0,66,444,./Cleaned-Dataset/Normal/73e88e3c197a1277193280d7be643eb7.php,normal
0,0,0,0,0,0,0,0,0,0,0,0,0,0,0,0,0,0,0,0,0,96,997,./Cleaned-Dataset/Normal/73f0fe878a82823d9b921211a9613c16.php,normal
0,0,0,0,0,0,0,0,1,0,0,0,0,0,0,0,0,0,0,0,0,454,3166,./Cleaned-Dataset/Normal/7401da95c0235b8772e4932e39a6cf11.php,normal
0,0,0,0,0,0,0,0,0,0,0,0,0,0,0,0,0,0,0,0,0,3,29,./Cleaned-Dataset/Normal/7415f3baf8be6dc14145186e58f95626.php,normal
0,0,0,0,0,0,0,0,0,0,0,0,0,0,3,0,0,0,0,0,0,76,250,./Cleaned-Dataset/Normal/742c712c9ce748dc6586ae7eab2b2167.php,normal
0,0,0,0,0,0,0,0,0,0,0,0,0,0,0,0,0,0,0,0,0,21,187,./Cleaned-Dataset/Normal/7451e93f7111b0658e7e33146b792ebc.php,normal
0,0,0,0,0,0,0,0,0,0,0,0,0,0,0,0,0,0,0,0,0,0,8,./Cleaned-Dataset/Normal/7472d2ebf77004d9ce8bd8ad3959ea5c.php,normal
0,0,0,0,0,0,0,0,0,0,0,0,0,0,0,0,0,0,0,0,0,29,131,./Cleaned-Dataset/Normal/748280dce1c009bd8c97775395cdf3be.php,normal
0,0,0,0,0,0,0,0,0,0,0,0,0,0,0,0,0,0,0,1,0,149,717,./Cleaned-Dataset/Normal/7496399c741af81651212edf3fff37fb.php,normal
0,0,0,0,0,0,0,0,0,0,0,0,0,0,0,0,0,0,0,0,0,4,20,./Cleaned-Dataset/Normal/74bec624e0035a6e87c0b3481473a1bc.php,normal
0,0,0,0,0,0,0,0,0,0,0,0,0,0,1,0,0,0,0,0,0,10,201,./Cleaned-Dataset/Normal/74c705d99fb02621833a0909e1f7e640.php,normal
0,0,0,0,0,0,0,0,0,0,0,0,0,0,0,0,0,0,0,0,1,46,331,./Cleaned-Dataset/Normal/751bc383e724bb642d729168ab584d2e.php,normal
0,0,0,0,0,0,0,0,0,0,0,0,0,0,0,0,0,0,0,0,0,17,165,./Cleaned-Dataset/Normal/75227e84a0908f50ad85c06852667214.php,normal
0,0,0,0,0,0,0,0,0,0,0,0,0,0,0,0,0,0,0,0,0,5,166,./Cleaned-Dataset/Normal/7525913efa2132341eab8ab4bcbd814c.php,normal
0,0,0,0,0,0,0,0,0,0,0,0,0,0,0,0,0,0,0,0,0,92,539,./Cleaned-Dataset/Normal/752728c6ae6821227e5362dd2a16a5c6.php,normal
0,0,0,0,0,0,0,0,0,0,0,0,0,0,0,0,0,0,0,0,0,61,353,./Cleaned-Dataset/Normal/7529fa2a42c439dc010dab59246e9be2.php,normal
0,0,0,0,0,0,0,0,0,0,0,0,0,0,0,0,0,0,0,0,0,1,6,./Cleaned-Dataset/Normal/753279c7bbd275fc5b95bab26b26f63c.php,normal
0,0,0,0,0,0,0,0,0,0,0,0,0,0,0,0,0,0,0,0,0,47,266,./Cleaned-Dataset/Normal/7548ad5efda4c55417f727e91058d7d5.php,normal
0,0,0,0,0,0,0,0,0,0,0,0,0,0,0,0,0,0,0,0,0,26,70,./Cleaned-Dataset/Normal/7588a416bb12a46c873a6088117e14eb.php,normal
0,0,8,0,0,0,0,0,0,0,0,0,0,0,0,0,0,0,0,1,1,57,277,./Cleaned-Dataset/Normal/75a7674faf6c75baef804b81b567d9b4.php,normal
0,1,0,0,2,0,0,0,0,0,0,0,0,0,0,0,0,0,0,0,0,20,366,./Cleaned-Dataset/Normal/75ab41dc91cd7e4aaa5e74a5f9e6eeba.php,normal
0,0,0,0,0,0,0,0,0,0,0,0,0,0,0,0,0,0,0,0,0,0,18,./Cleaned-Dataset/Normal/75b60e332354a9c930385fefa1527a9d.php,normal
0,0,0,0,0,0,0,0,0,0,0,0,0,0,0,0,0,0,0,0,0,34,276,./Cleaned-Dataset/Normal/75cea4e769413de1d357a883eb8a21e1.php,normal
0,0,0,0,0,0,0,0,0,0,0,0,0,0,0,0,0,0,0,0,0,57,555,./Cleaned-Dataset/Normal/76256012a1498e8bd68b470847aa6b1a.php,normal
0,0,0,0,0,0,0,0,0,0,0,0,0,0,0,0,0,0,0,0,0,0,47,./Cleaned-Dataset/Normal/764fa89fb6f85dc34338cca09218c924.php,normal
0,0,0,0,0,0,0,0,0,0,0,0,0,0,0,0,0,0,0,0,0,14,111,./Cleaned-Dataset/Normal/7653fcf530c15f2552166847c5e99c51.php,normal
0,0,0,0,0,0,0,0,0,0,0,0,0,0,0,0,0,0,0,0,0,6,49,./Cleaned-Dataset/Normal/7683120f6885e076fafda8f0949d746b.php,normal
0,0,0,0,0,0,0,0,0,0,0,0,0,0,0,0,0,0,0,0,0,45,261,./Cleaned-Dataset/Normal/769583bc2ac8786a210d4eae16e957f3.php,normal
0,0,0,0,0,0,0,0,0,0,0,0,0,0,0,0,0,0,0,0,0,1,13,./Cleaned-Dataset/Normal/76a3058b9e9d9b4cffd0e65764b616f7.php,normal
0,0,0,0,0,0,0,0,0,0,0,0,0,0,0,0,0,0,0,0,0,9,97,./Cleaned-Dataset/Normal/76a8b0b26676fedfc5eda07432e1b9f9.php,normal
0,0,0,0,0,0,0,0,0,0,0,0,0,0,0,0,0,1,0,0,0,155,2179,./Cleaned-Dataset/Normal/76c4c5eca26b42fd15d3efe085d1890c.php,normal
0,0,0,0,0,0,0,0,0,0,0,0,0,0,0,0,0,0,0,0,5,25,79,./Cleaned-Dataset/Normal/76e1e92ee0b776f240f9450251259c95.php,normal
0,0,0,0,0,0,0,0,0,0,0,0,0,0,0,0,0,0,0,0,0,7,64,./Cleaned-Dataset/Normal/76e57eccdf74b368d8bbe89c1c1ceeb8.php,normal
0,0,0,0,0,0,0,0,0,0,0,0,0,0,0,0,0,0,0,0,0,5,40,./Cleaned-Dataset/Normal/76e91eb7aac39017cfe6c6e50c2260f5.php,normal
0,0,0,0,0,0,0,0,0,0,0,0,0,0,0,0,0,0,0,0,0,14,25,./Cleaned-Dataset/Normal/76f9e125197a5ef022c906c2ba34988b.php,normal
0,0,0,0,0,0,0,0,0,0,0,0,0,2,0,0,0,0,0,0,0,56,352,./Cleaned-Dataset/Normal/76fa4923c42d2e5cb27e0c4d2b134b64.php,normal
0,0,0,0,0,0,0,0,0,0,0,0,0,0,0,0,0,0,0,0,0,4,142,./Cleaned-Dataset/Normal/76fdbf2ca6ffd6ee67e3fc344864d945.php,normal
0,0,0,0,0,0,0,0,0,0,0,0,0,0,0,0,0,0,0,0,0,40,450,./Cleaned-Dataset/Normal/7701d266d4e63eb7ba6281093adecdb6.php,normal
0,0,0,0,0,0,0,0,0,0,0,0,2,0,0,0,0,1,0,0,0,78,879,./Cleaned-Dataset/Normal/773b5f87d06fbbf0c37c2ae9e5f00d55.php,normal
0,0,0,0,0,0,0,0,0,0,0,0,0,0,0,0,0,0,0,0,0,2,51,./Cleaned-Dataset/Normal/7741ffe778a938863984ce5834fff216.php,normal
0,0,0,0,0,0,0,0,0,0,0,0,0,0,0,0,0,0,0,0,0,41,278,./Cleaned-Dataset/Normal/77557eadaf230b301c7fda6af97fa695.php,normal
0,0,0,0,0,0,0,0,0,0,0,0,0,0,0,0,0,0,0,0,0,4,29,./Cleaned-Dataset/Normal/77641dbec238a4f4846782cba8c9b9f7.php,normal
0,0,0,0,0,0,0,0,0,0,0,0,0,0,0,0,0,0,0,0,0,24,231,./Cleaned-Dataset/Normal/7770018c8cdb0707484ca4c6b8acf7c9.php,normal
0,0,0,0,0,0,0,0,0,0,0,0,0,0,0,0,0,0,0,0,0,26,80,./Cleaned-Dataset/Normal/777ece4543dc36e2b707313459defb34.php,normal
0,0,0,0,0,0,0,0,0,0,0,0,0,0,0,0,0,0,0,0,0,19,18,./Cleaned-Dataset/Normal/778ab5c7fa0d7d5265386cd38418e214.php,normal
0,0,0,0,0,0,0,0,0,0,0,0,0,0,0,0,0,0,0,0,0,106,1138,./Cleaned-Dataset/Normal/77b81da788219d78dbcf962b53636341.php,normal
0,0,1,0,0,0,0,0,0,0,0,0,0,0,0,0,0,0,0,0,0,44,29,./Cleaned-Dataset/Normal/77ba406ed911db90e69f88335897b6ab.php,normal
0,0,0,0,0,0,0,0,0,0,0,0,0,0,0,0,0,0,0,0,0,49,405,./Cleaned-Dataset/Normal/7816f57fe97ba0df783c31e5314f076d.php,normal
0,0,0,0,0,0,0,1,0,0,0,0,0,0,0,0,0,0,0,0,0,27,236,./Cleaned-Dataset/Normal/782dca744ba576e137e44633d42d2677.php,normal
0,0,0,0,0,0,0,0,0,0,0,0,0,0,0,0,0,0,0,0,0,25,125,./Cleaned-Dataset/Normal/7873279edcad9365b8d63a50444da464.php,normal
0,0,0,0,0,0,0,0,0,0,0,0,0,0,3,0,0,0,0,0,0,54,295,./Cleaned-Dataset/Normal/78881fa879e708829cb409b2e9c9e87c.php,normal
0,0,0,0,0,0,0,0,0,0,0,0,0,0,0,0,0,0,0,0,0,7,231,./Cleaned-Dataset/Normal/78a82b710605fb88713bf2ebe2749dcc.php,normal
0,0,0,0,0,0,0,0,0,0,0,0,0,0,0,0,0,0,0,0,0,101,489,./Cleaned-Dataset/Normal/78bcd268b907ad54bee9418ea846a86c.php,normal
0,0,2,0,0,0,0,0,0,0,0,0,0,0,0,0,0,0,0,0,0,11,538,./Cleaned-Dataset/Normal/78f3d80cd978fcf6122f2aa27dd530eb.php,normal
0,0,0,0,0,0,0,0,0,0,0,0,0,0,0,0,0,0,0,0,0,1,35,./Cleaned-Dataset/Normal/792959cbf0d60e7539515c9c795cc19c.php,normal
0,0,0,0,0,0,0,0,0,0,0,0,0,0,0,0,0,0,0,0,0,131,924,./Cleaned-Dataset/Normal/7935b83f4e08f965cbe6e5065a682cc1.php,normal
0,0,0,0,0,0,0,0,0,0,0,0,0,0,0,0,0,8,0,0,0,14,15,./Cleaned-Dataset/Normal/7936216be80424aa465a8bb88a358cdb.php,normal
0,0,0,0,0,0,0,0,0,0,0,0,0,0,4,0,0,0,0,0,0,62,339,./Cleaned-Dataset/Normal/7952ee83dcb4a2f4c0e51296829490fb.php,normal
0,0,0,0,0,0,0,0,0,0,0,0,0,0,0,0,0,0,0,0,0,1,7,./Cleaned-Dataset/Normal/798795ebc3cc517528ffbb709d83b99c.php,normal
0,0,0,0,0,0,0,0,0,0,0,0,0,0,0,0,0,0,0,0,0,53,482,./Cleaned-Dataset/Normal/79a09fa0026d4af99ff76785d081eaff.php,normal
0,0,0,0,0,0,0,0,0,0,0,0,0,0,0,0,0,0,0,0,0,2,25,./Cleaned-Dataset/Normal/79b3d397a5e9f90b61115c66b6ab82b0.php,normal
0,0,0,0,0,0,0,0,0,0,0,0,0,0,0,0,0,2,0,0,0,1085,1203,./Cleaned-Dataset/Normal/79c9b55749780523a30592c600188f1a.php,normal
0,0,0,0,0,0,0,0,0,0,0,0,0,0,7,0,0,4,0,0,0,59,467,./Cleaned-Dataset/Normal/79d509a8e7bd76b333e6b871a096c882.php,normal
0,0,0,0,0,0,0,0,0,0,0,0,0,0,0,0,0,0,0,0,0,0,10,./Cleaned-Dataset/Normal/79e3842a18f1e92407f1556898e20034.php,normal
0,0,0,0,0,0,0,0,0,0,0,0,0,0,0,0,0,0,0,0,0,1,21,./Cleaned-Dataset/Normal/7a10c8edae8897d2c6fdd1b708cf3d0e.php,normal
0,0,0,0,0,0,0,0,0,0,0,0,0,0,0,0,0,2,0,0,0,136,598,./Cleaned-Dataset/Normal/7a1e0bde442a633e2a335cc413f31729.php,normal
0,0,0,0,0,0,0,0,0,0,0,0,0,0,0,0,0,0,0,5,0,6,21,./Cleaned-Dataset/Normal/7a53ed77b99378e10c63e91d401b833d.php,normal
0,0,0,0,0,0,0,0,0,0,0,0,0,0,0,0,0,0,0,0,0,239,1019,./Cleaned-Dataset/Normal/7a6a3155325a21e390157758e810e969.php,normal
0,0,0,0,0,0,0,0,0,0,0,0,0,0,0,0,0,8,0,0,0,101,187,./Cleaned-Dataset/Normal/7a6b85e03f0204e4f792e051b574d683.php,normal
0,0,0,0,0,0,0,0,0,0,0,0,0,0,0,0,0,0,0,0,0,86,1352,./Cleaned-Dataset/Normal/7a9aab8d5f8b0f1ec74d4d9db5141d68.php,normal
0,0,0,0,0,0,0,0,0,0,0,0,0,0,0,0,0,0,0,0,0,177,625,./Cleaned-Dataset/Normal/7aae2c685fb780f839550b7cfe0fed87.php,normal
0,0,0,0,0,0,0,0,0,0,0,0,0,0,0,0,0,0,0,0,5,8,28,./Cleaned-Dataset/Normal/7af9ae88dbd1f7683681f010dca702f6.php,normal
0,0,0,0,0,0,0,0,0,0,0,0,1,2,6,0,0,0,0,0,1,34,149,./Cleaned-Dataset/Normal/7b1ecd946dd99da67ce0a867745aa003.php,normal
0,0,1,0,0,0,0,0,0,0,0,0,0,0,0,0,0,0,0,0,0,40,9,./Cleaned-Dataset/Normal/7b300d0b6b01e608ab9eacc64b6cea78.php,normal
0,0,0,0,0,0,0,0,0,0,0,0,0,0,0,0,0,0,0,0,0,5,48,./Cleaned-Dataset/Normal/7b6bb7d08a7e14403feedb5385d14a89.php,normal
0,0,0,0,0,0,0,0,0,0,0,0,0,0,0,0,0,0,0,0,0,23,441,./Cleaned-Dataset/Normal/7bc905a12ed6e627aca8f4a4c6c265a1.php,normal
0,0,1,0,0,0,0,0,0,0,0,0,0,0,0,0,0,1,0,0,0,62,1235,./Cleaned-Dataset/Normal/7bca66a5eee84582a3ea9705d8f7b2db.php,normal
0,0,0,0,0,0,0,0,0,0,0,0,0,0,0,0,0,0,0,0,0,240,701,./Cleaned-Dataset/Normal/7bd7633bf8447631edb888db6b63b6d9.php,normal
0,0,0,0,0,0,0,0,0,0,0,0,0,0,0,0,0,0,0,0,0,82,981,./Cleaned-Dataset/Normal/7bdbb0b2bcca8a1fc02bee6648bf5d32.php,normal
0,0,0,0,0,0,0,0,0,0,0,0,0,0,0,0,0,0,0,0,0,46,576,./Cleaned-Dataset/Normal/7bdc325f16bf63177f2a720f97162105.php,normal
0,0,0,0,0,0,0,0,0,0,0,0,0,0,0,0,0,0,0,0,0,13,59,./Cleaned-Dataset/Normal/7bfa65989a966cfe5faf09c34ed502d7.php,normal
0,0,0,0,0,0,0,0,0,0,0,0,2,6,0,0,0,6,0,4,1,1435,6889,./Cleaned-Dataset/Normal/7c01afaa92555804b217b33baa71f125.php,normal
0,0,0,0,0,0,0,0,0,0,0,0,0,0,0,0,0,0,0,0,0,87,380,./Cleaned-Dataset/Normal/7c2788e600de18a506ad63f13ad0109c.php,normal
0,0,0,0,0,0,0,0,0,0,0,0,0,0,0,0,0,0,0,0,0,5,233,./Cleaned-Dataset/Normal/7c5ba61858306998270b6e559c57f830.php,normal
0,0,0,0,0,0,0,0,0,0,0,0,8,0,0,0,0,2,0,0,0,83,735,./Cleaned-Dataset/Normal/7c67ff6b9445094bd31e5925e7733a89.php,normal
0,0,0,0,0,0,0,0,0,0,0,0,0,0,0,0,0,0,0,0,0,27,326,./Cleaned-Dataset/Normal/7c8243f8c2fe214cebb20f78b251a7b1.php,normal
0,0,0,0,0,0,0,0,0,0,0,0,0,0,0,0,0,0,0,0,0,1,6,./Cleaned-Dataset/Normal/7c959f470e3d26929309635735bf0f45.php,normal
0,0,0,0,0,0,0,0,0,0,0,0,0,0,0,0,0,0,0,0,0,7,109,./Cleaned-Dataset/Normal/7c9cf5f78b8446a2a3ee52a4c114bcae.php,normal
0,0,0,0,0,0,0,0,0,0,0,0,0,0,0,0,0,0,0,0,0,85,339,./Cleaned-Dataset/Normal/7ca57a6e01fea066a652e0dd07df2fd3.php,normal
0,0,0,0,0,0,0,0,0,0,0,0,0,0,0,0,0,0,0,0,1,2,11,./Cleaned-Dataset/Normal/7cb492260f22ee53816d96be3868be6d.php,normal
0,0,0,0,0,0,0,0,0,0,0,0,0,0,0,0,0,18,0,0,0,445,2149,./Cleaned-Dataset/Normal/7cb6fcfcb317c089d5955d33559f7f04.php,normal
0,0,0,0,0,0,0,0,0,0,0,0,0,0,0,0,0,0,0,0,0,0,34,./Cleaned-Dataset/Normal/7cc2ffaeea853a3ad1c7c4480c0cf2f1.php,normal
0,0,0,0,0,0,0,0,0,0,0,0,0,0,0,0,0,0,0,0,0,0,9,./Cleaned-Dataset/Normal/7cdf96336b208ef3ebc1acef4344176e.php,normal
0,0,0,0,0,0,0,0,0,0,0,0,0,0,0,0,0,0,0,0,0,1,10,./Cleaned-Dataset/Normal/7cee8bc54743ef1bc21b4cfbcc207ee1.php,normal
0,0,0,0,0,0,0,0,0,0,0,0,0,0,0,0,0,0,0,0,0,19,251,./Cleaned-Dataset/Normal/7cf1fbb8ff5085cc0328991676bf4f50.php,normal
0,0,0,0,0,0,0,0,0,0,0,0,0,0,0,0,0,0,0,0,0,56,217,./Cleaned-Dataset/Normal/7cfb5a51e2f3eb1561764994e8cb7a30.php,normal
0,0,0,0,0,0,0,0,0,0,0,0,0,0,0,0,0,0,0,0,0,1657,2772,./Cleaned-Dataset/Normal/7d05c59e044e6566b2023a25b85c1246.php,normal
0,0,0,0,0,0,0,0,0,0,0,0,0,0,0,0,0,0,0,0,0,96,855,./Cleaned-Dataset/Normal/7d15bd0196e7aa72bc6e8d413e9ce59a.php,normal
0,0,0,0,0,0,0,0,0,0,0,0,0,0,0,0,0,0,0,0,0,1,7,./Cleaned-Dataset/Normal/7d16a7dca71fe026a0bb9c8b8a3849bb.php,normal
0,0,0,0,0,0,0,0,0,0,0,0,1,0,0,0,0,0,0,0,0,212,508,./Cleaned-Dataset/Normal/7d573bfc1706ac3baabbd51a015e76d2.php,normal
0,0,0,0,0,0,0,0,0,0,0,0,0,0,0,0,8,0,0,0,0,18,201,./Cleaned-Dataset/Normal/7d5ac9260ad7e60278156999f7f1a8ee.php,normal
0,0,0,0,0,0,0,0,0,0,0,0,0,0,33,0,0,0,0,0,0,832,2433,./Cleaned-Dataset/Normal/7d81e49a4522b5de38234d698138a407.php,normal
0,0,0,0,0,0,0,0,0,0,0,0,0,0,0,0,0,0,0,0,0,75,459,./Cleaned-Dataset/Normal/7d97ee42514d738ec17fec8dcb34ab1a.php,normal
0,0,0,0,0,0,0,0,0,0,0,0,0,0,0,0,0,0,0,0,3,26,91,./Cleaned-Dataset/Normal/7db3a9a0e4deedff9b0a5b6653e92d22.php,normal
0,0,0,0,0,0,0,0,0,0,0,0,0,0,0,0,0,0,0,0,0,25,80,./Cleaned-Dataset/Normal/7dbe1fc1325c52fbb4f2a47c4f9ed5ce.php,normal
0,0,0,0,0,0,0,0,0,0,0,0,4,0,0,0,0,0,0,0,0,193,520,./Cleaned-Dataset/Normal/7dc46e89a65190ff4fcb48aa617c75c3.php,normal
0,0,0,0,0,0,0,0,0,0,0,0,0,0,0,0,0,0,0,0,0,32,303,./Cleaned-Dataset/Normal/7dcdb6ddae5b08c9359514ebbee6e188.php,normal
0,0,0,0,0,0,0,0,0,0,0,0,0,0,0,0,0,0,0,0,0,0,38,./Cleaned-Dataset/Normal/7de174ee8da00e773eb86e760f399421.php,normal
0,0,0,0,0,0,0,0,0,0,0,0,0,0,0,0,0,0,0,0,0,241,869,./Cleaned-Dataset/Normal/7dea506589362e02e4fed0bfbf4873a0.php,normal
0,0,0,0,0,0,0,0,0,0,0,0,0,0,0,0,0,0,0,0,0,34,155,./Cleaned-Dataset/Normal/7e1252340908eeaffcf5b00816199119.php,normal
0,0,0,0,0,0,0,0,0,0,0,0,0,0,0,0,0,0,0,0,0,176,925,./Cleaned-Dataset/Normal/7e4b7ca7f7d05b3d275befb3ac475bc4.php,normal
0,0,0,0,0,0,0,0,0,0,0,0,0,0,0,0,0,0,0,0,0,10,22,./Cleaned-Dataset/Normal/7e77faa31b9667de81a26caa671477dc.php,normal
0,0,0,0,0,0,0,0,0,0,0,0,0,0,0,0,0,0,0,0,0,145,984,./Cleaned-Dataset/Normal/7eba4fa0167ba16f48ee506ec436113c.php,normal
0,0,0,0,0,0,0,0,0,0,0,0,0,1,0,0,0,0,0,0,5,132,1587,./Cleaned-Dataset/Normal/7ebe72fa7dc490a3d883c781bfabc770.php,normal
0,0,0,0,0,0,0,0,0,0,0,0,0,0,0,0,0,8,0,0,0,14,15,./Cleaned-Dataset/Normal/7edf74eb11badfd9042374428c868b94.php,normal
0,0,0,0,0,0,0,0,0,0,0,0,0,0,0,0,0,0,0,0,0,29,274,./Cleaned-Dataset/Normal/7ef33f6e5744c4a738a8dc721e86059d.php,normal
0,0,0,0,0,0,0,0,0,0,0,0,0,0,11,0,0,0,0,0,0,107,638,./Cleaned-Dataset/Normal/7ef42f9374a5c66c9ea6ca476df851ed.php,normal
0,0,0,0,0,0,0,0,0,0,0,0,1,8,20,0,0,2,1,0,0,222,1085,./Cleaned-Dataset/Normal/7f02f4e96d69d5d36e01605dc4f71e7c.php,normal
0,0,0,0,0,0,0,0,0,0,0,0,0,0,0,0,0,0,0,0,0,16,9,./Cleaned-Dataset/Normal/7f03245d4274cafd064ddeead1c1d5b4.php,normal
0,0,0,0,0,0,0,0,0,0,0,0,0,0,0,0,0,0,0,0,0,31,170,./Cleaned-Dataset/Normal/7f44fac8cda37af32019dbb3a1a9f992.php,normal
0,0,1,0,0,0,0,0,0,0,0,0,0,0,0,0,0,0,0,0,0,218,675,./Cleaned-Dataset/Normal/7f695512ec0c4303ee961f92ad63fb33.php,normal
0,0,0,0,0,0,0,0,0,0,0,0,0,0,0,0,0,0,0,0,0,130,1067,./Cleaned-Dataset/Normal/7fb80be89fb848845ee333cfd9e0afa3.php,normal
0,0,0,0,0,0,0,0,0,0,0,0,0,2,2,0,0,0,0,0,0,26,321,./Cleaned-Dataset/Normal/7fd8e278dd4bbc3302ad3ac96fff8657.php,normal
0,0,0,0,0,0,0,0,0,0,0,0,0,0,0,0,0,0,0,0,0,41,525,./Cleaned-Dataset/Normal/7fdfb910a902bc11e2d93409fcf6f8f7.php,normal
0,0,0,0,0,0,0,0,0,0,0,0,0,0,0,0,0,0,0,0,0,4,24,./Cleaned-Dataset/Normal/7fe47c7c5ca9b187c664f2c0eef7fb44.php,normal
0,0,0,0,0,0,0,0,0,0,0,0,0,0,12,0,0,0,0,0,2,48,429,./Cleaned-Dataset/Normal/7ff1c91b2cd6883a515197e6eecefd37.php,normal
0,0,0,0,0,0,0,0,0,0,0,0,0,0,0,0,0,1,0,0,0,6,52,./Cleaned-Dataset/Normal/800a8e73c35e97a74c75fa609eb9e10a.php,normal
0,0,0,0,0,0,0,0,0,0,0,0,0,0,0,0,0,0,0,0,0,59,179,./Cleaned-Dataset/Normal/800cea61bffe6914b0f7f754c6dde203.php,normal
0,0,0,0,0,0,0,0,0,0,0,0,0,0,0,0,0,0,0,0,0,34,269,./Cleaned-Dataset/Normal/803a57a147aa468833371d6d8f075949.php,normal
0,0,0,0,0,0,0,0,0,0,0,0,0,0,0,0,0,0,0,0,0,54,414,./Cleaned-Dataset/Normal/8070ccddc9c2152e4b7fdf8ec03a8595.php,normal
0,0,0,0,0,0,0,0,0,0,0,0,0,0,0,0,0,0,0,0,0,63,575,./Cleaned-Dataset/Normal/80a9b16843f55ed78991f55971b84e10.php,normal
0,0,0,0,0,0,0,0,0,0,0,0,0,0,0,0,0,0,0,0,0,1,18,./Cleaned-Dataset/Normal/80ba4dd4ca249f489f8e2435c1d47755.php,normal
0,0,0,0,0,0,0,0,0,0,0,0,4,4,5,0,0,0,0,1,3,119,150,./Cleaned-Dataset/Normal/81002150a41ed70db103b5cc48967ffd.php,normal
0,0,0,0,0,0,0,0,0,0,0,0,0,0,0,0,0,0,0,0,0,21,138,./Cleaned-Dataset/Normal/8116cff8179ba16c332d55964182ceeb.php,normal
0,0,0,0,0,0,0,0,0,0,0,0,0,0,0,0,0,0,0,0,0,173,603,./Cleaned-Dataset/Normal/8124bef072d829c1cd7cdaf632b770c1.php,normal
0,0,0,0,0,0,0,0,0,0,0,0,0,0,0,0,0,0,0,0,0,168,1570,./Cleaned-Dataset/Normal/813dae1fb26ad35ac8ea1ea48fae356d.php,normal
0,0,0,0,0,0,0,0,0,0,0,0,0,0,0,0,0,0,0,0,1,4,22,./Cleaned-Dataset/Normal/814a68a54edbe49fb902e6e1b65e9ec1.php,normal
0,0,0,0,0,0,0,0,0,0,0,0,0,0,0,0,0,0,0,0,0,221,1175,./Cleaned-Dataset/Normal/814fb3afd5367e79f9bcbfa0f1300b0a.php,normal
0,0,0,2,0,0,0,0,0,0,0,0,0,0,0,0,0,0,0,0,0,91,655,./Cleaned-Dataset/Normal/815851131b0fbc88bfe2cb6566eb99eb.php,normal
0,0,0,1,0,0,0,0,0,0,0,0,0,0,0,0,0,0,0,0,0,445,355,./Cleaned-Dataset/Normal/815fdf9d2dde9c02548ca496bfc3ff29.php,normal
0,0,0,0,0,0,0,0,0,0,0,0,0,0,0,0,0,0,0,0,1,16,60,./Cleaned-Dataset/Normal/816230965a26a7d97c09893abac8aa60.php,normal
0,0,0,0,0,0,0,0,0,0,0,0,4,0,0,0,0,0,0,0,0,10,66,./Cleaned-Dataset/Normal/818633e50d444866f76273e48c42902c.php,normal
0,0,0,0,0,0,0,0,0,0,0,0,0,0,0,0,0,0,0,0,0,6,95,./Cleaned-Dataset/Normal/818c88a4f866d417fadb7d1907f7ab3e.php,normal
0,0,0,0,0,0,0,0,0,0,0,0,0,0,0,0,0,0,0,0,1,147,1162,./Cleaned-Dataset/Normal/81c09a8424e1f501304da29324a43351.php,normal
0,0,0,0,0,0,0,0,0,0,0,0,0,0,0,0,0,0,0,0,0,450,703,./Cleaned-Dataset/Normal/81c6c3e3b4748f08011218c4fd62026f.php,normal
0,0,0,0,0,0,0,0,0,0,0,0,0,0,0,0,0,0,0,0,0,22,147,./Cleaned-Dataset/Normal/81d92209542023b083dbe4b08567daaf.php,normal
0,0,0,0,0,0,0,0,0,0,0,0,0,0,0,0,0,0,0,0,0,12,90,./Cleaned-Dataset/Normal/81e8b407e6d42c54d3e491525c6354b7.php,normal
0,0,0,0,0,0,0,0,0,0,0,0,0,0,0,0,0,0,0,0,0,8,18,./Cleaned-Dataset/Normal/825327d46bc95bbb330274adbde94aeb.php,normal
0,0,0,0,0,0,0,0,0,0,0,0,0,0,0,0,0,0,0,0,0,1,11,./Cleaned-Dataset/Normal/8253d830c9c88b328b5c18e615f7ce61.php,normal
0,0,0,0,0,0,0,0,0,0,0,0,0,0,0,0,0,0,0,0,0,65,295,./Cleaned-Dataset/Normal/8256826afd57dfd586f96115d9736a48.php,normal
0,0,0,0,0,0,0,0,0,0,0,0,0,0,0,0,0,0,0,0,0,0,18,./Cleaned-Dataset/Normal/8265f34d1c0b856f652f6c8262d7dc05.php,normal
0,0,0,0,0,0,0,0,0,0,0,0,0,0,0,0,0,0,0,0,0,5,32,./Cleaned-Dataset/Normal/82715089cc86dadc74ba70bb65ea704d.php,normal
0,0,0,0,0,0,0,0,0,0,0,0,0,0,0,0,0,0,0,0,0,56,164,./Cleaned-Dataset/Normal/828f47bbf13a3c69c780519a37a2430f.php,normal
0,0,0,0,0,0,0,0,0,0,0,0,0,0,0,0,0,2,0,0,3,4,8,./Cleaned-Dataset/Normal/82d2d4f805d0c10eaef453c54f061ab5.php,normal
0,0,0,0,0,0,0,0,0,0,0,0,0,0,0,0,0,0,0,0,0,33,246,./Cleaned-Dataset/Normal/82d7425ac7d57024fd1e43cd1326b416.php,normal
0,0,0,0,0,0,0,0,0,0,0,0,0,0,0,0,0,0,0,0,0,30,230,./Cleaned-Dataset/Normal/82e67b6431f25432c1df3afdc6cb2f33.php,normal
0,0,0,0,0,0,0,0,0,0,0,0,0,0,0,0,0,0,0,0,0,0,21,./Cleaned-Dataset/Normal/82f6fcb5779975fc7edc26180f463d24.php,normal
0,0,0,0,0,0,0,0,0,0,0,0,0,0,0,0,0,0,0,0,0,18,9,./Cleaned-Dataset/Normal/82f8fd73aafee89776e3e8436245f7d4.php,normal
0,0,0,0,0,0,0,0,0,0,0,0,0,0,0,0,0,0,0,0,0,7,258,./Cleaned-Dataset/Normal/831459a4678850ef91d0adc218dc0306.php,normal
0,0,0,0,0,0,0,0,0,0,0,0,0,0,0,0,0,0,0,0,0,104,373,./Cleaned-Dataset/Normal/8351cc00d612c3680551e1c29c2f432b.php,normal
0,0,0,0,0,0,0,0,0,0,0,0,0,0,0,0,0,0,0,0,1,10,100,./Cleaned-Dataset/Normal/8353c1598d0b9c53685f01615c7249e2.php,normal
0,0,4,0,0,0,0,0,0,0,0,0,0,0,0,0,0,0,0,2,0,861,6332,./Cleaned-Dataset/Normal/835805e05668ef8e3d4f17dbd65dc61d.php,normal
0,0,0,0,0,0,0,0,0,0,0,0,0,0,0,0,0,0,0,0,0,11,220,./Cleaned-Dataset/Normal/8368838af0a6d3268e73d5839cd5218a.php,normal
0,0,0,0,0,0,0,0,0,0,0,0,0,0,0,0,0,0,0,0,0,117,385,./Cleaned-Dataset/Normal/836c9a38d3e2cd0105a027da2412617a.php,normal
0,0,0,0,0,0,0,0,0,0,0,0,0,0,0,0,0,0,0,0,4,58,381,./Cleaned-Dataset/Normal/841a005b2d0c3e26acea126ff11c2a6e.php,normal
0,0,0,0,0,0,0,0,0,0,0,0,0,0,0,0,0,1,0,0,3,68,128,./Cleaned-Dataset/Normal/841ed25068266345606f35134b060f5f.php,normal
0,0,0,0,0,0,0,0,0,0,0,0,0,0,0,0,0,0,0,0,0,15,99,./Cleaned-Dataset/Normal/8426818ed20f83bdefda81bb330a1200.php,normal
0,0,0,0,0,0,0,0,0,0,0,0,0,0,0,0,0,0,0,0,0,6,42,./Cleaned-Dataset/Normal/84473ab1fdcd23dfec1a517c1552e317.php,normal
0,0,0,0,0,0,0,0,0,0,0,0,0,0,0,0,0,0,0,0,0,2,32,./Cleaned-Dataset/Normal/847768840601e62bf52ec58828a6452a.php,normal
0,0,0,0,0,0,0,0,0,0,0,0,0,0,0,0,0,0,0,1,0,228,1221,./Cleaned-Dataset/Normal/8491f1b16a62dbcf6ea0593943e98a22.php,normal
0,0,0,0,0,0,0,0,0,0,0,0,0,0,46,0,0,0,0,1,1,87,550,./Cleaned-Dataset/Normal/84bc18a9d923e454f849ce514a0d7ff7.php,normal
0,0,0,0,0,0,0,0,0,0,0,0,0,0,0,0,0,0,0,0,0,5,245,./Cleaned-Dataset/Normal/84c67261dc7c08291a02ecfb2c2827db.php,normal
0,0,0,0,0,0,0,0,0,0,0,0,0,0,0,0,0,0,1,0,0,61,647,./Cleaned-Dataset/Normal/84cf801c423ec25264af590198d18d37.php,normal
0,0,0,0,0,0,0,0,0,0,0,0,0,0,0,0,0,0,0,0,1,19,86,./Cleaned-Dataset/Normal/85106eb8c14df14a533f2f58d2c92690.php,normal
1,2,0,0,0,0,0,0,0,0,0,0,0,0,0,0,0,0,0,4,0,270,1486,./Cleaned-Dataset/Normal/8511c18883ed28d09dca38c738a917a5.php,normal
0,0,0,0,0,0,0,0,0,0,0,0,0,0,0,0,0,0,0,0,0,33,378,./Cleaned-Dataset/Normal/8514514f69256336a356f36d205f3ff0.php,normal
0,0,0,0,0,0,0,0,0,0,0,0,0,0,0,0,0,0,0,0,0,53,557,./Cleaned-Dataset/Normal/853359867cd032ff83bd8777722900f7.php,normal
0,0,0,0,0,0,0,0,0,0,0,0,6,0,0,0,0,0,0,3,0,65,310,./Cleaned-Dataset/Normal/8542b246c511685076c45797c4dddc0c.php,normal
0,0,0,0,0,0,0,0,0,0,0,0,7,7,8,6,0,1,0,1,0,125,875,./Cleaned-Dataset/Normal/85558e2b327116d1cbb5512abe9498da.php,normal
0,0,0,0,0,0,0,0,0,0,0,0,0,0,0,0,0,0,0,0,0,5,37,./Cleaned-Dataset/Normal/85590a789967cf38969972b41781e8c0.php,normal
0,0,0,0,0,0,0,0,0,0,0,0,0,0,0,0,0,0,0,0,0,61,990,./Cleaned-Dataset/Normal/856be445864a925ed0a58a80b8037559.php,normal
0,0,0,0,0,0,0,0,0,0,0,0,0,12,15,0,0,0,0,0,0,96,732,./Cleaned-Dataset/Normal/8581cae28350145927caa5c74b89789d.php,normal
0,0,0,0,0,0,0,0,0,0,0,0,0,0,0,0,0,4,0,0,0,45,91,./Cleaned-Dataset/Normal/858d684ee05bc0034eda41a24dcfade0.php,normal
0,0,0,0,0,0,0,0,0,0,0,0,0,0,0,0,0,1,0,0,0,61,55,./Cleaned-Dataset/Normal/85905d5767d03c0361f5c8cb431c350a.php,normal
0,0,0,0,0,0,0,0,0,0,0,0,0,0,0,0,0,0,0,0,0,63,106,./Cleaned-Dataset/Normal/85aede72e93ba9ae71e18d12d78b03de.php,normal
0,0,0,0,0,0,0,0,0,0,0,0,0,0,0,0,0,0,0,0,0,0,28,./Cleaned-Dataset/Normal/85c623f1a43e07f3fc9454bba1a945b1.php,normal
0,0,0,0,0,0,0,0,0,0,0,0,0,0,0,0,0,0,0,0,0,66,279,./Cleaned-Dataset/Normal/85ed890e0727b1b0549b15d91961fe52.php,normal
0,0,0,0,0,0,0,0,0,0,0,0,0,0,0,0,0,0,0,1,1,32,136,./Cleaned-Dataset/Normal/86043ab04b12609dfbb59903f6288a5c.php,normal
0,0,0,0,0,0,0,0,0,1,0,0,3,0,0,0,0,0,0,0,0,140,1324,./Cleaned-Dataset/Normal/8657877386912df20d888f1443eaea02.php,normal
0,0,0,0,0,0,0,0,0,0,0,0,0,0,0,0,0,0,0,0,0,66,316,./Cleaned-Dataset/Normal/865b75c64673d9e9cf5fade9d016f4cf.php,normal
0,0,0,0,0,0,0,0,0,0,0,0,0,0,0,0,0,1,0,0,0,9,34,./Cleaned-Dataset/Normal/86622942a99091f30d3a1bfdfce6ed95.php,normal
0,0,0,0,0,0,0,0,0,0,0,0,0,0,0,0,0,0,0,0,0,41,51,./Cleaned-Dataset/Normal/867fd97261882615d83a2e724d7a48a7.php,normal
0,0,0,0,0,0,0,0,0,0,0,0,0,0,0,0,0,0,0,0,0,9,369,./Cleaned-Dataset/Normal/868864ec103ce7c2c0fd367651cc068b.php,normal
0,0,0,0,0,0,0,0,0,0,0,0,0,0,0,0,0,0,0,0,0,1,12,./Cleaned-Dataset/Normal/869b34c4430f67cb7a3f9cb5c1601245.php,normal
0,0,0,0,0,0,0,0,0,0,0,0,0,0,0,0,0,0,0,0,0,19,154,./Cleaned-Dataset/Normal/86d0addaf6c19271475691793ffedff2.php,normal
0,0,1,0,0,0,0,0,0,0,0,0,0,0,0,0,0,0,0,0,0,94,1767,./Cleaned-Dataset/Normal/86e3ab86cb2d9ba8d8bf495e3aab6006.php,normal
0,0,0,0,0,0,0,0,0,0,0,0,1,0,0,0,0,0,0,0,0,22,278,./Cleaned-Dataset/Normal/87149d1d6ad6f69619fe736860cd5bda.php,normal
0,0,0,0,0,0,0,0,0,0,0,0,0,0,0,0,0,0,0,0,0,39,271,./Cleaned-Dataset/Normal/87294c8ba46f850f974d3eff63efcb01.php,normal
0,0,0,0,0,0,0,0,0,0,0,0,0,0,0,0,0,0,0,0,0,2,146,./Cleaned-Dataset/Normal/872fd3fe7297e87ecfea7dacfcbeb9c9.php,normal
0,0,0,0,0,0,0,0,0,0,0,0,0,0,0,0,0,0,0,0,2,41,801,./Cleaned-Dataset/Normal/873cd53bf67a9b6ba0ac09773946327a.php,normal
0,0,0,0,0,0,0,0,0,0,0,0,0,0,0,0,0,0,0,0,0,6,42,./Cleaned-Dataset/Normal/8742cac708918a0d98192a60089338af.php,normal
0,0,0,0,0,0,0,0,0,0,0,0,0,0,0,0,0,0,0,0,0,1,12,./Cleaned-Dataset/Normal/8742f79c78d645d33abb8ab7f7df5b2e.php,normal
0,0,0,0,0,0,0,0,0,0,0,0,0,0,0,0,0,0,0,0,0,122,595,./Cleaned-Dataset/Normal/875139f2186e31f7d96e369fac071971.php,normal
0,0,0,0,0,0,0,0,0,0,0,0,0,0,0,0,0,0,0,0,0,87,728,./Cleaned-Dataset/Normal/875c2c7c4a3cd3ac9453b01458c0e5b0.php,normal
0,0,1,0,0,0,0,0,0,0,0,0,0,0,0,0,0,0,0,0,10,47,254,./Cleaned-Dataset/Normal/878595e91ef1477c8c315b085f73319a.php,normal
0,0,0,0,0,0,0,0,0,0,0,0,1,8,0,0,0,3,0,0,2,401,587,./Cleaned-Dataset/Normal/87a4148e6437f6d9bc1cef1ca1f6bb0a.php,normal
0,0,0,0,0,0,0,0,0,0,0,0,0,0,0,0,0,5,0,0,0,272,1597,./Cleaned-Dataset/Normal/87cc27d2c8e74b61b2abcbc263c9e903.php,normal
0,0,0,0,0,0,0,0,0,0,0,0,0,0,0,0,0,0,0,0,0,0,5,./Cleaned-Dataset/Normal/87d37d0ce0dcf410d7dde1ca180e808c.php,normal
0,0,0,0,0,0,0,0,0,0,0,0,0,0,9,0,0,1,0,0,3,36,225,./Cleaned-Dataset/Normal/87db35f13379ebe47b97a685c6225e72.php,normal
0,0,0,0,0,0,0,0,0,0,0,0,0,0,19,0,0,1,0,0,0,54,368,./Cleaned-Dataset/Normal/87e0d6160073fb950b7396a3da979d0b.php,normal
0,0,0,0,0,0,0,0,0,0,0,0,0,0,7,0,0,0,0,0,0,47,272,./Cleaned-Dataset/Normal/87e2bcba888ca7da902e23c640c8a298.php,normal
0,0,0,0,0,0,0,0,0,0,0,0,2,0,0,0,0,0,0,1,1,6,23,./Cleaned-Dataset/Normal/880520c485aaa648b3574b37055926b3.php,normal
0,0,0,0,0,0,0,0,0,0,0,0,0,0,0,0,0,1,0,0,1,45,371,./Cleaned-Dataset/Normal/880ae56e35b150b4b2c7e9d94227e81e.php,normal
0,0,0,0,0,0,0,0,0,0,0,0,0,0,0,0,0,1,0,0,0,3,8,./Cleaned-Dataset/Normal/880c0f3ebdef45564a7b3b1536ff212a.php,normal
0,0,0,0,0,0,0,0,0,0,0,0,0,0,0,0,0,0,0,0,0,84,438,./Cleaned-Dataset/Normal/8818c64128eede87d209e3e130f38a91.php,normal
0,0,0,0,0,0,0,0,0,0,0,0,0,0,0,0,0,0,0,0,0,5,76,./Cleaned-Dataset/Normal/883418f90f438f9aef32293f7cea3b06.php,normal
0,0,0,0,0,0,0,0,0,0,0,0,0,0,0,0,0,0,0,0,0,11,145,./Cleaned-Dataset/Normal/885f9c4e099be383f7968ba36449b0b7.php,normal
0,0,0,0,0,0,0,0,0,0,0,0,0,0,0,0,0,0,0,0,0,14,266,./Cleaned-Dataset/Normal/887c8ec9d75db146aace31dd8c142197.php,normal
0,0,0,0,0,0,0,0,0,0,0,0,0,0,0,0,0,0,0,0,0,6,125,./Cleaned-Dataset/Normal/888ba7b7736a0be2ef071450ef430647.php,normal
0,0,0,0,0,0,0,0,0,0,0,0,0,0,0,0,0,0,0,0,0,18,220,./Cleaned-Dataset/Normal/8896a7b15f528e05a4ccd05adc889037.php,normal
0,0,0,0,0,0,0,0,0,0,0,0,0,4,0,0,0,0,0,1,0,21,98,./Cleaned-Dataset/Normal/88a9e453c14ccb9efaeab6909e1ab588.php,normal
0,0,0,0,0,0,0,0,0,0,0,0,0,0,0,0,0,2,0,0,0,133,915,./Cleaned-Dataset/Normal/88c4fc757c52a19bd920332ea2530142.php,normal
0,0,0,0,0,0,0,0,0,0,0,0,0,0,0,0,0,0,0,0,0,147,1551,./Cleaned-Dataset/Normal/88ec019ef93381a9e342080b7e2589e9.php,normal
0,0,0,0,0,0,0,0,0,0,0,0,0,0,0,0,0,0,0,0,0,9,151,./Cleaned-Dataset/Normal/88eefec8d2c354ce52054a924691a3ec.php,normal
0,0,0,0,0,0,0,0,0,0,0,0,0,0,0,0,0,0,0,0,0,3,48,./Cleaned-Dataset/Normal/88f81463cc1bf363bae3718e803dbead.php,normal
0,0,2,0,0,0,0,0,0,0,0,0,0,0,3,0,0,0,0,0,0,78,249,./Cleaned-Dataset/Normal/894979562e9de6acb9057c0dde59fa01.php,normal
0,0,0,0,0,0,0,0,0,0,0,0,0,0,0,0,0,0,0,0,0,1,7,./Cleaned-Dataset/Normal/896036976242effa1c5203e1c0ae6d41.php,normal
0,0,0,0,0,0,0,0,0,0,0,0,0,0,2,0,0,1,0,0,1,5,46,./Cleaned-Dataset/Normal/8991be48ddea7baa9be8062ee87cf549.php,normal
0,0,0,0,0,0,0,0,0,0,0,0,0,0,0,0,0,0,0,0,0,13,226,./Cleaned-Dataset/Normal/899bf8f8dc6fec4c150b8d4bc168f24b.php,normal
0,0,0,0,0,0,0,0,0,0,0,0,1,0,2,0,0,0,0,0,0,113,616,./Cleaned-Dataset/Normal/89e1e44ae2087f298df8454aca2c993c.php,normal
0,0,0,0,0,0,0,0,0,0,0,0,0,0,0,0,0,0,0,0,0,3,42,./Cleaned-Dataset/Normal/89e55c880f0769781ecd71ce6b9967e0.php,normal
0,0,0,0,0,0,0,0,0,0,0,0,1,0,0,0,0,0,0,0,0,29,70,./Cleaned-Dataset/Normal/89fd7b2175c4559306ae5207c73c0c47.php,normal
0,0,0,0,0,0,0,0,0,0,0,0,0,0,0,0,0,0,0,0,0,67,1004,./Cleaned-Dataset/Normal/8a0bf6e2f7b5794f65c44b267794afe6.php,normal
0,0,0,0,0,0,0,0,0,0,0,0,0,0,0,0,0,0,0,0,0,6,18,./Cleaned-Dataset/Normal/8a0fe6395f1deae1f70e68f275b0f8a4.php,normal
0,0,0,0,0,0,0,0,0,0,0,0,0,0,0,0,0,0,0,0,0,73,455,./Cleaned-Dataset/Normal/8a33b1327f2a3e49747e540dd8b616f4.php,normal
0,0,0,0,0,0,0,0,0,0,0,0,0,0,0,0,0,0,0,0,0,0,20,./Cleaned-Dataset/Normal/8a78c23c798faa5df356707d3f5baeb6.php,normal
0,0,0,0,0,0,0,0,0,0,0,0,0,0,0,0,0,0,0,0,0,0,9,./Cleaned-Dataset/Normal/8a7e2e741b52144477fb1af74efa2842.php,normal
0,0,0,0,0,0,0,0,0,0,0,0,0,0,0,0,0,0,0,0,0,226,855,./Cleaned-Dataset/Normal/8a87bce2e85442c83491a1468f26acb8.php,normal
0,0,0,0,0,0,0,0,0,0,0,0,1,0,0,2,0,1,0,0,0,94,1879,./Cleaned-Dataset/Normal/8a914535c015330f2f9c6acf57c4a1bd.php,normal
0,0,0,0,0,0,0,0,0,0,0,0,0,0,0,0,0,0,0,0,0,0,10,./Cleaned-Dataset/Normal/8a927c1e5060a372e39698391b4f57db.php,normal
0,0,0,0,0,0,0,0,0,0,0,0,0,0,0,0,0,0,0,0,0,1,6,./Cleaned-Dataset/Normal/8ab4a8780fabf822c083e4cec21afa82.php,normal
0,0,0,0,0,0,0,0,0,0,0,0,0,0,0,0,0,0,0,0,0,0,23,./Cleaned-Dataset/Normal/8ac46541fd9df260a3d6fce0e702ef1b.php,normal
0,0,0,0,0,0,0,0,0,0,0,0,0,0,0,0,0,0,0,0,0,24,178,./Cleaned-Dataset/Normal/8ada135eab56143113a839521af8b8d1.php,normal
0,0,0,0,0,0,0,0,0,0,0,0,0,0,0,0,0,0,0,0,0,217,1254,./Cleaned-Dataset/Normal/8b0d019e8daa8702ebacd5ecb0ae7079.php,normal
0,0,0,0,0,0,0,0,0,0,0,0,0,0,0,0,0,0,0,0,0,178,3438,./Cleaned-Dataset/Normal/8b18d56f76b3cd1cc470a118d4be9912.php,normal
0,0,0,0,0,0,0,0,0,0,0,0,0,0,0,0,0,0,0,0,0,5,105,./Cleaned-Dataset/Normal/8bb0424dd73f64f287d9b904216c4789.php,normal
0,0,0,0,0,0,0,0,0,0,0,0,0,0,0,0,0,0,0,0,0,74,308,./Cleaned-Dataset/Normal/8bcb79f42e5efdf77d0270143131b2f2.php,normal
0,0,0,0,0,0,0,0,0,0,0,0,0,0,0,0,0,1,0,0,0,99,1131,./Cleaned-Dataset/Normal/8bf1acbbf271526cde582037b648c4c3.php,normal
0,0,0,2,0,0,0,0,0,0,0,0,0,0,0,0,0,0,0,0,0,7,37,./Cleaned-Dataset/Normal/8bfeebb228edc8e06798bf90c33a5718.php,normal
0,0,0,0,0,0,0,0,0,0,0,0,0,1,0,0,0,0,0,0,0,5,42,./Cleaned-Dataset/Normal/8c01b1fd9f3f9ba885670a0a65bfefb7.php,normal
0,0,0,0,0,0,0,0,0,0,0,0,0,0,0,0,0,0,0,0,0,265,766,./Cleaned-Dataset/Normal/8c02be88030cb28a7f6ec9daac5ae61a.php,normal
0,0,0,0,0,0,0,0,0,0,0,0,0,0,0,0,0,0,0,0,0,141,1333,./Cleaned-Dataset/Normal/8c384dc95e16107a25f078633082a007.php,normal
0,0,0,0,0,0,0,0,0,0,0,0,0,0,0,0,0,0,1,0,0,73,1000,./Cleaned-Dataset/Normal/8c38b846d27f533ca19a4f16bef43e59.php,normal
0,0,0,0,0,0,0,0,0,0,0,0,0,0,0,0,0,0,0,0,0,4,5,./Cleaned-Dataset/Normal/8c490ce6e34beb29a18e0a2f85383aa0.php,normal
0,0,0,0,0,0,0,0,0,0,0,0,0,0,0,0,0,0,0,0,0,4,195,./Cleaned-Dataset/Normal/8c498bc63d8c2cac1d2b8566c8e55b31.php,normal
0,0,1,0,0,0,0,0,0,0,0,0,0,0,0,0,0,0,0,0,0,308,1498,./Cleaned-Dataset/Normal/8c4bad6b48eca879111deb9812ff1c72.php,normal
0,0,0,0,0,0,0,0,0,0,0,0,0,0,0,0,0,0,0,0,0,8,56,./Cleaned-Dataset/Normal/8c5417f8272de19943c6cbbd1700276d.php,normal
0,0,0,0,0,0,0,0,0,0,0,0,0,0,0,0,0,0,0,0,0,0,17,./Cleaned-Dataset/Normal/8c57564a4f0a629df66f2ef48683f940.php,normal
0,0,0,0,0,0,0,0,0,0,0,0,10,0,20,0,0,2,0,0,0,408,2358,./Cleaned-Dataset/Normal/8c58eb7444bf625c184aa4a0205c8d29.php,normal
0,0,0,0,0,0,0,0,0,0,0,0,0,0,0,0,0,0,0,0,0,33,116,./Cleaned-Dataset/Normal/8c7b6e6ce174ffb09df6522824bacdf6.php,normal
0,0,0,0,0,0,0,0,0,0,0,0,0,0,0,0,0,0,0,0,0,0,17,./Cleaned-Dataset/Normal/8c7f77e8a98cec8126588bec6eab5d38.php,normal
0,0,0,0,0,0,0,0,0,0,0,0,0,0,0,0,0,0,0,0,0,1,34,./Cleaned-Dataset/Normal/8c8aa94dbe63e6b86a401c72f46e7931.php,normal
0,0,0,0,0,0,0,0,0,0,0,0,0,0,0,0,0,0,0,0,0,2,21,./Cleaned-Dataset/Normal/8c9e03e61860ef342420f318a643dc1a.php,normal
0,0,0,0,0,0,0,0,0,0,0,0,0,0,0,0,0,9,0,1,0,1190,4986,./Cleaned-Dataset/Normal/8ca9fc07693b0944a86abeb155d7f262.php,normal
0,0,0,0,0,0,0,0,0,0,0,0,0,0,0,0,0,0,0,0,0,3,20,./Cleaned-Dataset/Normal/8cd592b50c1748c475ee95876aecfd2d.php,normal
0,0,0,0,0,0,0,0,0,0,0,0,0,0,0,0,0,0,0,0,0,222,659,./Cleaned-Dataset/Normal/8cda65bd2bdbd6b66b2c66021164986c.php,normal
0,0,0,0,0,0,0,0,0,0,0,0,0,0,0,0,0,0,0,0,0,55,367,./Cleaned-Dataset/Normal/8ce3e7af3d9d147c9be9c8b4164af039.php,normal
0,0,0,0,0,0,0,0,0,0,0,0,0,0,0,0,0,0,0,0,0,14,397,./Cleaned-Dataset/Normal/8d00043bc343c3c64d83fee3554de9d0.php,normal
0,0,0,0,0,0,0,0,0,0,0,0,0,0,0,0,0,0,0,0,0,1,7,./Cleaned-Dataset/Normal/8d0e5c1c48d0478610817dd9cee89783.php,normal
0,0,0,0,0,0,0,0,0,0,0,0,0,0,0,0,0,0,0,0,0,52,243,./Cleaned-Dataset/Normal/8d44479bfb9ee3ff77304027427d750d.php,normal
0,0,0,0,0,0,0,0,0,0,0,0,0,0,1,0,0,0,0,0,0,64,239,./Cleaned-Dataset/Normal/8d50db50499deee3e154b444f8f102e1.php,normal
0,0,0,0,0,0,0,0,0,0,0,0,0,0,0,0,0,0,0,0,0,11,120,./Cleaned-Dataset/Normal/8d77a8af56bcc1524f960c8a3a3cdfb3.php,normal
0,0,0,0,0,0,0,0,0,0,0,0,0,0,0,0,0,0,0,0,0,0,20,./Cleaned-Dataset/Normal/8d7f6b5376342a6540e59af5b6d85488.php,normal
0,0,0,0,0,0,0,0,0,0,0,0,0,0,0,0,0,0,0,0,0,212,341,./Cleaned-Dataset/Normal/8d94946cab945505fa1d2273ea587225.php,normal
0,0,0,0,0,0,0,0,0,0,0,0,0,0,0,0,0,0,0,0,0,11,182,./Cleaned-Dataset/Normal/8db4e8b406a8a94cf9e00fe5fd752f1f.php,normal
0,0,0,0,0,0,0,0,0,0,0,0,0,0,0,0,0,0,0,0,0,109,171,./Cleaned-Dataset/Normal/8dba2a0a7930497050a05e81801f4266.php,normal
0,0,0,0,0,0,0,0,0,0,0,0,0,0,0,0,0,0,0,0,0,190,741,./Cleaned-Dataset/Normal/8dd63e83013a21e5b4dfd42ff6a477c1.php,normal
0,0,0,0,0,0,0,0,0,0,0,0,0,0,0,0,0,0,0,0,0,81,672,./Cleaned-Dataset/Normal/8de5ac78634a20080f119746d02a6565.php,normal
0,0,0,0,0,0,0,0,0,0,0,0,0,0,0,0,0,0,0,0,0,105,1086,./Cleaned-Dataset/Normal/8e1c01f30f344baa3c9fbc77e67a0461.php,normal
0,0,0,0,0,0,0,0,0,0,0,0,4,2,2,0,0,0,0,2,1,101,313,./Cleaned-Dataset/Normal/8e44bda5d7fea8979f621b9de219a68e.php,normal
0,0,0,0,0,0,0,0,0,0,0,0,0,0,0,0,0,0,0,0,0,1,125,./Cleaned-Dataset/Normal/8e456750298bbfcd9c32f42941ebffdf.php,normal
0,0,0,0,0,0,0,0,0,0,0,0,0,0,0,0,0,0,0,0,0,40,257,./Cleaned-Dataset/Normal/8e6036199d7e99194c75b74eae6a555c.php,normal
0,0,0,0,0,0,0,0,0,0,0,0,0,0,0,0,0,0,0,0,0,18,53,./Cleaned-Dataset/Normal/8e697838d8521bcb298992f231a54e1f.php,normal
0,0,0,0,0,0,0,0,0,0,0,0,0,0,0,0,0,0,0,0,0,24,44,./Cleaned-Dataset/Normal/8e947dcdfe693d58eec7d51ca60a4a70.php,normal
0,0,0,0,0,0,0,0,0,0,0,0,0,0,0,0,0,0,0,0,0,32,380,./Cleaned-Dataset/Normal/8ec657de83f9d13cbc2f0da8da6da13e.php,normal
0,0,0,0,0,0,0,0,0,0,0,0,0,0,0,0,0,0,0,0,0,52,462,./Cleaned-Dataset/Normal/8ed44082cdca4f66469d3d518623b0e5.php,normal
0,0,0,0,0,0,0,0,0,0,0,0,0,0,0,0,0,8,0,0,0,103,288,./Cleaned-Dataset/Normal/8ed9a64273d6c338e0f2ecbe3a76b401.php,normal
0,0,0,0,0,0,0,0,0,0,0,0,0,0,0,0,0,0,0,0,0,26,225,./Cleaned-Dataset/Normal/8edf307fd7f750875af506ba46c03bd5.php,normal
0,0,0,0,0,0,0,0,0,0,0,0,0,0,0,0,0,1,0,0,0,220,1256,./Cleaned-Dataset/Normal/8ef2f8e7093dd873ed983c5c607db8d2.php,normal
0,0,0,0,0,0,0,0,0,0,0,0,0,0,0,0,0,0,0,0,0,23,234,./Cleaned-Dataset/Normal/8ef5926baae586dd9425294fa26f6e2a.php,normal
0,0,0,0,0,0,0,0,0,0,0,0,0,0,0,0,0,0,0,0,1,14,53,./Cleaned-Dataset/Normal/8ef706e80a6b78289dfe29f543c419fa.php,normal
0,0,0,0,0,0,0,0,0,0,0,0,0,0,0,0,0,0,0,0,0,5,48,./Cleaned-Dataset/Normal/8efb06fe0408b358ed8962574b2098d7.php,normal
0,0,0,0,0,0,0,0,0,0,0,0,0,0,0,0,0,0,0,0,0,0,6,./Cleaned-Dataset/Normal/8f1d2e428bc80d43c694db9ef86e5e80.php,normal
0,0,1,0,0,0,0,0,0,0,0,0,0,0,0,0,0,0,0,0,0,18,208,./Cleaned-Dataset/Normal/8f3e703bd4fd93f8aab652fbdedafa90.php,normal
0,0,0,0,0,0,0,0,0,0,0,0,0,0,13,0,0,0,0,0,0,158,579,./Cleaned-Dataset/Normal/8f4a1e661c0c35e71a27c5794b6253cb.php,normal
1,0,1,0,0,0,0,0,0,0,0,0,0,0,0,0,0,0,0,0,0,23,736,./Cleaned-Dataset/Normal/8f51def4aa01371b81abc2351ed4d1b4.php,normal
0,0,0,0,0,0,0,0,0,0,0,0,0,0,0,0,0,0,0,0,0,68,415,./Cleaned-Dataset/Normal/8f6c64e6f3d1bd2843649e463bdfe64e.php,normal
0,0,0,0,0,0,0,0,0,0,0,0,0,0,0,0,0,0,0,0,0,1,47,./Cleaned-Dataset/Normal/8f9905dcd804611ba30e037c4e9e637e.php,normal
0,0,0,0,0,0,0,0,0,0,0,0,0,0,0,0,0,0,0,0,0,1,227,./Cleaned-Dataset/Normal/8fa678ef442d18f106fbd822fe11fcb1.php,normal
0,0,0,0,0,0,0,0,0,0,0,0,0,0,0,7,0,1,0,0,0,428,3419,./Cleaned-Dataset/Normal/8fda6c4045f233ea1af0711436e2fe75.php,normal
0,0,0,0,0,0,0,0,0,0,0,0,0,0,0,0,0,7,0,0,0,100,152,./Cleaned-Dataset/Normal/900c8afb983e80a9c80cee3ffae29564.php,normal
0,0,0,0,0,0,0,0,0,0,0,0,0,0,0,0,0,1,0,0,0,9,271,./Cleaned-Dataset/Normal/902900680a59d05b4be177a72384089e.php,normal
0,0,2,0,0,0,0,0,0,0,0,0,0,0,13,0,0,0,0,0,0,432,1815,./Cleaned-Dataset/Normal/90344742ea49d186ade4f5b11ade0a3a.php,normal
0,0,0,0,0,0,0,0,0,0,0,0,0,0,0,0,0,0,0,0,0,96,473,./Cleaned-Dataset/Normal/90556ce87c5637ab1f928870dc097cbb.php,normal
0,0,0,0,0,0,0,0,0,0,0,0,0,0,0,0,0,0,0,0,0,1,39,./Cleaned-Dataset/Normal/907cd4d9e5e97c8563f6c77b28961d11.php,normal
0,0,0,0,0,0,0,0,0,0,0,0,0,0,0,0,0,0,0,0,0,6,42,./Cleaned-Dataset/Normal/90859196beffc38092d1c0d01ebce76f.php,normal
0,0,0,0,0,0,0,0,0,0,0,0,0,0,0,0,0,1,0,1,1,13,48,./Cleaned-Dataset/Normal/9092d16bc311faf04f6838df7a18e4f2.php,normal
0,0,0,0,0,0,0,0,0,0,0,0,0,0,0,0,0,0,0,0,0,9,372,./Cleaned-Dataset/Normal/909ad58ee52b1472cbc14ec415dacace.php,normal
0,0,0,0,0,0,0,0,0,0,0,0,0,0,3,0,0,0,0,0,0,22,331,./Cleaned-Dataset/Normal/90a4582b0dbcf44ee0bceed79d063889.php,normal
0,0,4,0,0,0,0,0,0,0,0,0,0,0,0,0,0,0,0,0,0,162,711,./Cleaned-Dataset/Normal/90ab783a5b21f04a6464457de0b5a24a.php,normal
0,0,0,0,0,0,0,0,0,0,0,0,0,1,0,0,0,1,0,0,0,236,2055,./Cleaned-Dataset/Normal/90cd854d856d93962a3cf214e0b1a344.php,normal
1,0,1,0,0,0,0,0,0,0,0,0,0,0,0,0,0,0,0,0,0,7,221,./Cleaned-Dataset/Normal/90e6daf85d6d0d6956692bd49033ed38.php,normal
0,0,0,0,0,0,0,0,0,0,0,0,2,2,0,2,0,0,0,0,0,571,963,./Cleaned-Dataset/Normal/90eff1c696ef219126347ce74410cdeb.php,normal
0,0,0,0,0,0,0,0,0,0,0,0,0,0,0,0,0,3,0,0,0,25,55,./Cleaned-Dataset/Normal/90f5567536f510135fb1ecfc44234340.php,normal
0,0,1,0,0,0,0,0,0,0,0,0,0,2,0,0,0,0,0,1,0,988,2581,./Cleaned-Dataset/Normal/90f616d82ac354b236741a2b4a25dc92.php,normal
0,0,0,0,0,0,0,0,0,0,0,0,0,0,0,0,0,0,0,0,0,22,193,./Cleaned-Dataset/Normal/9121ac72fe1d7d7c3138f8126a916d72.php,normal
0,0,1,0,0,0,0,0,0,0,0,0,0,0,0,0,0,1,0,0,0,41,411,./Cleaned-Dataset/Normal/9135e347109f29bb18f6c844cf109eb5.php,normal
0,0,0,0,0,0,0,0,0,0,0,0,0,0,0,0,0,0,0,0,0,3,30,./Cleaned-Dataset/Normal/91af4ea07c5e6769f885c70573098142.php,normal
0,0,0,0,0,0,0,0,0,0,0,0,0,0,0,0,0,0,0,0,0,155,854,./Cleaned-Dataset/Normal/91bc215f9c0b3d1a4cc8148d171ca755.php,normal
0,0,0,0,0,0,0,0,0,0,0,0,0,0,0,0,0,0,0,0,0,151,555,./Cleaned-Dataset/Normal/91bdeca90cd135372514048c3fbbeefb.php,normal
0,0,0,0,0,0,0,0,0,0,0,0,0,0,0,0,0,0,0,0,0,71,305,./Cleaned-Dataset/Normal/91c996978179a4887709f27a2dcc5e87.php,normal
0,0,0,0,0,0,0,0,0,0,0,0,0,0,0,0,0,0,0,0,0,13,72,./Cleaned-Dataset/Normal/91cb7eee39cd0b15ae109920891d201e.php,normal
0,0,0,0,0,0,0,0,0,0,0,0,0,0,0,0,0,0,0,0,0,0,6,./Cleaned-Dataset/Normal/91ce6c2804a7689dfc5f76e586c01e7c.php,normal
0,0,0,0,0,0,0,0,0,0,0,0,0,0,0,0,0,0,0,0,0,4,35,./Cleaned-Dataset/Normal/9234efacad7071d29a4b3b881b371a34.php,normal
0,0,0,0,0,0,0,0,0,0,0,0,0,0,0,0,0,0,0,0,0,68,1645,./Cleaned-Dataset/Normal/923d1b9b560024b14a9a6bc723584528.php,normal
0,0,0,0,0,0,0,0,0,0,0,0,0,0,0,0,0,0,0,0,0,10,81,./Cleaned-Dataset/Normal/925ea6c24f55ff2cd09de79640191c62.php,normal
0,0,0,0,0,0,0,0,0,0,0,0,2,2,4,0,0,0,0,2,1,112,431,./Cleaned-Dataset/Normal/92810e440e01af78b686b414b025371d.php,normal
0,0,0,0,0,0,0,0,0,0,0,0,0,0,0,0,0,0,0,0,0,1,6,./Cleaned-Dataset/Normal/928f01c86baf4d17aa8d3d64b5c2abd4.php,normal
0,0,0,0,0,0,0,0,0,0,0,0,0,0,0,0,0,0,0,0,0,0,34,./Cleaned-Dataset/Normal/929b3a8c91df7d0439f5b1e6add44b6d.php,normal
0,0,0,0,0,0,0,0,0,0,0,0,0,0,0,0,0,0,0,0,0,6,43,./Cleaned-Dataset/Normal/933e0c86c47f02306246106421f19517.php,normal
0,0,0,0,0,0,0,0,0,0,0,0,0,0,0,0,0,0,0,0,0,0,5,./Cleaned-Dataset/Normal/93519c98470fc8240aed892b40c5a9fc.php,normal
0,0,0,0,0,0,0,0,0,0,0,0,0,0,0,0,0,0,0,0,0,15,92,./Cleaned-Dataset/Normal/93580ce8e8ff5e0ccf0c475e9304baca.php,normal
0,0,0,0,0,0,0,0,0,0,0,0,0,0,0,0,0,0,0,0,1,389,2503,./Cleaned-Dataset/Normal/93e60f1fd732a959bf87ff6b4913cc0b.php,normal
0,0,0,0,0,0,0,0,0,0,0,0,0,0,0,0,0,0,0,0,0,10,48,./Cleaned-Dataset/Normal/93eaa2049a6099b24a59d74cc0c3f88a.php,normal
0,0,0,0,0,0,0,0,0,0,0,0,0,0,0,0,0,0,0,0,0,124,363,./Cleaned-Dataset/Normal/93eec64e6985f4e06b030aff09ba0031.php,normal
0,0,0,0,0,0,0,0,0,0,0,0,0,0,0,0,0,0,0,0,0,2,17,./Cleaned-Dataset/Normal/9413f96bdc923ed676c9f0b916ce12a8.php,normal
0,0,0,0,0,0,0,0,0,0,0,0,0,0,0,0,0,0,0,0,0,28,124,./Cleaned-Dataset/Normal/9414efa751bc184d75609523763b082a.php,normal
0,0,0,0,0,0,0,0,0,0,0,0,0,0,0,0,0,0,0,0,0,4,110,./Cleaned-Dataset/Normal/9430d6e63b75d4c79c7e73f66cdf48a3.php,normal
0,0,0,0,0,0,0,0,0,0,0,0,0,0,0,0,0,1,0,0,0,61,55,./Cleaned-Dataset/Normal/9433fcd89554edfe089be419766731d7.php,normal
0,0,1,0,0,0,0,0,0,0,0,0,0,0,0,0,0,0,0,1,0,47,202,./Cleaned-Dataset/Normal/943d3da3dd055ac381fb41063b668877.php,normal
0,0,0,0,0,0,0,0,0,0,0,0,0,0,0,0,0,0,0,0,0,238,779,./Cleaned-Dataset/Normal/94593d9f46a3e45fe75ed0487bf38bac.php,normal
0,0,0,0,0,0,0,0,0,0,0,0,0,0,0,0,0,0,0,0,0,76,302,./Cleaned-Dataset/Normal/9462a7564b57ff50cc00d2b13dc9a9e9.php,normal
0,0,0,0,0,0,0,0,0,0,0,0,0,0,0,0,0,0,0,0,0,5,37,./Cleaned-Dataset/Normal/94731c134aa747fc7d2da22c1be5a51d.php,normal
0,0,0,0,0,0,0,0,0,0,0,0,0,0,0,0,0,0,0,0,0,61,426,./Cleaned-Dataset/Normal/947352bef4df6cf08eac03cd12256579.php,normal
0,0,0,1,0,0,0,0,0,0,0,0,0,0,0,0,0,0,0,1,0,127,1282,./Cleaned-Dataset/Normal/9496f96562e5c5ff63a57255735cba30.php,normal
0,0,0,0,0,0,0,0,0,0,0,0,0,0,0,0,0,0,0,0,0,206,1273,./Cleaned-Dataset/Normal/94a27036bb3a238c524ba2ab0adb2db1.php,normal
0,0,0,0,0,0,0,0,0,0,0,0,0,0,0,0,0,0,0,0,0,1,7,./Cleaned-Dataset/Normal/94eafae35ea3159c83533a803dfc7d35.php,normal
0,0,0,0,0,0,0,0,0,0,0,0,0,0,0,0,0,0,0,0,0,36,284,./Cleaned-Dataset/Normal/94fc8c6dedca67449a3c7393c439fa15.php,normal
0,0,0,0,0,0,0,0,0,0,0,0,0,0,0,0,0,0,0,0,0,2,223,./Cleaned-Dataset/Normal/950cde33c1b14dd83f77a7e1466a2b5c.php,normal
0,0,0,0,0,0,0,0,0,0,0,0,0,0,0,0,0,0,0,0,0,19,154,./Cleaned-Dataset/Normal/955ff88ae10a5f08d7f9cd0217e4e3e7.php,normal
0,0,0,0,0,0,0,0,0,0,0,0,0,0,0,0,0,0,0,0,0,13,85,./Cleaned-Dataset/Normal/956ed725dc611d20ac36597ccc08bf5f.php,normal
0,0,0,0,0,0,0,0,0,0,0,0,2,2,2,0,0,6,0,1,4,1008,5970,./Cleaned-Dataset/Normal/958c738cfae8f3bf55b1bd43fdb385fc.php,normal
0,0,0,0,0,0,0,0,0,0,0,0,0,0,0,0,0,0,0,1,1,2,8,./Cleaned-Dataset/Normal/95b7d47ed7134912270f8d3059100e8c.php,normal
0,0,0,0,0,0,0,0,0,0,0,0,0,0,0,0,0,0,0,0,0,22,165,./Cleaned-Dataset/Normal/95b86eb30308404ab780180f638ec317.php,normal
0,0,1,0,0,0,0,0,0,0,0,0,0,0,0,0,0,1,0,0,0,79,764,./Cleaned-Dataset/Normal/95cb3ccddd2f71aff268dc0e0ca7acd1.php,normal
0,0,0,0,0,0,0,0,0,0,0,0,0,0,0,0,0,0,0,0,0,16,191,./Cleaned-Dataset/Normal/95d2558b6231fff35eacd9087ea1447d.php,normal
0,0,0,0,0,0,0,0,0,0,0,0,0,0,9,0,0,0,0,0,2,55,403,./Cleaned-Dataset/Normal/95e342e30b5587b4f8ea0403bd6b6f39.php,normal
0,0,0,0,0,0,0,0,0,0,0,0,0,0,0,0,0,0,0,0,1,159,340,./Cleaned-Dataset/Normal/95eff104bd5f9b31b0e7cdb98462ac22.php,normal
0,0,0,0,0,0,0,0,0,0,0,0,0,0,0,0,0,1,0,0,18,148,990,./Cleaned-Dataset/Normal/960f85d634a5820bf2b514ccf6ecc327.php,normal
0,0,0,0,0,0,0,0,0,0,0,0,0,0,0,0,0,0,0,0,0,4,88,./Cleaned-Dataset/Normal/96116f6f5597e6dffbd8b991bc7b69ed.php,normal
0,0,0,3,0,0,0,0,0,0,0,0,0,0,0,0,0,0,0,0,0,5,86,./Cleaned-Dataset/Normal/96422760e88102a4f026fb7b75df3ff1.php,normal
0,0,0,0,0,0,0,0,0,0,0,0,0,0,0,0,0,0,0,0,0,0,35,./Cleaned-Dataset/Normal/964d0094790e9f7a19d3df24649cfe1f.php,normal
0,0,0,0,0,0,0,0,0,0,0,0,2,0,0,0,0,0,0,1,1,6,23,./Cleaned-Dataset/Normal/96916972466a6272f5f92c1532f5930f.php,normal
0,0,0,0,0,0,0,0,0,0,0,0,0,0,0,0,0,0,0,0,0,0,31,./Cleaned-Dataset/Normal/969ff3d75bea9847743e48df6ae8958a.php,normal
0,0,1,0,0,0,0,0,0,0,0,0,0,0,0,0,0,0,0,0,0,5,91,./Cleaned-Dataset/Normal/96b66cee17383a206355ebb6470fdcdc.php,normal
0,0,0,0,0,0,0,0,0,0,0,0,0,0,0,0,0,0,0,0,0,10,31,./Cleaned-Dataset/Normal/96d4ef65f6124cceb42c7988272eb6f7.php,normal
0,0,0,0,0,0,0,0,0,0,0,0,0,0,0,0,0,0,0,0,0,24,96,./Cleaned-Dataset/Normal/96d75e87944380311546047915d6cb6c.php,normal
0,0,0,0,0,0,0,0,0,0,0,0,0,0,0,0,0,0,0,0,0,31,89,./Cleaned-Dataset/Normal/96e3d460ed7dd528b0a74cc740f28e39.php,normal
0,0,1,0,0,0,0,0,0,0,0,0,0,0,28,0,0,0,3,0,0,1926,10742,./Cleaned-Dataset/Normal/96f1505a1e792e4dcc6a62fe7c3a4186.php,normal
0,0,0,0,0,0,0,0,0,0,0,0,0,0,0,0,0,0,0,0,0,68,832,./Cleaned-Dataset/Normal/97553c1f619b82b4b93abfbce9fcbe26.php,normal
0,0,0,0,0,0,0,0,0,0,0,0,0,23,0,0,2,0,0,0,0,415,1131,./Cleaned-Dataset/Normal/9757bb91ddeec3316f493fe4d66a9c8b.php,normal
0,0,0,0,0,0,0,0,0,0,0,0,0,0,0,0,0,0,0,0,0,242,1022,./Cleaned-Dataset/Normal/9766e9525b00ffdf868fad36255888dd.php,normal
0,0,0,0,0,0,0,0,0,0,0,0,0,0,0,0,0,0,0,0,0,5,67,./Cleaned-Dataset/Normal/97843c1251eacefbeaaff27b4ed01210.php,normal
0,0,0,0,0,0,0,0,0,0,0,0,0,0,0,0,0,0,0,0,0,176,637,./Cleaned-Dataset/Normal/97c1a5eb55e0d0fda651c76f84d65f81.php,normal
0,0,0,0,0,0,0,0,0,0,0,0,0,0,0,0,0,0,0,0,0,0,2,./Cleaned-Dataset/Normal/97da733ab3bc559241e0b8dede1889fa.php,normal
0,0,0,0,0,0,0,0,0,0,0,0,0,0,4,0,0,0,0,0,0,136,873,./Cleaned-Dataset/Normal/97e9d758148d1f1490eff5d4787c041b.php,normal
0,0,0,0,0,0,0,0,0,0,0,0,0,0,0,0,0,0,0,0,0,3,24,./Cleaned-Dataset/Normal/97ee60d528562ad702dcf68632b74a11.php,normal
0,0,0,0,0,0,0,0,0,0,0,0,0,0,0,0,0,0,0,0,0,28,237,./Cleaned-Dataset/Normal/97faa3fbf6f7429a748db48706a7b4c0.php,normal
0,0,0,0,0,0,0,0,0,0,0,0,0,0,0,0,0,0,0,0,0,18,346,./Cleaned-Dataset/Normal/98097aa28921567d8d5031e064c3c85b.php,normal
0,0,0,0,0,0,0,0,0,0,0,0,0,0,0,0,0,0,0,0,0,55,354,./Cleaned-Dataset/Normal/98164ea5f7cdd7bd5e0676ff0c42e35f.php,normal
0,0,0,0,0,0,0,0,0,0,0,0,0,0,0,0,0,0,0,0,0,138,781,./Cleaned-Dataset/Normal/984ae9785440b8b4f0bb8db5dd777db5.php,normal
0,0,0,0,0,0,0,0,0,0,0,0,0,0,0,0,0,0,0,0,0,57,697,./Cleaned-Dataset/Normal/985057b6ab3dbb13c261056ada942d8c.php,normal
0,0,0,0,0,0,0,0,0,0,0,0,0,0,0,0,0,0,0,0,0,112,1106,./Cleaned-Dataset/Normal/985481b86763fb924ab207011833f84d.php,normal
0,0,0,0,0,0,0,0,0,0,0,0,0,0,0,0,0,0,0,0,0,84,436,./Cleaned-Dataset/Normal/987cee42147c24570f2caeb5ea065fab.php,normal
0,0,0,0,0,0,0,0,0,0,0,0,0,0,0,0,0,0,0,0,0,4,174,./Cleaned-Dataset/Normal/9886ad80fe3c2a3273fac031ac838a47.php,normal
0,0,0,0,0,0,0,0,0,0,0,0,0,0,0,0,0,0,0,0,0,3,20,./Cleaned-Dataset/Normal/98895a371850d6ed8b2d204190724502.php,normal
0,0,0,0,0,0,0,0,0,0,0,0,0,0,0,0,0,0,0,0,0,123,336,./Cleaned-Dataset/Normal/988d1538518c27b5c9adffe0357e612e.php,normal
0,0,0,0,0,0,0,0,0,0,0,0,0,0,0,0,0,2,1,0,0,1198,7222,./Cleaned-Dataset/Normal/98a3fff8eb50996f378918d50d764179.php,normal
0,0,0,0,0,0,0,0,0,0,0,0,0,0,0,0,0,0,0,0,0,20,280,./Cleaned-Dataset/Normal/98b5a3be7a118b3095a11ce70ff530dc.php,normal
0,0,0,0,0,0,0,0,0,0,0,0,0,0,0,0,0,0,0,0,0,7,63,./Cleaned-Dataset/Normal/990378ff9108fbee8dfe823cd299e61f.php,normal
0,0,0,0,0,0,0,0,0,0,0,0,0,0,0,0,0,0,0,0,0,1,85,./Cleaned-Dataset/Normal/990fb417c400f24eeb62fb7f64ef25dc.php,normal
0,0,0,0,0,0,0,0,0,0,0,0,0,0,0,0,0,0,0,0,0,33,170,./Cleaned-Dataset/Normal/993424de73e7f3fccb387d2364a6e52f.php,normal
0,0,0,0,0,0,0,0,0,0,0,0,0,0,0,0,0,0,0,0,0,12,10,./Cleaned-Dataset/Normal/993f7bd4607853d3905cbdb68e27331d.php,normal
0,0,0,0,0,0,0,0,0,0,0,0,0,1,17,0,0,2,0,0,0,118,666,./Cleaned-Dataset/Normal/99a256759a8580241a5c7db6e3c762ed.php,normal
0,0,0,0,0,0,0,0,0,0,0,0,0,0,17,0,0,0,0,0,1,73,335,./Cleaned-Dataset/Normal/99cefe332d6ed47388792136c06f87c1.php,normal
0,0,0,0,0,0,0,0,0,0,0,0,0,0,0,0,0,0,0,0,0,74,2571,./Cleaned-Dataset/Normal/99e462e99bf3762a6c01decc3e75201d.php,normal
0,0,0,0,0,0,0,0,0,0,0,0,0,0,0,0,0,0,0,0,0,1,7,./Cleaned-Dataset/Normal/99e7d732e4e254e4b8e6a4d324fabe06.php,normal
0,0,0,0,0,0,0,0,0,0,0,0,0,0,0,0,0,0,0,1,1,2,8,./Cleaned-Dataset/Normal/99ec00da8d914b4efd2098a3e44ebe2d.php,normal
0,0,0,0,0,0,0,0,0,0,0,0,0,0,0,0,0,0,0,0,0,0,7,./Cleaned-Dataset/Normal/99f864a4ebfc221a331ca9f1a38c042c.php,normal
0,0,0,0,0,0,0,0,0,0,0,0,0,0,0,0,0,0,0,0,0,41,15,./Cleaned-Dataset/Normal/99fa83c9be0576c8dcefe59d3939c0ee.php,normal
0,0,0,0,0,0,0,0,0,0,0,0,0,0,0,0,0,0,0,0,1,1,11,./Cleaned-Dataset/Normal/9a05b49740dfcdaf4516851b623606e4.php,normal
0,0,0,0,0,0,0,0,0,0,0,0,16,8,11,0,0,2,0,0,6,240,898,./Cleaned-Dataset/Normal/9a21e7369c8fee6c1eff47820ef9f5e2.php,normal
0,0,0,0,0,0,0,0,0,0,0,0,0,0,0,0,0,0,0,0,0,11,63,./Cleaned-Dataset/Normal/9a3488eb86e111d3f2a19b1eb9ec7a14.php,normal
0,0,0,0,0,0,0,0,0,0,0,0,0,0,0,0,0,0,0,0,0,103,385,./Cleaned-Dataset/Normal/9a7601d6ec04eec304b59c2fab8076c9.php,normal
0,0,0,0,0,0,0,0,0,0,0,0,0,0,0,0,0,0,0,0,0,36,187,./Cleaned-Dataset/Normal/9a7a4facc0d8d43583abf6131b63d636.php,normal
0,0,0,0,0,0,0,0,0,0,0,0,0,23,0,0,0,0,0,0,0,192,1853,./Cleaned-Dataset/Normal/9a81d29c523ef03baba180b8ec511446.php,normal
0,0,0,0,0,0,0,0,0,0,0,0,0,0,0,0,0,0,0,0,0,0,64,./Cleaned-Dataset/Normal/9a915696a83332e1be25741faa82806d.php,normal
0,0,0,0,0,0,0,0,0,0,0,0,0,0,0,0,0,1,0,0,0,100,1117,./Cleaned-Dataset/Normal/9aaa657adfb682677253dd7049fe2b78.php,normal
0,0,0,0,0,0,0,0,0,0,0,0,0,0,0,0,0,0,0,0,0,64,669,./Cleaned-Dataset/Normal/9aab4af314edfe2f98ca69db317f392e.php,normal
0,0,0,0,0,0,0,0,0,0,0,0,0,0,0,0,0,0,0,0,0,80,457,./Cleaned-Dataset/Normal/9ac598dffede1645b149a4ba210c442e.php,normal
0,0,0,0,0,0,0,0,0,0,0,0,0,0,0,0,0,0,0,0,0,93,1388,./Cleaned-Dataset/Normal/9b0b99e01b6df0dedebd5732ad618f2b.php,normal
0,0,0,0,0,0,0,0,0,0,0,0,0,0,0,0,0,0,0,0,0,1,6,./Cleaned-Dataset/Normal/9b0f35b7712746f35035738be5cb3958.php,normal
0,0,0,0,0,0,0,0,0,0,0,0,2,0,0,0,0,0,0,0,0,15,745,./Cleaned-Dataset/Normal/9b5388f5aee50c51a40070e60cef44ea.php,normal
0,0,0,0,0,0,0,0,0,0,0,0,0,1,46,0,0,1,0,0,0,543,4053,./Cleaned-Dataset/Normal/9b562996b224eef745ce7534c170b629.php,normal
0,0,0,0,0,0,0,0,0,0,0,0,0,0,0,0,0,0,0,0,0,1,6,./Cleaned-Dataset/Normal/9b7a11821982292038ed1c560af1d179.php,normal
0,0,0,0,0,0,0,0,0,0,0,0,0,0,0,0,0,0,0,0,0,1,11,./Cleaned-Dataset/Normal/9bfb0d9b1999171339a4d56fafbcf94c.php,normal
0,0,0,0,0,0,0,0,0,0,0,0,0,0,0,0,0,0,0,0,0,44,244,./Cleaned-Dataset/Normal/9bfb6528b44cacfc568924290389da47.php,normal
0,0,1,0,0,0,0,0,0,0,3,0,0,1,3,11,0,3,0,0,0,447,3826,./Cleaned-Dataset/Normal/9c14fc0740bad6a642f1bd69c4d47ece.php,normal
0,0,0,0,0,0,0,0,0,0,0,0,0,0,0,0,0,0,0,0,0,14,76,./Cleaned-Dataset/Normal/9c53fd375ba6e397151acc3ef87dcfe5.php,normal
0,0,0,0,0,0,0,0,0,0,0,0,0,1,10,0,0,0,0,0,0,112,503,./Cleaned-Dataset/Normal/9c5748f8c30e51423e93d54b4ae9962f.php,normal
0,0,0,0,0,0,0,0,0,0,0,0,0,3,0,0,19,0,0,0,0,109,459,./Cleaned-Dataset/Normal/9c8889ad8ccfe51b8f2ed4768f709f61.php,normal
0,0,0,0,0,0,0,0,0,0,0,0,0,0,0,0,0,0,0,0,0,8,81,./Cleaned-Dataset/Normal/9cb1a92a74b10bcdf84b9c524f767d2f.php,normal
0,0,0,0,0,0,0,0,0,0,0,0,0,0,0,0,0,0,0,0,0,104,235,./Cleaned-Dataset/Normal/9ce44bd1eb41b3ac26a62460c9f5eda1.php,normal
0,0,0,0,0,0,0,0,0,0,0,0,0,0,0,0,0,0,0,0,0,1,7,./Cleaned-Dataset/Normal/9cff0acad35ac5395fd0d02e72dfc439.php,normal
0,0,0,0,0,0,0,0,0,0,0,0,0,0,0,0,0,1,0,0,0,71,435,./Cleaned-Dataset/Normal/9d0b51612103ad67cef88c380170845d.php,normal
0,0,0,0,0,0,0,0,0,0,0,0,0,0,0,0,0,0,0,0,0,36,35,./Cleaned-Dataset/Normal/9d1f8a14d9a7c2898788fbeed3877d03.php,normal
0,0,0,0,0,0,0,0,0,0,0,0,0,0,0,0,0,0,0,0,0,5,10,./Cleaned-Dataset/Normal/9d3107bfece4a06af54b90e4cf391fe2.php,normal
0,0,0,0,0,0,0,0,0,0,0,0,0,0,0,0,0,0,0,0,0,0,9,./Cleaned-Dataset/Normal/9d688604cd8efec5f01674aeb8814ee1.php,normal
0,0,0,0,0,0,0,0,0,0,0,0,0,0,0,0,0,0,0,0,2,10,47,./Cleaned-Dataset/Normal/9d71a150ae29c2870bedbfe2be4fc9e3.php,normal
0,0,0,0,0,0,0,0,0,0,0,0,0,0,0,0,0,0,0,0,0,74,448,./Cleaned-Dataset/Normal/9d7aa63926d1b7b074bdcbcc6dd98320.php,normal
0,0,0,0,0,0,0,0,0,0,0,0,0,0,0,0,0,0,0,0,0,28,406,./Cleaned-Dataset/Normal/9d7e400c209991490735ece5f70a2adb.php,normal
0,0,0,0,0,0,0,0,0,0,0,0,0,0,0,0,0,0,0,0,0,6,35,./Cleaned-Dataset/Normal/9d809a5936ecb1670c123db2ded76b7e.php,normal
0,0,0,0,0,0,0,0,0,0,0,0,0,0,0,0,0,0,0,0,0,0,8,./Cleaned-Dataset/Normal/9db2a0b58272e5105756ed16ee81c618.php,normal
0,0,0,0,0,0,0,0,0,0,0,0,0,0,0,0,0,0,0,0,0,0,111,./Cleaned-Dataset/Normal/9dc1d3ac7ddabd408e55561d79899a54.php,normal
0,0,0,0,0,0,0,0,0,0,0,0,0,0,0,0,0,5,0,0,0,51,515,./Cleaned-Dataset/Normal/9dd3dd1c0f4b0b468240f77c1be92d1f.php,normal
0,0,0,0,0,0,0,0,0,0,0,0,0,0,0,0,0,0,0,0,0,29,160,./Cleaned-Dataset/Normal/9de65f1dba690e0e6c21a453d9acd7c9.php,normal
0,0,0,0,0,0,0,0,0,0,0,0,2,23,4,0,0,0,0,0,4,269,979,./Cleaned-Dataset/Normal/9df0aabe8f72516bb651e1f200fbb6c1.php,normal
0,0,0,0,0,0,0,0,1,0,0,0,0,0,0,0,0,0,0,0,0,215,1766,./Cleaned-Dataset/Normal/9e08ee91e80a51d95084f9c42b7bcda8.php,normal
0,0,0,0,0,0,0,0,0,0,0,0,0,12,0,0,0,0,0,0,0,81,949,./Cleaned-Dataset/Normal/9e29574a59b476fcea9bc165633eaca9.php,normal
0,0,0,0,0,0,0,0,0,0,0,0,0,0,0,0,0,0,0,0,0,45,92,./Cleaned-Dataset/Normal/9e2d4e1f851ce0b64aecd7af9c8a16eb.php,normal
0,0,0,0,0,0,0,0,0,0,0,0,0,0,0,0,0,2,1,2,1,101,784,./Cleaned-Dataset/Normal/9e42e31b4e0d7f584f7686ee50dd44f3.php,normal
0,0,0,0,0,0,0,0,0,0,0,0,0,0,0,0,0,0,0,0,0,88,391,./Cleaned-Dataset/Normal/9e67d0ff3d6ec54f1fe16b9750a7f34f.php,normal
0,0,0,4,0,0,0,0,0,0,0,0,0,0,0,0,0,0,0,0,0,43,429,./Cleaned-Dataset/Normal/9e68bfda822b88c47aa24d72c9d42ab5.php,normal
0,0,0,0,0,0,0,0,0,0,0,0,0,0,0,0,0,4,0,0,0,2665,10150,./Cleaned-Dataset/Normal/9e7d7b5fc5f7593b61ef7b2ebe43721a.php,normal
0,0,0,0,0,0,0,0,0,0,0,0,0,0,4,0,0,0,0,0,0,19,503,./Cleaned-Dataset/Normal/9e8599cb34e4628f382bd9dfda08bded.php,normal
0,0,0,0,0,0,0,0,0,0,0,0,0,0,0,0,0,0,0,0,0,174,497,./Cleaned-Dataset/Normal/9e9944b2293c0b9ef0b36d3dcd217077.php,normal
0,0,1,0,0,0,0,0,0,0,0,0,0,0,0,0,0,2,0,2,2,190,1194,./Cleaned-Dataset/Normal/9e9e06dc3247725effefb6690f194ac8.php,normal
0,0,0,0,0,0,0,0,0,0,0,0,0,0,0,0,0,0,0,0,0,65,272,./Cleaned-Dataset/Normal/9ea1e68caee16ae773a2fa8ba259eafa.php,normal
0,0,0,0,0,0,0,0,0,0,0,0,0,0,0,0,0,0,0,0,0,34,144,./Cleaned-Dataset/Normal/9ec09cb15418a8687d912153757022b7.php,normal
0,0,0,0,0,0,0,0,0,0,0,0,0,0,0,0,0,0,0,0,0,256,348,./Cleaned-Dataset/Normal/9efec3ff8ebba2ff2ffe5417780eccad.php,normal
0,0,0,0,0,0,0,0,0,0,0,0,0,0,0,0,0,0,0,0,0,3,27,./Cleaned-Dataset/Normal/9f262ed9e34103f4836ecba449be089a.php,normal
0,0,0,0,0,0,0,0,0,0,0,0,0,0,0,0,0,0,0,0,0,1,10,./Cleaned-Dataset/Normal/9f293ccef9afa08a43d470b302c7fca8.php,normal
0,0,0,0,0,0,0,0,0,0,0,0,0,0,0,0,0,0,0,0,0,31,419,./Cleaned-Dataset/Normal/9f527acd7897eb8836f9a8e4bacf04ba.php,normal
0,0,0,0,0,0,0,0,0,0,0,0,0,0,0,0,0,0,0,0,0,1,10,./Cleaned-Dataset/Normal/9f57bb5a3e3af02282ecfa98e2a763f8.php,normal
0,0,0,0,0,0,0,0,0,0,0,0,5,5,2,0,0,2,0,0,3,217,747,./Cleaned-Dataset/Normal/9f6d7ff5c750b42154b44afeb42d6157.php,normal
0,0,0,0,0,0,0,0,0,0,0,0,0,0,0,0,0,0,0,0,0,3,15,./Cleaned-Dataset/Normal/9f727796ade4750f6faa805b17293744.php,normal
0,0,0,0,0,0,0,0,0,0,0,0,0,0,0,0,0,0,0,0,0,45,625,./Cleaned-Dataset/Normal/9f8b1e4e902638d9ba5feecdbc488d79.php,normal
0,0,0,0,0,0,0,0,0,0,0,0,0,0,0,0,2,0,0,0,0,148,894,./Cleaned-Dataset/Normal/9fa64cb32ce1463f1d74d9d488e124ea.php,normal
0,0,0,0,0,0,0,0,0,0,0,0,0,0,0,0,0,0,0,0,0,0,19,./Cleaned-Dataset/Normal/9faa1ed3bf7d35ec7178986bbd3e5d31.php,normal
0,0,0,0,0,0,0,0,0,0,0,0,0,0,0,0,0,0,0,0,0,11,246,./Cleaned-Dataset/Normal/9fc459b868a8d1f94a53045c2119851a.php,normal
0,0,0,0,0,0,0,0,0,0,0,0,0,0,0,0,0,0,0,0,0,1651,9466,./Cleaned-Dataset/Normal/9fd633aee92ea8ab4488ef198cf5a83d.php,normal
0,0,0,0,0,0,0,0,0,0,0,0,0,0,0,0,0,0,0,0,0,631,2503,./Cleaned-Dataset/Normal/9fe98b0e573ce62ea76c2a0c67e825d3.php,normal
0,0,1,0,0,0,0,0,0,0,0,0,0,0,0,0,0,0,0,0,0,1,9,./Cleaned-Dataset/Normal/9ff6acee32f371eae98d59d66719ea06.php,normal
0,0,0,0,0,0,0,0,0,0,0,0,0,0,0,0,0,0,0,0,0,46,116,./Cleaned-Dataset/Normal/9ffe1dfd85d519124fa3ce13168373be.php,normal
0,0,0,0,0,0,0,0,0,0,0,0,0,0,0,0,0,0,0,0,0,14,89,./Cleaned-Dataset/Normal/a027d3d451e8ad1f9b981b81ba050f2a.php,normal
0,0,0,0,0,0,0,0,0,0,0,0,0,0,0,0,0,0,0,0,1,12,91,./Cleaned-Dataset/Normal/a03515c6925dc843b643309225431f1c.php,normal
0,0,0,0,0,0,0,0,0,0,0,0,0,0,0,0,0,1,0,0,0,10,28,./Cleaned-Dataset/Normal/a03d886a5cb61be5464f300ac84dc15a.php,normal
0,0,0,0,0,0,0,0,0,0,0,0,0,0,0,0,0,0,0,0,0,54,780,./Cleaned-Dataset/Normal/a048540ad9ef752c457dbc6b374e2448.php,normal
0,0,0,0,0,0,0,0,0,0,0,0,0,0,0,0,0,0,0,0,0,7,127,./Cleaned-Dataset/Normal/a05c4cca5b46f35cc5ca277e7e832c76.php,normal
0,0,0,0,0,0,0,0,0,0,0,0,0,0,0,0,0,0,0,0,0,9,80,./Cleaned-Dataset/Normal/a086a6efd9a9ed9cd230f7abbe2d7551.php,normal
0,0,0,0,0,0,0,0,0,0,0,0,0,0,0,0,0,0,0,0,0,173,274,./Cleaned-Dataset/Normal/a088cf182349da4c74137da1c059e532.php,normal
0,0,0,0,0,0,0,0,0,0,0,0,0,0,0,0,0,1,0,0,0,269,1777,./Cleaned-Dataset/Normal/a09fdd1de6b3cfb189e921c7289df3db.php,normal
0,0,0,0,0,0,0,0,0,0,0,0,0,0,0,0,0,0,0,0,0,1,7,./Cleaned-Dataset/Normal/a0b6836bd1565a7299c643fb176b213f.php,normal
0,0,0,0,0,0,0,0,0,0,0,0,0,0,0,0,0,0,0,0,0,35,457,./Cleaned-Dataset/Normal/a0bc791aadab93f70bbd436230e96710.php,normal
0,0,0,0,0,0,0,0,0,0,0,0,0,0,0,1,0,0,0,0,0,9,359,./Cleaned-Dataset/Normal/a0c77a8843c496d75c43d60bc4f16276.php,normal
0,0,0,0,0,0,0,0,0,0,0,0,2,5,12,0,0,4,1,0,1,398,1289,./Cleaned-Dataset/Normal/a0ca29dfe6637ed80c791ff226fd9388.php,normal
0,0,0,0,0,0,0,0,0,0,0,0,0,0,0,0,0,0,0,0,0,3,99,./Cleaned-Dataset/Normal/a0cce50828a39537ed885908587a3461.php,normal
0,0,0,0,0,0,0,0,0,0,0,0,0,0,0,0,0,0,0,0,0,7,67,./Cleaned-Dataset/Normal/a0e22ab5a615866a30401109709be7f9.php,normal
0,0,0,0,0,0,0,0,0,0,0,0,0,0,0,0,0,0,0,0,0,49,525,./Cleaned-Dataset/Normal/a0f34fc911f6f5261d40e721949cd8da.php,normal
0,0,0,0,0,0,0,0,0,0,0,0,0,0,0,0,0,0,0,0,0,12,665,./Cleaned-Dataset/Normal/a0fad8956bfc6a4455861f1a9b9a20d2.php,normal
0,0,0,0,0,0,0,0,1,0,0,0,5,7,0,5,0,3,0,0,0,235,3229,./Cleaned-Dataset/Normal/a12d132c577e2f29bb6aa915441ec65a.php,normal
0,0,0,0,0,0,0,0,0,0,0,0,0,0,0,0,0,0,0,0,0,1,14,./Cleaned-Dataset/Normal/a130450d06d4a9a564c132ec37197955.php,normal
0,0,1,0,0,0,0,0,0,0,0,0,0,0,0,0,0,0,0,0,0,121,1192,./Cleaned-Dataset/Normal/a15a9e503125f6334d09a46a8a12caab.php,normal
0,0,0,0,0,0,0,0,0,0,0,0,0,0,0,0,0,0,0,0,0,0,25,./Cleaned-Dataset/Normal/a16964a8ca9b8aa73b7fbf8f00108f0b.php,normal
0,0,0,0,0,0,0,0,0,0,0,0,0,0,0,0,0,1,1,0,0,75,260,./Cleaned-Dataset/Normal/a171fe52a1d88f513a35a9e1f3fff56d.php,normal
0,0,0,0,0,0,0,0,0,0,0,0,0,0,0,0,0,0,0,0,0,46,103,./Cleaned-Dataset/Normal/a17aee006a556b2c4d3d06ab0cfa082b.php,normal
0,0,0,0,0,0,0,0,0,0,0,0,0,0,0,0,0,0,0,0,0,751,525,./Cleaned-Dataset/Normal/a1888f03a76351970a0cee38533514a8.php,normal
0,0,0,0,0,0,0,0,0,0,0,0,0,0,0,0,0,0,0,0,0,3,46,./Cleaned-Dataset/Normal/a18a1aa3a0838691709e644b741d123f.php,normal
0,0,0,0,0,0,0,0,0,0,0,0,0,0,0,0,0,0,0,0,0,138,2294,./Cleaned-Dataset/Normal/a198b96947cddcc48fcc09e4ec210e04.php,normal
0,0,0,0,0,0,0,0,0,0,0,0,0,0,0,0,0,1,0,0,0,400,1730,./Cleaned-Dataset/Normal/a1b32d366420f9a7172e45bd81b9dfcd.php,normal
0,0,0,0,0,0,0,0,0,0,0,0,0,0,0,0,0,0,0,1,1,2,8,./Cleaned-Dataset/Normal/a1be54253e72acd96ce6317127e5a5c0.php,normal
0,0,0,0,0,0,0,0,0,0,0,0,0,0,0,0,0,0,0,2,0,4,24,./Cleaned-Dataset/Normal/a1fb8dab912be6d96734bb2f3a8587f3.php,normal
0,0,0,0,0,0,0,0,0,0,0,0,0,0,0,0,0,0,0,0,1,2,10,./Cleaned-Dataset/Normal/a21d278e00ca7dccfe3a81d4e386afa9.php,normal
0,0,0,0,2,0,0,0,0,0,0,0,0,0,0,0,0,3,0,1,0,196,2106,./Cleaned-Dataset/Normal/a221daa767aeaf1d187d27e4b7479cf2.php,normal
0,0,0,0,0,0,0,0,0,0,0,0,0,0,0,0,0,0,0,0,0,3,99,./Cleaned-Dataset/Normal/a22afbf59cdcea337439557a85a7c578.php,normal
0,0,0,0,0,0,0,0,0,0,0,0,0,0,0,0,0,1,0,0,0,65,592,./Cleaned-Dataset/Normal/a22b6b2d5bcd0708c584bcb1ff33341c.php,normal
0,0,0,0,0,0,0,0,0,0,0,0,0,0,0,0,0,0,0,0,0,17,139,./Cleaned-Dataset/Normal/a23f4a18668925b56351331a1665f274.php,normal
0,0,0,0,0,0,0,0,0,0,0,0,0,0,0,0,0,0,0,0,0,1585,2463,./Cleaned-Dataset/Normal/a2674b8fe66b1370b63ea09bbe7d3412.php,normal
0,0,0,0,0,0,0,0,0,0,0,0,0,0,0,0,0,0,0,0,0,14,72,./Cleaned-Dataset/Normal/a26cf51b0d7fd46c1e7771e2d21ff7bb.php,normal
0,0,0,0,0,0,0,0,0,0,0,0,0,0,0,0,0,0,0,0,0,1,15,./Cleaned-Dataset/Normal/a27a57ae9e0856fa67eee2167b315590.php,normal
0,0,0,0,0,0,0,0,0,0,0,0,1,1,1,0,0,7,3,123,4,167,796,./Cleaned-Dataset/Normal/a27c63830f22436d5d36c467ab8068d3.php,normal
0,0,6,0,0,0,0,0,0,0,0,0,0,0,0,0,0,0,0,0,0,59,502,./Cleaned-Dataset/Normal/a2ba460daf73375b0c1b5e17a5969c20.php,normal
0,0,0,0,0,0,0,0,0,0,0,0,0,0,0,0,0,0,0,0,0,10,180,./Cleaned-Dataset/Normal/a2c188f81375b5ec2ef4423dbc5bda01.php,normal
0,0,0,0,0,0,0,0,0,0,0,0,0,0,0,0,0,0,0,0,0,43,170,./Cleaned-Dataset/Normal/a2d4aac6c53fe025804b092742ce17a0.php,normal
0,0,0,0,0,0,0,0,0,0,0,0,0,0,0,0,0,2,0,0,0,144,1073,./Cleaned-Dataset/Normal/a2f98a600c0a4ab6503276d6692d2a06.php,normal
0,0,0,0,0,0,0,0,0,0,0,0,0,0,0,0,0,0,0,0,0,7,1196,./Cleaned-Dataset/Normal/a30b41a3e435d1b680e39e81c56b4496.php,normal
0,0,2,0,0,0,0,0,0,0,0,0,0,0,0,0,0,0,0,0,0,430,2245,./Cleaned-Dataset/Normal/a315334b17ba266f2010cc41e3f88a7d.php,normal
0,0,0,0,0,0,0,0,0,0,0,0,0,0,0,0,0,0,0,0,0,2,46,./Cleaned-Dataset/Normal/a320a1a6af5e05f9c263abdd889e3dd2.php,normal
0,0,0,0,0,0,0,0,0,0,0,0,0,0,0,0,0,0,0,0,0,205,1302,./Cleaned-Dataset/Normal/a3228cb32caba133a14b5b706032d66f.php,normal
0,0,0,0,0,0,0,0,0,0,0,0,0,0,0,0,0,0,0,0,0,30,301,./Cleaned-Dataset/Normal/a32b7f4c4580d11da16b9fd3427b1327.php,normal
0,0,0,0,0,0,0,0,0,0,0,0,0,0,0,0,0,0,0,0,0,4,85,./Cleaned-Dataset/Normal/a36fc44a8fccec7fe35e1105e66a3e8b.php,normal
0,0,0,0,0,0,0,0,0,0,0,0,0,0,0,0,0,0,0,0,0,58,364,./Cleaned-Dataset/Normal/a372ed31612f210a51be52dbb54e8886.php,normal
0,0,0,1,0,0,0,0,0,0,0,0,0,0,0,0,0,0,0,0,0,37,204,./Cleaned-Dataset/Normal/a39f46e8ddfe0a7884f1f70c4c1a5cd8.php,normal
0,0,0,0,0,0,0,0,0,0,0,0,0,0,0,0,0,0,0,0,0,13,113,./Cleaned-Dataset/Normal/a3a05b73e275286d1d5d59c347d750d4.php,normal
0,0,0,0,0,0,0,0,0,0,0,0,0,0,0,0,0,0,0,0,0,10,152,./Cleaned-Dataset/Normal/a3abd4521d488d6b7c5f7a383f061526.php,normal
0,0,0,2,0,0,0,0,0,0,0,0,0,0,0,0,0,0,0,0,0,58,346,./Cleaned-Dataset/Normal/a3b72dd9a2509e4a60a6c2fb20fb8f11.php,normal
0,0,0,0,0,0,0,0,0,0,0,0,0,0,0,0,0,0,0,0,0,4,32,./Cleaned-Dataset/Normal/a3b85770bb5f315113ef338fb119674b.php,normal
0,0,0,0,0,0,0,0,0,0,0,0,3,3,0,0,3,0,0,0,0,107,1412,./Cleaned-Dataset/Normal/a3bdf45c613dda9601bc1fe84dd279ba.php,normal
0,0,0,0,0,0,0,0,0,0,0,0,0,0,0,0,0,0,0,0,0,19,236,./Cleaned-Dataset/Normal/a3d2d8ac78474db1d154eadb2c6127f9.php,normal
0,0,0,0,0,0,0,0,0,0,0,0,0,0,0,0,0,0,0,0,0,59,411,./Cleaned-Dataset/Normal/a3ee2aa4a94592edd196e07b6b81aabb.php,normal
0,0,0,0,0,0,0,0,0,0,0,0,0,0,0,0,0,0,0,0,0,0,23,./Cleaned-Dataset/Normal/a3ee88482e46b5d6c692fc1fa5f0f24b.php,normal
0,0,0,0,0,0,0,0,0,0,0,0,0,0,0,0,0,0,0,0,0,2,33,./Cleaned-Dataset/Normal/a3fae10c3c15bca4dd482fe7ddaef833.php,normal
0,0,0,0,0,0,0,0,0,0,0,0,0,0,0,0,0,0,0,0,0,0,24,./Cleaned-Dataset/Normal/a41bf8df75ca15d099cc51565ef00235.php,normal
0,0,0,0,0,0,0,0,0,0,0,0,0,0,0,0,0,0,0,0,0,148,131,./Cleaned-Dataset/Normal/a466ac9351e3808a28cc35f8e971f994.php,normal
0,0,0,0,0,0,0,0,0,0,0,0,0,0,0,0,0,0,0,0,0,3,46,./Cleaned-Dataset/Normal/a48bb1e62c87292f2b4fb7179f513159.php,normal
0,0,0,0,0,0,0,0,0,0,0,0,0,0,0,0,0,0,0,0,0,1,12,./Cleaned-Dataset/Normal/a4ae19a923b890f2dcf7e2d415fd1ad2.php,normal
0,0,0,0,0,0,0,0,0,0,0,0,0,0,0,0,0,1,0,0,0,126,1129,./Cleaned-Dataset/Normal/a50b52106bc3d95fe96fcf1a5c9568d8.php,normal
0,0,0,0,0,0,0,0,0,0,0,0,0,0,0,0,0,0,0,0,0,9,112,./Cleaned-Dataset/Normal/a50f4778cc42745b0061dde31e241bb7.php,normal
0,0,0,0,0,0,0,0,0,0,0,0,0,0,0,0,0,0,0,0,0,158,643,./Cleaned-Dataset/Normal/a517c3fdf14f105111f37ad83a658ab8.php,normal
0,0,1,0,0,0,0,0,0,0,0,0,0,0,0,0,0,0,0,0,0,6,31,./Cleaned-Dataset/Normal/a51c0387e1dfe2a6ddbf0505fb51bc76.php,normal
0,0,0,0,0,0,0,0,0,0,0,0,0,0,0,0,0,0,0,0,1,27,43,./Cleaned-Dataset/Normal/a529e3d3c2bb86671fb9cc1145cf70ee.php,normal
0,0,0,0,0,0,0,0,0,0,0,0,0,0,0,0,0,2,0,4,9,137,1030,./Cleaned-Dataset/Normal/a5454ec0951e14b2b14b38dfa14a9eda.php,normal
0,0,0,0,0,0,0,0,0,0,0,0,6,6,12,0,0,0,0,2,1,257,740,./Cleaned-Dataset/Normal/a57071fc5499b88be2cd4a475eed9f03.php,normal
0,0,0,0,0,0,0,0,0,0,0,0,0,0,0,0,0,0,0,0,0,23,105,./Cleaned-Dataset/Normal/a574b68faa1e8422f488a5f602b0559f.php,normal
0,0,0,0,0,0,0,0,0,0,0,0,0,0,0,0,0,0,0,0,0,3,40,./Cleaned-Dataset/Normal/a5ddccf40cbc11399fdcd31b0a64a066.php,normal
0,0,0,0,0,0,0,0,0,0,0,0,0,0,6,0,0,0,0,0,0,375,495,./Cleaned-Dataset/Normal/a5e5d0e1d4c5eca73c9d3d4fac761591.php,normal
0,0,0,0,0,0,0,0,0,0,0,0,0,0,0,0,0,0,0,0,0,120,333,./Cleaned-Dataset/Normal/a614135f8e97dd2d66a7cafe078cf532.php,normal
0,0,2,0,0,0,0,0,1,0,0,0,0,0,0,0,0,2,0,0,0,89,940,./Cleaned-Dataset/Normal/a62a8990c633ba305b039b11bec9a446.php,normal
0,0,0,0,0,0,0,0,0,0,0,0,0,0,0,0,0,0,0,0,0,36,113,./Cleaned-Dataset/Normal/a6601cc6f7c8a3aa61dda9071c51ca5b.php,normal
0,0,0,0,0,0,0,0,0,0,0,0,0,0,0,0,0,8,0,0,0,25,41,./Cleaned-Dataset/Normal/a68ecbd62b62cdd364983e89b14c6fa4.php,normal
0,0,0,0,0,0,0,0,0,0,0,0,0,0,0,0,0,0,0,0,0,82,796,./Cleaned-Dataset/Normal/a6a4e0f69f46023847d16b7bfb4f93fc.php,normal
0,0,0,0,0,0,0,0,0,0,0,0,0,0,0,0,0,0,0,0,0,120,381,./Cleaned-Dataset/Normal/a6bdc703989d0f957686fcd2b017953d.php,normal
0,0,0,0,0,0,0,0,0,0,0,0,0,0,0,0,0,0,0,0,0,68,676,./Cleaned-Dataset/Normal/a6ca42d5b96a95ef4a1981d05fbada4c.php,normal
0,0,0,0,0,0,0,0,0,0,0,0,0,6,0,0,0,2,0,0,0,1008,6411,./Cleaned-Dataset/Normal/a6f83f217d7ca167e9d314040ca055fe.php,normal
0,0,0,0,0,0,0,0,0,0,0,0,0,0,0,0,0,0,0,0,0,0,12,./Cleaned-Dataset/Normal/a70b0b57c5eb00a2bf1e3dfbc4cbf180.php,normal
0,0,0,0,0,0,0,0,0,0,0,0,0,0,0,0,0,0,0,0,0,1,22,./Cleaned-Dataset/Normal/a721fd04fc1b01f7fee3bb36771b7806.php,normal
0,0,0,0,0,0,0,0,0,0,0,0,0,0,0,0,0,0,0,0,0,364,794,./Cleaned-Dataset/Normal/a728e8c7c19023f141f7f82e29bf5e9e.php,normal
0,0,0,0,0,0,0,0,0,0,0,0,0,0,0,0,0,0,0,0,0,43,679,./Cleaned-Dataset/Normal/a72b047f41d056ff638700ef231c95e4.php,normal
0,0,0,0,0,0,0,0,0,0,0,0,0,0,0,0,0,0,0,0,0,2,19,./Cleaned-Dataset/Normal/a743e4215d0493f19b14dec892a6dfdd.php,normal
0,0,0,0,0,0,0,0,0,0,0,0,0,0,0,0,0,0,0,0,0,308,925,./Cleaned-Dataset/Normal/a7492dd2e95ab23cb3e3db45fe994cb9.php,normal
0,0,0,0,0,0,0,0,0,0,0,0,0,0,0,0,0,0,0,0,0,25,265,./Cleaned-Dataset/Normal/a74a3920d21750b4b602cfa7ebc1e451.php,normal
0,0,0,0,0,0,0,0,0,0,0,0,0,0,0,0,0,1,0,0,0,85,855,./Cleaned-Dataset/Normal/a78da894a14b14c574d693b103013099.php,normal
0,0,0,0,0,0,0,0,0,0,0,0,0,0,0,0,0,0,0,0,0,40,409,./Cleaned-Dataset/Normal/a791b83f70afd8ba234b0978fccb449d.php,normal
0,0,0,0,0,0,0,0,0,0,0,0,0,0,0,0,0,0,0,0,0,1,6,./Cleaned-Dataset/Normal/a79da82ef043bed6f8ccebefaeadb280.php,normal
0,0,0,0,0,0,0,0,0,0,0,0,0,0,0,0,0,0,0,0,0,1,7,./Cleaned-Dataset/Normal/a7a694e46b59cc08711af8b77a2c82ee.php,normal
0,0,0,0,0,0,0,0,0,0,0,0,1,0,0,0,0,0,0,0,0,651,1094,./Cleaned-Dataset/Normal/a7b737446e525c6715d3d88e2685b8c0.php,normal
0,0,0,0,0,0,0,0,0,0,0,0,0,0,0,0,0,0,0,0,0,63,317,./Cleaned-Dataset/Normal/a7d5fae39e8f45910d4d35c7bd0bcb8a.php,normal
0,0,0,0,0,0,0,0,0,0,0,0,0,0,0,0,0,0,0,0,0,0,45,./Cleaned-Dataset/Normal/a7de8a495299c7c605147b80a2e90794.php,normal
0,0,0,0,0,0,0,0,0,0,0,0,0,0,0,0,0,0,0,0,0,1,24,./Cleaned-Dataset/Normal/a7fb575d9712d784595c4aa9ddeeab14.php,normal
0,0,0,0,0,0,0,0,0,0,0,0,0,0,0,0,3,2,0,0,0,118,349,./Cleaned-Dataset/Normal/a8465c04d707ef69cd0250c9e17b159b.php,normal
0,0,0,0,0,0,0,0,0,0,0,0,0,0,0,0,0,0,0,0,0,7,59,./Cleaned-Dataset/Normal/a8a205ac0398140a73e937199fbc87e3.php,normal
0,0,0,0,0,0,0,0,0,0,0,0,0,0,0,0,0,0,0,0,0,31,432,./Cleaned-Dataset/Normal/a8b43546f3a591fb2aad4e8c2bae04f0.php,normal
0,0,0,0,0,0,0,0,0,0,0,0,0,0,0,0,0,0,0,0,0,8,27,./Cleaned-Dataset/Normal/a8d0e99f79d30fa5a5dc2b476d8f070e.php,normal
0,0,0,0,0,0,0,0,0,0,0,0,0,0,0,0,0,0,0,0,0,35,285,./Cleaned-Dataset/Normal/a8d2059b2bf98281ec4d1e8164b6d158.php,normal
0,0,0,0,0,0,0,0,0,0,0,0,0,0,0,0,0,0,0,0,0,10,135,./Cleaned-Dataset/Normal/a8ee73c33ec20a018c6fb412ab6b5ccf.php,normal
0,0,0,0,0,0,0,0,0,0,0,0,0,0,0,0,0,0,0,0,0,262,1101,./Cleaned-Dataset/Normal/a8f18f1029045b25bb20dcb808f6348f.php,normal
0,0,0,0,0,0,0,0,0,0,0,0,0,0,0,0,0,8,0,0,0,107,217,./Cleaned-Dataset/Normal/a8f70c58e537eb5394bb3811806acf5e.php,normal
0,0,0,0,0,0,0,0,0,0,0,0,2,2,0,2,0,0,0,0,0,128,443,./Cleaned-Dataset/Normal/a8fb17dfa4457bef949015e6ce3a4419.php,normal
0,0,0,0,0,0,0,0,0,0,0,0,0,0,0,0,0,0,0,0,0,409,2412,./Cleaned-Dataset/Normal/a9125180323ffd086a3fc4d9284ccc5f.php,normal
0,0,0,0,0,0,0,0,0,0,0,0,0,0,0,0,0,4,0,0,0,52,92,./Cleaned-Dataset/Normal/a915c43dfe930a804693698ae80c8acd.php,normal
0,0,0,0,0,0,0,0,0,0,0,0,0,0,16,0,0,0,0,0,0,476,2538,./Cleaned-Dataset/Normal/a92845177396bdfcec0b748e6ed938e1.php,normal
0,0,0,0,0,0,0,0,0,0,0,0,0,0,0,6,0,0,0,0,5,187,1802,./Cleaned-Dataset/Normal/a92f90ae5bb2766f3122cdf3086b2c98.php,normal
0,0,0,0,0,0,0,0,0,0,0,0,0,0,0,0,0,0,0,0,0,4,43,./Cleaned-Dataset/Normal/a93fe5eea8265a23b40acda999a72037.php,normal
0,0,0,0,0,0,0,0,0,0,0,0,0,0,0,0,0,0,0,0,0,408,2302,./Cleaned-Dataset/Normal/a944b6f450f799dd8aa9562f2f3d9954.php,normal
0,0,0,0,0,0,0,0,0,0,0,0,0,0,0,0,0,0,0,0,0,2,38,./Cleaned-Dataset/Normal/a957b000f85e91ada118a8a55082f76d.php,normal
0,0,0,0,0,0,0,0,0,0,0,0,0,0,0,0,0,0,0,0,0,19,249,./Cleaned-Dataset/Normal/a9a9ae3dfb0cd22b78c8bd3320fe3b40.php,normal
0,0,0,0,0,0,0,0,0,0,0,0,0,0,0,0,0,0,0,0,0,12,35,./Cleaned-Dataset/Normal/a9abcdb7e7ceb854d3b45f138f968aaf.php,normal
0,0,0,0,0,0,0,0,0,0,0,0,0,0,0,0,0,0,0,0,0,0,73,./Cleaned-Dataset/Normal/a9eee7d57e0c44d652c6c7f8372cfe14.php,normal
0,0,0,0,0,0,0,0,0,0,0,0,0,0,0,0,0,0,0,0,0,5,15,./Cleaned-Dataset/Normal/a9efeb22290439cb0b8de773fe6c830b.php,normal
0,0,0,0,0,0,0,0,0,0,0,0,0,0,0,0,0,0,0,0,0,2,160,./Cleaned-Dataset/Normal/a9f13b7506e1afe9f920487b0f251d29.php,normal
0,0,2,0,0,0,0,0,0,0,0,0,0,0,0,0,0,1,0,0,0,43,110,./Cleaned-Dataset/Normal/a9fd7ff45d85be387f90e55c63ace679.php,normal
0,0,0,0,0,0,0,0,0,0,0,0,0,0,0,0,0,0,0,0,0,29,168,./Cleaned-Dataset/Normal/aa0519825a1c89f53d100b26a1756a99.php,normal
2,0,0,0,0,0,0,0,0,0,0,0,0,0,0,0,0,0,0,0,0,2,41,./Cleaned-Dataset/Normal/aa071f50afea3725f24d24d2c57ee9b3.php,normal
0,0,0,0,0,0,0,0,0,0,0,0,0,0,0,0,0,0,0,0,0,0,6,./Cleaned-Dataset/Normal/aa1b28f03602acde5336ab40d0634bfe.php,normal
0,0,0,0,0,0,0,0,0,0,0,0,0,0,0,0,0,0,0,0,0,22,59,./Cleaned-Dataset/Normal/aa4fae567e03ccdf58f59c1a883b6ffd.php,normal
0,0,0,0,0,0,0,0,0,0,0,0,0,0,0,0,0,0,0,0,0,69,398,./Cleaned-Dataset/Normal/aa65a995a50c26f1b30d50b66f2093d8.php,normal
0,0,0,0,0,0,0,0,0,0,0,0,0,0,0,0,0,0,0,0,0,1,13,./Cleaned-Dataset/Normal/aa913a5269fcf18c409ad1efcfe573b2.php,normal
0,0,0,0,0,0,0,0,0,0,0,0,7,4,142,0,0,0,0,0,0,1054,4776,./Cleaned-Dataset/Normal/aa9c2a9624bea6d231962ea4e6e34284.php,normal
0,0,0,0,0,0,0,0,0,0,0,0,0,0,0,0,0,0,0,0,0,5,137,./Cleaned-Dataset/Normal/aab8451c9b8fbb0133a33fe8558e9ece.php,normal
0,2,1,0,0,0,0,0,0,0,0,0,0,0,0,0,0,0,0,0,1,35,778,./Cleaned-Dataset/Normal/aad8293e6fee1d3ed782ffde2bab841c.php,normal
0,0,0,0,0,0,0,0,0,0,0,0,0,0,0,0,0,0,0,0,0,1,10,./Cleaned-Dataset/Normal/ab19a73497f7296af7fddc3082d32a72.php,normal
0,0,0,0,0,0,0,0,0,0,0,0,0,0,0,0,0,0,0,0,0,31,152,./Cleaned-Dataset/Normal/ab2de75a0c8840331c4e177933c9f6f4.php,normal
0,0,0,0,0,0,0,0,0,0,0,0,0,0,0,0,0,0,0,0,0,53,486,./Cleaned-Dataset/Normal/ab2ec20921b630095482c9575205aab2.php,normal
0,0,0,0,0,0,0,0,0,0,0,0,0,3,0,0,0,1,0,0,1,56,603,./Cleaned-Dataset/Normal/ab31d3bcc965ed5857d6f538c4c1b578.php,normal
0,0,0,0,0,0,0,0,0,0,0,0,0,0,0,0,0,0,0,0,0,45,164,./Cleaned-Dataset/Normal/ab35a3051192c31c2cd97baed134d75a.php,normal
0,0,0,0,0,0,0,0,0,0,0,0,1,0,0,0,0,0,0,0,1,40,241,./Cleaned-Dataset/Normal/ab4109749852283e165298b2a185c55c.php,normal
0,0,0,0,0,0,0,0,0,0,0,0,0,0,0,0,0,0,0,0,0,38,101,./Cleaned-Dataset/Normal/ab46ede77dd5ff612fd5670b258ae6dd.php,normal
0,0,0,0,0,0,0,0,0,0,0,0,0,0,0,0,0,5,0,0,0,296,2289,./Cleaned-Dataset/Normal/ab65d82e0fd3f234165b398f3aae4c1c.php,normal
0,0,0,0,0,0,0,0,0,0,0,0,0,0,0,0,0,0,0,0,0,3,27,./Cleaned-Dataset/Normal/ab80534641856a0e9124dbfd36329a28.php,normal
0,0,1,0,0,0,0,0,0,0,0,0,0,0,0,0,0,0,0,0,14,123,608,./Cleaned-Dataset/Normal/ab968b1fb944060e4c300b556cdf0a19.php,normal
0,0,0,0,0,0,0,0,0,0,0,0,0,0,0,0,6,0,0,0,17,205,1601,./Cleaned-Dataset/Normal/ab979394e65c42f4ee2d1c30ee8277aa.php,normal
0,0,0,0,0,0,0,0,0,0,0,0,0,0,0,0,0,7,0,0,0,99,467,./Cleaned-Dataset/Normal/ab99c62ee889538f35d7390d853302b6.php,normal
0,0,0,0,0,0,0,0,0,0,0,0,2,0,0,0,0,0,0,0,0,23,70,./Cleaned-Dataset/Normal/ab9c95e4389fe8fe53fbdd56019b3cfe.php,normal
0,0,0,0,0,0,0,0,0,0,0,0,0,0,0,0,0,0,0,0,0,111,808,./Cleaned-Dataset/Normal/abba34f9e844cb2582121b22f33f4135.php,normal
0,0,0,0,0,0,0,0,0,0,0,0,0,0,0,0,0,0,0,0,0,0,2,./Cleaned-Dataset/Normal/abbb6cf8da7ae8ea204a0118ab5ed101.php,normal
0,0,0,0,0,0,0,0,0,0,0,0,0,0,0,0,0,0,0,0,0,0,114,./Cleaned-Dataset/Normal/abd3eb07b2bf4761613a03c17ac7ac2c.php,normal
0,0,3,0,0,0,0,0,0,0,0,0,0,0,0,0,0,2,0,0,0,153,617,./Cleaned-Dataset/Normal/abilities-api.php,normal
0,0,0,0,0,0,0,0,0,0,0,0,0,0,0,0,0,0,0,0,0,212,320,./Cleaned-Dataset/Normal/abilities.php,normal
0,0,0,0,0,0,0,0,0,0,0,0,1,0,0,0,0,1,0,0,3,208,342,./Cleaned-Dataset/Normal/about.php,normal
0,0,0,0,0,0,0,0,0,0,0,0,0,0,0,0,0,0,0,1,1,2,2,./Cleaned-Dataset/Normal/about_1.php,normal
0,0,0,0,0,0,0,0,0,0,0,0,0,0,0,0,0,0,0,1,1,2,2,./Cleaned-Dataset/Normal/about_2.php,normal
0,0,0,0,0,0,0,0,0,0,0,0,0,0,0,0,0,0,0,0,0,57,379,./Cleaned-Dataset/Normal/ac007470984d2086274e754499e5819a.php,normal
0,0,0,0,0,0,0,0,0,0,0,0,0,0,0,0,0,1,0,0,0,95,875,./Cleaned-Dataset/Normal/ac138420564b83521a2a3ae613c54592.php,normal
0,0,0,0,0,0,0,0,0,0,0,0,0,0,3,0,0,0,0,0,0,40,233,./Cleaned-Dataset/Normal/ac2383560716451cb0a88d28aaeed4e0.php,normal
0,0,0,0,0,0,0,0,0,0,0,0,0,0,0,0,0,0,0,0,0,13,102,./Cleaned-Dataset/Normal/ac3ee40fa3cf9797d9b6ff6dca5f71fa.php,normal
0,0,0,0,0,0,0,0,0,0,0,0,0,0,0,0,0,0,0,0,0,90,678,./Cleaned-Dataset/Normal/ac6d2018a46b306a1a53403633061566.php,normal
0,0,0,0,0,0,0,0,0,0,0,0,0,0,0,0,0,0,0,0,0,9,68,./Cleaned-Dataset/Normal/ac8f77e21cf5b301e0bf57a59c155930.php,normal
0,0,0,0,0,0,0,0,1,0,0,0,0,0,2,0,0,0,0,0,0,67,514,./Cleaned-Dataset/Normal/ac9d39461af7adec37dff5e40d5d5d87.php,normal
0,0,0,1,0,0,0,0,0,0,0,0,0,0,0,0,0,0,0,0,0,24,269,./Cleaned-Dataset/Normal/aca3d90a828c5d07be079a8086042e49.php,normal
0,0,0,0,0,0,0,0,0,0,0,0,0,0,0,0,0,0,0,0,0,40,144,./Cleaned-Dataset/Normal/accordion-item.php,normal
0,0,0,0,0,0,0,0,0,0,0,0,0,0,0,0,0,0,0,0,0,15,66,./Cleaned-Dataset/Normal/accordion.php,normal
0,0,0,0,0,0,0,0,0,0,0,0,0,0,0,0,0,0,0,0,0,1,37,./Cleaned-Dataset/Normal/acdf6875855545f8479ef8bcc1cc5628.php,normal
0,0,0,0,0,0,0,0,0,0,0,0,0,0,0,0,0,0,0,1,2,559,3746,./Cleaned-Dataset/Normal/ace46ea7d975eff2656a056ce27b1b4d.php,normal
0,0,0,0,0,0,0,0,0,0,0,0,0,0,0,0,0,0,0,0,0,40,458,./Cleaned-Dataset/Normal/ad29af5fba40e24450b353a602308d5f.php,normal
0,0,0,0,0,0,0,0,0,0,0,0,0,0,0,0,0,0,0,0,0,184,508,./Cleaned-Dataset/Normal/ad34e1a00951ee0c3cc188f00a31abab.php,normal
0,0,0,0,0,0,0,0,0,0,0,0,0,0,0,0,0,0,0,0,0,35,741,./Cleaned-Dataset/Normal/ad4bc309ac00d9b91fd792b50bdc1f9e.php,normal
0,0,1,0,0,0,0,0,0,0,0,0,0,0,0,0,0,0,0,0,0,4,70,./Cleaned-Dataset/Normal/ad4d2d0e420f9df375fce82fe9f5766c.php,normal
0,0,0,0,0,0,0,0,0,0,0,0,0,0,0,0,0,0,0,0,0,55,376,./Cleaned-Dataset/Normal/ad7ef437e99d5703ae8f4250586767c7.php,normal
0,0,0,0,0,0,0,0,0,0,0,0,0,0,0,0,0,0,0,0,0,287,2411,./Cleaned-Dataset/Normal/ad8a51cc0d563ef3addea7ade150bea8.php,normal
0,0,0,0,0,0,0,0,0,0,0,0,0,0,0,0,0,0,0,0,0,116,430,./Cleaned-Dataset/Normal/ad9fef3efb82b41411f3586a3d47050f.php,normal
0,0,0,0,0,0,0,0,0,0,0,0,0,0,0,0,0,0,0,0,0,2,20,./Cleaned-Dataset/Normal/ada9b0fcb6aa1f0af6d0cf2e832535be.php,normal
0,0,0,0,0,0,0,0,0,0,0,0,0,0,0,0,0,0,0,0,0,20,192,./Cleaned-Dataset/Normal/adc75494da86acbc79167ac8a2fb0a11.php,normal
0,0,0,0,0,0,0,0,0,0,0,0,0,0,0,0,0,0,0,0,0,1,7,./Cleaned-Dataset/Normal/adc9eea5bba5f2fe472f9a42c56517ef.php,normal
0,0,0,0,0,0,0,0,0,0,0,0,0,0,0,3,0,0,0,0,0,15,158,./Cleaned-Dataset/Normal/adeb6a20ea7c17b7e10a15a249d2124a.php,normal
0,0,0,0,0,0,0,0,0,0,0,0,4,4,3,0,0,0,0,1,3,145,192,./Cleaned-Dataset/Normal/admin-ajax.php,normal
0,0,0,0,0,0,0,0,0,0,0,0,0,0,0,0,0,0,0,1,1,648,2246,./Cleaned-Dataset/Normal/admin-bar.php,normal
0,0,0,0,0,0,0,0,0,0,0,0,0,0,0,0,0,0,0,0,0,207,325,./Cleaned-Dataset/Normal/admin-filters.php,normal
0,0,0,0,0,0,0,0,0,0,0,0,0,0,0,0,0,0,0,0,0,31,77,./Cleaned-Dataset/Normal/admin-footer.php,normal
0,0,0,0,0,0,0,0,0,0,0,0,0,0,0,0,0,0,0,0,1,6,15,./Cleaned-Dataset/Normal/admin-functions.php,normal
0,0,0,0,0,0,0,0,0,0,0,0,0,0,0,0,0,1,0,2,1,105,563,./Cleaned-Dataset/Normal/admin-header.php,normal
0,0,0,0,0,0,0,0,0,0,0,0,0,0,2,0,0,0,0,0,2,17,118,./Cleaned-Dataset/Normal/admin-post.php,normal
0,0,0,0,0,0,0,0,0,0,0,0,8,1,8,0,0,3,0,3,9,120,742,./Cleaned-Dataset/Normal/admin.php,normal
0,0,0,0,0,0,0,0,0,0,0,0,0,0,0,0,0,0,0,0,31,35,58,./Cleaned-Dataset/Normal/admin_1.php,normal
0,0,0,0,0,0,0,0,0,0,0,0,0,0,0,0,0,0,0,0,1,4,50,./Cleaned-Dataset/Normal/admin_2.php,normal
0,0,0,0,0,0,0,0,0,0,0,0,0,0,0,0,0,0,0,0,1,3,51,./Cleaned-Dataset/Normal/admin_3.php,normal
0,0,0,0,0,0,0,0,0,0,0,0,0,0,0,0,0,0,0,0,0,85,763,./Cleaned-Dataset/Normal/ae0db788a74df7b5989f827d9b14fcba.php,normal
0,0,0,0,0,0,0,0,0,0,0,0,0,0,0,0,0,0,0,0,0,591,7008,./Cleaned-Dataset/Normal/ae0f0f9730ead718a5560218e6ec085b.php,normal
0,0,0,0,0,0,0,0,0,0,0,0,0,0,0,0,0,0,0,0,0,4,28,./Cleaned-Dataset/Normal/ae17c766d0c7da28183530612dcd4696.php,normal
0,0,0,0,0,0,0,0,0,0,0,0,0,0,0,0,0,0,0,0,0,49,297,./Cleaned-Dataset/Normal/ae1db808f963528a814d8cce5223a03e.php,normal
0,0,0,0,0,0,0,0,0,0,0,0,0,0,0,0,0,0,0,0,0,193,706,./Cleaned-Dataset/Normal/ae74b22e176d361b67976c0eca958971.php,normal
0,0,0,0,0,0,0,0,0,0,0,0,0,0,0,0,0,0,0,0,0,41,265,./Cleaned-Dataset/Normal/ae89ed45d0535b5351890b77f7e1e670.php,normal
0,0,0,0,0,0,0,0,0,0,0,0,0,0,0,0,0,0,0,0,0,9,62,./Cleaned-Dataset/Normal/ae8f9bddddc7645f408934d2b15ac2d0.php,normal
0,0,0,0,0,0,0,0,0,0,0,0,0,0,0,0,0,0,0,0,0,73,455,./Cleaned-Dataset/Normal/aeb37b8b6027ba757c99c3e792919ee2.php,normal
0,0,0,0,0,0,0,0,0,0,0,0,0,0,0,0,0,0,0,0,0,176,735,./Cleaned-Dataset/Normal/aecac602b1be11699c750495f241b888.php,normal
0,0,0,0,0,0,0,0,0,0,0,0,0,0,0,0,0,0,0,0,0,46,428,./Cleaned-Dataset/Normal/aecb9e06bff660315c694cdd2e97a019.php,normal
0,0,0,0,0,0,0,0,0,0,0,0,0,0,0,0,0,0,0,0,0,174,629,./Cleaned-Dataset/Normal/aed1cf6fac6d0e7c9636eeaa1ff0f12c.php,normal
0,0,0,0,0,0,0,0,0,0,0,0,0,0,0,0,0,0,0,0,0,174,629,./Cleaned-Dataset/Normal/aed44beb0f294417c2290eedf7905c95.php,normal
0,0,0,0,0,0,0,0,0,0,0,0,0,0,0,0,0,0,0,0,0,12,315,./Cleaned-Dataset/Normal/AEGIS128L.php,normal
0,0,0,0,0,0,0,0,0,0,0,0,0,0,0,0,0,0,0,0,0,12,313,./Cleaned-Dataset/Normal/AEGIS256.php,normal
0,0,0,0,0,0,0,0,0,0,0,0,0,0,0,0,0,0,0,0,0,4,1779,./Cleaned-Dataset/Normal/AES.php,normal
0,0,0,0,0,0,0,0,0,0,0,0,0,0,0,0,0,0,0,0,1,4,8,./Cleaned-Dataset/Normal/af0b46eafb24e3733a8839836d256146.php,normal
0,0,0,0,0,0,0,0,0,0,0,0,0,0,0,0,0,0,0,0,0,52,393,./Cleaned-Dataset/Normal/af6b89964428f1286389010e71b3bd89.php,normal
0,0,0,0,0,0,0,0,0,0,0,0,2,5,0,0,0,2,0,0,1,40,250,./Cleaned-Dataset/Normal/af789d06d9bc7ec9c0dafea2ecaa11d6.php,normal
0,0,0,0,0,0,0,0,0,0,0,0,0,0,0,0,0,3,0,0,0,21,55,./Cleaned-Dataset/Normal/afabea53d09208c73be86827b44ad850.php,normal
0,0,0,0,0,0,0,0,0,0,0,0,0,0,0,0,0,0,0,0,0,40,163,./Cleaned-Dataset/Normal/afc4d9ff418f3998931b6a40e5843211.php,normal
0,0,0,1,0,0,0,0,0,0,0,0,0,0,0,0,0,0,0,0,0,18,133,./Cleaned-Dataset/Normal/afd5c6c28c9a0c7fa9b5d4851f181d7a.php,normal
0,0,0,0,0,0,0,0,0,0,0,0,0,0,0,0,0,0,0,0,0,154,550,./Cleaned-Dataset/Normal/afeccc753d0ccfe7dd89fe808852bdd7.php,normal
0,0,0,0,0,0,0,0,0,0,0,0,0,0,0,0,0,0,0,0,0,0,22,./Cleaned-Dataset/Normal/afef38618940ab7bad13a1e6c063f536.php,normal
0,0,0,0,0,0,0,0,0,0,0,0,16,301,45,0,6,6,0,4,20,1974,13435,./Cleaned-Dataset/Normal/ajax-actions.php,normal
0,0,0,0,0,0,0,0,0,0,0,0,0,0,0,0,0,0,0,0,0,22,90,./Cleaned-Dataset/Normal/align.php,normal
0,0,0,0,0,0,0,0,0,0,0,0,0,0,0,0,0,0,0,0,0,3,26,./Cleaned-Dataset/Normal/app.php,normal
0,0,0,0,0,0,0,0,0,0,0,0,0,0,0,0,0,0,0,0,0,0,12,./Cleaned-Dataset/Normal/AppServiceProvider.php,normal
0,0,0,0,0,0,0,0,0,0,0,0,0,0,0,0,0,0,0,0,0,44,37,./Cleaned-Dataset/Normal/app_1.php,normal
0,0,0,0,0,0,0,0,0,0,0,0,0,0,0,0,0,2,0,0,0,37,92,./Cleaned-Dataset/Normal/archive.php,normal
0,0,0,0,0,0,0,0,0,0,0,0,0,0,0,0,0,0,0,0,0,61,285,./Cleaned-Dataset/Normal/archives.php,normal
0,0,0,0,0,0,0,0,0,0,0,0,0,0,0,0,0,3,0,0,0,24,52,./Cleaned-Dataset/Normal/archive_1.php,normal
0,0,0,0,0,0,0,0,0,0,0,0,0,0,0,0,0,3,0,0,0,26,86,./Cleaned-Dataset/Normal/archive_2.php,normal
0,0,0,0,0,0,0,0,0,0,0,0,0,0,0,0,0,3,0,0,0,12,33,./Cleaned-Dataset/Normal/archive_3.php,normal
0,0,0,0,0,0,0,0,0,0,0,0,0,0,0,0,0,2,0,0,0,32,62,./Cleaned-Dataset/Normal/archive_4.php,normal
0,0,0,0,0,0,0,0,0,0,0,0,0,0,0,0,0,3,0,0,0,24,55,./Cleaned-Dataset/Normal/archive_5.php,normal
0,0,0,0,0,0,0,0,0,0,0,0,0,0,0,0,0,1,0,0,0,20,78,./Cleaned-Dataset/Normal/archive_6.php,normal
0,0,0,0,0,0,0,0,0,0,0,0,0,0,0,0,0,0,0,0,0,24,81,./Cleaned-Dataset/Normal/archive_7.php,normal
0,0,0,0,0,0,0,0,0,0,0,0,0,0,0,0,0,2,0,0,0,30,83,./Cleaned-Dataset/Normal/archive_8.php,normal
0,0,0,0,0,0,0,0,0,0,0,0,0,0,0,0,0,0,0,0,0,8,47,./Cleaned-Dataset/Normal/archive_9.php,normal
0,0,0,0,0,0,0,0,0,0,0,0,0,0,0,0,0,0,0,0,0,3,38,./Cleaned-Dataset/Normal/ArgumentCount.php,normal
0,0,0,0,0,0,0,0,0,0,0,0,0,0,0,0,0,0,0,0,0,14,98,./Cleaned-Dataset/Normal/aria-label.php,normal
0,0,0,0,0,0,0,0,0,0,0,0,0,0,13,0,2,1,0,1,2,84,397,./Cleaned-Dataset/Normal/async-upload.php,normal
0,0,0,0,0,0,0,0,0,0,0,0,0,0,0,0,0,0,0,0,0,101,1083,./Cleaned-Dataset/Normal/atomlib.php,normal
0,0,0,0,0,0,0,0,0,0,0,0,0,0,0,0,0,1,0,0,0,6,9,./Cleaned-Dataset/Normal/attachment.php,normal
0,0,2,0,0,0,0,0,0,0,0,0,0,0,0,0,0,0,0,0,0,40,29,./Cleaned-Dataset/Normal/auth.php,normal
0,0,0,0,0,0,0,0,0,0,0,0,0,0,0,0,0,0,0,0,0,16,34,./Cleaned-Dataset/Normal/author-bio.php,normal
0,0,0,0,0,0,0,0,0,0,0,0,0,0,0,0,0,0,0,0,0,13,29,./Cleaned-Dataset/Normal/author-bio_1.php,normal
0,0,0,0,0,0,0,0,0,0,0,0,0,0,0,0,0,0,0,0,0,15,36,./Cleaned-Dataset/Normal/author-bio_2.php,normal
0,0,0,0,0,0,0,0,0,0,0,0,0,0,0,0,0,0,0,0,0,15,46,./Cleaned-Dataset/Normal/author-bio_3.php,normal
0,0,0,0,0,0,0,0,0,0,0,0,0,0,0,0,0,6,0,0,0,157,893,./Cleaned-Dataset/Normal/author-template.php,normal
0,0,0,0,0,0,0,0,0,0,0,0,0,0,0,0,0,2,0,0,0,32,94,./Cleaned-Dataset/Normal/author.php,normal
0,0,0,0,0,0,0,0,0,0,0,0,0,8,8,0,0,0,0,0,3,151,540,./Cleaned-Dataset/Normal/authorize-application.php,normal
0,0,0,0,0,0,0,0,0,0,0,0,0,0,0,0,0,3,0,0,0,17,65,./Cleaned-Dataset/Normal/author_1.php,normal
0,0,0,0,0,0,0,0,0,0,0,0,0,0,0,0,0,1,0,0,0,21,67,./Cleaned-Dataset/Normal/author_2.php,normal
0,0,0,0,0,0,0,0,0,0,0,0,0,0,0,0,0,0,0,0,0,18,66,./Cleaned-Dataset/Normal/author_3.php,normal
0,0,0,0,0,0,0,0,0,0,0,0,0,0,0,0,0,0,0,0,0,26,87,./Cleaned-Dataset/Normal/author_4.php,normal
0,0,0,0,0,0,0,0,0,0,0,0,0,0,0,0,0,0,0,0,0,3,18,./Cleaned-Dataset/Normal/Author_5.php,normal
0,0,0,0,0,0,0,0,0,0,0,0,0,0,0,0,0,0,0,0,0,2,96,./Cleaned-Dataset/Normal/Author_6.php,normal
0,0,1,0,0,0,0,0,0,0,0,0,0,0,0,0,0,0,0,0,0,1,15,./Cleaned-Dataset/Normal/Auth_1.php,normal
0,0,0,0,0,0,0,0,0,0,0,0,0,0,0,0,0,0,0,1,1,5,54,./Cleaned-Dataset/Normal/autoload-php7.php,normal
0,0,0,0,0,0,0,0,0,0,0,0,0,0,0,0,0,2,0,0,0,135,135,./Cleaned-Dataset/Normal/Autoload.php,normal
0,0,0,0,0,0,0,0,0,0,0,0,0,0,0,0,0,1,0,2,0,13,102,./Cleaned-Dataset/Normal/autoloader.php,normal
0,2,0,0,0,0,0,0,0,0,0,0,0,0,0,0,0,0,0,1,14,31,175,./Cleaned-Dataset/Normal/autoload_1.php,normal
0,0,0,0,0,0,0,0,0,0,0,0,0,0,0,0,0,0,0,0,0,105,496,./Cleaned-Dataset/Normal/avatar.php,normal
0,0,0,0,0,0,0,0,0,0,0,0,0,0,0,0,0,0,0,0,0,44,241,./Cleaned-Dataset/Normal/b000ef2197d432704ccbfe537e59b053.php,normal
0,0,0,0,0,0,0,0,0,0,0,0,0,0,0,0,0,0,0,0,0,1,7,./Cleaned-Dataset/Normal/b03b557521e185f5b2fd60f47d46e28e.php,normal
0,0,0,0,0,0,0,0,0,0,0,0,0,0,0,0,0,0,0,0,0,6,42,./Cleaned-Dataset/Normal/b0491e9897c1159a3ee82f9895e80f75.php,normal
0,0,0,0,0,0,0,0,0,0,0,0,0,0,0,0,0,0,0,0,0,16,68,./Cleaned-Dataset/Normal/b0550f7c1564cd76f43280103ac0d166.php,normal
0,0,0,0,0,0,0,0,0,0,0,0,0,0,0,0,0,0,0,0,0,0,5,./Cleaned-Dataset/Normal/b068c7f0c6f7841fbe12c9e6ab32e896.php,normal
0,0,0,0,0,0,0,0,0,0,0,0,0,0,0,0,0,0,0,0,0,94,1020,./Cleaned-Dataset/Normal/b07be69154d602b2951712ea9372d98d.php,normal
0,0,0,0,0,0,0,0,0,0,0,0,0,0,1,0,0,0,0,0,2,25,301,./Cleaned-Dataset/Normal/b07ceb430d919f1a5f32201a56578e22.php,normal
0,0,0,0,0,0,0,0,0,0,0,0,0,0,0,0,0,0,0,0,0,34,175,./Cleaned-Dataset/Normal/b090f9e1de6f309b9f886d8421be7045.php,normal
0,0,0,0,0,0,0,0,0,0,0,0,0,0,0,0,0,0,0,0,0,2,17,./Cleaned-Dataset/Normal/b0925ad1c1562520d6c586eacb00fcf2.php,normal
0,0,0,0,0,0,0,0,0,0,0,0,0,0,0,0,0,0,0,0,0,85,430,./Cleaned-Dataset/Normal/b0977afa06421735b9247a96514f413e.php,normal
0,0,0,0,0,0,0,0,0,0,0,0,3,0,0,0,0,0,0,0,1,6,40,./Cleaned-Dataset/Normal/b0aba193327316e5f42e954ce2adbb7f.php,normal
0,0,0,0,0,0,0,0,0,0,0,0,0,0,0,0,0,0,0,0,0,0,9,./Cleaned-Dataset/Normal/b0e5dcd2116f41a3499e7d3a26f539c5.php,normal
0,0,0,0,0,0,0,0,0,0,0,0,0,0,0,0,0,0,0,0,1,521,1722,./Cleaned-Dataset/Normal/b0f0e8c709788d9dcf3cf501dceb42c1.php,normal
0,0,0,0,0,0,0,0,0,0,0,0,0,0,0,0,0,0,0,0,0,39,740,./Cleaned-Dataset/Normal/b107e7bc8650edea40f6eaebb433144d.php,normal
0,0,0,0,0,0,0,0,0,0,0,0,0,0,0,0,0,0,0,0,0,79,649,./Cleaned-Dataset/Normal/b143420e2805ccb4c5e43307b20338b6.php,normal
0,0,0,0,0,0,0,0,0,0,0,0,0,0,0,0,0,0,0,0,1,22,134,./Cleaned-Dataset/Normal/b1514ec2d5e20c6aa2ae65a3c8a89088.php,normal
0,0,0,0,0,0,0,0,0,0,0,0,0,0,0,0,0,0,0,0,0,9,42,./Cleaned-Dataset/Normal/b167972c3578b63c949194a1ed81e497.php,normal
0,0,0,0,0,0,0,0,0,0,0,0,0,0,0,0,0,0,0,0,0,3,20,./Cleaned-Dataset/Normal/b1726a9e7f3173d541db38dcc6a5cf86.php,normal
0,0,0,0,0,0,0,0,0,0,0,0,0,0,0,0,0,0,0,0,3,14,100,./Cleaned-Dataset/Normal/b19b3829cf56ba026feca9edf6616c58.php,normal
0,0,0,0,0,0,0,0,0,0,0,0,0,0,0,0,0,0,0,0,0,52,115,./Cleaned-Dataset/Normal/b1cdae533e2275d0de74ac993c4b47ad.php,normal
0,0,0,0,0,0,0,0,0,0,0,0,0,0,0,0,0,0,0,0,0,240,905,./Cleaned-Dataset/Normal/b1d699f1cf8a6c236dc4808c0c27e568.php,normal
0,0,0,0,0,0,0,0,0,0,0,0,0,0,0,0,0,0,0,0,0,1,91,./Cleaned-Dataset/Normal/b1e68fa69d2adeecf0cc5bb81f69719d.php,normal
0,0,0,0,0,0,0,0,0,0,0,0,0,0,0,0,0,0,0,0,0,3,42,./Cleaned-Dataset/Normal/b1fbd7b582ba73d09bd4b5a602bc00f9.php,normal
0,0,0,0,0,0,0,0,0,0,0,0,0,0,0,0,0,0,0,0,0,65,393,./Cleaned-Dataset/Normal/b22e0a61807cb563ca346c63a1bbe039.php,normal
0,0,0,0,0,0,0,0,0,0,0,0,0,0,0,0,0,0,0,0,0,6,53,./Cleaned-Dataset/Normal/b237aa6845d25f927ef27778aff0a73a.php,normal
0,0,0,0,0,0,0,0,0,0,0,0,0,0,0,0,0,0,0,0,0,37,287,./Cleaned-Dataset/Normal/b23efc35210152f55441ab4084161fd1.php,normal
0,0,0,0,0,0,0,0,0,0,0,0,0,0,0,0,0,0,0,0,0,20,396,./Cleaned-Dataset/Normal/b28434d3ea1543b3588f8525919ba75e.php,normal
0,0,0,0,0,0,0,0,0,0,0,0,0,0,0,0,0,8,0,0,0,22,59,./Cleaned-Dataset/Normal/b284bd90771cc60dc78d8cf8f26ca416.php,normal
0,0,0,0,0,0,0,0,0,0,0,0,0,0,0,0,0,0,0,0,1,15,173,./Cleaned-Dataset/Normal/b290005e7139972e3410bd8d195d535d.php,normal
0,0,0,0,0,0,0,0,0,0,0,0,0,0,0,0,0,0,0,0,0,10,18,./Cleaned-Dataset/Normal/b295701eacb61307b280200317b000ff.php,normal
0,0,0,0,0,0,0,0,0,0,0,0,0,0,0,0,0,0,0,0,0,51,425,./Cleaned-Dataset/Normal/b29becb6c2cf675da37b640513fda540.php,normal
0,0,0,0,0,0,0,0,0,0,0,0,0,0,0,0,0,0,0,0,0,0,92,./Cleaned-Dataset/Normal/b2b4aed20915fd9d25cf338a110f26fb.php,normal
0,0,0,0,0,0,0,0,0,0,0,0,0,0,0,0,0,0,0,0,0,1,7,./Cleaned-Dataset/Normal/b2df9291c320fdc87e334b603b6fd172.php,normal
0,0,0,0,0,0,0,0,0,0,0,0,0,0,0,0,0,1,0,0,0,5,322,./Cleaned-Dataset/Normal/b2eaba8c64ee4c3d66e0d65cdc9f4fb1.php,normal
0,0,0,0,0,0,0,0,0,0,0,0,0,5,26,0,0,0,0,0,1,53,501,./Cleaned-Dataset/Normal/b2f99a8a7d1bd872f5039bf1e87b7377.php,normal
0,0,0,0,0,0,0,0,0,0,0,0,0,0,0,0,0,0,0,0,0,1,7,./Cleaned-Dataset/Normal/b32a945cf800bef28a0b3a6493c53263.php,normal
0,0,0,0,0,0,0,0,0,0,0,0,0,0,0,0,0,0,0,0,0,57,125,./Cleaned-Dataset/Normal/b349a2ede6a6f59d258baf90285c5a61.php,normal
0,0,0,0,0,0,0,0,0,0,0,0,0,0,0,0,0,0,0,0,0,5,66,./Cleaned-Dataset/Normal/b369564bffc76d82449527930b638dba.php,normal
0,0,0,0,0,0,0,0,0,0,0,0,0,0,0,0,0,0,0,0,0,103,477,./Cleaned-Dataset/Normal/b36fbde0eaaf55e656ea00b44a3fdd61.php,normal
0,0,0,0,0,0,0,0,0,0,0,0,0,0,0,0,0,0,0,0,0,33,465,./Cleaned-Dataset/Normal/b39a451deacbc5f311cb94652324d9dc.php,normal
0,0,0,0,0,0,0,0,0,0,0,0,5,4,0,0,0,3,0,4,0,719,3935,./Cleaned-Dataset/Normal/b3ec81929be0927bc50c902fbd248c24.php,normal
0,0,0,0,0,0,0,0,0,0,0,0,0,0,0,0,0,0,0,0,0,92,289,./Cleaned-Dataset/Normal/b3f74e36f6b32a57f300dbddd8ceb785.php,normal
0,0,0,0,0,0,0,0,0,0,0,0,0,0,0,0,0,0,0,0,0,25,68,./Cleaned-Dataset/Normal/b4200f5aaae9bf38294f65535b3d8647.php,normal
0,0,0,0,0,0,0,0,0,0,0,0,3,19,6,0,0,0,0,0,7,171,660,./Cleaned-Dataset/Normal/b4359e943859d87d35ed87e12c508859.php,normal
0,0,1,0,0,0,0,0,0,0,0,0,0,0,0,0,0,0,0,0,0,11,195,./Cleaned-Dataset/Normal/b43f8fd0e8caabf677a401909dad060d.php,normal
0,0,0,0,0,0,0,0,0,0,0,0,0,0,0,0,0,0,0,0,0,202,686,./Cleaned-Dataset/Normal/b44e71f9bf3c6903a0e8120a69db8cc5.php,normal
0,0,0,0,0,0,0,0,0,0,0,0,0,0,0,0,0,0,0,0,0,34,262,./Cleaned-Dataset/Normal/b4560c52bbc7d43fac0881d9eba48a8a.php,normal
0,0,0,0,0,0,0,0,0,0,0,0,0,0,0,0,0,0,0,0,0,621,2101,./Cleaned-Dataset/Normal/b4611beedfc8fe68787428f09127c5c6.php,normal
0,0,0,0,0,0,0,0,0,0,0,0,0,9,10,0,0,1,3,0,0,254,1154,./Cleaned-Dataset/Normal/b46224b5a64919ccd0046ceee0a30734.php,normal
0,0,0,0,0,0,0,0,0,0,0,0,0,0,0,0,0,0,0,0,0,54,244,./Cleaned-Dataset/Normal/b467739ec5173787045522133d251503.php,normal
0,0,0,0,0,0,0,0,0,0,0,0,0,0,0,0,0,0,0,0,0,206,883,./Cleaned-Dataset/Normal/b46de6063cfb9180267ae4d152e917ba.php,normal
0,0,0,0,0,0,2,0,1,0,0,0,0,0,0,0,0,7,0,1,1,1112,8304,./Cleaned-Dataset/Normal/b481f3d87b1fa513524df8e7e2393f09.php,normal
0,0,0,0,0,0,0,0,0,0,0,0,0,0,0,0,0,0,0,0,0,1,11,./Cleaned-Dataset/Normal/b4949502f0f21060d3c88aec1e4d858d.php,normal
0,0,0,0,0,0,0,0,0,0,0,0,0,0,0,0,0,0,0,0,0,16,87,./Cleaned-Dataset/Normal/b49beef23780a79f3796dfb5750c3fcf.php,normal
0,0,0,0,0,0,0,0,0,0,0,0,0,0,0,0,0,0,0,0,0,56,211,./Cleaned-Dataset/Normal/b49f288ae3a01d21bfea2e16bf7d0c45.php,normal
0,0,0,0,0,0,0,0,0,0,0,0,0,0,0,0,0,0,0,0,0,0,15,./Cleaned-Dataset/Normal/b4a53aa362d7fabe43532b79cc1ecd76.php,normal
0,0,0,0,0,0,0,0,0,0,0,0,0,0,0,0,0,0,0,0,0,1,7,./Cleaned-Dataset/Normal/b4dc0331fdeaf902b1944db724ed6a13.php,normal
0,0,0,0,0,0,0,0,0,0,0,0,0,0,0,0,0,2,0,0,0,305,2042,./Cleaned-Dataset/Normal/b4f645b30becaf1ea036e660b431aaa1.php,normal
0,0,0,0,0,0,0,0,0,0,0,0,0,0,0,0,0,0,0,0,0,26,162,./Cleaned-Dataset/Normal/b4ff4c646dff623970746db53db140ab.php,normal
0,0,0,0,0,0,0,0,0,0,0,0,0,0,0,0,0,0,0,0,0,949,2593,./Cleaned-Dataset/Normal/b521a36cb43fabbd594b241f02a39b3a.php,normal
0,0,0,0,0,0,0,0,0,0,0,0,0,0,0,0,0,0,0,0,0,0,10,./Cleaned-Dataset/Normal/b543203b279f146b932b7381f75424b7.php,normal
0,0,0,0,0,0,0,0,0,0,0,0,0,0,0,0,0,2,0,0,0,27,362,./Cleaned-Dataset/Normal/b54bc54af599141a8f75049466c18952.php,normal
0,0,0,0,0,0,0,0,0,0,0,0,0,4,0,0,0,0,0,0,0,271,1682,./Cleaned-Dataset/Normal/b57c207d4b5c0fe514714ebe0c952c0c.php,normal
0,0,1,0,0,0,0,0,0,0,0,0,0,0,0,0,0,1,0,0,0,327,1950,./Cleaned-Dataset/Normal/b57fe63b0f6d2f3c40cc55f2ff1847f6.php,normal
0,0,0,0,0,0,0,0,0,0,0,0,0,0,0,0,0,0,0,0,0,15,146,./Cleaned-Dataset/Normal/b5af4ed22651d9d26a88ec63229a4e81.php,normal
0,0,0,0,0,0,0,0,0,0,0,0,0,0,0,0,0,0,0,0,0,5,112,./Cleaned-Dataset/Normal/b5b505d34e98dd5924f9bdabc470e45a.php,normal
0,0,0,0,0,0,0,0,0,0,0,0,0,0,0,0,0,0,0,0,0,33,677,./Cleaned-Dataset/Normal/b5c1ad2d35a7448f47601800b564cea4.php,normal
0,0,0,0,0,0,0,0,0,0,0,0,0,0,0,0,0,0,0,0,0,10,87,./Cleaned-Dataset/Normal/b629f1e0a409754827c5551dad18a0f6.php,normal
0,0,0,0,0,0,0,0,0,0,0,0,0,0,0,0,0,0,0,0,0,13,87,./Cleaned-Dataset/Normal/b62cefc41f63cd0988d39f802a191398.php,normal
0,0,0,0,0,0,0,0,0,0,0,0,0,0,0,0,0,0,0,0,0,196,899,./Cleaned-Dataset/Normal/b652d1177e3f3f44817430766ac4c55f.php,normal
0,0,0,0,0,0,0,0,0,0,0,0,0,0,0,0,0,0,0,0,0,1,7,./Cleaned-Dataset/Normal/b65b7939fefe9655801a4efb91a4609e.php,normal
0,0,0,0,0,0,0,0,0,0,0,0,0,0,0,0,0,0,0,0,0,124,532,./Cleaned-Dataset/Normal/b660d41af5b41ad2ea5cb0def7376363.php,normal
0,0,0,0,0,0,0,0,0,0,0,0,0,0,0,0,0,1,0,0,0,13,152,./Cleaned-Dataset/Normal/b66cfc1bb4b41d2451a98915333a2e5d.php,normal
0,0,0,0,0,0,0,0,0,0,0,0,0,0,0,0,0,0,0,0,0,10,27,./Cleaned-Dataset/Normal/b66dd41a3d9ef1effb1833b30234cde0.php,normal
0,0,0,0,0,0,0,0,0,0,0,0,0,0,0,0,0,0,0,0,0,182,1541,./Cleaned-Dataset/Normal/b68a48792c7e2efd94a1f675c7ca8c66.php,normal
0,0,0,0,0,0,0,0,0,0,0,0,0,0,0,0,0,0,0,0,0,67,419,./Cleaned-Dataset/Normal/b6b5130dcf10d8d73dbd41ad1a23cb35.php,normal
0,0,0,0,0,0,0,0,0,0,0,0,0,0,0,0,0,0,0,0,0,40,328,./Cleaned-Dataset/Normal/b6c36465e6bd80fc69d3084291287cf4.php,normal
0,0,0,0,0,0,0,0,0,0,0,0,0,0,0,0,0,0,0,0,0,12,42,./Cleaned-Dataset/Normal/b6db0aa3cf532abd3272b8e2750fa277.php,normal
0,0,0,0,0,0,0,0,0,0,0,0,0,0,0,0,0,0,0,0,0,42,91,./Cleaned-Dataset/Normal/b6e2dc412227d2a5b8f3a77a562d3dde.php,normal
0,0,2,0,0,0,0,0,0,0,0,0,0,0,0,0,0,9,0,1,0,908,6283,./Cleaned-Dataset/Normal/b6fc5b4ce1dcd08b42c822a136945170.php,normal
0,0,0,0,0,0,0,0,0,0,0,0,0,0,0,0,0,0,0,0,0,55,187,./Cleaned-Dataset/Normal/b71d967a7d3886ca764be0ca1323a232.php,normal
0,0,0,0,0,0,0,0,0,0,0,0,0,0,0,0,0,0,0,0,0,2,20,./Cleaned-Dataset/Normal/b75835bb2d53d089b4b08974f9c8a939.php,normal
0,0,0,0,0,0,0,0,0,0,0,0,0,0,0,0,0,0,0,0,0,14,77,./Cleaned-Dataset/Normal/b772fddea2049315fffc0761d315dd98.php,normal
0,0,0,0,0,0,0,0,0,0,0,0,0,0,0,0,0,0,0,0,0,133,65,./Cleaned-Dataset/Normal/b780c708df18b5da82d49035ce57c36e.php,normal
0,0,0,0,0,1,0,0,0,0,0,0,0,0,0,0,0,0,0,0,0,31,184,./Cleaned-Dataset/Normal/b7a733660361dde12e61c6b520afa97a.php,normal
0,0,0,0,0,0,0,0,0,0,0,0,0,0,0,0,0,0,0,0,0,365,4778,./Cleaned-Dataset/Normal/b7b096d58993855e10c285a7ebfbe4e7.php,normal
0,0,0,0,0,0,0,0,0,0,0,0,0,0,0,0,0,0,0,0,0,0,7,./Cleaned-Dataset/Normal/b7b4e931ffe415792e523888b6895052.php,normal
0,0,0,0,0,0,0,0,0,0,0,0,0,0,0,1,0,0,0,0,0,6,65,./Cleaned-Dataset/Normal/b7bc2c405e3e69afd27b9accbf387855.php,normal
0,0,0,0,0,0,0,0,0,0,0,0,0,0,0,0,0,0,0,0,0,1,24,./Cleaned-Dataset/Normal/b7e9294657574c2ead9adafd22f875f9.php,normal
0,0,0,0,0,0,0,0,0,0,0,0,0,0,0,0,0,1,0,0,0,406,1785,./Cleaned-Dataset/Normal/b7eeb10cc9748234da01fcd960a6fa36.php,normal
0,0,0,0,0,0,0,0,0,0,0,0,0,0,0,0,0,0,0,0,0,18,77,./Cleaned-Dataset/Normal/b7fdd372a97e8e81056d8f4ff7cdf29f.php,normal
0,0,4,0,0,0,0,0,0,0,0,0,0,0,0,0,0,1,0,0,0,1191,7032,./Cleaned-Dataset/Normal/b8000aeb188772dd410ebff615e8b00d.php,normal
0,0,0,0,0,0,0,0,0,0,0,0,0,0,0,0,0,0,0,0,0,1,51,./Cleaned-Dataset/Normal/b80fed5f3a516958e56a1216a09d610d.php,normal
0,0,1,0,0,0,0,0,0,0,0,0,8,8,3,7,1,2,0,4,10,309,1691,./Cleaned-Dataset/Normal/b8332e079a8817f2b93c0e452c9d1bcc.php,normal
0,0,0,0,0,0,0,0,0,0,0,0,0,0,0,0,0,0,0,0,0,0,5,./Cleaned-Dataset/Normal/b844af68cbbbcf0389c15cc39715afeb.php,normal
0,0,0,0,0,0,0,0,0,0,0,0,0,0,0,0,0,0,0,0,2,31,84,./Cleaned-Dataset/Normal/b895c80d48d716e6f278109d3d64cdf3.php,normal
0,0,0,0,0,0,0,0,0,0,0,0,4,5,2,0,0,0,0,2,2,165,587,./Cleaned-Dataset/Normal/b8b65710e3b8ab9bb3fbc590dea6db7a.php,normal
0,0,0,0,0,0,0,0,0,0,0,0,0,0,0,0,0,8,0,0,0,221,625,./Cleaned-Dataset/Normal/b8d10e0f4752b6ee4b2f61b7e99a0892.php,normal
0,0,0,0,0,0,0,0,0,0,0,0,0,0,0,0,0,0,0,0,0,2,28,./Cleaned-Dataset/Normal/b8ecb2ed13acdb3e9c64a2f3a8ca3854.php,normal
0,0,0,0,0,0,0,0,0,0,0,0,0,0,0,0,0,0,0,0,0,1,361,./Cleaned-Dataset/Normal/b90fc983280a9c18b0b28b4f20ec0941.php,normal
0,0,0,0,0,0,0,0,0,0,0,0,0,0,0,0,0,0,0,0,0,188,1172,./Cleaned-Dataset/Normal/b942c05a4cad00cf9d2c362586427cab.php,normal
0,0,0,0,0,0,0,0,0,0,0,0,0,0,0,0,0,4,0,0,0,104,729,./Cleaned-Dataset/Normal/b94310a88c87dbcc9948f2e4ef6bfc32.php,normal
0,0,0,0,0,0,0,0,0,0,0,0,0,0,0,0,0,0,0,0,0,11,304,./Cleaned-Dataset/Normal/b945a276e410b8b32419e7eff67fc288.php,normal
0,0,0,0,0,0,0,0,0,0,0,0,0,0,0,0,0,0,0,0,0,1,13,./Cleaned-Dataset/Normal/b95d61cd3443e226010afe36c95844e5.php,normal
0,0,0,0,0,0,0,0,0,0,0,0,0,0,0,0,0,0,0,0,0,0,16,./Cleaned-Dataset/Normal/b967dac263e8b28696b4e49529af15e8.php,normal
0,0,0,0,0,0,0,0,0,0,0,0,0,0,0,0,0,0,0,0,0,80,1588,./Cleaned-Dataset/Normal/b9740a51e76c4851b1f9b5f62489f948.php,normal
0,0,3,0,0,0,0,0,0,0,0,0,0,0,0,0,0,1,0,1,0,119,237,./Cleaned-Dataset/Normal/b986b94a1bb4e88a55b935ad76a459b0.php,normal
0,0,0,0,0,0,0,0,0,0,0,0,0,0,0,0,0,0,0,2,1,3,31,./Cleaned-Dataset/Normal/b9901d13f00ef92e0793e2d9fcd57431.php,normal
0,0,0,0,0,0,0,0,0,0,0,0,0,0,0,0,0,0,0,0,0,88,319,./Cleaned-Dataset/Normal/b99d45d3e8a3820282e4c221a96b7528.php,normal
0,0,0,0,0,0,0,0,0,0,0,0,0,0,0,0,0,2,0,0,0,54,978,./Cleaned-Dataset/Normal/b9bfb73fccf932ba894326a38de191e0.php,normal
0,0,0,0,0,0,0,0,0,0,0,0,0,0,0,0,0,1,0,0,0,60,998,./Cleaned-Dataset/Normal/b9cf1d11491c2be69de549e737d76d26.php,normal
0,0,0,0,0,0,0,0,0,0,0,0,0,0,0,0,0,0,0,0,0,74,685,./Cleaned-Dataset/Normal/b9cf754bff68bc7230ba6ac18ff5e62e.php,normal
0,0,0,0,0,0,0,0,0,0,0,0,0,0,0,0,0,0,0,1,1,2,8,./Cleaned-Dataset/Normal/b9fa17a9811195800079dda4b1262d03.php,normal
0,0,0,0,0,0,0,0,0,0,0,0,0,0,0,0,0,0,0,0,0,2,33,./Cleaned-Dataset/Normal/ba3264967d9f65d6c13c952121f9a87d.php,normal
0,0,0,0,0,0,0,0,0,0,0,0,0,0,4,0,0,0,0,0,0,95,459,./Cleaned-Dataset/Normal/ba5d68108538fd923e77b5eb86c0bcc2.php,normal
0,0,0,0,0,0,0,0,0,0,0,0,0,0,0,0,0,0,0,0,0,121,762,./Cleaned-Dataset/Normal/ba7d33d09e24db8cc2b8afb0165d499e.php,normal
0,0,0,0,0,0,0,0,0,0,0,0,0,0,0,0,0,0,0,0,0,29,140,./Cleaned-Dataset/Normal/ba8454ded87a7c470cc5e57795416882.php,normal
0,0,0,0,0,0,0,0,0,0,0,0,0,0,0,0,0,0,0,0,0,13,81,./Cleaned-Dataset/Normal/ba85d84a8f55c0b324b7aacbda41782d.php,normal
0,0,0,0,0,0,0,0,0,0,0,0,0,0,0,0,0,0,0,0,0,39,137,./Cleaned-Dataset/Normal/ba9e4015da466acbf1155e8c1177b326.php,normal
0,0,0,0,0,0,0,0,0,0,0,0,0,0,0,0,0,0,0,0,0,67,810,./Cleaned-Dataset/Normal/baa3d1b6cb20e0ea030a6d135216f11c.php,normal
0,0,1,0,0,0,0,0,0,0,0,0,0,0,95,0,0,0,0,0,0,1263,3938,./Cleaned-Dataset/Normal/baaade675287070579ad6c1aea5187f1.php,normal
0,0,0,0,0,0,0,0,0,0,0,0,0,0,0,0,0,0,0,0,0,0,13,./Cleaned-Dataset/Normal/bac1bec52cdb120f7fea272a7f389a27.php,normal
0,0,0,0,0,0,0,0,0,0,0,0,2,0,0,0,0,0,0,0,0,22,78,./Cleaned-Dataset/Normal/back-compat.php,normal
0,0,0,0,0,0,0,0,0,0,0,0,2,0,0,0,0,0,0,0,0,22,78,./Cleaned-Dataset/Normal/back-compat_1.php,normal
0,0,0,0,0,0,0,0,0,0,0,0,2,0,0,0,0,0,0,0,0,22,81,./Cleaned-Dataset/Normal/back-compat_2.php,normal
0,0,0,0,0,0,0,0,0,0,0,0,2,0,0,0,0,0,0,0,0,22,81,./Cleaned-Dataset/Normal/back-compat_3.php,normal
0,0,0,0,0,0,0,0,0,0,0,0,2,0,0,0,0,0,0,0,0,22,81,./Cleaned-Dataset/Normal/back-compat_4.php,normal
0,0,0,0,0,0,0,0,0,0,0,0,2,0,0,0,0,0,0,0,0,22,78,./Cleaned-Dataset/Normal/back-compat_5.php,normal
0,0,0,0,0,0,0,0,0,0,0,0,1,0,0,0,0,0,0,0,0,22,78,./Cleaned-Dataset/Normal/back-compat_6.php,normal
0,0,0,0,0,0,0,0,0,0,0,0,0,0,0,0,0,0,0,0,0,60,283,./Cleaned-Dataset/Normal/background.php,normal
0,0,0,0,0,0,0,0,0,0,0,0,0,0,0,0,0,8,0,0,0,14,15,./Cleaned-Dataset/Normal/baeb0994e155158e28d88478a4b33fb1.php,normal
0,0,0,0,0,0,0,0,0,0,0,0,0,0,0,0,0,0,0,0,0,11,239,./Cleaned-Dataset/Normal/baeec0998da6f47a5f3e996f76727359.php,normal
0,0,0,0,0,0,0,0,0,0,0,0,0,0,0,0,0,0,0,0,0,68,54,./Cleaned-Dataset/Normal/banner-about-book.php,normal
0,0,0,0,0,0,0,0,0,0,0,0,0,0,0,0,0,0,0,0,0,62,58,./Cleaned-Dataset/Normal/banner-cover-big-heading.php,normal
0,0,0,0,0,0,0,0,0,0,0,0,0,0,0,0,0,0,0,0,0,86,68,./Cleaned-Dataset/Normal/banner-hero.php,normal
0,0,0,0,0,0,0,0,0,0,0,0,0,0,0,0,0,0,0,0,0,62,55,./Cleaned-Dataset/Normal/banner-intro-image.php,normal
0,0,0,0,0,0,0,0,0,0,0,0,0,0,0,0,0,0,0,0,0,33,28,./Cleaned-Dataset/Normal/banner-intro.php,normal
0,0,0,0,0,0,0,0,0,0,0,0,0,0,0,0,0,0,0,0,0,150,109,./Cleaned-Dataset/Normal/banner-poster.php,normal
0,0,0,0,0,0,0,0,0,0,0,0,0,0,0,0,0,0,0,0,0,74,63,./Cleaned-Dataset/Normal/banner-project-description.php,normal
0,0,0,0,0,0,0,0,0,0,0,0,0,0,0,0,0,0,0,0,0,96,74,./Cleaned-Dataset/Normal/banner-with-description-and-images-grid.php,normal
0,0,0,0,0,0,0,0,0,0,0,0,0,0,0,0,0,0,0,0,0,3,18,./Cleaned-Dataset/Normal/Base.php,normal
0,0,0,0,0,0,0,0,0,0,0,0,0,0,0,0,0,0,0,0,0,4,131,./Cleaned-Dataset/Normal/BaseDataCache.php,normal
0,0,0,0,0,0,0,0,0,0,0,0,0,0,0,0,0,0,0,0,0,5,46,./Cleaned-Dataset/Normal/Base_1.php,normal
0,0,1,0,0,0,0,0,0,0,0,0,0,0,0,0,0,0,0,0,0,10,123,./Cleaned-Dataset/Normal/Basic.php,normal
0,0,0,0,0,0,0,0,0,0,0,0,4,1,0,0,0,0,0,2,1,110,336,./Cleaned-Dataset/Normal/bb325634e48e71e6e204651b695abd2d.php,normal
0,0,0,0,0,0,0,0,0,0,0,0,0,0,0,0,0,0,0,0,0,57,475,./Cleaned-Dataset/Normal/bb523c021d731d891a057b4e17dbf903.php,normal
0,0,0,0,0,0,0,0,0,0,0,0,0,0,0,0,0,0,0,0,0,3,53,./Cleaned-Dataset/Normal/bb5edbc73a91ef66b8bc5a34e1ebfb27.php,normal
0,0,0,0,0,0,0,0,0,0,0,0,0,0,0,0,0,0,0,0,0,16,144,./Cleaned-Dataset/Normal/bb7cdd98456ac31358f64a1fad73564d.php,normal
0,0,1,0,0,0,0,0,0,0,0,0,0,0,6,0,0,0,0,2,0,487,907,./Cleaned-Dataset/Normal/bb9c6784beb1897529a8042a2f02d4bc.php,normal
0,0,0,0,0,0,0,0,0,0,0,0,0,0,0,0,0,0,0,0,0,10,131,./Cleaned-Dataset/Normal/bba14b95de11c5a0bb553295962593aa.php,normal
0,0,0,0,0,0,0,0,0,0,0,0,0,0,0,0,0,0,0,0,0,163,1160,./Cleaned-Dataset/Normal/bba9594ef46d787e6c66385c066df2e8.php,normal
0,0,1,0,0,0,0,0,0,0,0,0,0,0,0,0,0,0,0,0,0,109,1269,./Cleaned-Dataset/Normal/bbb516932e50586dea3709930bfd5316.php,normal
0,0,0,0,0,0,0,0,0,0,0,0,0,0,0,0,0,0,0,0,0,69,718,./Cleaned-Dataset/Normal/bbda7439da998021ac209a2f86eedd45.php,normal
0,0,0,0,0,0,0,0,0,0,0,0,0,0,0,0,0,0,0,0,0,15,26,./Cleaned-Dataset/Normal/bc66310d5e39b046dc0b9f7eb3101220.php,normal
0,0,0,0,0,0,0,0,0,0,0,0,0,0,0,0,0,0,0,0,1,1,4,./Cleaned-Dataset/Normal/bc6cca74bccdcb5c4f8a16ef3a9d4d47.php,normal
0,0,0,0,0,0,0,0,0,0,0,0,4,0,0,0,0,1,0,0,3,87,236,./Cleaned-Dataset/Normal/bc83206d06d9930115534eb7834207d6.php,normal
0,0,0,0,0,0,0,0,0,0,0,0,0,0,0,0,0,0,0,0,0,0,43,./Cleaned-Dataset/Normal/bcce053fb30e8f52e556a7f4e9d19cb4.php,normal
0,0,0,0,0,0,0,0,0,0,0,0,0,0,0,0,0,0,0,0,0,240,1097,./Cleaned-Dataset/Normal/bd01101c09c05624d6a26d01f92100ab.php,normal
0,0,0,0,0,0,0,0,0,0,0,0,0,0,0,0,0,0,0,0,0,24,157,./Cleaned-Dataset/Normal/bd0c32d140512ee699f282fe7cabb04b.php,normal
0,0,0,0,0,0,0,0,0,0,0,0,1,0,0,0,0,0,0,0,1,11,84,./Cleaned-Dataset/Normal/bd2560a65f0430bfb40684369c29764b.php,normal
0,0,0,0,0,0,0,0,0,0,0,0,0,0,0,0,0,0,0,0,0,190,741,./Cleaned-Dataset/Normal/bd5f46e1f95bfaa2a43f739bd2d1d6d7.php,normal
0,0,0,0,0,0,0,0,1,0,0,0,0,8,0,0,0,0,0,0,0,236,2690,./Cleaned-Dataset/Normal/bd644cba75b13bc96399b95412f5b165.php,normal
0,0,0,0,1,0,0,0,0,0,0,0,0,0,0,0,0,0,0,0,0,20,117,./Cleaned-Dataset/Normal/bd7d86ee2eb512677cb3a64d77750506.php,normal
0,0,0,0,0,0,0,0,0,0,0,0,17,2,0,0,0,0,0,0,2,84,391,./Cleaned-Dataset/Normal/bd824f80c584e38a0ef56096d9075d0a.php,normal
0,0,0,0,0,0,0,0,0,0,0,0,0,0,0,0,0,0,0,0,0,46,706,./Cleaned-Dataset/Normal/bda19a893ad05a4aed1dd5d519f3f955.php,normal
0,0,0,0,0,0,0,0,0,0,0,0,0,0,0,0,0,0,0,0,0,10,35,./Cleaned-Dataset/Normal/bdb93afea58a3b1051515f7481226dab.php,normal
0,0,0,0,0,0,0,0,0,0,0,0,0,0,0,0,0,0,0,0,0,68,425,./Cleaned-Dataset/Normal/be0402355c3910c688a145be5abceb35.php,normal
0,0,0,0,0,0,0,0,0,0,0,0,0,0,0,0,0,0,0,0,0,11,41,./Cleaned-Dataset/Normal/be11573268fef9d8466e8765683f9301.php,normal
0,0,0,0,0,0,0,0,0,0,0,0,0,0,0,0,0,0,0,0,0,4,15,./Cleaned-Dataset/Normal/be18dd84b0115116dbbcba098b1a9bb7.php,normal
0,0,0,0,0,0,0,0,0,0,0,0,0,0,2,0,0,0,0,1,1,19,133,./Cleaned-Dataset/Normal/be36dedfad6a0d679b90a7a78a0cf6ec.php,normal
0,0,0,0,0,0,0,0,0,0,0,0,0,0,0,0,0,0,0,0,0,81,524,./Cleaned-Dataset/Normal/be3e5c5a8c6e79d8e2560e55c6c60e9f.php,normal
0,0,0,0,0,0,0,0,0,0,0,0,0,0,0,0,0,0,0,0,0,7,67,./Cleaned-Dataset/Normal/be46f23068b3d1c4c3fcb9814b545856.php,normal
0,0,0,0,0,0,0,0,0,0,0,0,0,0,0,0,0,0,0,0,0,214,301,./Cleaned-Dataset/Normal/be6a2e78588b10f375c47d07401fa98e.php,normal
0,0,0,0,0,0,0,0,0,0,0,0,0,0,0,0,0,0,0,0,0,1,7,./Cleaned-Dataset/Normal/be999699dac78c60ebfbc873d5e99b60.php,normal
0,0,0,0,0,0,0,0,0,0,0,0,0,0,0,0,0,0,0,0,0,40,91,./Cleaned-Dataset/Normal/be9bf93badd2b8226ed400fcab20082b.php,normal
0,0,0,0,0,0,0,0,0,0,0,0,0,0,0,0,0,0,0,0,1,51,370,./Cleaned-Dataset/Normal/bec090db035763b9f18f3b1b881002cf.php,normal
0,0,0,0,0,0,0,0,0,0,0,0,4,14,0,0,0,1,0,0,0,615,3435,./Cleaned-Dataset/Normal/bec102029048a3dce44d6ddac8dfcf7f.php,normal
0,0,0,0,0,0,0,0,0,0,0,0,0,0,12,0,0,0,0,0,0,126,466,./Cleaned-Dataset/Normal/bec1a1f54cf9f2705dccf6eea1f25a0f.php,normal
0,0,0,0,0,0,0,0,0,0,0,0,0,0,0,0,0,0,0,0,0,23,337,./Cleaned-Dataset/Normal/bec3b6d5bdb27622bc809ce8d8d405c8.php,normal
0,0,0,0,0,0,0,0,0,0,0,0,0,0,0,0,0,0,0,0,0,10,3,./Cleaned-Dataset/Normal/bf077cb257b0af1a0c50bbdab5fe6671.php,normal
0,0,0,0,0,0,0,0,0,0,0,0,0,0,0,0,0,0,0,0,0,53,367,./Cleaned-Dataset/Normal/bf22191dcc998f5874120eee7765f3cf.php,normal
0,0,0,0,0,0,0,0,0,0,0,0,0,0,0,0,0,0,0,0,0,11,145,./Cleaned-Dataset/Normal/bf2a5dda82ae42973015c4d0579a02ce.php,normal
0,0,0,0,0,0,0,0,0,0,0,0,0,0,0,0,0,0,0,0,0,25,78,./Cleaned-Dataset/Normal/bf2d1276b31097d02b54b53f5383e9d9.php,normal
0,0,0,0,0,0,0,0,0,0,0,0,0,0,0,0,0,0,0,0,0,56,624,./Cleaned-Dataset/Normal/bf2dd01c17e747ad21ca17f33c29945f.php,normal
0,0,0,0,0,0,0,0,0,0,0,0,0,0,13,0,0,1,0,0,0,220,1020,./Cleaned-Dataset/Normal/bf503cacac14b342c688c53adcb781d3.php,normal
0,0,0,0,0,0,0,0,0,0,0,0,0,0,0,0,0,0,0,0,0,1,11,./Cleaned-Dataset/Normal/bf52bd6cedf8730c01bfcb335c1b627a.php,normal
0,0,0,0,0,0,0,0,0,0,0,0,0,0,18,0,0,0,0,0,0,116,374,./Cleaned-Dataset/Normal/bf99b00c23a2f0900925a26e8d222b4c.php,normal
0,0,8,0,0,0,0,0,0,0,0,0,0,0,0,0,0,0,0,0,0,157,1317,./Cleaned-Dataset/Normal/bf9e32a7137c769f1fcdd45ecd293759.php,normal
0,0,0,0,0,0,0,0,0,0,0,0,0,0,0,0,0,0,0,0,0,39,415,./Cleaned-Dataset/Normal/bfa2e827279f4d351117006bc985f9c2.php,normal
0,0,0,0,0,0,0,0,0,0,0,0,0,0,0,0,0,0,0,0,0,2,5,./Cleaned-Dataset/Normal/bfb325e1f57bb3632eed1e2d6e45e945.php,normal
0,0,0,0,0,0,0,0,0,0,0,0,0,0,0,0,0,0,0,0,0,8,8,./Cleaned-Dataset/Normal/binding-format.php,normal
0,0,0,0,0,0,0,0,0,0,0,0,0,0,0,0,0,0,0,0,0,16,34,./Cleaned-Dataset/Normal/biography.php,normal
0,0,0,0,0,0,0,0,0,0,0,0,0,0,0,0,0,0,0,0,0,0,3,./Cleaned-Dataset/Normal/BLAKE2b.php,normal
0,1,0,0,0,0,0,0,0,0,0,0,0,0,0,0,0,0,0,0,0,20,2238,./Cleaned-Dataset/Normal/BLAKE2b_1.php,normal
0,1,0,0,0,0,0,0,0,0,0,0,0,0,0,0,0,0,0,0,0,15,1858,./Cleaned-Dataset/Normal/BLAKE2b_2.php,normal
0,0,0,0,0,0,0,0,0,0,0,0,0,0,0,0,0,0,0,0,0,44,172,./Cleaned-Dataset/Normal/block-bindings.php,normal
0,0,0,0,0,0,0,0,0,0,0,0,2,0,0,0,0,0,0,0,0,381,1774,./Cleaned-Dataset/Normal/block-editor.php,normal
0,0,0,0,0,0,0,0,0,0,0,0,0,0,0,0,0,0,0,0,0,232,197,./Cleaned-Dataset/Normal/block-patterns.php,normal
0,0,0,0,0,0,0,0,0,0,0,0,0,0,0,0,0,0,0,0,0,124,181,./Cleaned-Dataset/Normal/block-patterns_1.php,normal
0,0,0,0,0,0,0,0,0,0,0,0,0,0,0,0,0,0,0,0,0,234,426,./Cleaned-Dataset/Normal/block-patterns_10.php,normal
0,0,0,0,0,0,0,0,0,0,0,0,0,0,0,0,0,0,0,1,0,94,94,./Cleaned-Dataset/Normal/block-patterns_11.php,normal
0,0,0,0,0,0,0,0,0,0,0,0,0,0,0,0,0,0,0,1,0,191,737,./Cleaned-Dataset/Normal/block-patterns_12.php,normal
0,0,0,0,0,0,0,0,0,0,0,0,0,0,0,0,0,0,0,0,0,119,196,./Cleaned-Dataset/Normal/block-patterns_2.php,normal
0,0,0,0,0,0,0,0,0,0,0,0,0,0,0,0,0,0,0,0,0,273,271,./Cleaned-Dataset/Normal/block-patterns_3.php,normal
0,0,0,0,0,0,0,0,0,0,0,0,0,0,0,0,0,0,0,0,0,332,253,./Cleaned-Dataset/Normal/block-patterns_4.php,normal
0,0,0,0,0,0,0,0,0,0,0,0,0,0,0,0,0,0,0,0,0,167,130,./Cleaned-Dataset/Normal/block-patterns_5.php,normal
0,0,0,0,0,0,0,0,0,0,0,0,0,0,0,0,0,0,0,0,0,72,110,./Cleaned-Dataset/Normal/block-patterns_6.php,normal
0,0,2,0,0,0,0,0,0,0,0,0,0,0,0,0,0,0,0,0,0,267,265,./Cleaned-Dataset/Normal/block-patterns_7.php,normal
0,0,0,0,0,0,0,0,0,0,0,0,0,0,0,0,0,0,0,0,0,124,115,./Cleaned-Dataset/Normal/block-patterns_8.php,normal
0,0,0,0,0,0,0,0,0,0,0,0,0,0,0,0,0,0,0,0,0,219,211,./Cleaned-Dataset/Normal/block-patterns_9.php,normal
0,0,0,0,0,0,0,0,0,0,0,0,0,0,0,0,0,0,0,0,0,70,517,./Cleaned-Dataset/Normal/block-style-variations.php,normal
0,0,0,0,0,0,0,0,0,0,0,0,0,0,0,0,0,0,0,0,0,63,83,./Cleaned-Dataset/Normal/block-styles.php,normal
0,0,0,0,0,0,0,0,0,0,0,0,0,0,0,0,0,5,0,0,0,574,3591,./Cleaned-Dataset/Normal/block-template-utils.php,normal
0,0,0,0,0,0,0,0,0,0,0,0,3,0,0,0,0,0,0,0,0,74,664,./Cleaned-Dataset/Normal/block-template.php,normal
0,0,0,0,0,0,0,0,0,0,0,0,0,0,0,0,0,0,0,0,0,11,53,./Cleaned-Dataset/Normal/block-visibility.php,normal
0,0,0,0,0,0,0,0,0,0,0,0,0,0,0,0,0,0,0,0,0,33,252,./Cleaned-Dataset/Normal/block.php,normal
0,0,0,0,0,0,0,0,0,0,0,0,0,0,0,0,0,2,0,0,0,8112,3689,./Cleaned-Dataset/Normal/blocks-json.php,normal
0,0,0,0,0,0,0,0,0,0,0,0,0,0,0,0,0,2,0,4,0,756,6132,./Cleaned-Dataset/Normal/blocks.php,normal
0,0,0,0,0,0,0,0,0,0,0,0,0,0,0,0,0,0,0,0,0,5,1082,./Cleaned-Dataset/Normal/Block_1.php,normal
0,0,0,0,0,0,0,0,0,0,0,0,0,0,0,0,0,2,0,0,0,187,616,./Cleaned-Dataset/Normal/bookmark-template.php,normal
0,0,0,0,0,0,0,0,0,0,0,0,4,16,0,0,0,0,0,0,0,141,775,./Cleaned-Dataset/Normal/bookmark.php,normal
0,0,0,0,0,0,0,0,0,0,0,0,0,0,0,0,0,7,0,0,0,222,1086,./Cleaned-Dataset/Normal/bookmark_1.php,normal
0,0,0,0,0,0,0,0,0,0,0,0,0,0,0,0,0,0,0,0,0,94,402,./Cleaned-Dataset/Normal/border.php,normal
0,0,0,0,0,0,0,0,0,0,0,0,0,0,0,0,0,1,0,0,0,9,86,./Cleaned-Dataset/Normal/button.php,normal
0,0,0,0,0,0,0,0,0,0,0,0,0,0,0,0,0,0,0,0,0,0,103,./Cleaned-Dataset/Normal/c00ee1b869d305f6228fe3276f02874e.php,normal
0,0,0,0,0,0,0,0,0,0,0,0,0,0,0,0,0,0,0,0,0,9,254,./Cleaned-Dataset/Normal/c0288ab20c03248ca8a2bde56963052e.php,normal
0,0,0,0,0,0,0,0,0,0,0,0,0,0,1,0,0,0,0,0,0,108,528,./Cleaned-Dataset/Normal/c05ae05a074c1b5da9a27b555a226619.php,normal
0,0,0,0,0,0,0,0,0,0,0,0,3,3,0,3,0,0,1,0,1,1020,3023,./Cleaned-Dataset/Normal/c069d68857cc8517644b2bb0ae3dea9c.php,normal
0,0,0,0,0,0,0,0,0,0,0,0,0,0,0,0,0,0,0,0,0,240,1079,./Cleaned-Dataset/Normal/c06bdf5621e01fe56d84300750cf2248.php,normal
0,0,0,0,0,0,0,0,0,0,0,0,0,0,0,0,0,0,0,0,0,1,6,./Cleaned-Dataset/Normal/c09eb98c31b778a55a1842cf7db280cf.php,normal
0,0,0,0,0,0,0,0,0,0,0,0,0,0,0,0,0,0,0,0,0,28,167,./Cleaned-Dataset/Normal/c0c9adee45adfb5cdc8a3077b367a0fe.php,normal
0,0,0,0,0,0,0,0,0,0,0,0,0,0,0,0,0,0,0,0,0,12,201,./Cleaned-Dataset/Normal/c0daf12898f1cc2fd96b8e7c5673da61.php,normal
0,0,0,0,0,0,0,0,0,0,0,0,0,0,0,0,0,0,0,0,0,1,13,./Cleaned-Dataset/Normal/c10045eac2f33e944160d840367fc1ed.php,normal
0,0,0,0,0,0,0,0,0,0,0,0,0,0,0,0,0,0,0,0,0,18,505,./Cleaned-Dataset/Normal/c1038bd47c8472bcd1d41017b575198f.php,normal
0,0,0,0,0,0,0,0,0,0,0,0,0,0,0,0,0,0,0,0,0,0,30,./Cleaned-Dataset/Normal/c118c19c14ff497c49da859a33ee5c5d.php,normal
0,0,0,0,0,0,0,0,0,0,0,0,0,0,0,0,0,2,0,1,0,11,55,./Cleaned-Dataset/Normal/c11fbfc97b8842e4e0466cb25ca5ce89.php,normal
0,0,0,0,0,0,0,0,0,0,0,0,0,0,0,0,0,0,0,0,0,5,50,./Cleaned-Dataset/Normal/c1237e1d4dda5901d64ed1d1f7f544bf.php,normal
0,0,0,0,0,0,0,0,0,0,0,0,0,0,0,0,0,0,0,0,0,23,387,./Cleaned-Dataset/Normal/c12f3ff45bc0a36c2a8c47d1ad90d1ef.php,normal
0,0,0,0,0,0,0,0,0,0,0,0,0,0,0,0,0,0,0,1,0,60,114,./Cleaned-Dataset/Normal/c1303246c1023d088dadd6c6ed4b79e7.php,normal
0,0,1,0,0,0,1,0,0,0,0,0,0,0,0,0,0,0,0,0,0,56,134,./Cleaned-Dataset/Normal/c1419db74aef9f667ecca7bf0c8eb74b.php,normal
0,0,0,0,0,0,0,0,0,0,0,0,0,0,0,0,0,0,0,0,0,173,233,./Cleaned-Dataset/Normal/c1433413ebffb9c97fee3695e688b381.php,normal
0,0,0,0,0,0,0,0,0,0,0,0,0,6,4,0,0,0,0,0,0,283,1401,./Cleaned-Dataset/Normal/c14ec089ca199388e39c89659320b19e.php,normal
0,0,0,0,0,0,0,0,0,0,0,0,0,0,0,0,0,0,0,0,0,16,287,./Cleaned-Dataset/Normal/c150ab44cfdeda7cb15e298274d830f5.php,normal
0,0,0,0,0,0,0,0,0,0,0,0,0,0,0,0,0,2,3,1,0,27,422,./Cleaned-Dataset/Normal/c18bead8da2eeb15485ba1a1af35e5ba.php,normal
0,0,0,0,0,0,0,0,0,0,0,0,0,12,0,0,0,0,0,0,0,44,327,./Cleaned-Dataset/Normal/c19a1d6dc4cd8ab1734bc9d1dd0c1364.php,normal
0,0,0,0,0,0,0,0,0,0,0,0,0,0,0,0,0,7,0,0,0,340,1414,./Cleaned-Dataset/Normal/c19e95b1112984d6739bc83436e7e944.php,normal
0,0,0,0,0,0,0,0,0,0,0,0,0,0,0,0,0,0,0,0,1,138,1410,./Cleaned-Dataset/Normal/c19ff6fc655f6427c94d9a973371fd95.php,normal
0,0,0,0,0,0,0,0,0,0,0,0,0,0,0,0,0,0,0,0,0,2,14,./Cleaned-Dataset/Normal/c1de0823326fc69a068f5a001ce91c9e.php,normal
0,0,0,0,0,0,0,0,0,0,0,0,0,2,1,0,0,0,0,0,0,36,354,./Cleaned-Dataset/Normal/c212db1197deb507a8264aaf6648fbeb.php,normal
0,0,0,0,0,0,0,0,0,0,0,0,0,0,0,0,0,0,0,0,0,3,10,./Cleaned-Dataset/Normal/c217b0598034af93bb504dc77cbabb77.php,normal
0,0,0,0,0,0,0,0,0,0,0,0,0,0,0,0,0,0,0,0,0,87,346,./Cleaned-Dataset/Normal/c21e9748c5d38469aab472b79ce99938.php,normal
0,0,0,0,0,0,0,0,0,0,0,0,0,0,0,0,0,0,0,0,0,4,32,./Cleaned-Dataset/Normal/c2282c5861561a2ed080a85333f10db8.php,normal
0,0,0,0,0,0,0,0,0,0,0,0,0,0,0,0,0,0,0,0,0,11,72,./Cleaned-Dataset/Normal/c24b3b29243ce3617b4519945634c93e.php,normal
0,0,0,0,0,0,0,0,0,0,0,0,0,0,0,0,0,0,0,0,0,59,279,./Cleaned-Dataset/Normal/c24dc87d685cec9f720db1135c853aa4.php,normal
0,0,0,0,0,0,0,0,0,0,0,0,0,0,0,0,0,0,0,0,0,4,22,./Cleaned-Dataset/Normal/c25954e57e1ae32722fa6c840a55658c.php,normal
0,0,0,0,0,0,0,0,0,0,0,0,0,0,0,0,0,0,0,0,0,22,109,./Cleaned-Dataset/Normal/c274c19854d2c745112af6da654deb0d.php,normal
0,0,0,0,0,0,0,0,0,0,0,0,0,0,0,0,0,0,0,0,0,820,5,./Cleaned-Dataset/Normal/c27c483543aa7ace79f0da8b824fc913.php,normal
0,0,0,0,0,0,0,0,0,0,0,0,0,0,0,0,0,0,0,0,0,236,695,./Cleaned-Dataset/Normal/c28bf10fbef7ce3184bc7ebc45119b1e.php,normal
0,0,1,0,0,0,0,0,0,0,0,0,0,0,0,0,0,0,0,0,0,448,401,./Cleaned-Dataset/Normal/c29d4238b272f5995c06122a2ddffe0b.php,normal
0,0,0,0,0,0,0,0,0,0,0,0,0,0,0,0,0,0,0,0,0,7,50,./Cleaned-Dataset/Normal/c2d7822f49145d500e1915e5e9d39089.php,normal
0,0,0,0,0,0,0,0,0,0,0,0,0,0,0,0,0,0,0,0,0,49,266,./Cleaned-Dataset/Normal/c2de0776994d24f91b17f0f404af6cd9.php,normal
0,0,4,0,0,0,0,0,0,0,0,0,0,0,0,0,0,0,0,0,0,56,350,./Cleaned-Dataset/Normal/c2ed5f9dc27f54756056c151755ddfeb.php,normal
0,0,0,0,0,0,0,0,0,0,0,0,0,0,0,0,0,0,0,0,0,2,14,./Cleaned-Dataset/Normal/c2f342be6e02a4fbba05fbfc4eda566d.php,normal
0,0,0,0,0,0,0,0,0,0,0,0,0,0,0,0,0,0,0,0,0,3,81,./Cleaned-Dataset/Normal/c3281e42c9c9ca38b0878796fad3d022.php,normal
0,0,0,0,0,0,0,0,0,0,0,0,0,0,0,0,0,0,0,0,0,120,375,./Cleaned-Dataset/Normal/c338556848a92f285f1bbd0c11740b4f.php,normal
0,0,0,0,0,0,0,0,0,0,0,0,0,0,0,0,0,0,0,0,0,0,34,./Cleaned-Dataset/Normal/c36f10f8c26769a4b6ba6454696f1e8d.php,normal
0,0,0,0,0,0,0,0,0,0,0,0,0,0,0,0,0,0,0,0,0,3,52,./Cleaned-Dataset/Normal/c3774df36b92559181939a951760eade.php,normal
0,0,0,0,0,0,0,0,0,0,0,0,0,0,0,0,0,0,0,1,0,3,32,./Cleaned-Dataset/Normal/c39340a974674dc3ebfcef979ebdcaa4.php,normal
0,0,0,0,0,0,0,0,0,0,0,0,0,0,0,0,0,0,0,0,0,1,52,./Cleaned-Dataset/Normal/c398da9a99261ae0fdae8ce1769badd0.php,normal
0,0,0,0,0,0,0,0,0,0,0,0,2,10,0,0,0,0,0,0,1,68,363,./Cleaned-Dataset/Normal/c3bf352e09caee1be2c146289ecb51bb.php,normal
0,0,0,0,0,0,0,0,0,0,0,0,0,0,0,0,0,0,0,0,0,6,44,./Cleaned-Dataset/Normal/c3fb3d1b48e6a6016964ac2441028e87.php,normal
0,0,0,0,0,0,0,0,0,0,0,0,0,0,0,0,0,0,0,0,0,55,500,./Cleaned-Dataset/Normal/c40428a835b950a6f4de8282ed9679dc.php,normal
0,0,0,0,0,0,0,0,0,0,0,0,0,0,0,0,0,0,0,0,0,2,51,./Cleaned-Dataset/Normal/c4054d50819d9fbfffc1d6ab542164c7.php,normal
0,0,0,0,0,0,0,0,0,0,0,0,0,0,0,0,0,0,0,0,0,2,17,./Cleaned-Dataset/Normal/c4316fc3608d6ef1a2aeb7e2975621d5.php,normal
0,0,0,0,0,0,0,0,0,0,0,0,0,0,0,0,0,0,0,0,0,0,87,./Cleaned-Dataset/Normal/c43bbdaee52ddc7b24d936640b8acf1f.php,normal
0,0,0,0,0,0,0,0,0,0,0,0,0,0,0,0,0,0,0,0,0,35,421,./Cleaned-Dataset/Normal/c43ce40f2155f2e4b69a65977296dda8.php,normal
0,0,0,0,0,0,0,0,0,0,0,0,0,0,0,0,0,0,0,0,0,25,432,./Cleaned-Dataset/Normal/c43d7b6cb7b4ffddd51a183292187497.php,normal
0,0,0,0,0,0,0,0,0,0,0,0,0,0,0,0,0,0,0,0,0,44,255,./Cleaned-Dataset/Normal/c453f140087ab123f2ed870b8faad9e7.php,normal
0,0,0,0,0,0,0,0,0,11,4,0,0,0,0,0,0,0,0,0,0,27,323,./Cleaned-Dataset/Normal/c47c3c21aa7704f88060121ba1006f09.php,normal
0,0,0,0,0,0,0,0,0,0,0,0,0,0,0,0,0,0,0,0,0,11,55,./Cleaned-Dataset/Normal/c48a6ddfe2b1fa685a213f1d8c7eed0e.php,normal
0,0,0,0,0,0,0,0,0,0,0,0,0,0,0,0,0,0,0,0,0,1,10,./Cleaned-Dataset/Normal/c497aaddcbc404e487cd70eff1c20af6.php,normal
0,0,0,0,0,0,0,0,0,0,0,0,0,0,0,0,0,0,0,0,0,1,56,./Cleaned-Dataset/Normal/c4c512ac024cafcef66a45c855154188.php,normal
0,0,0,0,0,0,0,0,0,0,0,0,0,0,0,0,0,0,0,0,0,5,61,./Cleaned-Dataset/Normal/c5142ca66ef1b54455446a5a3f586999.php,normal
0,0,0,0,0,0,0,0,0,0,0,0,0,0,0,0,0,0,0,0,0,2,19,./Cleaned-Dataset/Normal/c53e0dd30c70f7a064ac7dc65dcc9195.php,normal
0,0,0,0,0,0,0,0,0,0,0,0,2,8,0,0,0,1,0,0,0,855,3117,./Cleaned-Dataset/Normal/c5651cb544826cf76c04be74ed09af44.php,normal
0,0,0,0,0,0,0,0,0,0,0,0,0,0,0,0,0,0,0,0,0,15,82,./Cleaned-Dataset/Normal/c56a2563bb04f6421b7498b5631ee6e8.php,normal
0,0,0,0,0,0,0,0,0,0,0,0,0,0,0,0,0,0,0,0,0,5,37,./Cleaned-Dataset/Normal/c56ce741a9033f51c792587a6ddcb740.php,normal
0,0,0,0,0,0,0,0,0,0,0,0,0,0,0,0,0,0,0,0,0,2,29,./Cleaned-Dataset/Normal/c56ddb7af303481bb79ac7237b74880c.php,normal
0,0,0,0,0,0,0,0,0,0,0,0,0,0,0,0,0,0,0,0,0,1,21,./Cleaned-Dataset/Normal/c5756e3c0da640e3665a0b458e868873.php,normal
0,0,0,0,0,0,0,0,0,0,0,0,0,0,0,0,0,0,0,0,0,0,11,./Cleaned-Dataset/Normal/c5b20062a275eb5bda15ad68e94cbd56.php,normal
0,0,0,0,0,0,0,0,0,0,0,0,0,0,0,0,0,0,0,0,0,254,1363,./Cleaned-Dataset/Normal/c5bae6a0e7c7b3240e50336e0a115d4e.php,normal
0,0,0,0,0,0,0,0,0,0,0,0,0,0,0,0,0,1,1,0,4,19,234,./Cleaned-Dataset/Normal/c5bff04fe19fb5932bf76c88361263cb.php,normal
0,0,0,0,0,0,0,0,0,0,0,0,0,0,0,0,0,0,0,0,0,34,136,./Cleaned-Dataset/Normal/c5d755454e89ea743fb3eec4d980010f.php,normal
0,0,0,0,0,0,0,0,0,0,0,0,0,0,0,0,0,0,0,0,0,13,58,./Cleaned-Dataset/Normal/c626e8574dfad8a89170c09f525ffa19.php,normal
0,0,0,0,0,0,0,0,0,0,0,0,0,0,0,0,0,0,0,0,0,2,33,./Cleaned-Dataset/Normal/c638637d9713d888f21790056154278b.php,normal
0,0,0,0,0,0,0,0,0,0,0,0,0,0,0,0,0,0,0,0,0,0,171,./Cleaned-Dataset/Normal/c6477e14379bb31150cdff62c8a6daa6.php,normal
0,0,0,0,0,0,0,0,0,0,0,0,0,0,0,0,0,0,0,0,0,39,11,./Cleaned-Dataset/Normal/c68a3663351a46b7d73422f261e05625.php,normal
0,0,0,0,0,0,0,0,0,0,0,0,0,0,0,0,0,0,0,0,0,3,26,./Cleaned-Dataset/Normal/c68d85673212a4071d0572da42d3179f.php,normal
0,0,0,0,0,0,0,0,0,0,0,0,0,0,0,0,0,0,0,0,0,0,42,./Cleaned-Dataset/Normal/c6ee171e29433b18f2f63bde4a1b0ab7.php,normal
0,0,0,0,0,0,0,0,0,0,0,0,0,0,0,0,0,1,0,0,0,83,338,./Cleaned-Dataset/Normal/c6f085b0c66474e93ea4ded2a44667be.php,normal
0,0,0,0,0,0,0,0,0,0,0,0,0,0,0,0,0,0,0,0,0,8,147,./Cleaned-Dataset/Normal/c6fa4088bbbd5d5b282bb43aedd7b853.php,normal
0,0,0,0,0,0,0,0,0,0,0,0,22,18,0,0,0,0,0,0,6,328,1302,./Cleaned-Dataset/Normal/c70109db35fd7ead60f02a170a0db6d9.php,normal
0,0,0,0,0,0,0,0,0,0,0,0,0,0,0,0,0,0,0,0,0,11,25,./Cleaned-Dataset/Normal/c719124cf40baf5e50bd95154f975439.php,normal
0,0,0,0,0,0,0,0,0,0,0,0,0,0,0,0,0,1,0,0,0,48,262,./Cleaned-Dataset/Normal/c71cf0f0242eff1960d3b246cc905e1c.php,normal
0,0,0,0,0,0,0,0,2,0,0,0,0,0,0,0,0,0,0,0,0,1023,4574,./Cleaned-Dataset/Normal/c72689d731ed62d5c8531fbfc3a34e81.php,normal
0,0,0,0,0,0,0,0,0,0,0,0,0,0,0,0,0,0,0,0,0,4,25,./Cleaned-Dataset/Normal/c728f245f3f1ebd2f28ec5f4f87307d7.php,normal
0,0,0,0,0,0,0,0,0,0,0,0,0,0,0,0,0,0,0,0,0,223,1253,./Cleaned-Dataset/Normal/c74cd4661a6cc32f9ff16957beffcb96.php,normal
0,0,0,0,0,0,0,0,0,0,0,0,0,0,0,0,0,0,0,0,0,62,324,./Cleaned-Dataset/Normal/c74d1fbe4e84bc4436c014bdd06dc14c.php,normal
0,0,0,0,0,0,0,0,0,0,0,0,0,0,0,0,0,0,0,0,0,6,19,./Cleaned-Dataset/Normal/c78113ef249f5bebccbb0062cb677fc7.php,normal
0,0,0,0,0,0,0,0,0,0,0,0,0,0,8,0,0,1,0,0,0,236,832,./Cleaned-Dataset/Normal/c795333133e44c008d03e3b9fcb91715.php,normal
0,0,0,0,0,0,0,0,0,0,0,0,0,0,0,0,0,0,0,0,0,39,11,./Cleaned-Dataset/Normal/c7b4da7bccff8127d117360fb16c4a37.php,normal
0,0,0,0,0,0,0,0,0,0,0,0,0,0,0,0,0,0,0,0,0,4,84,./Cleaned-Dataset/Normal/c7fddee018058c008c1d4c9c735b6d58.php,normal
0,0,0,0,0,0,0,0,0,0,0,0,0,0,0,0,0,0,0,0,0,6,283,./Cleaned-Dataset/Normal/c800cc10aad82bccf9b00b43b5c83f7f.php,normal
0,0,0,0,0,0,0,0,0,0,0,0,0,5,0,0,0,1,0,0,2,84,250,./Cleaned-Dataset/Normal/c8230df4f7403f77275ac09c04948c9a.php,normal
0,0,0,0,0,0,0,0,0,0,0,0,0,0,0,0,0,0,0,0,0,7,28,./Cleaned-Dataset/Normal/c8547ab9106d8ad8a05c5cac283d6519.php,normal
0,0,0,0,0,0,0,0,0,0,0,0,0,0,0,0,0,0,0,0,0,94,297,./Cleaned-Dataset/Normal/c85865363b20de936ad0d5b167d2e818.php,normal
0,0,0,0,0,0,0,0,0,0,0,0,0,0,0,0,0,0,0,0,0,246,691,./Cleaned-Dataset/Normal/c873f1a32e905d267a539d6be6935630.php,normal
1,0,0,0,0,0,0,0,0,0,0,0,0,0,0,0,0,0,0,0,0,3,109,./Cleaned-Dataset/Normal/c88c2622b3e27236034204a740e87e0c.php,normal
0,0,0,0,0,0,0,0,0,0,0,0,0,0,0,0,0,0,0,0,0,23,176,./Cleaned-Dataset/Normal/c8a2b11e32ec3e5006764b36590314f7.php,normal
0,0,0,0,0,0,0,0,0,0,0,0,0,0,0,0,0,0,0,0,0,8,45,./Cleaned-Dataset/Normal/c8a9616f56936bcb5f9caa873de8d392.php,normal
0,0,0,1,0,0,0,0,0,0,0,0,0,0,0,0,0,0,0,0,0,89,352,./Cleaned-Dataset/Normal/c8b285d45218e3d876f44daf94963b04.php,normal
0,0,0,0,0,0,0,0,0,0,0,0,0,0,0,0,0,0,0,0,0,44,219,./Cleaned-Dataset/Normal/c8d79b94050684375446f5b363440ceb.php,normal
0,0,0,0,0,0,0,0,0,0,0,0,0,0,0,0,0,0,0,0,0,2,31,./Cleaned-Dataset/Normal/c8e985fc4c562598489a0359bf26555b.php,normal
0,0,0,0,0,0,0,0,0,0,0,0,0,0,6,0,0,0,0,0,0,23,154,./Cleaned-Dataset/Normal/c9222163dd401905ab6b4ab7ca775ccc.php,normal
0,0,0,0,0,0,0,0,0,0,0,0,0,0,0,0,1,3,0,0,0,47,315,./Cleaned-Dataset/Normal/c927fbeaae08059937ff5afbe865f71b.php,normal
0,0,0,0,0,0,0,0,0,0,0,0,0,0,0,0,0,0,0,0,0,1,7,./Cleaned-Dataset/Normal/c9377f9c5524b14d9625f13d597f284c.php,normal
0,0,0,0,0,0,0,0,0,0,0,0,2,6,0,0,0,1,1,0,0,69,345,./Cleaned-Dataset/Normal/c950f26071729bca4278c94ee1af2c9f.php,normal
0,0,0,0,0,0,0,0,1,0,0,0,0,0,0,0,0,0,0,0,0,49,491,./Cleaned-Dataset/Normal/c967ffb9dc2597373acb70a474d55451.php,normal
0,0,0,0,0,0,0,0,0,0,0,0,0,0,0,0,0,0,0,0,0,0,10,./Cleaned-Dataset/Normal/c97346da490cf13d6a73d64c34cf70c1.php,normal
0,0,0,0,0,0,0,0,0,0,0,0,0,0,0,0,0,0,0,0,0,172,727,./Cleaned-Dataset/Normal/c97a31e642c7a51529d562f8348e3077.php,normal
0,0,0,0,0,0,0,0,0,0,0,0,0,0,0,0,0,0,0,0,0,256,1617,./Cleaned-Dataset/Normal/c97e58bd179fa33a6314645bab229ba2.php,normal
0,0,0,0,0,0,0,0,0,0,0,0,0,0,0,0,0,0,0,0,0,90,297,./Cleaned-Dataset/Normal/c99adb608f4072cd0bbd5bf9d4f4906d.php,normal
0,0,0,0,0,0,0,0,0,0,0,0,0,0,0,0,0,0,0,0,0,164,788,./Cleaned-Dataset/Normal/c99c2bea2a298cfc59143570ca43c4e4.php,normal
0,0,0,0,0,0,0,0,0,0,0,0,0,0,0,0,0,0,0,0,0,0,11,./Cleaned-Dataset/Normal/c9a60fea0397bcb4106077fec56d8935.php,normal
0,0,0,0,0,0,0,0,0,0,0,0,0,0,0,0,0,0,0,0,0,1,10,./Cleaned-Dataset/Normal/c9aa2c92cef0e649b39bdcb9fcae0d24.php,normal
0,0,0,0,0,0,0,0,0,0,0,0,0,0,0,0,0,0,0,0,0,65,283,./Cleaned-Dataset/Normal/c9c2189b398dec6987b236ed2e3e771b.php,normal
0,0,0,0,0,0,0,0,0,0,0,0,0,0,0,0,0,0,0,0,0,108,1428,./Cleaned-Dataset/Normal/ca0fd9bd38d7d503a6023bed60cc26ad.php,normal
0,0,0,0,0,0,0,0,0,0,0,0,0,0,0,0,0,0,0,0,0,10,67,./Cleaned-Dataset/Normal/ca3a03847f7676178df3aed61c2585f2.php,normal
0,0,0,0,0,0,0,0,0,0,0,0,0,0,0,0,0,0,0,0,0,13,164,./Cleaned-Dataset/Normal/ca55928881b1af132e7266f2be94d58c.php,normal
0,0,0,0,0,0,0,0,0,0,0,0,0,0,0,0,0,0,0,0,0,65,288,./Cleaned-Dataset/Normal/ca6818fe22791e35b18bdbefd5dec889.php,normal
0,0,0,0,0,0,0,0,0,0,0,0,0,0,0,0,0,0,0,0,0,51,445,./Cleaned-Dataset/Normal/ca6a8656569a0972e8490ecddf085949.php,normal
0,0,0,0,0,0,0,0,0,0,0,0,0,0,0,0,0,0,0,0,0,176,519,./Cleaned-Dataset/Normal/caad17673c31337020754a48e7b11d6c.php,normal
0,0,0,0,0,0,0,0,0,0,0,0,0,0,0,0,0,0,0,0,0,31,79,./Cleaned-Dataset/Normal/cac884d3ba9727fae2c433fb5a19a0ee.php,normal
0,0,0,0,0,0,0,0,0,0,0,0,0,0,0,0,0,1,0,0,0,44,515,./Cleaned-Dataset/Normal/cache-compat.php,normal
0,0,0,0,0,0,0,0,0,0,0,0,0,0,0,0,0,0,0,0,0,91,78,./Cleaned-Dataset/Normal/cache.php,normal
0,0,0,0,0,0,0,0,0,0,0,0,0,0,0,0,0,0,0,0,0,0,3,./Cleaned-Dataset/Normal/Cached.php,normal
0,0,0,0,0,0,0,0,0,0,0,0,0,0,0,0,0,0,0,0,0,5,117,./Cleaned-Dataset/Normal/Cached_1.php,normal
0,0,0,0,0,0,0,0,0,0,0,0,0,0,0,0,0,0,0,0,0,1,77,./Cleaned-Dataset/Normal/Cached_2.php,normal
0,0,0,0,0,0,0,0,0,0,0,0,0,0,0,0,0,1,0,0,1,28,418,./Cleaned-Dataset/Normal/cache_1.php,normal
0,0,0,0,0,0,0,0,0,0,0,0,0,0,0,0,0,0,0,0,0,3,18,./Cleaned-Dataset/Normal/Cache_2.php,normal
0,0,1,0,0,0,0,0,0,0,0,0,0,0,0,0,0,0,0,0,0,15,173,./Cleaned-Dataset/Normal/Cache_3.php,normal
0,0,0,0,0,0,0,0,0,0,0,0,0,0,0,3,0,0,0,0,0,3,59,./Cleaned-Dataset/Normal/cae016f9668b10dfed51e7ae0271cfe7.php,normal
0,0,0,0,0,0,0,0,0,0,0,0,0,0,0,0,0,7,0,0,0,103,321,./Cleaned-Dataset/Normal/caf372279f47213db8378ab2008f792c.php,normal
0,0,0,0,0,0,0,0,0,0,0,0,0,0,0,0,0,0,0,0,0,182,9,./Cleaned-Dataset/Normal/caf5f7a1cb809837502491210f27fc34.php,normal
0,0,0,0,0,0,0,0,0,0,0,0,0,0,0,0,0,0,0,0,0,14,128,./Cleaned-Dataset/Normal/cafe9653a7f8280e2c42706396f51dd1.php,normal
0,0,0,0,0,0,0,0,0,0,0,0,0,0,0,0,0,0,0,0,0,62,349,./Cleaned-Dataset/Normal/calendar.php,normal
0,0,0,0,0,0,0,0,0,0,0,0,0,0,0,0,0,0,0,0,0,27,18,./Cleaned-Dataset/Normal/call-to-action.php,normal
0,0,0,0,0,0,0,0,0,0,0,0,0,0,0,0,0,0,0,0,0,0,36,./Cleaned-Dataset/Normal/CallableNameFilter.php,normal
0,0,0,0,0,0,0,0,0,0,0,0,21,0,0,0,0,0,0,0,0,544,3084,./Cleaned-Dataset/Normal/canonical.php,normal
0,0,0,0,0,0,0,0,0,0,0,0,0,0,0,0,0,0,0,2,0,373,2627,./Cleaned-Dataset/Normal/capabilities.php,normal
0,0,0,0,0,0,0,0,0,0,0,0,0,0,0,0,0,0,0,0,0,1,9,./Cleaned-Dataset/Normal/Capability.php,normal
0,0,0,0,0,0,0,0,0,0,0,0,0,0,0,0,0,0,0,0,0,3,18,./Cleaned-Dataset/Normal/Caption.php,normal
0,0,0,0,0,0,0,0,0,0,0,0,0,0,0,0,0,0,0,0,0,6,138,./Cleaned-Dataset/Normal/Caption_1.php,normal
0,0,0,0,0,0,0,0,0,0,0,0,0,0,0,0,0,0,0,0,0,2,179,./Cleaned-Dataset/Normal/CaseInsensitiveDictionary.php,normal
0,0,0,0,0,0,0,0,0,0,0,0,0,0,0,0,0,0,0,0,0,60,324,./Cleaned-Dataset/Normal/categories.php,normal
0,0,0,0,0,0,0,0,0,0,0,0,0,0,0,0,0,6,0,0,0,537,2707,./Cleaned-Dataset/Normal/category-template.php,normal
0,0,0,0,0,0,0,0,0,0,0,0,0,0,0,0,0,2,0,0,0,25,67,./Cleaned-Dataset/Normal/category.php,normal
0,0,0,0,0,0,0,0,0,0,0,0,0,0,0,0,0,3,0,0,0,16,59,./Cleaned-Dataset/Normal/category_1.php,normal
0,0,0,0,0,0,0,0,0,0,0,0,0,0,0,0,0,1,0,0,0,13,32,./Cleaned-Dataset/Normal/category_2.php,normal
0,0,0,0,0,0,0,0,0,0,0,0,0,0,0,0,0,0,0,0,0,14,48,./Cleaned-Dataset/Normal/category_3.php,normal
0,0,0,0,0,0,0,0,0,0,0,0,0,0,0,0,0,2,0,0,0,16,50,./Cleaned-Dataset/Normal/category_4.php,normal
0,0,0,0,0,0,0,0,0,0,0,0,0,0,0,0,0,0,0,0,0,82,597,./Cleaned-Dataset/Normal/category_5.php,normal
0,0,0,0,0,0,0,0,0,0,0,0,0,0,0,0,0,0,0,0,0,3,18,./Cleaned-Dataset/Normal/Category_6.php,normal
0,0,0,0,0,0,0,0,0,0,0,0,0,0,0,0,0,0,0,0,0,2,106,./Cleaned-Dataset/Normal/Category_7.php,normal
0,0,0,0,0,0,0,0,0,0,0,0,0,0,0,0,0,1,0,0,0,27,264,./Cleaned-Dataset/Normal/cb04202038b2764c015b23a91947627d.php,normal
0,0,0,0,0,0,0,0,0,0,0,0,0,0,0,0,0,0,0,0,1,132,373,./Cleaned-Dataset/Normal/cb1c2d7f1797f19eafc933466dbdde34.php,normal
0,0,0,0,0,0,0,0,0,0,0,0,0,0,0,0,0,0,0,0,0,0,14,./Cleaned-Dataset/Normal/cb29e4cc749f05e77fbf73c54200e40a.php,normal
0,0,0,0,0,0,0,0,0,0,0,0,0,0,0,0,0,0,0,0,0,28,265,./Cleaned-Dataset/Normal/cb2b060b63c5d1e2db1ea5c620372db8.php,normal
0,0,0,0,0,0,0,0,0,0,0,0,0,0,0,0,0,0,0,1,0,1,18,./Cleaned-Dataset/Normal/cb2f21cebfcc89f2c0d910dcc8c98815.php,normal
0,0,13,0,0,0,0,0,0,0,0,0,0,0,0,0,0,0,0,0,0,0,254,./Cleaned-Dataset/Normal/cb4bba9b27e5e3f173a969394237dc5e.php,normal
0,0,0,0,0,0,0,0,0,0,0,0,0,0,0,0,0,0,0,0,0,6,57,./Cleaned-Dataset/Normal/cb55603d30341bffc4781b075635594b.php,normal
0,0,0,0,0,0,0,0,0,0,0,0,0,0,0,1,0,0,0,0,0,18,105,./Cleaned-Dataset/Normal/cb90e8694d10385c04e34d7831815a7b.php,normal
0,0,0,0,0,0,0,0,0,0,0,0,0,0,0,0,0,0,0,0,0,3,68,./Cleaned-Dataset/Normal/cba7ce90c86adef2463b422a819f9e9f.php,normal
0,0,0,0,0,0,0,0,0,0,0,0,0,0,0,0,0,1,0,0,0,326,3736,./Cleaned-Dataset/Normal/cbaba33da72baa58de63f57cecc4a0fc.php,normal
0,0,0,0,0,0,0,0,0,0,0,0,0,0,0,0,0,0,0,0,0,81,643,./Cleaned-Dataset/Normal/cbb22e9534d179ff512d3dccb8ce7bb0.php,normal
0,0,0,0,0,0,0,0,0,0,0,0,0,0,0,0,0,0,0,0,0,22,384,./Cleaned-Dataset/Normal/cbb87267379bbd01080b0890bd34d3b3.php,normal
0,0,1,0,0,0,0,0,0,0,0,0,0,0,14,0,0,1,0,0,0,93,650,./Cleaned-Dataset/Normal/cbca0705e2df604af7e22d15806cd348.php,normal
0,0,0,0,0,0,0,0,0,0,0,0,0,0,0,0,0,0,0,0,0,25,116,./Cleaned-Dataset/Normal/cbf7376375c0bb0c9ac9b510580c2bf7.php,normal
0,0,0,0,0,0,0,0,0,0,0,0,0,0,0,0,0,0,0,0,2,2,20,./Cleaned-Dataset/Normal/cbf9d0e2c8844e25957bb26732b8ffa8.php,normal
0,0,0,0,0,0,0,0,0,0,0,0,0,0,0,0,0,0,0,1,0,133,853,./Cleaned-Dataset/Normal/cc081dc596b005e1b0ec47b604eb844d.php,normal
0,0,0,0,0,0,0,0,0,0,0,0,0,0,0,0,0,0,0,0,0,1,6,./Cleaned-Dataset/Normal/cc26df43cc5c8d5fb00df9adc2133af2.php,normal
4,0,1,0,0,0,0,0,0,0,0,0,0,0,0,0,0,0,0,3,1,111,764,./Cleaned-Dataset/Normal/cc426b682646a80b4cd611c9993c5a6c.php,normal
0,0,0,0,0,0,0,0,0,0,0,0,0,0,0,0,0,0,0,0,0,31,128,./Cleaned-Dataset/Normal/cc65a10db7f8e5720ba7f048b237a1a4.php,normal
0,0,0,0,0,0,0,0,0,0,0,0,0,0,0,0,0,0,0,0,0,69,394,./Cleaned-Dataset/Normal/cc78553d7e43f3a8efd1d49654d9734c.php,normal
0,0,0,0,0,0,0,0,0,0,0,0,0,0,0,0,0,0,0,0,0,10,18,./Cleaned-Dataset/Normal/cc7e9b4bd66b55c6a864a0bdeef27361.php,normal
0,0,0,0,0,0,0,0,0,0,0,0,6,34,2,0,0,2,0,0,0,758,3598,./Cleaned-Dataset/Normal/cc9abf63dfac60fd90b2247ba18838c1.php,normal
0,0,0,0,0,0,0,0,0,0,0,0,0,0,0,0,0,0,0,0,0,19,253,./Cleaned-Dataset/Normal/ccc8f6c6db9b656d6a3aa190c008b23d.php,normal
0,0,0,0,0,0,0,0,0,0,0,0,0,0,2,0,0,0,0,0,0,29,131,./Cleaned-Dataset/Normal/ccc94ac2c16b3b390467093868fa5dec.php,normal
0,0,0,0,0,0,0,0,0,0,0,0,0,0,0,2,0,0,0,0,0,51,348,./Cleaned-Dataset/Normal/ccfde0486a94fb133e3c7fc182f262d3.php,normal
0,0,2,0,0,0,0,0,0,0,0,0,0,0,0,0,0,0,0,0,0,9,265,./Cleaned-Dataset/Normal/cd4129a76885f6639cd91940f292d98b.php,normal
0,0,0,0,0,0,0,0,0,0,0,0,0,0,0,0,0,0,0,0,0,84,609,./Cleaned-Dataset/Normal/cd6f109ef9403d9c586ba3c2481c435a.php,normal
0,0,0,0,0,0,0,0,0,0,0,0,0,0,0,0,0,0,0,0,0,0,23,./Cleaned-Dataset/Normal/cd721eddb96d0907f8abe4e2991d2c52.php,normal
0,0,0,0,0,0,0,0,0,0,0,0,0,0,0,0,0,0,0,0,0,0,33,./Cleaned-Dataset/Normal/cd740f0ecc95338b96528db64f3afb83.php,normal
0,0,0,0,0,0,0,0,0,0,0,0,0,0,0,0,0,8,0,0,2,735,2940,./Cleaned-Dataset/Normal/cdac6b82dd48d8143a65432d6f036131.php,normal
0,0,0,0,0,0,0,0,0,0,0,0,0,18,0,0,0,1,0,1,0,720,2838,./Cleaned-Dataset/Normal/cdb2aa5d23a79567b03c45b8fdc7f848.php,normal
0,0,0,0,0,0,0,0,0,0,0,0,0,0,0,0,0,0,0,0,0,2,57,./Cleaned-Dataset/Normal/cde3be91647b0771b8316d9a685bc529.php,normal
0,0,0,0,0,0,0,0,0,0,0,0,0,0,0,0,0,0,0,0,0,216,825,./Cleaned-Dataset/Normal/ce354b87ba5036473f50193746ad53a0.php,normal
0,0,0,0,0,0,0,0,0,0,0,0,0,0,0,0,0,0,0,0,0,1,7,./Cleaned-Dataset/Normal/ce7234915c31734052e4a7ce3b33296c.php,normal
0,0,0,0,0,0,0,0,0,0,0,0,0,0,0,0,0,0,0,1,1,2,8,./Cleaned-Dataset/Normal/ce74e43d24d9c36cd579e932ee94b152.php,normal
0,0,0,0,0,0,0,0,0,0,0,0,0,0,0,0,0,0,0,0,0,135,664,./Cleaned-Dataset/Normal/ce8914d24066481c64725a0d266cf682.php,normal
0,0,0,0,0,0,0,0,0,0,0,0,0,0,0,0,0,0,0,0,0,1,37,./Cleaned-Dataset/Normal/cebab13d43951d8ca8a80f3a9b933e4f.php,normal
0,0,0,0,0,0,0,0,0,0,0,0,0,0,0,0,0,0,0,0,0,8,132,./Cleaned-Dataset/Normal/cec5e59ea2dfcf9588c7363f23ce66da.php,normal
0,0,0,0,0,0,0,0,0,0,0,0,0,0,0,0,0,0,0,0,0,0,20,./Cleaned-Dataset/Normal/cefa43667f0597fa85f6c157844b715c.php,normal
0,0,0,0,0,0,0,0,0,0,0,0,0,0,0,0,0,0,0,0,0,0,27,./Cleaned-Dataset/Normal/cefb38071006ed350029f7e6ecdf378a.php,normal
0,0,0,0,0,0,0,0,0,0,0,0,0,0,0,0,0,0,0,0,0,206,1046,./Cleaned-Dataset/Normal/cf17943d1918d64f0fc92ccf84bea353.php,normal
0,0,0,0,0,0,0,0,0,0,0,0,0,0,0,0,0,0,0,0,0,49,15,./Cleaned-Dataset/Normal/cf220ab81b17263eef396bdd9b0be2c5.php,normal
0,0,0,0,0,0,0,0,0,0,0,0,0,0,0,0,0,0,0,0,0,26,241,./Cleaned-Dataset/Normal/cf24bf2e848acf1729e305f38617a430.php,normal
0,0,0,0,0,0,0,0,0,0,0,0,0,0,0,0,0,0,0,0,0,58,199,./Cleaned-Dataset/Normal/cf2bec7a282a3d4646265a0ed980a375.php,normal
0,0,0,0,0,0,0,0,0,0,0,0,0,0,0,0,0,1,0,0,1,641,5855,./Cleaned-Dataset/Normal/cf367caa9f38e2a4f7ea624a424d76ec.php,normal
0,0,0,0,0,0,0,0,0,0,0,0,0,0,0,0,0,0,0,0,0,3,144,./Cleaned-Dataset/Normal/cf5a6bd81241a5afe74c15aefa0345fe.php,normal
0,0,0,0,0,0,0,0,0,0,0,0,0,0,0,0,0,0,0,0,0,156,420,./Cleaned-Dataset/Normal/cf63156d848535c9728c28dd794bd26b.php,normal
0,0,0,0,0,0,0,0,0,0,0,0,0,0,0,0,0,0,0,0,0,178,595,./Cleaned-Dataset/Normal/cf7e1ca7638c53a22d144d2791713b3f.php,normal
0,0,0,0,0,0,0,0,0,0,0,0,5,45,2,0,1,0,0,0,0,726,3113,./Cleaned-Dataset/Normal/cfb984ce6a7b143a4abf0f64735b060a.php,normal
0,0,0,0,0,0,0,0,0,0,0,0,10,0,3,0,0,0,2,0,0,207,1360,./Cleaned-Dataset/Normal/cfd007ea88712e76caef33434579a5c3.php,normal
0,0,0,0,0,0,0,0,0,0,0,0,0,0,0,0,0,0,0,0,0,4,37,./Cleaned-Dataset/Normal/cfed59bb546f19d3c1d308f53cff68ee.php,normal
0,0,0,0,0,0,0,0,0,0,0,0,0,0,0,0,0,0,0,0,1,55,404,./Cleaned-Dataset/Normal/cff0081ea1a2334966a28ee2db0fa017.php,normal
0,0,0,0,0,0,0,0,0,0,0,0,0,0,0,0,0,0,0,0,0,0,3,./Cleaned-Dataset/Normal/ChaCha20.php,normal
0,0,0,0,0,0,0,0,0,0,0,0,0,0,0,0,0,0,0,0,0,9,1214,./Cleaned-Dataset/Normal/ChaCha20_1.php,normal
0,0,0,0,0,0,0,0,0,0,0,0,0,0,0,0,0,0,0,0,0,16,1132,./Cleaned-Dataset/Normal/ChaCha20_2.php,normal
0,0,0,0,0,0,0,0,0,0,0,0,0,0,0,0,0,0,0,0,0,8,179,./Cleaned-Dataset/Normal/class-automatic-upgrader-skin.php,normal
0,0,0,0,0,0,0,0,0,0,0,0,0,0,0,0,0,0,0,0,0,79,1864,./Cleaned-Dataset/Normal/class-avif-info.php,normal
0,0,0,0,0,0,0,0,0,0,0,0,0,0,0,0,0,0,0,0,0,19,117,./Cleaned-Dataset/Normal/class-bulk-plugin-upgrader-skin.php,normal
0,0,0,0,0,0,0,0,0,0,0,0,0,0,0,0,0,0,0,0,0,20,119,./Cleaned-Dataset/Normal/class-bulk-theme-upgrader-skin.php,normal
0,0,0,0,0,0,0,0,0,0,0,0,0,0,0,0,0,0,0,0,0,59,403,./Cleaned-Dataset/Normal/class-bulk-upgrader-skin.php,normal
0,0,0,0,0,0,0,0,0,0,0,0,0,0,0,0,0,0,0,2,1,147,827,./Cleaned-Dataset/Normal/class-core-upgrader.php,normal
0,0,0,0,0,0,0,0,0,0,0,0,0,23,0,0,2,0,0,0,0,419,1200,./Cleaned-Dataset/Normal/class-custom-background.php,normal
0,0,0,0,0,0,0,0,0,0,0,0,5,45,2,0,1,0,0,0,0,750,3332,./Cleaned-Dataset/Normal/class-custom-image-header.php,normal
0,0,0,0,0,0,0,0,0,0,0,0,0,0,0,0,0,0,0,0,5,8,18,./Cleaned-Dataset/Normal/class-feed.php,normal
0,0,0,0,0,0,0,0,0,0,0,0,4,0,0,0,4,0,0,0,0,44,306,./Cleaned-Dataset/Normal/class-file-upload-upgrader.php,normal
0,0,0,0,0,0,0,0,0,0,0,0,0,0,0,0,0,0,0,0,0,45,584,./Cleaned-Dataset/Normal/class-ftp-pure.php,normal
0,0,0,0,0,0,0,0,0,0,0,0,0,0,0,0,0,0,0,0,0,75,873,./Cleaned-Dataset/Normal/class-ftp-sockets.php,normal
0,0,0,0,0,0,0,0,0,0,0,0,0,0,0,0,0,0,0,0,1,466,3441,./Cleaned-Dataset/Normal/class-ftp.php,normal
0,0,0,0,0,0,0,0,0,0,0,0,0,0,0,0,0,0,0,0,1,4,6,./Cleaned-Dataset/Normal/class-http.php,normal
0,0,0,0,0,0,0,0,0,0,0,0,0,0,0,0,0,0,0,0,0,2,29,./Cleaned-Dataset/Normal/class-IXR-base64.php,normal
0,0,0,0,0,0,0,0,0,0,0,0,0,0,0,0,0,0,0,0,0,32,378,./Cleaned-Dataset/Normal/class-IXR-client.php,normal
0,0,1,0,0,0,0,0,0,0,0,0,0,0,0,0,0,0,0,0,0,4,70,./Cleaned-Dataset/Normal/class-IXR-clientmulticall.php,normal
0,0,0,0,0,0,0,0,0,0,0,0,0,0,0,0,0,0,0,0,0,12,160,./Cleaned-Dataset/Normal/class-IXR-date.php,normal
0,0,0,0,0,0,0,0,0,0,0,0,0,0,0,0,0,0,0,0,0,0,45,./Cleaned-Dataset/Normal/class-IXR-error.php,normal
0,0,4,0,0,0,0,0,0,0,0,0,0,0,0,0,0,0,0,0,0,53,341,./Cleaned-Dataset/Normal/class-IXR-introspectionserver.php,normal
0,0,0,0,0,0,0,0,1,0,0,0,0,0,0,0,0,0,0,0,0,50,521,./Cleaned-Dataset/Normal/class-IXR-message.php,normal
0,0,0,0,0,0,0,0,0,0,0,0,0,0,0,0,0,0,0,0,0,4,72,./Cleaned-Dataset/Normal/class-IXR-request.php,normal
0,0,6,0,0,0,0,0,0,0,0,0,0,0,0,0,0,0,0,0,0,59,488,./Cleaned-Dataset/Normal/class-IXR-server.php,normal
0,0,0,0,0,0,0,0,0,0,0,0,0,0,0,0,0,0,0,0,0,41,278,./Cleaned-Dataset/Normal/class-IXR-value.php,normal
0,0,0,0,0,0,0,0,0,0,0,0,0,0,0,0,0,0,0,0,10,12,29,./Cleaned-Dataset/Normal/class-IXR.php,normal
1,0,0,0,0,0,0,0,0,0,0,0,0,0,0,0,0,0,0,0,0,234,2205,./Cleaned-Dataset/Normal/class-json.php,normal
0,0,0,0,0,0,0,0,0,0,0,0,0,0,0,0,0,0,0,0,0,22,130,./Cleaned-Dataset/Normal/class-language-pack-upgrader-skin.php,normal
0,0,0,0,0,0,0,0,0,0,0,0,0,0,0,0,0,0,0,0,0,137,880,./Cleaned-Dataset/Normal/class-language-pack-upgrader.php,normal
0,0,0,0,0,0,0,0,0,0,0,0,0,0,0,0,0,0,0,0,1,4,6,./Cleaned-Dataset/Normal/class-oembed.php,normal
1,0,1,0,0,0,0,0,0,3,0,0,0,0,0,0,0,0,0,0,0,1181,11799,./Cleaned-Dataset/Normal/class-pclzip.php,normal
0,0,0,0,0,0,0,0,0,0,0,0,0,0,0,0,0,0,0,0,0,27,597,./Cleaned-Dataset/Normal/class-phpass.php,normal
0,0,0,0,0,0,0,0,0,0,0,0,0,0,0,0,0,0,0,0,2,8,21,./Cleaned-Dataset/Normal/class-phpmailer.php,normal
0,0,0,0,0,0,0,0,0,0,0,0,2,0,0,0,0,0,0,0,0,158,712,./Cleaned-Dataset/Normal/class-plugin-installer-skin.php,normal
0,0,0,0,0,0,0,0,0,0,0,0,0,0,0,0,0,0,0,0,0,29,149,./Cleaned-Dataset/Normal/class-plugin-upgrader-skin.php,normal
0,0,0,0,0,0,0,0,0,0,0,0,0,0,0,0,0,0,0,1,0,208,1391,./Cleaned-Dataset/Normal/class-plugin-upgrader.php,normal
0,0,0,0,0,0,0,0,0,0,0,0,0,0,0,0,0,1,0,0,0,173,1714,./Cleaned-Dataset/Normal/class-pop3.php,normal
0,0,0,0,0,0,0,0,0,0,0,0,0,0,0,0,0,1,0,0,3,9,50,./Cleaned-Dataset/Normal/class-requests.php,normal
0,0,0,0,0,0,0,0,0,0,0,0,0,0,0,0,0,0,0,1,0,4,17,./Cleaned-Dataset/Normal/class-simplepie.php,normal
0,0,0,0,0,0,0,0,0,0,0,0,0,0,0,0,0,0,0,0,1,5,11,./Cleaned-Dataset/Normal/class-smtp.php,normal
1,0,1,1,0,0,0,0,0,0,0,0,0,0,0,0,0,0,0,0,0,322,3031,./Cleaned-Dataset/Normal/class-snoopy.php,normal
0,0,0,0,0,0,0,0,0,0,0,0,0,0,0,0,0,0,0,0,0,174,822,./Cleaned-Dataset/Normal/class-theme-installer-skin.php,normal
0,0,0,0,0,0,0,0,0,0,0,0,0,0,0,0,0,0,0,0,0,53,243,./Cleaned-Dataset/Normal/class-theme-upgrader-skin.php,normal
0,0,0,0,0,0,0,0,0,0,0,0,0,0,0,0,0,0,0,2,0,280,1575,./Cleaned-Dataset/Normal/class-theme-upgrader.php,normal
0,0,0,0,0,0,0,0,0,0,0,0,0,0,0,0,0,0,0,0,0,48,284,./Cleaned-Dataset/Normal/class-twenty-twenty-one-custom-colors.php,normal
0,0,0,0,0,0,0,0,0,0,0,0,0,0,0,0,0,0,0,0,0,9,38,./Cleaned-Dataset/Normal/class-twenty-twenty-one-customize-color-control.php,normal
0,0,0,0,0,0,0,0,0,0,0,0,0,0,0,0,0,0,0,0,0,7,19,./Cleaned-Dataset/Normal/class-twenty-twenty-one-customize-notice-control.php,normal
0,0,0,0,0,0,0,0,0,0,0,0,0,0,0,0,0,1,0,0,1,76,186,./Cleaned-Dataset/Normal/class-twenty-twenty-one-customize.php,normal
0,0,0,0,0,0,0,0,0,0,0,0,0,0,0,0,0,0,0,0,1,152,608,./Cleaned-Dataset/Normal/class-twenty-twenty-one-dark-mode.php,normal
0,0,0,0,0,0,0,0,0,0,0,0,0,0,0,0,0,0,0,0,0,147,211,./Cleaned-Dataset/Normal/class-twenty-twenty-one-svg-icons.php,normal
0,0,0,0,0,0,0,0,0,0,0,0,0,0,0,0,0,0,0,0,0,416,211,./Cleaned-Dataset/Normal/class-twentynineteen-svg-icons.php,normal
0,0,0,0,0,0,0,0,0,0,0,0,0,0,0,0,0,0,0,0,0,51,191,./Cleaned-Dataset/Normal/class-twentynineteen-walker-comment.php,normal
0,0,0,0,0,0,0,0,0,0,0,0,0,0,0,0,0,0,0,0,0,302,482,./Cleaned-Dataset/Normal/class-twentytwenty-customize.php,normal
0,0,0,0,0,0,0,0,0,0,0,0,0,0,0,0,0,0,0,0,0,288,147,./Cleaned-Dataset/Normal/class-twentytwenty-non-latin-languages.php,normal
0,0,0,0,0,0,0,0,0,0,0,0,0,0,0,0,0,0,0,0,0,12,128,./Cleaned-Dataset/Normal/class-twentytwenty-script-loader.php,normal
0,0,0,0,0,0,0,0,0,0,0,0,0,0,0,0,0,0,0,0,0,3,19,./Cleaned-Dataset/Normal/class-twentytwenty-separator-control.php,normal
0,0,0,0,0,0,0,0,0,0,0,0,0,0,0,0,0,0,0,0,0,261,257,./Cleaned-Dataset/Normal/class-twentytwenty-svg-icons.php,normal
0,0,0,0,0,0,0,0,0,0,0,0,0,0,0,0,0,0,0,0,0,47,197,./Cleaned-Dataset/Normal/class-twentytwenty-walker-comment.php,normal
0,0,0,0,0,0,0,0,0,0,0,0,0,0,0,0,0,0,0,0,0,84,415,./Cleaned-Dataset/Normal/class-twentytwenty-walker-page.php,normal
0,0,0,0,0,0,0,0,0,0,0,0,0,0,0,0,0,0,0,0,0,60,296,./Cleaned-Dataset/Normal/class-walker-category-checklist.php,normal
0,0,0,0,0,0,0,0,0,0,0,0,0,0,0,0,0,0,0,0,0,24,129,./Cleaned-Dataset/Normal/class-walker-category-dropdown.php,normal
0,0,0,0,0,0,0,0,0,0,0,0,0,0,0,0,0,2,0,0,0,91,512,./Cleaned-Dataset/Normal/class-walker-category.php,normal
0,0,0,0,0,0,0,0,0,0,0,0,0,0,0,0,0,0,0,0,0,147,792,./Cleaned-Dataset/Normal/class-walker-comment.php,normal
0,0,0,0,0,0,0,0,0,0,0,0,0,0,0,0,0,0,0,0,0,49,308,./Cleaned-Dataset/Normal/class-walker-nav-menu-checklist.php,normal
0,0,0,0,0,0,0,0,0,0,0,0,4,0,0,0,0,0,0,0,0,206,592,./Cleaned-Dataset/Normal/class-walker-nav-menu-edit.php,normal
0,0,0,0,0,0,0,0,0,0,0,0,0,0,0,0,0,0,0,0,0,82,626,./Cleaned-Dataset/Normal/class-walker-nav-menu.php,normal
0,0,0,0,0,0,0,0,0,0,0,0,0,0,0,0,0,0,0,0,0,23,124,./Cleaned-Dataset/Normal/class-walker-page-dropdown.php,normal
0,0,0,0,0,0,0,0,0,0,0,0,0,0,0,0,0,1,0,0,0,83,506,./Cleaned-Dataset/Normal/class-walker-page.php,normal
0,0,0,0,0,0,0,0,0,0,0,0,0,0,0,0,0,0,0,0,0,29,365,./Cleaned-Dataset/Normal/class-wp-abilities-registry.php,normal
0,0,0,0,0,0,0,0,0,0,0,0,0,0,0,0,0,0,0,0,0,18,265,./Cleaned-Dataset/Normal/class-wp-ability-categories-registry.php,normal
0,0,0,0,0,0,0,0,0,0,0,0,0,0,0,0,0,0,0,0,0,20,204,./Cleaned-Dataset/Normal/class-wp-ability-category.php,normal
0,0,0,0,0,0,0,0,0,0,0,0,0,0,0,0,0,0,0,0,0,74,820,./Cleaned-Dataset/Normal/class-wp-ability.php,normal
0,0,0,0,0,0,0,0,0,0,0,0,0,0,0,0,0,0,0,0,0,232,1270,./Cleaned-Dataset/Normal/class-wp-admin-bar.php,normal
0,0,0,0,0,0,0,0,0,0,0,0,0,2,0,0,0,0,0,0,0,56,364,./Cleaned-Dataset/Normal/class-wp-ajax-response.php,normal
0,0,0,0,0,0,0,0,0,0,0,0,0,0,0,0,0,0,0,0,0,4,250,./Cleaned-Dataset/Normal/class-wp-ajax-upgrader-skin.php,normal
0,0,0,0,0,0,0,0,0,0,0,0,0,0,0,0,0,0,0,0,0,77,372,./Cleaned-Dataset/Normal/class-wp-application-passwords-list-table.php,normal
0,0,0,0,0,0,0,0,0,0,0,0,0,0,0,0,0,0,0,0,0,63,744,./Cleaned-Dataset/Normal/class-wp-application-passwords.php,normal
0,0,1,0,0,0,0,0,0,0,0,0,0,0,0,1,0,3,0,1,0,518,3787,./Cleaned-Dataset/Normal/class-wp-automatic-updater.php,normal
0,0,0,0,0,0,0,0,0,0,0,0,0,0,0,0,0,0,0,0,0,36,347,./Cleaned-Dataset/Normal/class-wp-block-bindings-registry.php,normal
0,0,0,0,0,0,0,0,0,0,0,0,0,0,0,0,0,0,0,0,0,6,79,./Cleaned-Dataset/Normal/class-wp-block-bindings-source.php,normal
0,0,0,0,0,0,0,0,0,0,0,0,0,0,0,0,0,0,0,0,0,10,44,./Cleaned-Dataset/Normal/class-wp-block-editor-context.php,normal
0,0,0,0,0,0,0,0,0,0,0,0,0,0,0,0,0,0,0,0,0,0,210,./Cleaned-Dataset/Normal/class-wp-block-list.php,normal
0,0,0,0,0,0,0,0,0,0,0,0,0,0,0,0,0,0,0,2,0,52,459,./Cleaned-Dataset/Normal/class-wp-block-metadata-registry.php,normal
0,0,0,0,0,0,0,0,0,0,0,0,0,0,0,0,0,0,0,0,0,11,55,./Cleaned-Dataset/Normal/class-wp-block-parser-block.php,normal
0,0,0,0,0,0,0,0,0,0,0,0,0,0,0,0,0,0,0,0,0,0,48,./Cleaned-Dataset/Normal/class-wp-block-parser-frame.php,normal
0,0,0,0,0,0,0,0,0,0,0,0,0,0,0,0,0,0,0,0,2,30,651,./Cleaned-Dataset/Normal/class-wp-block-parser.php,normal
0,0,0,0,0,0,0,0,0,0,0,0,0,0,0,0,0,0,0,0,0,6,204,./Cleaned-Dataset/Normal/class-wp-block-pattern-categories-registry.php,normal
0,0,0,0,0,0,0,0,0,0,0,0,0,0,0,0,0,1,0,0,0,26,444,./Cleaned-Dataset/Normal/class-wp-block-patterns-registry.php,normal
0,0,0,0,0,0,0,0,0,0,0,0,0,0,0,0,0,5,0,0,0,164,2433,./Cleaned-Dataset/Normal/class-wp-block-processor.php,normal
0,0,0,0,0,0,0,0,0,0,0,0,0,0,0,0,0,0,0,0,0,15,280,./Cleaned-Dataset/Normal/class-wp-block-styles-registry.php,normal
0,0,0,0,0,0,0,0,0,0,0,0,0,0,0,0,0,0,0,0,0,20,393,./Cleaned-Dataset/Normal/class-wp-block-supports.php,normal
0,0,0,0,0,0,0,0,0,0,0,0,0,0,0,0,0,0,0,0,0,5,42,./Cleaned-Dataset/Normal/class-wp-block-template.php,normal
0,0,0,0,0,0,0,0,0,0,0,0,0,0,0,0,0,1,0,0,0,39,457,./Cleaned-Dataset/Normal/class-wp-block-templates-registry.php,normal
0,0,0,0,0,0,0,0,0,0,0,0,0,0,0,0,0,0,0,0,0,12,266,./Cleaned-Dataset/Normal/class-wp-block-type-registry.php,normal
0,0,0,0,0,0,0,0,0,0,0,0,0,0,0,0,0,0,0,2,0,40,689,./Cleaned-Dataset/Normal/class-wp-block-type.php,normal
0,0,0,0,0,0,0,0,0,0,0,0,0,0,0,0,0,1,0,0,0,105,1269,./Cleaned-Dataset/Normal/class-wp-block.php,normal
0,0,0,0,0,0,0,0,0,0,0,0,0,0,0,0,0,0,0,0,0,29,212,./Cleaned-Dataset/Normal/class-wp-classic-to-block-menu-converter.php,normal
0,0,0,0,0,0,0,0,0,0,0,0,3,0,0,0,0,10,0,1,0,584,2737,./Cleaned-Dataset/Normal/class-wp-comment-query.php,normal
0,0,0,0,0,0,0,0,0,0,0,0,0,0,0,0,0,1,0,0,0,87,343,./Cleaned-Dataset/Normal/class-wp-comment.php,normal
0,0,0,0,0,0,0,0,0,0,0,0,1,0,29,0,0,1,0,0,0,483,2115,./Cleaned-Dataset/Normal/class-wp-comments-list-table.php,normal
0,0,0,0,0,0,0,0,0,0,0,0,0,0,0,0,0,3,0,1,0,138,885,./Cleaned-Dataset/Normal/class-wp-community-events.php,normal
0,0,0,0,0,0,0,0,0,0,0,0,0,0,0,0,0,0,0,0,0,13,50,./Cleaned-Dataset/Normal/class-wp-customize-background-image-control.php,normal
0,0,0,0,0,0,0,0,0,0,0,0,0,0,0,0,0,0,0,0,0,2,13,./Cleaned-Dataset/Normal/class-wp-customize-background-image-setting.php,normal
0,0,0,0,0,0,0,0,0,0,0,0,0,0,0,0,0,0,0,0,0,63,106,./Cleaned-Dataset/Normal/class-wp-customize-background-position-control.php,normal
0,0,0,0,0,0,0,0,0,0,0,0,0,0,0,0,0,0,0,0,0,18,110,./Cleaned-Dataset/Normal/class-wp-customize-code-editor-control.php,normal
0,0,0,0,0,0,0,0,0,0,0,0,0,0,0,0,0,0,0,0,0,33,150,./Cleaned-Dataset/Normal/class-wp-customize-color-control.php,normal
0,0,0,0,0,0,0,0,0,0,0,0,0,0,0,0,0,1,0,0,21,190,1125,./Cleaned-Dataset/Normal/class-wp-customize-control.php,normal
0,0,0,0,0,0,0,0,0,0,0,0,0,0,0,0,0,0,0,0,0,6,59,./Cleaned-Dataset/Normal/class-wp-customize-cropped-image-control.php,normal
0,0,0,0,0,0,0,0,0,0,0,0,0,0,0,0,0,0,0,0,0,22,282,./Cleaned-Dataset/Normal/class-wp-customize-custom-css-setting.php,normal
0,0,0,0,0,0,0,0,0,0,0,0,0,0,0,0,0,0,0,0,0,124,561,./Cleaned-Dataset/Normal/class-wp-customize-date-time-control.php,normal
0,0,0,0,0,0,0,0,0,0,0,0,0,0,0,0,0,0,0,0,0,0,8,./Cleaned-Dataset/Normal/class-wp-customize-filter-setting.php,normal
0,0,0,0,0,0,0,0,0,0,0,0,0,0,0,0,0,0,0,0,0,122,343,./Cleaned-Dataset/Normal/class-wp-customize-header-image-control.php,normal
0,0,0,0,0,0,0,0,0,0,0,0,0,0,0,0,0,0,0,0,1,10,104,./Cleaned-Dataset/Normal/class-wp-customize-header-image-setting.php,normal
0,0,0,0,0,0,0,0,0,0,0,0,0,0,0,0,0,0,0,0,0,5,43,./Cleaned-Dataset/Normal/class-wp-customize-image-control.php,normal
0,0,0,0,0,0,0,0,0,0,0,0,0,40,10,0,0,2,0,2,42,2078,11996,./Cleaned-Dataset/Normal/class-wp-customize-manager.php,normal
0,0,0,0,0,0,0,0,0,0,0,0,0,0,0,0,0,0,0,0,0,157,451,./Cleaned-Dataset/Normal/class-wp-customize-media-control.php,normal
0,0,0,0,0,0,0,0,0,0,0,0,0,0,0,0,0,0,0,0,0,10,29,./Cleaned-Dataset/Normal/class-wp-customize-nav-menu-auto-add-control.php,normal
0,0,0,0,0,0,0,0,0,0,0,0,0,0,0,0,0,0,0,0,0,24,64,./Cleaned-Dataset/Normal/class-wp-customize-nav-menu-control.php,normal
0,0,0,0,0,0,0,0,0,0,0,0,0,0,0,0,0,0,0,0,0,125,310,./Cleaned-Dataset/Normal/class-wp-customize-nav-menu-item-control.php,normal
0,0,0,0,0,0,0,0,0,0,0,0,0,0,0,0,0,1,0,0,0,276,1835,./Cleaned-Dataset/Normal/class-wp-customize-nav-menu-item-setting.php,normal
0,0,0,0,0,0,0,0,0,0,0,0,0,0,0,0,0,0,0,0,0,22,110,./Cleaned-Dataset/Normal/class-wp-customize-nav-menu-location-control.php,normal
0,0,0,0,0,0,0,0,0,0,0,0,0,0,0,0,0,0,0,0,0,30,91,./Cleaned-Dataset/Normal/class-wp-customize-nav-menu-locations-control.php,normal
0,0,0,0,0,0,0,0,0,0,0,0,0,0,0,0,0,0,0,0,0,6,40,./Cleaned-Dataset/Normal/class-wp-customize-nav-menu-name-control.php,normal
0,0,0,0,0,0,0,0,0,0,0,0,0,0,0,0,0,0,0,0,0,4,28,./Cleaned-Dataset/Normal/class-wp-customize-nav-menu-section.php,normal
0,0,0,0,0,0,0,0,0,0,0,0,0,0,0,0,0,1,0,0,0,121,1158,./Cleaned-Dataset/Normal/class-wp-customize-nav-menu-setting.php,normal
0,0,0,0,0,0,0,0,0,0,0,0,0,0,0,0,0,0,0,0,2,33,89,./Cleaned-Dataset/Normal/class-wp-customize-nav-menus-panel.php,normal
0,0,0,0,0,0,0,0,0,0,0,0,0,18,0,0,0,1,0,1,1,809,3256,./Cleaned-Dataset/Normal/class-wp-customize-nav-menus.php,normal
0,0,0,0,0,0,0,0,0,0,0,0,0,0,0,0,0,0,0,0,0,9,44,./Cleaned-Dataset/Normal/class-wp-customize-new-menu-control.php,normal
0,0,0,0,0,0,0,0,0,0,0,0,0,0,0,0,0,0,0,0,0,10,46,./Cleaned-Dataset/Normal/class-wp-customize-new-menu-section.php,normal
0,0,0,0,0,0,0,0,0,0,0,0,0,0,0,0,0,0,0,0,1,54,395,./Cleaned-Dataset/Normal/class-wp-customize-panel.php,normal
0,0,0,0,0,0,0,0,0,0,0,0,0,0,0,0,0,1,0,0,0,21,336,./Cleaned-Dataset/Normal/class-wp-customize-partial.php,normal
0,0,0,0,0,0,0,0,0,0,0,0,0,0,0,0,0,0,0,0,3,59,394,./Cleaned-Dataset/Normal/class-wp-customize-section.php,normal
0,0,0,0,0,0,0,0,0,0,0,0,0,3,0,0,0,1,0,0,1,57,611,./Cleaned-Dataset/Normal/class-wp-customize-selective-refresh.php,normal
0,0,0,0,0,0,0,0,0,0,0,0,0,1,0,0,0,0,0,0,5,137,1628,./Cleaned-Dataset/Normal/class-wp-customize-setting.php,normal
0,0,0,0,0,0,0,0,0,0,0,0,0,0,0,0,0,0,0,0,0,2,32,./Cleaned-Dataset/Normal/class-wp-customize-sidebar-section.php,normal
0,0,0,0,0,0,0,0,0,0,0,0,0,0,0,0,0,0,0,0,0,52,148,./Cleaned-Dataset/Normal/class-wp-customize-site-icon-control.php,normal
0,0,0,0,0,0,0,0,0,0,0,0,0,0,0,0,0,0,0,0,0,169,613,./Cleaned-Dataset/Normal/class-wp-customize-theme-control.php,normal
0,0,0,0,0,0,0,0,0,0,0,0,0,0,0,0,0,0,0,0,0,41,108,./Cleaned-Dataset/Normal/class-wp-customize-themes-panel.php,normal
0,0,0,0,0,0,0,0,0,0,0,0,0,0,0,0,0,0,0,0,0,81,221,./Cleaned-Dataset/Normal/class-wp-customize-themes-section.php,normal
0,0,0,0,0,0,0,0,0,0,0,0,0,0,0,0,0,0,0,0,0,4,54,./Cleaned-Dataset/Normal/class-wp-customize-upload-control.php,normal
0,0,0,0,0,0,0,0,1,0,0,0,0,13,7,0,0,0,0,0,1,591,4037,./Cleaned-Dataset/Normal/class-wp-customize-widgets.php,normal
0,0,0,0,0,0,0,0,0,0,0,0,0,0,0,0,0,2,0,1,0,426,2315,./Cleaned-Dataset/Normal/class-wp-date-query.php,normal
0,0,3,2,0,0,0,0,0,0,0,0,0,0,0,0,0,0,0,0,0,1176,4080,./Cleaned-Dataset/Normal/class-wp-debug-data.php,normal
0,0,0,0,0,0,0,0,0,0,0,0,0,0,0,0,0,0,0,0,0,27,1053,./Cleaned-Dataset/Normal/class-wp-dependencies.php,normal
0,0,0,0,0,0,0,0,0,0,0,0,0,0,0,0,0,0,0,0,0,1,102,./Cleaned-Dataset/Normal/class-wp-dependency.php,normal
0,0,0,0,0,0,0,0,0,0,0,0,0,0,0,0,0,4,0,0,0,289,2232,./Cleaned-Dataset/Normal/class-wp-duotone.php,normal
0,0,0,0,0,0,0,0,0,0,0,0,0,0,0,0,0,6,1,1,0,1314,3389,./Cleaned-Dataset/Normal/class-wp-editor.php,normal
0,0,0,0,0,0,0,0,0,0,0,0,1,0,0,0,0,0,0,0,0,91,968,./Cleaned-Dataset/Normal/class-wp-embed.php,normal
0,0,0,0,0,0,0,0,0,0,0,0,0,0,0,0,0,0,0,0,0,12,475,./Cleaned-Dataset/Normal/class-wp-error.php,normal
0,0,0,0,0,0,0,0,0,0,0,0,0,0,0,0,0,0,0,0,0,0,2,./Cleaned-Dataset/Normal/class-wp-exception.php,normal
0,0,0,0,0,0,0,0,0,0,0,0,0,0,0,0,0,0,0,0,3,36,335,./Cleaned-Dataset/Normal/class-wp-fatal-error-handler.php,normal
0,0,0,0,0,0,0,0,0,0,0,0,0,0,0,0,0,0,0,0,0,5,121,./Cleaned-Dataset/Normal/class-wp-feed-cache-transient.php,normal
0,0,0,0,0,0,0,0,0,0,0,0,0,0,0,0,0,0,0,0,0,5,29,./Cleaned-Dataset/Normal/class-wp-feed-cache.php,normal
0,0,0,0,0,0,0,0,0,0,0,0,0,0,0,0,0,2,0,0,0,102,1122,./Cleaned-Dataset/Normal/class-wp-filesystem-base.php,normal
0,0,0,0,0,0,0,0,0,0,0,0,0,0,0,0,0,2,0,0,0,50,1131,./Cleaned-Dataset/Normal/class-wp-filesystem-direct.php,normal
0,0,0,0,0,0,0,0,0,0,0,0,0,0,0,0,0,2,0,0,0,171,1737,./Cleaned-Dataset/Normal/class-wp-filesystem-ftpext.php,normal
0,0,0,0,0,0,0,0,0,0,0,0,0,0,0,0,0,2,0,0,1,82,1125,./Cleaned-Dataset/Normal/class-wp-filesystem-ftpsockets.php,normal
0,0,0,1,0,0,0,0,0,0,0,0,0,0,0,0,0,2,0,0,0,123,1444,./Cleaned-Dataset/Normal/class-wp-filesystem-ssh2.php,normal
0,0,0,0,0,0,0,0,0,0,0,0,0,0,0,0,0,0,0,0,0,90,456,./Cleaned-Dataset/Normal/class-wp-font-collection.php,normal
0,0,0,0,0,0,0,0,0,0,0,0,0,0,0,0,0,0,0,0,0,36,336,./Cleaned-Dataset/Normal/class-wp-font-face-resolver.php,normal
0,0,0,0,0,0,0,0,0,0,0,0,0,0,0,0,0,0,0,0,0,119,688,./Cleaned-Dataset/Normal/class-wp-font-face.php,normal
0,0,0,0,0,0,0,0,0,0,0,0,0,0,0,0,0,0,0,0,0,5,140,./Cleaned-Dataset/Normal/class-wp-font-library.php,normal
0,0,0,0,0,0,0,0,0,0,0,0,0,0,0,0,0,0,0,0,0,73,480,./Cleaned-Dataset/Normal/class-wp-font-utils.php,normal
0,0,0,0,0,0,0,0,0,0,0,0,0,0,0,0,0,1,0,0,0,18,936,./Cleaned-Dataset/Normal/class-wp-hook.php,normal
0,0,0,0,0,0,0,0,0,0,0,0,0,0,0,0,0,0,0,1,0,12,214,./Cleaned-Dataset/Normal/class-wp-html-active-formatting-elements.php,normal
0,0,0,0,0,0,0,0,0,0,0,0,0,0,0,0,0,0,0,0,0,3,54,./Cleaned-Dataset/Normal/class-wp-html-attribute-token.php,normal
0,0,0,0,0,0,0,0,0,0,0,0,0,0,0,0,0,0,0,0,0,60,777,./Cleaned-Dataset/Normal/class-wp-html-decoder.php,normal
0,0,35,0,0,0,0,0,0,0,0,0,0,0,0,0,0,0,0,0,0,163,746,./Cleaned-Dataset/Normal/class-wp-html-doctype-info.php,normal
0,0,0,0,0,0,0,0,0,0,0,0,0,0,0,0,0,0,0,3,0,150,692,./Cleaned-Dataset/Normal/class-wp-html-open-elements.php,normal
0,0,1,0,0,0,0,0,0,0,0,0,0,0,0,0,0,0,0,0,0,25,84,./Cleaned-Dataset/Normal/class-wp-html-processor-state.php,normal
0,1,1,0,0,0,0,0,0,0,0,0,0,0,0,0,0,1,0,4,0,1899,7498,./Cleaned-Dataset/Normal/class-wp-html-processor.php,normal
0,0,0,0,0,0,0,0,0,0,0,0,0,0,0,0,0,0,0,0,0,0,22,./Cleaned-Dataset/Normal/class-wp-html-span.php,normal
0,0,0,0,0,0,0,0,0,0,0,0,0,0,0,0,0,0,0,0,0,4,29,./Cleaned-Dataset/Normal/class-wp-html-stack-event.php,normal
0,0,1,0,0,0,0,0,0,0,0,0,0,0,0,0,0,2,0,6,0,800,5259,./Cleaned-Dataset/Normal/class-wp-html-tag-processor.php,normal
0,0,0,0,0,0,0,0,0,0,0,0,0,0,0,0,0,0,0,0,0,0,29,./Cleaned-Dataset/Normal/class-wp-html-text-replacement.php,normal
0,0,0,0,0,0,0,0,0,0,0,0,0,0,0,0,0,0,0,0,0,10,70,./Cleaned-Dataset/Normal/class-wp-html-token.php,normal
0,0,0,0,0,0,0,0,0,0,0,0,0,0,0,0,0,0,0,0,0,0,60,./Cleaned-Dataset/Normal/class-wp-html-unsupported-exception.php,normal
0,0,0,0,0,0,0,0,0,0,0,0,0,0,0,0,0,0,0,0,0,56,452,./Cleaned-Dataset/Normal/class-wp-http-cookie.php,normal
0,0,0,0,0,0,0,0,0,0,0,0,0,0,0,0,0,0,0,0,0,115,923,./Cleaned-Dataset/Normal/class-wp-http-curl.php,normal
0,0,0,0,0,0,0,0,0,10,3,0,0,0,0,0,0,0,0,0,0,24,361,./Cleaned-Dataset/Normal/class-wp-http-encoding.php,normal
0,0,0,0,0,0,0,0,0,0,0,0,0,0,0,0,0,0,0,0,0,35,276,./Cleaned-Dataset/Normal/class-wp-http-ixr-client.php,normal
0,0,0,0,0,0,0,0,0,0,0,0,0,0,0,0,0,0,0,0,0,38,249,./Cleaned-Dataset/Normal/class-wp-http-proxy.php,normal
0,0,0,0,0,0,0,0,0,0,0,0,0,0,0,0,0,0,0,0,0,3,70,./Cleaned-Dataset/Normal/class-wp-http-requests-hooks.php,normal
0,0,0,0,0,0,0,0,0,0,0,0,0,0,0,0,0,0,0,0,0,22,230,./Cleaned-Dataset/Normal/class-wp-http-requests-response.php,normal
0,0,0,0,0,0,0,0,0,0,0,0,0,0,0,0,0,0,0,0,0,1,129,./Cleaned-Dataset/Normal/class-wp-http-response.php,normal
0,0,0,0,0,0,0,0,0,0,0,0,0,0,0,0,0,0,0,1,0,232,1310,./Cleaned-Dataset/Normal/class-wp-http-streams.php,normal
0,0,0,0,0,0,0,0,0,0,0,0,0,0,0,0,0,2,0,1,0,336,2130,./Cleaned-Dataset/Normal/class-wp-http.php,normal
0,0,0,0,0,0,0,0,0,0,0,0,0,0,0,0,0,0,0,0,0,139,1426,./Cleaned-Dataset/Normal/class-wp-image-editor-gd.php,normal
0,0,0,0,0,0,0,0,0,0,0,0,0,0,0,0,0,1,0,1,0,222,2084,./Cleaned-Dataset/Normal/class-wp-image-editor-imagick.php,normal
0,0,0,0,0,0,0,0,0,0,0,0,0,0,0,0,0,0,0,0,0,41,909,./Cleaned-Dataset/Normal/class-wp-image-editor.php,normal
0,0,0,0,0,0,0,0,0,0,0,0,0,0,0,0,0,0,0,0,0,46,704,./Cleaned-Dataset/Normal/class-wp-importer.php,normal
0,0,0,0,0,0,0,0,0,0,0,0,0,0,0,0,0,0,0,0,0,21,378,./Cleaned-Dataset/Normal/class-wp-interactivity-api-directives-processor.php,normal
0,0,0,0,0,0,0,0,0,0,0,0,0,0,0,0,0,3,0,0,0,257,2465,./Cleaned-Dataset/Normal/class-wp-interactivity-api.php,normal
0,0,0,0,0,0,0,0,0,0,0,0,0,0,0,0,0,0,0,0,0,29,291,./Cleaned-Dataset/Normal/class-wp-internal-pointers.php,normal
0,0,0,0,0,0,0,0,0,0,0,0,0,0,8,0,0,0,0,0,0,117,545,./Cleaned-Dataset/Normal/class-wp-links-list-table.php,normal
0,0,0,0,0,0,0,0,0,0,0,0,0,0,0,0,0,0,0,0,0,3,86,./Cleaned-Dataset/Normal/class-wp-list-table-compat.php,normal
0,0,0,0,0,0,0,0,0,0,0,0,18,0,19,0,0,2,0,0,0,596,3162,./Cleaned-Dataset/Normal/class-wp-list-table.php,normal
0,0,0,0,0,0,0,0,0,0,0,0,0,0,0,0,0,0,0,0,0,26,555,./Cleaned-Dataset/Normal/class-wp-list-util.php,normal
0,0,0,0,0,0,0,0,0,0,0,0,0,0,0,0,0,0,0,0,0,11,348,./Cleaned-Dataset/Normal/class-wp-locale-switcher.php,normal
0,0,0,0,0,0,0,0,0,0,0,0,0,0,0,0,0,0,0,0,0,193,772,./Cleaned-Dataset/Normal/class-wp-locale.php,normal
1,0,0,0,0,0,0,0,0,0,0,0,0,0,0,0,0,0,0,0,0,3,111,./Cleaned-Dataset/Normal/class-wp-matchesmapregex.php,normal
0,0,0,0,0,0,0,0,0,0,0,0,2,0,17,0,0,0,0,0,0,321,1732,./Cleaned-Dataset/Normal/class-wp-media-list-table.php,normal
0,0,0,0,0,0,0,0,0,0,0,0,0,0,0,0,0,2,0,1,0,386,1761,./Cleaned-Dataset/Normal/class-wp-meta-query.php,normal
0,0,0,0,0,0,0,0,0,0,0,0,0,0,0,0,0,0,0,0,0,43,277,./Cleaned-Dataset/Normal/class-wp-metadata-lazyloader.php,normal
0,0,0,0,0,0,0,0,0,0,0,0,2,0,18,0,0,0,0,0,0,386,1628,./Cleaned-Dataset/Normal/class-wp-ms-sites-list-table.php,normal
0,0,0,0,0,0,0,0,0,0,0,0,0,0,11,0,0,2,0,0,0,365,2037,./Cleaned-Dataset/Normal/class-wp-ms-themes-list-table.php,normal
0,0,0,0,0,0,0,0,0,0,0,0,2,0,14,0,0,0,0,0,0,231,1039,./Cleaned-Dataset/Normal/class-wp-ms-users-list-table.php,normal
0,0,0,0,0,0,0,0,0,0,0,0,0,0,0,0,0,0,0,0,0,83,361,./Cleaned-Dataset/Normal/class-wp-nav-menu-widget.php,normal
0,0,0,0,0,0,0,0,0,0,0,0,0,0,0,0,0,0,0,0,0,98,452,./Cleaned-Dataset/Normal/class-wp-navigation-fallback.php,normal
0,0,0,0,0,0,0,0,0,0,0,0,0,0,0,0,0,4,0,1,0,252,1184,./Cleaned-Dataset/Normal/class-wp-network-query.php,normal
0,0,0,0,0,0,0,0,0,0,0,0,0,0,0,0,0,0,0,0,0,71,618,./Cleaned-Dataset/Normal/class-wp-network.php,normal
0,0,0,0,0,0,0,0,0,0,0,0,0,0,0,0,0,0,0,0,0,48,1069,./Cleaned-Dataset/Normal/class-wp-object-cache.php,normal
0,0,0,0,0,0,0,0,0,0,0,0,0,0,0,0,0,1,0,0,0,102,339,./Cleaned-Dataset/Normal/class-wp-oembed-controller.php,normal
0,0,0,0,0,0,0,0,0,0,0,0,0,0,0,0,0,0,0,0,0,231,1441,./Cleaned-Dataset/Normal/class-wp-oembed.php,normal
0,0,0,0,0,0,0,0,0,0,0,0,0,0,0,0,0,0,0,0,0,8,364,./Cleaned-Dataset/Normal/class-wp-paused-extensions-storage.php,normal
0,0,0,0,0,0,0,0,0,0,0,0,0,0,0,0,0,0,0,0,0,64,96,./Cleaned-Dataset/Normal/class-wp-phpmailer.php,normal
0,0,0,0,0,0,0,0,0,0,0,0,0,2,0,0,0,0,0,2,5,120,1560,./Cleaned-Dataset/Normal/class-wp-plugin-dependencies.php,normal
0,0,0,0,0,0,0,0,0,0,0,0,6,0,6,0,0,3,0,0,1,344,1680,./Cleaned-Dataset/Normal/class-wp-plugin-install-list-table.php,normal
0,0,0,0,0,0,0,0,0,0,0,0,0,1,16,0,0,11,0,5,0,773,3526,./Cleaned-Dataset/Normal/class-wp-plugins-list-table.php,normal
0,0,0,0,0,0,0,0,0,0,0,0,0,0,0,0,0,0,0,0,0,15,84,./Cleaned-Dataset/Normal/class-wp-post-comments-list-table.php,normal
0,0,0,0,0,0,0,0,0,0,0,0,0,0,0,0,0,2,0,0,0,307,1522,./Cleaned-Dataset/Normal/class-wp-post-type.php,normal
0,0,0,0,0,0,0,0,0,0,0,0,0,13,0,0,0,0,0,0,0,47,368,./Cleaned-Dataset/Normal/class-wp-post.php,normal
0,0,0,0,0,0,0,0,0,0,0,0,11,2,27,0,0,3,0,0,0,727,3899,./Cleaned-Dataset/Normal/class-wp-posts-list-table.php,normal
0,0,0,0,0,0,0,0,0,0,0,0,0,0,0,0,0,0,0,0,1,87,227,./Cleaned-Dataset/Normal/class-wp-privacy-data-export-requests-list-table.php,normal
0,0,0,0,0,0,0,0,0,0,0,0,0,0,0,0,0,0,0,0,1,89,240,./Cleaned-Dataset/Normal/class-wp-privacy-data-removal-requests-list-table.php,normal
0,0,0,0,0,0,0,0,0,0,0,0,0,0,0,0,0,9,0,0,0,331,1481,./Cleaned-Dataset/Normal/class-wp-privacy-policy-content.php,normal
0,0,0,0,0,0,0,0,0,0,0,0,1,0,17,0,0,1,0,0,0,143,866,./Cleaned-Dataset/Normal/class-wp-privacy-requests-table.php,normal
0,0,0,0,0,0,0,0,0,0,0,0,1,5,0,0,0,4,0,1,0,1685,11594,./Cleaned-Dataset/Normal/class-wp-query.php,normal
0,0,0,0,0,0,0,0,1,0,0,0,0,0,0,5,0,0,0,0,2,36,384,./Cleaned-Dataset/Normal/class-wp-recovery-mode-cookie-service.php,normal
0,0,0,0,0,0,0,0,0,0,0,0,0,0,0,0,0,1,0,0,1,88,570,./Cleaned-Dataset/Normal/class-wp-recovery-mode-email-service.php,normal
0,0,0,0,0,0,0,0,0,0,0,0,0,0,0,0,0,0,0,0,0,18,273,./Cleaned-Dataset/Normal/class-wp-recovery-mode-key-service.php,normal
0,0,0,0,0,0,0,0,0,0,0,0,6,0,0,0,0,0,0,0,1,19,164,./Cleaned-Dataset/Normal/class-wp-recovery-mode-link-service.php,normal
0,0,0,0,0,0,0,0,0,0,0,0,4,0,0,0,0,1,0,0,2,61,674,./Cleaned-Dataset/Normal/class-wp-recovery-mode.php,normal
0,0,0,0,0,0,0,0,0,0,0,0,0,0,0,0,0,0,0,0,0,124,457,./Cleaned-Dataset/Normal/class-wp-rest-abilities-v1-categories-controller.php,normal
0,0,0,0,0,0,0,0,0,0,0,0,0,0,0,0,0,0,0,0,0,182,599,./Cleaned-Dataset/Normal/class-wp-rest-abilities-v1-list-controller.php,normal
0,0,0,0,0,0,0,0,0,0,0,0,0,0,0,0,0,0,0,3,0,88,360,./Cleaned-Dataset/Normal/class-wp-rest-abilities-v1-run-controller.php,normal
0,0,0,0,0,0,0,0,0,0,0,0,0,0,0,0,0,0,0,0,0,270,1385,./Cleaned-Dataset/Normal/class-wp-rest-application-passwords-controller.php,normal
0,0,0,0,0,0,0,0,0,0,0,0,0,0,0,0,4,6,0,0,9,831,3635,./Cleaned-Dataset/Normal/class-wp-rest-attachments-controller.php,normal
0,0,0,0,0,0,0,0,0,0,0,0,0,0,0,0,0,0,0,0,1,113,902,./Cleaned-Dataset/Normal/class-wp-rest-autosaves-controller.php,normal
0,0,0,0,0,0,0,0,0,0,0,0,0,0,0,0,0,1,0,0,3,195,489,./Cleaned-Dataset/Normal/class-wp-rest-block-directory-controller.php,normal
0,0,0,0,0,0,0,0,0,0,0,0,0,0,0,0,0,0,0,0,0,60,250,./Cleaned-Dataset/Normal/class-wp-rest-block-pattern-categories-controller.php,normal
0,0,0,0,0,0,0,0,0,0,0,0,0,0,0,0,0,0,0,0,0,189,396,./Cleaned-Dataset/Normal/class-wp-rest-block-patterns-controller.php,normal
0,0,0,0,0,0,0,0,0,0,0,0,0,0,0,0,0,0,0,0,0,83,315,./Cleaned-Dataset/Normal/class-wp-rest-block-renderer-controller.php,normal
0,0,0,0,0,0,0,0,0,0,0,0,0,0,0,0,0,0,0,0,0,703,1180,./Cleaned-Dataset/Normal/class-wp-rest-block-types-controller.php,normal
0,0,0,0,0,0,0,0,0,0,0,0,0,0,0,0,0,0,0,0,0,35,156,./Cleaned-Dataset/Normal/class-wp-rest-blocks-controller.php,normal
0,0,0,0,0,0,0,0,0,0,0,0,0,0,0,0,0,0,0,0,0,4,19,./Cleaned-Dataset/Normal/class-wp-rest-comment-meta-fields.php,normal
0,0,0,0,0,0,0,0,0,0,0,0,0,0,0,0,0,5,0,0,0,987,4115,./Cleaned-Dataset/Normal/class-wp-rest-comments-controller.php,normal
0,0,0,0,0,0,0,0,0,0,0,0,0,0,0,0,0,1,0,0,0,121,927,./Cleaned-Dataset/Normal/class-wp-rest-controller.php,normal
0,0,0,0,0,0,0,0,0,0,0,0,0,0,0,0,0,0,0,0,0,17,104,./Cleaned-Dataset/Normal/class-wp-rest-edit-site-export-controller.php,normal
0,0,0,0,0,0,0,0,0,0,0,0,0,0,0,0,0,0,0,0,0,125,606,./Cleaned-Dataset/Normal/class-wp-rest-font-collections-controller.php,normal
0,0,0,0,0,0,0,0,0,0,0,0,0,0,0,0,2,1,0,0,1,443,1534,./Cleaned-Dataset/Normal/class-wp-rest-font-faces-controller.php,normal
0,0,0,0,0,0,0,0,0,0,0,0,0,0,0,0,0,1,0,0,0,232,886,./Cleaned-Dataset/Normal/class-wp-rest-font-families-controller.php,normal
0,0,0,0,0,0,0,0,0,0,0,0,0,0,0,0,0,0,0,0,0,260,1326,./Cleaned-Dataset/Normal/class-wp-rest-global-styles-controller.php,normal
0,0,0,0,0,0,0,0,0,0,0,0,0,0,0,0,0,1,0,1,0,152,959,./Cleaned-Dataset/Normal/class-wp-rest-global-styles-revisions-controller.php,normal
0,0,0,0,0,0,0,0,0,0,0,0,0,0,0,0,0,2,0,0,0,579,2197,./Cleaned-Dataset/Normal/class-wp-rest-menu-items-controller.php,normal
0,0,0,0,0,0,0,0,0,0,0,0,0,0,0,0,0,0,0,0,0,100,492,./Cleaned-Dataset/Normal/class-wp-rest-menu-locations-controller.php,normal
0,0,0,0,0,0,0,0,0,0,0,0,0,0,0,0,0,0,0,0,0,139,1274,./Cleaned-Dataset/Normal/class-wp-rest-menus-controller.php,normal
0,0,0,0,0,0,0,0,0,0,0,0,0,0,0,0,0,0,0,0,0,160,1260,./Cleaned-Dataset/Normal/class-wp-rest-meta-fields.php,normal
0,0,0,0,0,0,0,0,0,0,0,0,0,0,0,0,0,0,0,0,0,52,258,./Cleaned-Dataset/Normal/class-wp-rest-navigation-fallback-controller.php,normal
0,0,0,0,0,0,0,0,0,0,0,0,0,0,0,0,0,2,0,0,0,228,566,./Cleaned-Dataset/Normal/class-wp-rest-pattern-directory-controller.php,normal
0,0,0,0,0,0,0,0,0,0,0,0,0,0,0,0,0,0,0,1,11,427,1668,./Cleaned-Dataset/Normal/class-wp-rest-plugins-controller.php,normal
0,0,0,0,0,0,0,0,0,0,0,0,0,0,0,0,0,1,0,0,0,11,229,./Cleaned-Dataset/Normal/class-wp-rest-post-format-search-handler.php,normal
0,0,0,0,0,0,0,0,0,0,0,0,0,0,0,0,0,0,0,0,0,1,34,./Cleaned-Dataset/Normal/class-wp-rest-post-meta-fields.php,normal
0,0,0,0,0,0,0,0,0,0,0,0,0,0,0,0,0,3,0,0,0,45,341,./Cleaned-Dataset/Normal/class-wp-rest-post-search-handler.php,normal
0,0,0,0,0,0,0,0,0,0,0,0,0,0,0,0,0,1,0,0,0,161,582,./Cleaned-Dataset/Normal/class-wp-rest-post-statuses-controller.php,normal
0,0,0,0,0,0,0,0,0,0,0,0,0,0,0,0,0,0,0,0,0,282,768,./Cleaned-Dataset/Normal/class-wp-rest-post-types-controller.php,normal
0,0,0,0,0,0,0,0,0,0,0,0,0,0,0,0,0,20,0,1,1,1625,6795,./Cleaned-Dataset/Normal/class-wp-rest-posts-controller.php,normal
0,0,0,0,0,0,0,0,0,0,0,0,3,3,0,0,3,0,0,0,0,113,1593,./Cleaned-Dataset/Normal/class-wp-rest-request.php,normal
0,0,0,0,0,0,0,0,0,0,0,0,0,0,0,0,0,0,0,0,0,34,390,./Cleaned-Dataset/Normal/class-wp-rest-response.php,normal
0,0,0,0,0,0,0,0,0,0,0,0,0,0,0,0,0,10,0,0,0,416,1722,./Cleaned-Dataset/Normal/class-wp-rest-revisions-controller.php,normal
0,0,0,0,0,0,0,0,0,0,0,0,0,0,0,0,0,1,0,0,0,139,714,./Cleaned-Dataset/Normal/class-wp-rest-search-controller.php,normal
0,0,0,0,0,0,0,0,0,0,0,0,0,0,0,0,0,1,0,0,0,3,47,./Cleaned-Dataset/Normal/class-wp-rest-search-handler.php,normal
0,0,0,0,0,0,0,0,0,0,0,0,11,1,0,0,1,3,0,2,0,406,3670,./Cleaned-Dataset/Normal/class-wp-rest-server.php,normal
0,0,0,0,0,0,0,0,0,0,0,0,0,0,0,0,0,0,0,0,0,87,549,./Cleaned-Dataset/Normal/class-wp-rest-settings-controller.php,normal
0,0,0,0,0,0,0,0,0,0,0,0,0,0,0,0,0,0,0,0,0,253,959,./Cleaned-Dataset/Normal/class-wp-rest-sidebars-controller.php,normal
0,0,0,0,0,0,0,0,0,0,0,0,0,0,0,0,0,0,0,0,1,161,529,./Cleaned-Dataset/Normal/class-wp-rest-site-health-controller.php,normal
0,0,0,0,0,0,0,0,0,0,0,0,0,0,0,0,0,0,0,0,0,248,759,./Cleaned-Dataset/Normal/class-wp-rest-taxonomies-controller.php,normal
0,0,0,0,0,0,0,0,0,0,0,0,0,0,0,0,0,0,0,0,0,73,413,./Cleaned-Dataset/Normal/class-wp-rest-template-autosaves-controller.php,normal
0,0,0,0,0,0,0,0,0,0,0,0,0,0,0,0,0,0,0,0,0,101,471,./Cleaned-Dataset/Normal/class-wp-rest-template-revisions-controller.php,normal
0,0,0,0,0,0,0,0,0,0,0,0,0,0,0,0,0,0,0,0,1,617,2437,./Cleaned-Dataset/Normal/class-wp-rest-templates-controller.php,normal
0,0,0,0,0,0,0,0,0,0,0,0,0,0,0,0,0,0,0,0,0,3,33,./Cleaned-Dataset/Normal/class-wp-rest-term-meta-fields.php,normal
0,0,0,0,0,0,0,0,0,0,0,0,0,0,0,0,0,4,0,0,0,29,293,./Cleaned-Dataset/Normal/class-wp-rest-term-search-handler.php,normal
0,0,0,0,0,0,0,0,0,0,0,0,0,0,0,0,0,10,0,0,0,446,2270,./Cleaned-Dataset/Normal/class-wp-rest-terms-controller.php,normal
0,0,0,0,0,0,0,0,0,0,0,0,0,0,0,0,0,0,0,0,0,418,1295,./Cleaned-Dataset/Normal/class-wp-rest-themes-controller.php,normal
0,0,0,0,0,0,0,0,0,0,0,0,0,0,0,0,0,1,0,0,0,168,933,./Cleaned-Dataset/Normal/class-wp-rest-url-details-controller.php,normal
0,0,0,0,0,0,0,0,0,0,0,0,0,0,0,0,0,0,0,0,0,4,19,./Cleaned-Dataset/Normal/class-wp-rest-user-meta-fields.php,normal
0,0,0,0,0,0,0,0,0,0,0,0,0,0,0,0,0,8,0,0,2,842,3261,./Cleaned-Dataset/Normal/class-wp-rest-users-controller.php,normal
0,0,0,0,0,0,0,0,1,0,0,0,0,0,0,0,0,0,0,0,0,251,1146,./Cleaned-Dataset/Normal/class-wp-rest-widget-types-controller.php,normal
0,0,0,0,0,0,0,0,1,0,0,0,0,7,6,0,0,0,0,0,1,321,1607,./Cleaned-Dataset/Normal/class-wp-rest-widgets-controller.php,normal
0,0,2,0,0,0,0,0,0,0,0,0,0,0,0,0,0,6,0,1,0,371,3032,./Cleaned-Dataset/Normal/class-wp-rewrite.php,normal
0,0,0,0,0,0,0,0,0,0,0,0,0,0,0,0,0,0,0,0,0,1,104,./Cleaned-Dataset/Normal/class-wp-role.php,normal
0,0,0,0,0,0,0,0,0,0,0,0,0,0,0,0,0,0,0,0,0,38,544,./Cleaned-Dataset/Normal/class-wp-roles.php,normal
0,0,1,0,0,0,0,0,0,0,0,0,6,4,11,0,0,0,0,0,0,345,2131,./Cleaned-Dataset/Normal/class-wp-screen.php,normal
0,0,0,0,0,0,0,0,0,0,0,0,0,0,0,0,0,1,0,1,0,185,1667,./Cleaned-Dataset/Normal/class-wp-script-modules.php,normal
0,0,0,0,0,0,0,0,0,0,0,0,0,0,0,0,0,1,0,0,0,156,2060,./Cleaned-Dataset/Normal/class-wp-scripts.php,normal
0,0,0,0,0,0,0,0,0,0,0,0,0,0,0,0,0,0,0,0,0,19,307,./Cleaned-Dataset/Normal/class-wp-session-tokens.php,normal
0,0,0,0,0,0,0,0,0,0,0,0,0,0,0,0,0,0,0,0,0,1,8,./Cleaned-Dataset/Normal/class-wp-sidebar-block-editor-control.php,normal
0,0,0,0,0,0,0,0,0,0,0,0,0,0,0,0,0,0,0,0,0,9,173,./Cleaned-Dataset/Normal/class-wp-simplepie-file.php,normal
0,0,0,0,0,0,0,0,1,0,0,0,0,0,0,0,0,0,0,0,0,9,108,./Cleaned-Dataset/Normal/class-wp-simplepie-sanitize-kses.php,normal
0,0,0,0,0,0,0,0,0,0,0,0,0,0,0,0,0,0,0,3,4,159,721,./Cleaned-Dataset/Normal/class-wp-site-health-auto-updates.php,normal
0,0,0,0,0,0,0,0,0,0,0,0,3,0,0,2,0,5,0,3,5,1811,6106,./Cleaned-Dataset/Normal/class-wp-site-health.php,normal
0,0,0,0,0,0,0,0,0,0,0,0,0,0,0,0,0,0,0,0,0,31,298,./Cleaned-Dataset/Normal/class-wp-site-icon.php,normal
0,0,0,0,0,0,0,0,0,0,0,0,0,0,0,0,0,8,0,1,0,429,1862,./Cleaned-Dataset/Normal/class-wp-site-query.php,normal
0,0,0,0,0,0,0,0,0,0,0,0,0,0,0,0,0,0,0,1,0,48,323,./Cleaned-Dataset/Normal/class-wp-site.php,normal
0,0,0,0,0,0,0,0,0,0,0,0,0,0,0,0,0,1,0,0,0,2,90,./Cleaned-Dataset/Normal/class-wp-sitemaps-index.php,normal
0,0,0,0,0,0,0,0,0,0,0,0,0,0,0,0,0,0,0,0,0,57,290,./Cleaned-Dataset/Normal/class-wp-sitemaps-posts.php,normal
0,0,0,0,0,0,0,0,0,0,0,0,0,0,0,0,0,2,0,0,0,25,198,./Cleaned-Dataset/Normal/class-wp-sitemaps-provider.php,normal
0,0,0,0,0,0,0,0,0,0,0,0,0,0,0,0,0,0,0,0,0,1,83,./Cleaned-Dataset/Normal/class-wp-sitemaps-registry.php,normal
0,0,0,0,0,0,0,0,0,0,0,0,0,0,0,0,0,0,0,0,0,50,350,./Cleaned-Dataset/Normal/class-wp-sitemaps-renderer.php,normal
0,0,1,0,0,0,0,0,0,0,0,0,0,0,0,0,0,0,0,0,0,102,305,./Cleaned-Dataset/Normal/class-wp-sitemaps-stylesheet.php,normal
0,0,0,0,0,0,0,0,0,0,0,0,0,0,0,0,0,0,0,0,0,24,242,./Cleaned-Dataset/Normal/class-wp-sitemaps-taxonomies.php,normal
0,0,0,0,0,0,0,0,0,0,0,0,0,0,0,0,0,0,0,0,0,16,167,./Cleaned-Dataset/Normal/class-wp-sitemaps-users.php,normal
0,0,0,0,0,0,0,0,0,0,0,0,0,0,0,0,0,0,0,0,0,43,382,./Cleaned-Dataset/Normal/class-wp-sitemaps.php,normal
0,0,0,0,0,0,0,0,0,0,0,0,0,0,0,0,0,3,0,0,0,67,376,./Cleaned-Dataset/Normal/class-wp-speculation-rules.php,normal
0,0,0,0,0,0,0,0,0,0,0,0,0,0,0,0,0,0,0,0,0,18,257,./Cleaned-Dataset/Normal/class-wp-style-engine-css-declarations.php,normal
0,0,0,0,0,0,0,0,0,0,0,0,0,0,0,0,0,0,0,0,0,22,302,./Cleaned-Dataset/Normal/class-wp-style-engine-css-rule.php,normal
0,0,0,0,0,0,0,0,0,0,0,0,0,0,0,0,0,0,0,0,0,8,208,./Cleaned-Dataset/Normal/class-wp-style-engine-css-rules-store.php,normal
0,0,0,0,0,0,0,0,0,0,0,0,0,0,0,0,0,0,0,0,0,15,320,./Cleaned-Dataset/Normal/class-wp-style-engine-processor.php,normal
0,0,0,0,0,0,0,0,0,0,0,0,0,0,0,0,0,0,0,0,0,401,1223,./Cleaned-Dataset/Normal/class-wp-style-engine.php,normal
0,0,0,0,0,0,0,0,0,0,0,0,0,0,0,0,0,0,0,0,0,72,769,./Cleaned-Dataset/Normal/class-wp-styles.php,normal
0,0,0,0,0,0,0,0,0,0,0,0,0,0,0,0,0,2,0,0,0,228,1297,./Cleaned-Dataset/Normal/class-wp-tax-query.php,normal
0,0,0,0,0,0,0,0,0,0,0,0,0,0,0,0,0,1,0,0,0,220,890,./Cleaned-Dataset/Normal/class-wp-taxonomy.php,normal
0,0,0,0,0,0,0,0,0,0,0,0,0,0,0,0,0,20,0,0,0,501,2646,./Cleaned-Dataset/Normal/class-wp-term-query.php,normal
0,0,0,0,0,0,0,0,0,0,0,0,0,0,0,0,0,0,0,0,0,32,278,./Cleaned-Dataset/Normal/class-wp-term.php,normal
0,0,0,0,0,0,0,0,0,0,0,0,1,0,12,0,0,3,0,0,0,249,1345,./Cleaned-Dataset/Normal/class-wp-terms-list-table.php,normal
0,0,0,0,0,0,0,0,0,0,0,0,0,0,0,0,0,0,0,0,0,5,34,./Cleaned-Dataset/Normal/class-wp-text-diff-renderer-inline.php,normal
0,0,0,0,0,0,0,0,0,0,0,0,0,0,0,0,0,1,0,0,0,82,1179,./Cleaned-Dataset/Normal/class-wp-text-diff-renderer-table.php,normal
0,0,0,0,0,0,0,0,0,0,0,0,0,0,0,0,0,0,0,0,0,51,537,./Cleaned-Dataset/Normal/class-wp-textdomain-registry.php,normal
0,0,0,0,0,0,0,0,0,0,0,0,0,0,10,0,0,1,0,1,0,215,870,./Cleaned-Dataset/Normal/class-wp-theme-install-list-table.php,normal
0,0,0,0,0,0,0,0,0,0,0,0,0,0,0,0,0,0,0,0,0,3,57,./Cleaned-Dataset/Normal/class-wp-theme-json-data.php,normal
0,0,0,0,0,0,0,0,0,0,0,0,0,0,0,0,0,2,0,0,0,258,1919,./Cleaned-Dataset/Normal/class-wp-theme-json-resolver.php,normal
0,0,0,0,0,0,0,0,0,0,0,0,0,0,0,0,0,0,0,0,0,63,309,./Cleaned-Dataset/Normal/class-wp-theme-json-schema.php,normal
0,0,0,0,0,0,0,0,0,0,0,0,0,0,0,0,0,3,0,0,0,1842,9905,./Cleaned-Dataset/Normal/class-wp-theme-json.php,normal
0,0,0,0,0,0,0,0,0,0,0,0,0,0,0,0,0,3,0,0,0,588,3591,./Cleaned-Dataset/Normal/class-wp-theme.php,normal
0,0,0,0,0,0,0,0,0,0,0,0,0,0,6,0,0,0,0,1,0,117,704,./Cleaned-Dataset/Normal/class-wp-themes-list-table.php,normal
0,0,0,0,0,0,0,0,0,0,0,0,0,0,0,0,0,0,0,0,0,199,1511,./Cleaned-Dataset/Normal/class-wp-token-map.php,normal
0,0,0,0,0,0,0,0,0,0,0,0,0,0,0,0,0,0,0,0,0,43,924,./Cleaned-Dataset/Normal/class-wp-translation-controller.php,normal
0,0,0,0,0,0,0,0,0,0,0,0,0,0,0,0,0,0,0,0,0,56,491,./Cleaned-Dataset/Normal/class-wp-translation-file-mo.php,normal
0,0,0,0,0,0,0,0,0,0,0,0,0,0,0,0,0,1,0,0,0,14,141,./Cleaned-Dataset/Normal/class-wp-translation-file-php.php,normal
0,0,0,0,0,0,0,0,0,0,0,0,0,0,0,0,0,0,0,0,0,16,350,./Cleaned-Dataset/Normal/class-wp-translation-file.php,normal
0,0,0,0,0,0,0,0,0,0,0,0,0,0,0,0,0,0,0,0,0,9,211,./Cleaned-Dataset/Normal/class-wp-translations.php,normal
0,0,0,0,0,0,0,0,0,0,0,0,0,0,0,0,0,1,0,0,0,36,378,./Cleaned-Dataset/Normal/class-wp-upgrader-skin.php,normal
0,0,0,0,0,0,0,0,0,0,0,0,0,0,0,0,0,0,0,0,11,14,16,./Cleaned-Dataset/Normal/class-wp-upgrader-skins.php,normal
0,0,0,0,0,0,0,0,0,0,0,0,0,0,0,0,2,0,0,0,18,313,2488,./Cleaned-Dataset/Normal/class-wp-upgrader.php,normal
0,0,0,0,0,0,0,0,0,0,0,0,0,0,0,0,0,1,0,0,0,21,227,./Cleaned-Dataset/Normal/class-wp-url-pattern-prefixer.php,normal
0,0,0,0,0,0,0,0,0,0,0,0,0,0,0,0,0,0,0,0,0,8,183,./Cleaned-Dataset/Normal/class-wp-user-meta-session-tokens.php,normal
0,0,0,0,0,0,0,0,0,0,0,0,0,0,0,0,0,21,0,1,0,511,2692,./Cleaned-Dataset/Normal/class-wp-user-query.php,normal
0,0,0,0,0,0,0,0,0,0,0,0,0,0,0,0,0,0,0,0,0,6,83,./Cleaned-Dataset/Normal/class-wp-user-request.php,normal
0,0,0,0,0,0,0,0,0,0,0,0,0,0,0,0,0,1,0,0,0,100,1344,./Cleaned-Dataset/Normal/class-wp-user.php,normal
0,0,0,0,0,0,0,0,0,0,0,0,0,0,11,0,0,1,0,0,0,246,1232,./Cleaned-Dataset/Normal/class-wp-users-list-table.php,normal
0,0,0,0,0,0,0,0,0,0,0,0,0,0,0,0,0,1,0,0,0,11,937,./Cleaned-Dataset/Normal/class-wp-walker.php,normal
0,0,0,0,0,0,0,0,0,0,0,0,0,0,0,0,0,0,0,0,0,106,412,./Cleaned-Dataset/Normal/class-wp-widget-archives.php,normal
0,0,0,0,0,0,0,0,0,0,0,0,0,0,0,0,0,0,0,0,0,23,68,./Cleaned-Dataset/Normal/class-wp-widget-area-customize-control.php,normal
0,0,0,0,0,0,0,0,0,0,0,0,0,0,0,0,0,0,0,0,0,72,255,./Cleaned-Dataset/Normal/class-wp-widget-block.php,normal
0,0,0,0,0,0,0,0,0,0,0,0,0,0,0,0,0,0,0,0,0,34,141,./Cleaned-Dataset/Normal/class-wp-widget-calendar.php,normal
0,0,0,0,0,0,0,0,0,0,0,0,0,0,0,0,0,0,0,0,0,105,463,./Cleaned-Dataset/Normal/class-wp-widget-categories.php,normal
0,0,0,0,0,0,0,0,0,0,0,0,0,0,0,0,0,1,0,0,0,153,555,./Cleaned-Dataset/Normal/class-wp-widget-custom-html.php,normal
0,0,0,0,0,0,0,0,0,0,0,0,0,0,0,0,0,0,0,0,0,7,191,./Cleaned-Dataset/Normal/class-wp-widget-factory.php,normal
0,0,0,0,0,0,0,0,0,0,0,0,0,0,0,0,0,0,0,0,1,19,126,./Cleaned-Dataset/Normal/class-wp-widget-form-customize-control.php,normal
0,0,0,0,0,0,0,0,0,0,0,0,0,0,0,0,0,0,0,0,0,144,460,./Cleaned-Dataset/Normal/class-wp-widget-links.php,normal
0,0,0,0,0,0,0,0,0,0,0,0,0,0,0,0,0,0,0,0,0,89,309,./Cleaned-Dataset/Normal/class-wp-widget-media-audio.php,normal
0,0,0,0,0,0,0,0,0,0,0,0,0,0,0,0,0,0,0,0,0,111,349,./Cleaned-Dataset/Normal/class-wp-widget-media-gallery.php,normal
0,0,0,0,0,0,0,0,0,0,0,0,0,0,0,0,0,0,0,0,0,283,747,./Cleaned-Dataset/Normal/class-wp-widget-media-image.php,normal
0,0,0,0,0,0,0,0,0,0,0,0,0,0,0,0,0,0,0,0,0,131,437,./Cleaned-Dataset/Normal/class-wp-widget-media-video.php,normal
0,0,0,0,0,0,0,0,0,0,0,0,0,0,0,0,0,0,0,0,0,144,743,./Cleaned-Dataset/Normal/class-wp-widget-media.php,normal
0,0,0,0,0,0,0,0,0,0,0,0,0,0,0,0,0,0,0,0,0,50,208,./Cleaned-Dataset/Normal/class-wp-widget-meta.php,normal
0,0,0,0,0,0,0,0,0,0,0,0,0,0,0,0,0,0,0,0,0,95,338,./Cleaned-Dataset/Normal/class-wp-widget-pages.php,normal
0,0,0,0,0,0,0,0,0,0,0,0,0,0,0,0,0,0,0,0,0,95,392,./Cleaned-Dataset/Normal/class-wp-widget-recent-comments.php,normal
0,0,0,0,0,0,0,0,0,0,0,0,0,0,0,0,0,0,0,0,0,86,369,./Cleaned-Dataset/Normal/class-wp-widget-recent-posts.php,normal
0,0,0,0,0,0,0,0,0,0,0,0,0,0,0,0,0,0,0,0,0,68,386,./Cleaned-Dataset/Normal/class-wp-widget-rss.php,normal
0,0,0,0,0,0,0,0,0,0,0,0,0,0,0,0,0,0,0,0,0,35,139,./Cleaned-Dataset/Normal/class-wp-widget-search.php,normal
0,0,0,0,0,0,0,0,0,0,0,0,0,0,0,0,0,0,0,0,0,82,398,./Cleaned-Dataset/Normal/class-wp-widget-tag-cloud.php,normal
0,0,0,0,0,0,0,0,0,0,0,0,0,0,0,0,0,1,0,0,1,262,1111,./Cleaned-Dataset/Normal/class-wp-widget-text.php,normal
0,0,0,0,0,0,0,0,0,0,0,0,0,12,0,0,0,0,0,0,0,84,1003,./Cleaned-Dataset/Normal/class-wp-widget.php,normal
0,0,0,0,0,0,0,0,0,0,0,0,0,25,0,0,0,3,0,2,0,2436,15767,./Cleaned-Dataset/Normal/class-wp-xmlrpc-server.php,normal
0,0,0,0,0,0,0,0,0,0,0,0,8,4,0,0,0,0,0,0,0,243,1855,./Cleaned-Dataset/Normal/class-wp.php,normal
0,0,0,0,0,0,0,0,0,0,0,0,10,0,0,0,0,4,0,0,1,775,6667,./Cleaned-Dataset/Normal/class-wpdb.php,normal
0,0,0,0,0,0,0,0,0,0,0,0,0,0,0,0,0,0,0,0,1,4,6,./Cleaned-Dataset/Normal/class.wp-dependencies.php,normal
0,0,0,0,0,0,0,0,0,0,0,0,0,0,0,0,0,0,0,0,1,4,6,./Cleaned-Dataset/Normal/class.wp-scripts.php,normal
0,0,0,0,0,0,0,0,0,0,0,0,0,0,0,0,0,0,0,0,1,4,6,./Cleaned-Dataset/Normal/class.wp-styles.php,normal
0,0,0,0,0,0,0,0,0,0,0,0,0,0,0,0,0,0,0,0,0,1,17,./Cleaned-Dataset/Normal/Client.php,normal
0,0,0,0,0,0,0,0,0,0,0,0,0,0,0,0,0,0,0,0,0,0,7,./Cleaned-Dataset/Normal/ClientException.php,normal
0,0,0,0,0,0,0,0,0,0,0,0,0,0,0,0,0,0,0,0,0,83,295,./Cleaned-Dataset/Normal/color-patterns.php,normal
0,0,0,0,0,0,0,0,0,0,0,0,0,0,0,0,0,0,0,0,0,173,607,./Cleaned-Dataset/Normal/color-patterns_1.php,normal
0,0,0,0,0,0,0,0,0,0,0,0,0,0,0,0,0,0,0,0,0,89,457,./Cleaned-Dataset/Normal/colors.php,normal
0,0,0,0,0,0,0,0,0,0,0,0,0,0,0,0,0,0,0,0,0,28,171,./Cleaned-Dataset/Normal/comment-author-name.php,normal
0,0,0,0,0,0,0,0,0,0,0,0,0,0,0,0,0,0,0,0,0,32,187,./Cleaned-Dataset/Normal/comment-content.php,normal
0,0,0,0,0,0,0,0,0,0,0,0,0,0,0,0,0,0,0,0,0,29,144,./Cleaned-Dataset/Normal/comment-date.php,normal
0,0,0,0,0,0,0,0,0,0,0,0,0,0,0,0,0,0,0,0,0,27,128,./Cleaned-Dataset/Normal/comment-edit-link.php,normal
0,0,0,0,0,0,0,0,0,0,0,0,0,0,0,0,0,0,0,0,0,26,154,./Cleaned-Dataset/Normal/comment-reply-link.php,normal
0,0,0,0,0,0,0,0,0,0,0,0,4,13,0,0,0,5,0,4,0,783,4596,./Cleaned-Dataset/Normal/comment-template.php,normal
0,0,0,0,0,0,0,0,0,0,0,0,0,0,0,0,0,0,0,0,0,24,236,./Cleaned-Dataset/Normal/comment-template_1.php,normal
0,0,0,0,0,0,0,0,0,0,0,0,3,5,6,0,0,0,0,1,4,225,818,./Cleaned-Dataset/Normal/comment.php,normal
0,0,0,0,0,0,0,0,0,0,0,0,0,0,0,0,0,0,0,0,0,16,113,./Cleaned-Dataset/Normal/comments-pagination-next.php,normal
0,0,0,0,0,0,0,0,0,0,0,0,0,0,0,0,0,0,0,0,0,15,81,./Cleaned-Dataset/Normal/comments-pagination-numbers.php,normal
0,0,0,0,0,0,0,0,0,0,0,0,0,0,0,0,0,0,0,0,0,14,96,./Cleaned-Dataset/Normal/comments-pagination-previous.php,normal
0,0,0,0,0,0,0,0,0,0,0,0,0,0,0,0,0,0,0,0,0,17,70,./Cleaned-Dataset/Normal/comments-pagination.php,normal
0,0,0,0,0,0,0,0,0,0,0,0,0,0,0,0,0,0,0,0,0,34,211,./Cleaned-Dataset/Normal/comments-title.php,normal
0,0,0,0,0,0,0,0,0,0,0,0,0,0,0,0,0,0,0,0,0,43,127,./Cleaned-Dataset/Normal/comments.php,normal
0,0,0,0,0,0,0,0,0,0,0,0,0,0,0,0,0,0,0,0,0,20,81,./Cleaned-Dataset/Normal/comments_1.php,normal
0,0,0,0,0,0,0,0,0,0,0,0,0,0,0,0,0,0,0,0,0,49,45,./Cleaned-Dataset/Normal/comments_10.php,normal
0,0,0,0,0,0,0,0,0,0,0,0,0,0,0,0,0,0,0,0,0,46,86,./Cleaned-Dataset/Normal/comments_11.php,normal
0,0,0,0,0,0,0,0,0,0,0,0,0,0,0,0,0,0,0,0,0,84,284,./Cleaned-Dataset/Normal/comments_12.php,normal
0,0,0,0,0,0,0,0,0,0,0,0,0,0,0,0,0,1,0,0,0,27,109,./Cleaned-Dataset/Normal/comments_13.php,normal
0,0,0,0,0,0,0,0,0,0,0,0,0,0,0,0,0,0,0,0,0,43,113,./Cleaned-Dataset/Normal/comments_2.php,normal
0,0,0,0,0,0,0,0,0,0,0,0,0,0,0,0,0,0,0,0,0,46,170,./Cleaned-Dataset/Normal/comments_3.php,normal
0,0,0,0,0,0,0,0,0,0,0,0,0,0,0,0,0,0,0,0,0,39,98,./Cleaned-Dataset/Normal/comments_4.php,normal
0,0,0,0,0,0,0,0,0,0,0,0,0,0,0,0,0,0,0,0,0,24,83,./Cleaned-Dataset/Normal/comments_5.php,normal
0,0,0,0,0,0,0,0,0,0,0,0,0,0,0,0,0,0,0,0,0,37,112,./Cleaned-Dataset/Normal/comments_6.php,normal
0,0,0,0,0,0,0,0,0,0,0,0,0,0,0,0,0,0,0,0,0,34,92,./Cleaned-Dataset/Normal/comments_7.php,normal
0,0,0,0,0,0,0,0,0,0,0,0,0,0,0,0,0,0,0,0,0,33,94,./Cleaned-Dataset/Normal/comments_8.php,normal
0,0,0,0,0,0,0,0,0,0,0,0,0,0,0,0,0,0,0,0,0,49,138,./Cleaned-Dataset/Normal/comments_9.php,normal
0,0,0,0,0,0,0,0,0,0,0,0,0,33,0,0,0,0,0,0,1,65,487,./Cleaned-Dataset/Normal/comment_1.php,normal
0,0,1,0,0,0,0,0,0,0,0,0,4,2,0,15,0,5,0,0,4,1049,7117,./Cleaned-Dataset/Normal/comment_2.php,normal
0,0,0,0,0,0,0,0,0,0,0,0,0,0,0,0,0,1,0,0,0,41,1004,./Cleaned-Dataset/Normal/compat-utf8.php,normal
0,0,0,0,0,0,0,0,0,0,0,0,0,0,0,0,0,0,0,1,0,65,856,./Cleaned-Dataset/Normal/compat.php,normal
0,0,0,0,0,0,0,0,0,0,0,0,0,0,0,0,0,0,0,0,0,0,3,./Cleaned-Dataset/Normal/Compat_1.php,normal
0,0,0,0,0,0,0,0,0,0,0,0,0,0,0,0,0,0,0,0,0,554,7575,./Cleaned-Dataset/Normal/Compat_2.php,normal
0,0,0,0,0,0,0,0,0,0,0,0,0,0,0,0,0,0,0,0,0,2,17,./Cleaned-Dataset/Normal/console.php,normal
0,0,0,0,0,0,0,0,0,0,0,0,0,0,0,0,0,0,0,0,1,1,52,./Cleaned-Dataset/Normal/constants.php,normal
0,0,0,0,0,0,0,0,0,0,0,0,0,0,0,0,0,0,0,0,0,73,51,./Cleaned-Dataset/Normal/contact-centered-social-link.php,normal
0,0,0,0,0,0,0,0,0,0,0,0,0,0,0,0,0,0,0,0,0,243,216,./Cleaned-Dataset/Normal/contact-info-locations.php,normal
0,0,0,0,0,0,0,0,0,0,0,0,0,0,0,0,0,0,0,0,0,90,65,./Cleaned-Dataset/Normal/contact-location-and-link.php,normal
0,0,0,0,0,0,0,0,0,0,0,0,0,0,0,0,0,0,0,0,0,45,77,./Cleaned-Dataset/Normal/content-aside.php,normal
0,0,0,0,0,0,0,0,0,0,0,0,0,0,0,0,0,0,0,0,0,48,99,./Cleaned-Dataset/Normal/content-aside_1.php,normal
0,0,0,0,0,0,0,0,0,0,0,0,0,0,0,0,0,0,0,0,0,28,56,./Cleaned-Dataset/Normal/content-aside_2.php,normal
0,0,0,0,0,0,0,0,0,0,0,0,0,0,0,0,0,0,0,0,0,28,57,./Cleaned-Dataset/Normal/content-aside_3.php,normal
0,0,0,0,0,0,0,0,0,0,0,0,0,0,0,0,0,0,0,0,0,48,99,./Cleaned-Dataset/Normal/content-audio.php,normal
0,0,0,0,0,0,0,0,0,0,0,0,0,0,0,0,0,0,0,0,0,37,172,./Cleaned-Dataset/Normal/content-audio_1.php,normal
0,0,0,0,0,0,0,0,0,0,0,0,0,0,0,0,0,0,0,0,0,30,59,./Cleaned-Dataset/Normal/content-audio_2.php,normal
0,0,0,0,0,0,0,0,0,0,0,0,0,0,0,0,0,0,0,0,0,27,47,./Cleaned-Dataset/Normal/content-chat.php,normal
0,0,0,0,0,0,0,0,0,0,0,0,0,0,0,0,0,0,0,0,0,67,223,./Cleaned-Dataset/Normal/content-cover.php,normal
0,0,0,0,0,0,0,0,0,0,0,0,0,0,0,0,0,0,0,0,0,10,42,./Cleaned-Dataset/Normal/content-excerpt.php,normal
0,0,0,0,0,0,0,0,0,0,0,0,0,0,0,0,0,0,0,0,0,11,60,./Cleaned-Dataset/Normal/content-excerpt_1.php,normal
0,0,0,0,0,0,0,0,0,0,0,0,0,0,0,0,0,0,0,0,0,5,22,./Cleaned-Dataset/Normal/content-excerpt_2.php,normal
0,0,0,0,0,0,0,0,0,0,0,0,0,0,0,0,0,0,0,0,0,16,54,./Cleaned-Dataset/Normal/content-featured-post.php,normal
0,0,0,0,0,0,0,0,0,0,0,0,0,0,0,0,0,0,0,0,0,25,82,./Cleaned-Dataset/Normal/content-featured.php,normal
0,0,0,0,0,0,0,0,0,0,0,0,0,0,0,0,0,0,0,0,0,24,99,./Cleaned-Dataset/Normal/content-front-page-panels.php,normal
0,0,0,0,0,0,0,0,0,0,0,0,0,0,0,0,0,0,0,0,0,21,66,./Cleaned-Dataset/Normal/content-front-page.php,normal
0,0,0,0,0,0,0,0,0,0,0,0,0,0,0,0,0,0,0,0,0,57,179,./Cleaned-Dataset/Normal/content-gallery.php,normal
0,0,0,0,0,0,0,0,0,0,0,0,0,0,0,0,0,0,0,0,0,48,99,./Cleaned-Dataset/Normal/content-gallery_1.php,normal
0,0,0,0,0,0,0,0,0,0,0,0,0,0,0,0,0,0,0,0,0,34,145,./Cleaned-Dataset/Normal/content-gallery_2.php,normal
0,0,0,0,0,0,0,0,0,0,0,0,0,0,0,0,0,0,0,0,0,38,89,./Cleaned-Dataset/Normal/content-gallery_3.php,normal
0,0,0,0,0,0,0,0,0,0,0,0,0,0,0,0,0,0,0,0,0,61,143,./Cleaned-Dataset/Normal/content-image.php,normal
0,0,0,0,0,0,0,0,0,0,0,0,0,0,0,0,0,0,0,0,0,48,99,./Cleaned-Dataset/Normal/content-image_1.php,normal
0,0,0,0,0,0,0,0,0,0,0,0,0,0,0,0,0,0,0,0,0,33,126,./Cleaned-Dataset/Normal/content-image_2.php,normal
0,0,0,0,0,0,0,0,0,0,0,0,0,0,0,0,0,0,0,0,0,38,77,./Cleaned-Dataset/Normal/content-image_3.php,normal
0,0,0,0,0,0,0,0,0,0,0,0,0,0,0,0,0,0,0,0,0,22,47,./Cleaned-Dataset/Normal/content-image_4.php,normal
0,0,0,0,0,0,0,0,0,0,0,0,0,0,0,0,0,0,0,0,0,16,27,./Cleaned-Dataset/Normal/content-intro.php,normal
0,0,0,0,0,0,0,0,0,0,0,0,0,0,0,0,0,0,0,0,0,45,77,./Cleaned-Dataset/Normal/content-link.php,normal
0,0,0,0,0,0,0,0,0,0,0,0,0,0,0,0,0,0,0,0,0,36,71,./Cleaned-Dataset/Normal/content-link_1.php,normal
0,0,0,0,0,0,0,0,0,0,0,0,0,0,0,0,0,0,0,0,0,48,99,./Cleaned-Dataset/Normal/content-link_2.php,normal
0,0,0,0,0,0,0,0,0,0,0,0,0,0,0,0,0,0,0,0,0,28,59,./Cleaned-Dataset/Normal/content-link_3.php,normal
0,0,0,0,0,0,0,0,0,0,0,0,0,0,0,0,0,0,0,0,0,26,54,./Cleaned-Dataset/Normal/content-link_4.php,normal
0,0,0,0,0,0,0,0,0,0,0,0,0,0,0,0,0,0,0,0,0,14,39,./Cleaned-Dataset/Normal/content-none.php,normal
0,0,0,0,0,0,0,0,0,0,0,0,0,0,0,0,0,0,0,0,0,14,35,./Cleaned-Dataset/Normal/content-none_1.php,normal
0,0,0,0,0,0,0,0,0,0,0,0,0,0,0,0,0,0,0,0,0,18,45,./Cleaned-Dataset/Normal/content-none_2.php,normal
0,0,0,0,0,0,0,0,0,0,0,0,0,0,0,0,0,0,0,0,0,12,27,./Cleaned-Dataset/Normal/content-none_3.php,normal
0,0,0,0,0,0,0,0,0,0,0,0,0,0,0,0,0,0,0,0,0,14,38,./Cleaned-Dataset/Normal/content-none_4.php,normal
0,0,0,0,0,0,0,0,0,0,0,0,0,0,0,0,0,0,0,0,0,14,35,./Cleaned-Dataset/Normal/content-none_5.php,normal
0,0,0,0,0,0,0,0,0,0,0,0,0,0,0,0,0,0,0,0,0,10,9,./Cleaned-Dataset/Normal/content-none_6.php,normal
0,0,0,0,0,0,0,0,0,0,0,0,0,0,0,0,0,0,0,0,0,23,59,./Cleaned-Dataset/Normal/content-none_7.php,normal
0,0,0,0,0,0,0,0,0,0,0,0,0,0,0,0,0,0,0,0,0,16,27,./Cleaned-Dataset/Normal/content-page.php,normal
0,0,0,0,0,0,0,0,0,0,0,0,0,0,0,0,0,0,0,0,0,27,32,./Cleaned-Dataset/Normal/content-page_1.php,normal
0,0,0,0,0,0,0,0,0,0,0,0,0,0,0,0,0,0,0,0,0,19,30,./Cleaned-Dataset/Normal/content-page_2.php,normal
0,0,0,0,0,0,0,0,0,0,0,0,0,0,0,0,0,0,0,0,0,19,51,./Cleaned-Dataset/Normal/content-page_3.php,normal
0,0,0,0,0,0,0,0,0,0,0,0,0,0,0,0,0,0,0,0,0,11,27,./Cleaned-Dataset/Normal/content-page_4.php,normal
0,0,0,0,0,0,0,0,0,0,0,0,0,0,0,0,0,0,0,0,0,27,36,./Cleaned-Dataset/Normal/content-page_5.php,normal
0,0,0,0,0,0,0,0,0,0,0,0,0,0,0,0,0,0,0,0,0,16,32,./Cleaned-Dataset/Normal/content-page_6.php,normal
0,0,0,0,0,0,0,0,0,0,0,0,0,0,0,0,0,0,0,0,0,22,53,./Cleaned-Dataset/Normal/content-page_7.php,normal
0,0,0,0,0,0,0,0,0,0,0,0,0,0,0,0,0,0,0,0,0,56,135,./Cleaned-Dataset/Normal/content-quote.php,normal
0,0,0,0,0,0,0,0,0,0,0,0,0,0,0,0,0,0,0,0,0,48,99,./Cleaned-Dataset/Normal/content-quote_1.php,normal
0,0,0,0,0,0,0,0,0,0,0,0,0,0,0,0,0,0,0,0,0,31,49,./Cleaned-Dataset/Normal/content-quote_2.php,normal
0,0,0,0,0,0,0,0,0,0,0,0,0,0,0,0,0,0,0,0,0,24,51,./Cleaned-Dataset/Normal/content-quote_3.php,normal
0,0,0,0,0,0,0,0,0,0,0,0,0,0,0,0,0,0,0,0,0,15,44,./Cleaned-Dataset/Normal/content-search.php,normal
0,0,0,0,0,0,0,0,0,0,0,0,0,0,0,0,0,0,0,0,0,14,50,./Cleaned-Dataset/Normal/content-search_1.php,normal
0,0,0,0,0,0,0,0,0,0,0,0,0,0,0,0,0,0,0,0,0,42,155,./Cleaned-Dataset/Normal/content-single.php,normal
0,0,0,0,0,0,0,0,0,0,0,0,0,0,0,0,0,0,0,0,0,19,52,./Cleaned-Dataset/Normal/content-single_1.php,normal
0,0,0,0,0,0,0,0,0,0,0,0,0,0,0,0,0,0,0,0,0,31,51,./Cleaned-Dataset/Normal/content-single_2.php,normal
0,0,0,0,0,0,0,0,0,0,0,0,0,0,0,0,0,0,0,0,0,18,38,./Cleaned-Dataset/Normal/content-single_3.php,normal
0,0,0,0,0,0,0,0,0,0,0,0,0,0,0,0,0,0,0,0,0,48,84,./Cleaned-Dataset/Normal/content-status.php,normal
0,0,0,0,0,0,0,0,0,0,0,0,0,0,0,0,0,0,0,0,0,24,43,./Cleaned-Dataset/Normal/content-status_1.php,normal
0,0,0,0,0,0,0,0,0,0,0,0,0,0,0,0,0,0,0,0,0,27,65,./Cleaned-Dataset/Normal/content-status_2.php,normal
0,0,0,0,0,0,0,0,0,0,0,0,0,0,0,0,0,0,0,0,0,48,99,./Cleaned-Dataset/Normal/content-video.php,normal
0,0,0,0,0,0,0,0,0,0,0,0,0,0,0,0,0,0,0,0,0,40,175,./Cleaned-Dataset/Normal/content-video_1.php,normal
0,0,0,0,0,0,0,0,0,0,0,0,0,0,0,0,0,0,0,0,0,38,77,./Cleaned-Dataset/Normal/content-video_2.php,normal
0,0,0,0,0,0,0,0,0,0,0,0,0,0,0,0,0,0,0,0,0,64,173,./Cleaned-Dataset/Normal/content.php,normal
0,0,0,0,0,0,0,0,0,0,0,0,0,0,0,0,0,0,0,0,0,36,65,./Cleaned-Dataset/Normal/content_1.php,normal
0,0,0,0,0,0,0,0,0,0,0,0,0,0,0,0,0,0,0,0,0,46,105,./Cleaned-Dataset/Normal/content_2.php,normal
0,0,0,0,0,0,0,0,0,0,0,0,0,0,0,0,0,0,0,0,0,22,71,./Cleaned-Dataset/Normal/content_3.php,normal
0,0,0,0,0,0,0,0,0,0,0,0,0,0,0,0,0,0,0,0,0,32,117,./Cleaned-Dataset/Normal/content_4.php,normal
0,0,0,0,0,0,0,0,0,0,0,0,0,0,0,0,0,0,0,0,0,33,66,./Cleaned-Dataset/Normal/content_5.php,normal
0,0,0,0,0,0,0,0,0,0,0,0,0,0,0,0,0,0,0,0,0,41,97,./Cleaned-Dataset/Normal/content_6.php,normal
0,0,0,0,0,0,0,0,0,0,0,0,0,0,0,0,0,0,0,0,0,47,133,./Cleaned-Dataset/Normal/content_7.php,normal
0,0,0,0,0,0,0,0,0,0,0,0,0,0,0,0,0,0,0,0,0,30,103,./Cleaned-Dataset/Normal/content_8.php,normal
0,0,0,0,0,0,0,0,0,0,0,0,0,0,0,0,0,0,0,0,0,18,46,./Cleaned-Dataset/Normal/content_9.php,normal
0,0,0,0,0,0,0,0,0,0,0,0,0,0,0,0,0,0,0,0,0,1056,1584,./Cleaned-Dataset/Normal/continents-cities.php,normal
0,0,0,0,0,0,0,0,0,0,0,0,0,0,0,0,0,0,0,0,3,89,161,./Cleaned-Dataset/Normal/contribute.php,normal
0,0,0,0,0,0,0,0,0,0,0,0,0,0,0,0,0,0,0,1,1,2,2,./Cleaned-Dataset/Normal/contribute_1.php,normal
0,0,0,0,0,0,0,0,0,0,0,0,0,0,0,0,0,0,0,1,1,2,2,./Cleaned-Dataset/Normal/contribute_2.php,normal
0,0,0,0,0,0,0,0,0,0,0,0,0,0,0,0,0,1,0,0,0,15,59,./Cleaned-Dataset/Normal/contributors.php,normal
0,0,0,0,0,0,0,0,0,0,0,0,0,0,0,0,0,0,0,0,0,0,3,./Cleaned-Dataset/Normal/Controller.php,normal
0,0,0,0,0,0,0,0,0,0,0,0,0,0,0,0,0,0,0,0,0,89,987,./Cleaned-Dataset/Normal/Cookie.php,normal
0,0,0,0,0,0,0,0,0,0,0,0,0,0,0,0,0,0,0,0,0,3,18,./Cleaned-Dataset/Normal/Copyright.php,normal
0,0,0,0,0,0,0,0,0,0,0,0,0,0,0,0,0,0,0,0,0,2,72,./Cleaned-Dataset/Normal/Copyright_1.php,normal
0,0,0,0,0,0,0,0,0,0,0,0,0,0,0,0,0,0,0,0,0,0,7,./Cleaned-Dataset/Normal/Core.php,normal
0,0,0,0,0,0,0,0,0,0,0,0,0,0,0,0,0,0,0,0,0,48,249,./Cleaned-Dataset/Normal/cover.php,normal
0,0,0,0,0,0,0,0,0,0,0,0,0,0,0,0,0,0,0,0,0,3,18,./Cleaned-Dataset/Normal/Credit.php,normal
0,0,0,0,0,0,0,0,0,0,0,0,0,0,0,0,0,0,0,0,5,97,241,./Cleaned-Dataset/Normal/credits.php,normal
0,0,0,0,0,0,0,0,0,0,0,0,0,0,0,0,0,0,0,0,0,87,430,./Cleaned-Dataset/Normal/credits_1.php,normal
0,0,0,0,0,0,0,0,0,0,0,0,0,0,0,0,0,0,0,1,1,2,2,./Cleaned-Dataset/Normal/credits_2.php,normal
0,0,0,0,0,0,0,0,0,0,0,0,0,0,0,0,0,0,0,1,1,2,2,./Cleaned-Dataset/Normal/credits_3.php,normal
0,0,0,0,0,0,0,0,0,0,0,0,0,0,0,0,0,0,0,0,0,2,96,./Cleaned-Dataset/Normal/Credit_1.php,normal
0,0,0,0,0,0,0,0,0,0,0,0,1,0,0,0,0,0,0,0,1,184,2058,./Cleaned-Dataset/Normal/cron.php,normal
0,0,0,0,0,0,0,0,0,0,0,0,0,0,0,0,0,0,0,0,0,0,3,./Cleaned-Dataset/Normal/Crypto.php,normal
0,0,0,0,0,0,0,0,0,0,0,0,0,0,0,0,0,0,0,0,0,66,2722,./Cleaned-Dataset/Normal/Crypto32.php,normal
0,0,0,0,0,0,0,0,0,0,0,0,0,0,0,0,0,0,0,0,0,66,2729,./Cleaned-Dataset/Normal/Crypto_1.php,normal
0,0,0,0,0,0,0,0,0,0,0,0,0,0,0,0,0,0,0,0,0,92,61,./Cleaned-Dataset/Normal/cta-book-links.php,normal
0,0,0,0,0,0,0,0,0,0,0,0,0,0,0,0,0,0,0,0,0,308,247,./Cleaned-Dataset/Normal/cta-book-locations.php,normal
0,0,0,0,0,0,0,0,0,0,0,0,0,0,0,0,0,0,0,0,0,69,64,./Cleaned-Dataset/Normal/cta-centered-heading.php,normal
0,0,0,0,0,0,0,0,0,0,0,0,0,0,0,0,0,0,0,0,0,95,74,./Cleaned-Dataset/Normal/cta-content-image-on-right.php,normal
0,0,0,0,0,0,0,0,0,0,0,0,0,0,0,0,0,0,0,0,0,276,265,./Cleaned-Dataset/Normal/cta-events-list.php,normal
0,0,0,0,0,0,0,0,0,0,0,0,0,0,0,0,0,0,0,0,0,352,267,./Cleaned-Dataset/Normal/cta-grid-products-link.php,normal
0,0,0,0,0,0,0,0,0,0,0,0,0,0,0,0,0,0,0,0,0,34,35,./Cleaned-Dataset/Normal/cta-heading-search.php,normal
0,0,0,0,0,0,0,0,0,0,0,0,0,0,0,0,0,0,0,0,0,84,64,./Cleaned-Dataset/Normal/cta-newsletter.php,normal
0,0,0,0,0,0,0,0,0,0,0,0,0,0,0,0,0,0,0,0,0,400,365,./Cleaned-Dataset/Normal/cta-pricing.php,normal
0,0,0,0,0,0,0,0,0,0,0,0,0,0,0,0,0,0,0,0,0,131,108,./Cleaned-Dataset/Normal/cta-rsvp.php,normal
0,0,0,0,0,0,0,0,0,0,0,0,0,0,0,0,0,0,0,0,0,77,61,./Cleaned-Dataset/Normal/cta-services-image-left.php,normal
0,0,0,0,0,0,0,0,0,0,0,0,0,0,0,0,0,0,0,0,0,81,74,./Cleaned-Dataset/Normal/cta-subscribe-centered.php,normal
0,0,0,0,0,0,0,0,0,0,0,0,0,0,0,0,0,0,0,0,0,0,3,./Cleaned-Dataset/Normal/Ctx.php,normal
0,0,0,0,0,0,0,0,0,0,0,0,0,0,0,0,0,0,0,0,0,12,305,./Cleaned-Dataset/Normal/Ctx_1.php,normal
0,0,0,0,0,0,0,0,0,0,0,0,0,0,0,0,0,0,0,0,0,9,305,./Cleaned-Dataset/Normal/Ctx_2.php,normal
0,0,0,0,0,0,0,0,0,0,0,0,0,0,0,0,0,0,0,0,0,6,70,./Cleaned-Dataset/Normal/Curl.php,normal
0,0,1,0,0,0,0,0,0,0,0,0,0,0,0,0,0,0,0,0,0,138,1472,./Cleaned-Dataset/Normal/Curl_1.php,normal
0,0,0,0,0,0,0,0,0,0,0,0,0,0,0,0,0,0,0,0,0,0,3,./Cleaned-Dataset/Normal/Curve25519.php,normal
0,0,0,0,0,0,0,0,0,0,0,0,0,0,0,0,0,0,0,0,0,9,15053,./Cleaned-Dataset/Normal/Curve25519_1.php,normal
0,0,0,0,0,0,0,0,0,0,0,0,0,0,0,0,0,0,0,0,0,10,14542,./Cleaned-Dataset/Normal/Curve25519_2.php,normal
0,0,0,0,0,0,0,0,0,0,0,0,0,0,0,0,0,0,0,0,1,6,15,./Cleaned-Dataset/Normal/custom-background.php,normal
0,0,0,0,0,0,0,0,0,0,0,0,0,0,0,0,0,0,0,0,0,14,86,./Cleaned-Dataset/Normal/custom-classname.php,normal
0,0,0,0,0,0,0,0,0,0,0,0,0,0,0,0,0,0,0,0,0,80,381,./Cleaned-Dataset/Normal/custom-css.php,normal
0,0,0,0,0,0,0,0,0,0,0,0,0,0,0,0,0,0,0,0,0,4,51,./Cleaned-Dataset/Normal/custom-css_1.php,normal
0,0,0,0,0,0,0,0,0,0,0,0,0,0,0,0,0,0,0,0,1,6,15,./Cleaned-Dataset/Normal/custom-header.php,normal
0,0,0,0,0,0,0,0,0,0,0,0,0,0,0,0,0,0,0,0,0,40,471,./Cleaned-Dataset/Normal/custom-header_1.php,normal
0,0,0,0,0,0,0,0,0,0,0,0,0,0,0,0,0,0,0,0,0,47,209,./Cleaned-Dataset/Normal/custom-header_2.php,normal
0,0,0,0,0,0,0,0,0,0,0,0,0,0,0,0,0,0,0,0,0,46,119,./Cleaned-Dataset/Normal/custom-header_3.php,normal
0,0,0,0,0,0,0,0,0,0,0,0,0,0,0,0,0,0,0,0,0,78,275,./Cleaned-Dataset/Normal/custom-header_4.php,normal
0,0,0,0,0,0,0,0,0,0,0,0,0,0,0,0,0,0,0,0,0,64,237,./Cleaned-Dataset/Normal/custom-header_5.php,normal
0,0,0,0,0,0,0,0,0,0,0,0,0,0,7,0,0,0,0,0,1,182,515,./Cleaned-Dataset/Normal/customize.php,normal
0,0,0,0,0,0,0,0,0,0,0,0,0,0,0,0,0,1,0,0,0,313,869,./Cleaned-Dataset/Normal/customizer.php,normal
0,0,0,0,0,0,0,0,0,0,0,0,0,0,0,0,0,0,0,0,0,126,250,./Cleaned-Dataset/Normal/customizer_1.php,normal
0,0,0,0,0,0,0,0,0,0,0,0,0,0,0,0,0,0,0,0,0,92,160,./Cleaned-Dataset/Normal/customizer_2.php,normal
0,0,0,0,0,0,0,0,0,0,0,0,0,0,0,0,0,0,0,0,0,148,271,./Cleaned-Dataset/Normal/customizer_3.php,normal
0,0,0,0,0,0,0,0,0,0,0,0,0,0,0,0,0,1,0,0,0,373,1284,./Cleaned-Dataset/Normal/customizer_4.php,normal
0,0,0,0,0,0,0,0,0,0,0,0,0,0,0,0,0,0,0,0,0,20,503,./Cleaned-Dataset/Normal/d016c387fc79c97857e8fd1b94c4ca2f.php,normal
0,0,0,0,0,0,0,0,0,0,0,0,0,0,0,0,0,0,0,0,0,48,297,./Cleaned-Dataset/Normal/d021a86f730133dc7f877036467f187a.php,normal
0,0,0,0,0,0,0,0,0,0,0,0,0,0,0,0,0,8,0,0,0,14,15,./Cleaned-Dataset/Normal/d034e23db2cbac8c3a8d6ec4d4f8cc3b.php,normal
0,0,0,0,0,0,0,0,0,0,0,0,0,0,0,0,0,0,0,0,0,1,20,./Cleaned-Dataset/Normal/d0511965bc3ef6aaf729bd0e1a55081c.php,normal
0,0,0,0,0,0,0,0,0,0,0,0,0,0,0,0,0,0,0,0,0,4,23,./Cleaned-Dataset/Normal/d05aa90cca9b50bfb90b27d3c3f43fa6.php,normal
0,0,0,0,0,0,0,0,0,0,0,0,0,0,0,0,0,0,0,0,0,6,246,./Cleaned-Dataset/Normal/d067d8bacb3d9c36ab39a91311780959.php,normal
0,0,0,0,0,0,0,0,0,0,0,0,0,0,0,0,0,0,0,0,0,58,106,./Cleaned-Dataset/Normal/d0d0374bc641d0687c85717537ff39ec.php,normal
0,0,3,0,0,0,0,0,0,13,2,0,0,0,0,0,0,0,0,0,1,222,2150,./Cleaned-Dataset/Normal/d10ef81b3b8483588bd5da7a359c5e1d.php,normal
0,0,0,0,0,0,0,0,0,0,0,0,0,0,0,0,0,0,0,0,0,119,1027,./Cleaned-Dataset/Normal/d110969a7124fd85b587396a6db71e8e.php,normal
0,0,0,0,0,0,0,0,3,0,0,0,2,3,15,9,0,0,0,0,0,338,1920,./Cleaned-Dataset/Normal/d11c806767ce191b858d7cb3b01faa82.php,normal
0,0,0,0,0,0,0,0,0,0,0,0,0,0,0,0,0,0,0,0,0,27,77,./Cleaned-Dataset/Normal/d146f16a12599c17e203e7ac870f1633.php,normal
0,0,0,0,0,0,0,0,0,0,0,0,0,0,0,0,0,0,0,0,0,1,77,./Cleaned-Dataset/Normal/d14a8448b71aeaed4794cfb4048e974b.php,normal
0,0,0,0,0,0,0,0,0,0,0,0,0,0,0,0,0,0,0,0,0,1,6,./Cleaned-Dataset/Normal/d154eb523e522d2cc73e0305c9f90366.php,normal
0,0,0,0,0,0,0,0,0,0,0,0,0,0,0,0,0,0,0,0,0,1,6,./Cleaned-Dataset/Normal/d16da8347ca8715a68bd0064e532b25b.php,normal
0,0,0,0,0,0,0,0,0,0,0,0,0,0,0,0,0,0,0,0,0,33,350,./Cleaned-Dataset/Normal/d196f561df94e9f0f6f7cc255c98e6e6.php,normal
0,0,0,0,0,0,0,0,0,0,0,0,0,0,0,0,0,0,0,0,0,6,77,./Cleaned-Dataset/Normal/d1b5cd378c388f750d2ee5a3f395ac6e.php,normal
0,0,0,0,0,0,0,0,0,0,0,0,0,0,0,0,0,0,0,0,0,24,113,./Cleaned-Dataset/Normal/d1b983c2b68eb8fd6be0acc93f8be227.php,normal
0,0,0,0,0,0,0,0,0,0,0,0,0,1,0,0,0,0,0,0,0,4,191,./Cleaned-Dataset/Normal/d1dafdaf623c2675dbaa3658b72aacf6.php,normal
0,0,0,0,0,0,0,0,0,0,0,0,0,4,0,0,0,0,0,1,0,22,123,./Cleaned-Dataset/Normal/d208bb9822dc7f3bdc447c40e65921f0.php,normal
0,0,0,0,0,0,0,0,0,0,0,0,0,0,0,0,0,0,0,0,0,0,22,./Cleaned-Dataset/Normal/d2175fbed79a957a2a369ddebf631f67.php,normal
0,0,0,0,0,0,0,0,0,0,0,0,0,0,0,0,0,0,0,0,0,98,741,./Cleaned-Dataset/Normal/d22ad7f9154fa3d151cdaddaf3ddd721.php,normal
0,0,0,0,0,0,0,0,0,0,0,0,0,0,0,0,0,7,0,0,0,37,83,./Cleaned-Dataset/Normal/d232431f4dbd1c5e8828fedbc2bbab1c.php,normal
0,0,0,0,0,0,0,0,0,0,0,0,20,28,17,5,0,1,0,1,0,575,2350,./Cleaned-Dataset/Normal/d25055d3fc702579d96652734378636e.php,normal
0,0,0,0,0,0,0,0,0,0,0,0,0,0,0,0,0,0,0,0,0,4,44,./Cleaned-Dataset/Normal/d25962f5c85b22d48f1736168afe466e.php,normal
0,0,0,0,0,0,0,0,0,0,0,0,0,0,0,0,0,0,0,0,0,1,23,./Cleaned-Dataset/Normal/d25f7aab63aa46071c681a4670519451.php,normal
0,0,0,0,0,0,0,0,0,0,0,0,0,0,0,0,0,0,0,0,0,1,17,./Cleaned-Dataset/Normal/d263ab698f7a7b496952adb73101a015.php,normal
0,0,0,0,0,0,0,0,0,0,0,0,0,0,0,0,0,0,0,0,0,48,392,./Cleaned-Dataset/Normal/d2854bf2dfdc3ed0b99bd07e1ff73f11.php,normal
0,0,0,0,0,0,0,0,0,0,0,0,0,0,0,0,0,0,0,0,0,64,486,./Cleaned-Dataset/Normal/d2984b3dc50b78c1f105e037a23052bc.php,normal
0,0,0,0,0,0,0,0,0,0,0,0,0,0,0,0,0,0,0,0,1,19,126,./Cleaned-Dataset/Normal/d2ddbee817f9d619b6bdb8cb817adc36.php,normal
0,0,0,0,0,0,0,0,0,0,0,0,0,0,0,0,0,0,0,0,0,0,7,./Cleaned-Dataset/Normal/d2e2aed55c95cdcac5dc36ff9d3c173b.php,normal
0,0,0,0,0,0,0,0,0,0,0,0,8,54,83,0,0,0,0,23,0,2897,10979,./Cleaned-Dataset/Normal/d3000a341a57f333c2ebc839f7433d98.php,normal
0,0,0,1,0,0,0,0,0,0,0,0,0,0,0,0,0,0,0,0,0,37,317,./Cleaned-Dataset/Normal/d30a0cc4cf8f706d6f503b8e963be92f.php,normal
0,0,0,0,0,0,0,0,0,0,0,0,0,0,0,0,0,0,0,0,0,45,17,./Cleaned-Dataset/Normal/d35c0ec1a90b7c90f32f108b611a1f1f.php,normal
0,0,0,0,0,0,0,0,0,0,0,0,3,0,0,0,0,0,0,1,0,110,1018,./Cleaned-Dataset/Normal/d3644e7a2013bb0fbdc3b3d98c5d945a.php,normal
0,0,0,0,0,0,0,0,0,0,0,0,0,0,0,0,0,0,0,0,0,190,811,./Cleaned-Dataset/Normal/d36fa476ddfcad4045811feefb70f0bf.php,normal
0,0,0,0,0,0,0,0,0,0,0,0,0,0,0,0,0,0,0,0,0,24,415,./Cleaned-Dataset/Normal/d38b474572c38d6bf22b74361010a6f6.php,normal
0,0,1,0,0,0,0,0,0,0,0,0,0,0,0,0,0,0,0,0,0,162,1212,./Cleaned-Dataset/Normal/d3a8988f5b22459a9ba9ee85ccd3d8dc.php,normal
0,0,0,0,0,0,0,0,0,0,0,0,0,0,0,0,0,0,0,0,0,226,889,./Cleaned-Dataset/Normal/d3b12e9568f39de1232863845c37623b.php,normal
0,0,0,0,0,0,0,0,0,0,0,0,0,0,2,0,0,2,0,0,2,30,163,./Cleaned-Dataset/Normal/d40295f1cb4187fd76a7919fa1244c2e.php,normal
0,0,0,0,0,0,0,0,0,0,0,0,0,0,0,0,0,0,0,0,0,1,23,./Cleaned-Dataset/Normal/d43ae4de5694334437be0443fb68ab2b.php,normal
0,0,0,0,0,0,0,0,0,0,0,0,0,0,0,0,0,0,0,0,0,1,6,./Cleaned-Dataset/Normal/d44bce206613e6e860ae3af82e864157.php,normal
0,0,0,0,0,0,0,0,0,0,0,0,0,0,2,0,0,1,2,0,0,19,165,./Cleaned-Dataset/Normal/d4687c4d17209685c831b1c7d9be3486.php,normal
0,0,0,0,0,0,0,0,0,0,0,0,0,0,0,0,0,0,0,0,0,1,140,./Cleaned-Dataset/Normal/d477dfdb5c8af597047bc4b065187f39.php,normal
0,0,0,0,0,0,0,0,0,0,0,0,0,0,0,0,0,0,0,0,0,64,304,./Cleaned-Dataset/Normal/d4ba37bf3c1b7b391f21342f9c2caf8d.php,normal
0,0,0,0,0,0,0,0,0,0,0,0,0,0,0,0,0,0,0,0,0,14,88,./Cleaned-Dataset/Normal/d4c0de25cd4a056e7953247143497059.php,normal
0,0,0,0,0,0,0,0,0,0,0,0,0,0,0,0,0,2,0,0,0,39,288,./Cleaned-Dataset/Normal/d4cd5158758e7f6d099a02b4d6956c16.php,normal
0,0,0,0,0,0,0,0,0,0,0,0,0,0,0,0,0,0,0,0,0,2,7,./Cleaned-Dataset/Normal/d4f39e983366ea5c1b3fd4644b19ae06.php,normal
0,0,0,0,0,0,0,0,0,0,0,0,0,0,0,0,0,0,0,0,0,8,56,./Cleaned-Dataset/Normal/d50bb62a202e593a40841c7232761b7a.php,normal
0,0,0,0,0,0,0,0,0,0,0,0,0,0,0,0,0,0,0,0,0,1,107,./Cleaned-Dataset/Normal/d517083528ec0880480bac1f0374a299.php,normal
0,0,0,0,0,0,0,0,0,0,0,0,0,0,0,0,0,0,0,0,0,31,347,./Cleaned-Dataset/Normal/d55081eb3d0da62c909eb25644cc8337.php,normal
0,0,0,0,0,0,0,0,0,0,0,0,1,0,0,0,0,0,0,0,0,79,637,./Cleaned-Dataset/Normal/d57ecb28b58f3325b2ea321946e0f596.php,normal
0,0,0,0,0,0,0,0,0,0,0,0,0,0,0,0,0,0,0,0,0,42,268,./Cleaned-Dataset/Normal/d58fe664fa260d948ef2c7ebcafa394c.php,normal
0,0,0,0,0,0,0,0,0,0,0,0,0,0,0,0,0,0,0,0,0,95,770,./Cleaned-Dataset/Normal/d60120f6bd09f9b420de7f6400d4134d.php,normal
0,0,0,0,0,0,0,0,0,0,0,0,0,0,0,0,0,1,0,0,2,86,222,./Cleaned-Dataset/Normal/d618fad2393ef347baa391933d431e65.php,normal
0,0,0,0,0,0,0,0,0,0,0,0,0,0,0,0,0,0,0,0,0,0,52,./Cleaned-Dataset/Normal/d639b9d1c3d5b574369093dbd5dc562b.php,normal
0,0,0,0,0,0,0,0,0,0,0,0,2,0,13,0,0,0,0,0,0,300,1535,./Cleaned-Dataset/Normal/d656418e7502a1521f78554731aac970.php,normal
0,0,0,0,0,0,0,0,0,0,0,0,0,0,0,0,0,0,0,0,0,39,146,./Cleaned-Dataset/Normal/d65b9d108d39bd06f57b25da362e9598.php,normal
0,0,0,0,0,0,0,0,0,0,0,0,0,0,0,0,0,0,0,0,0,1,7,./Cleaned-Dataset/Normal/d6617004700d8ff7c7f048038f50f2dc.php,normal
0,0,0,0,0,0,0,0,0,0,0,0,0,0,0,0,0,0,0,0,0,1,6,./Cleaned-Dataset/Normal/d670b8a2b72a85b257cfa9d7276bb352.php,normal
0,0,0,0,0,0,0,0,0,0,0,0,0,0,0,0,0,0,0,0,0,12,117,./Cleaned-Dataset/Normal/d6b91fc8628a0c0474ad58389a475815.php,normal
0,0,0,0,0,0,0,0,0,0,0,0,0,0,0,0,0,0,0,0,0,3,15,./Cleaned-Dataset/Normal/d7023b67512d80fe4e263faa79fa83d2.php,normal
0,0,0,0,0,0,0,0,0,0,0,0,0,0,0,0,0,0,0,0,0,1,103,./Cleaned-Dataset/Normal/d70511385de69bb960e5040ae9a65737.php,normal
0,0,0,0,0,0,0,0,0,0,0,0,0,0,0,0,0,0,0,0,0,8,82,./Cleaned-Dataset/Normal/d7179619a840e536435ae254238a7cb8.php,normal
0,0,0,0,0,0,0,0,0,0,0,0,0,0,0,0,0,0,0,0,0,118,321,./Cleaned-Dataset/Normal/d71e03b87e4f0bfd933e018d83b87a55.php,normal
0,0,0,0,0,0,0,0,0,0,0,0,0,0,0,0,0,0,0,0,0,21,595,./Cleaned-Dataset/Normal/d74a8e1b457f9d36c402ce9aa7ddcacc.php,normal
0,0,0,0,0,0,0,0,0,0,0,0,0,0,0,0,0,0,0,0,0,1,6,./Cleaned-Dataset/Normal/d75704ec54a4ea949a4c6ee498fa5b4f.php,normal
0,0,0,0,0,0,0,0,0,0,0,0,0,0,0,0,0,0,0,0,0,9,55,./Cleaned-Dataset/Normal/d75e19cd9c842d585062aa25a39b1468.php,normal
0,0,0,0,0,0,0,0,0,0,0,0,0,0,0,0,0,0,0,0,0,80,372,./Cleaned-Dataset/Normal/d761eb263b95a98ab1d71e3e3537cbb2.php,normal
0,0,0,0,0,0,0,0,0,0,0,0,0,0,0,0,0,0,0,0,0,3,65,./Cleaned-Dataset/Normal/d7d7fcf59eaff83431bf4fc6a7d52d1b.php,normal
0,0,0,0,0,0,0,0,0,0,0,0,0,0,0,0,0,0,0,0,0,52,269,./Cleaned-Dataset/Normal/d7ea34539e18f0ba54240a1cefa9ca70.php,normal
0,0,0,0,0,0,0,0,0,0,0,0,0,0,0,0,0,0,0,0,0,7,103,./Cleaned-Dataset/Normal/d7f4460aabc8dc828bf8d6e065217d0f.php,normal
0,0,0,0,0,0,0,0,0,0,0,0,0,0,0,0,0,0,0,0,0,1,10,./Cleaned-Dataset/Normal/d80aed763dfa24e44c753915a2ba761c.php,normal
0,0,0,0,0,0,0,0,0,0,0,0,0,0,0,0,0,0,0,0,0,161,2270,./Cleaned-Dataset/Normal/d810126aec85180bc4df1e3e6aa30c64.php,normal
0,0,0,0,0,0,0,0,0,0,0,0,0,0,11,0,0,0,0,0,1,23,185,./Cleaned-Dataset/Normal/d82d0ce47ab0bb15522dd85fe50e2498.php,normal
0,0,0,0,0,0,0,0,0,0,0,0,0,0,0,0,0,0,0,0,0,13,135,./Cleaned-Dataset/Normal/d82e669c0bbb16ca873561d269bce36c.php,normal
0,0,0,0,0,0,0,0,0,0,0,0,0,0,0,0,0,1,0,0,0,5,201,./Cleaned-Dataset/Normal/d8537a80473e0ad0f0e51ab4f63be7dc.php,normal
0,0,0,0,0,0,0,0,0,0,0,0,0,1,0,0,0,0,0,0,0,25,496,./Cleaned-Dataset/Normal/d854f8ceebddd92c3d5549ebe82d87e6.php,normal
0,0,0,0,0,0,0,0,0,0,0,0,0,0,0,0,0,0,0,0,0,50,442,./Cleaned-Dataset/Normal/d85b5d09861300f76cda9b1e7fcd6d2c.php,normal
0,0,0,0,0,0,0,0,0,0,0,0,0,0,3,0,0,0,0,0,3,18,131,./Cleaned-Dataset/Normal/d87040bfafda179cbbf345bd39a0b483.php,normal
0,0,0,0,0,0,0,0,0,0,0,0,1,0,0,0,0,0,2,0,0,102,1031,./Cleaned-Dataset/Normal/d8b0691c4e12480769f82b1c1d648c15.php,normal
0,0,0,0,0,0,0,0,0,0,0,0,3,4,0,0,0,1,0,0,2,55,218,./Cleaned-Dataset/Normal/d8c657fddfb17cf8cf7e2d4e262236f5.php,normal
0,0,0,0,0,0,0,0,0,0,0,0,0,23,0,0,4,1,0,1,1,224,812,./Cleaned-Dataset/Normal/d8cc57348a11a4d190b153d47f8e638f.php,normal
0,0,0,0,0,0,0,0,0,0,0,0,0,0,0,0,0,0,0,0,0,10,18,./Cleaned-Dataset/Normal/d8d594cba16802ddd45848ccf1990127.php,normal
0,0,0,0,0,0,0,0,0,0,0,0,2,0,0,0,0,0,0,0,0,76,253,./Cleaned-Dataset/Normal/d8d6e747a7176c9fcd164f7a1121ff26.php,normal
0,0,0,0,0,0,0,0,0,0,0,0,0,0,0,0,0,0,0,0,0,137,777,./Cleaned-Dataset/Normal/d8dc9f6493ccdc1a923569362e7e5eda.php,normal
0,0,0,0,0,0,0,0,0,0,0,0,0,0,0,0,0,1,0,0,0,42,97,./Cleaned-Dataset/Normal/d8e524edd3695610ef06bd0719c1d0c3.php,normal
0,0,0,0,0,0,0,0,0,0,0,0,0,0,0,0,0,0,0,0,0,77,478,./Cleaned-Dataset/Normal/d90c10e94ae6877c2a5f8cdc519dded0.php,normal
0,0,0,0,0,0,0,0,0,0,0,0,0,0,0,0,0,0,0,1,1,2,8,./Cleaned-Dataset/Normal/d920b4fb1be2c2c780081d5b4b7de55a.php,normal
0,0,0,0,0,0,0,0,0,0,0,0,0,5,0,0,0,0,0,0,0,47,108,./Cleaned-Dataset/Normal/d926577e9e76af37ed25ead8bab83d9a.php,normal
0,0,0,0,0,0,0,0,0,0,0,0,0,0,0,0,0,0,0,0,0,2,43,./Cleaned-Dataset/Normal/d9cbab559515061fda042437d7477826.php,normal
0,0,2,0,0,0,0,0,0,0,0,0,0,0,0,0,0,0,0,0,0,109,164,./Cleaned-Dataset/Normal/d9df65e2071db988e2e0319f453e8ca4.php,normal
0,0,0,0,0,0,0,0,0,0,0,0,0,0,0,0,0,0,0,0,0,4,185,./Cleaned-Dataset/Normal/d9fc2b5dac69a34d0346deeb5aab154f.php,normal
0,0,0,0,0,0,0,0,0,0,0,0,0,0,0,0,0,0,0,0,0,62,532,./Cleaned-Dataset/Normal/da0bf0a6dcf347df6957cf530d2daba5.php,normal
0,0,0,0,0,0,0,0,0,0,0,0,0,0,0,0,0,0,0,0,0,221,1091,./Cleaned-Dataset/Normal/da13f729f9250231fdf196184eb9a30f.php,normal
0,0,0,0,0,0,0,0,0,0,0,0,0,0,0,0,0,0,0,0,2,46,514,./Cleaned-Dataset/Normal/da196f0a5db1969d5448a093cdfda827.php,normal
0,0,0,0,0,0,0,0,0,0,0,0,0,0,0,0,0,0,0,0,0,15,77,./Cleaned-Dataset/Normal/da2baa2d2ba1c26e6552a19963cef63d.php,normal
0,0,0,0,0,0,0,0,0,0,0,0,0,0,0,0,0,0,0,0,0,23,59,./Cleaned-Dataset/Normal/da6ea7ce7f2216582089fa82bc50f33d.php,normal
0,0,0,0,0,0,0,0,0,0,0,0,4,0,0,0,0,0,0,3,0,46,238,./Cleaned-Dataset/Normal/da758e8bb663d2349f0156c43821ca1a.php,normal
0,0,0,0,0,0,0,0,0,0,0,0,0,0,0,0,0,0,0,0,0,16,75,./Cleaned-Dataset/Normal/daa4e0b12458131518afd1eb2c0511ae.php,normal
0,0,0,0,0,0,0,0,0,0,0,0,0,0,0,0,0,0,0,0,0,12,60,./Cleaned-Dataset/Normal/dab535fa9d0aaea0ecf8c69b76564c0c.php,normal
0,0,1,0,0,0,0,0,0,0,0,0,0,15,0,0,0,21,0,0,0,1935,11354,./Cleaned-Dataset/Normal/dac9541021136a91e8b101619dc7cd8b.php,normal
0,0,0,0,0,0,0,0,0,0,0,0,0,0,0,0,0,0,0,0,0,1,57,./Cleaned-Dataset/Normal/dada0b80c823cccdf2460ffb6494b6d1.php,normal
0,0,0,0,0,0,0,0,0,0,0,0,0,0,0,0,0,0,0,0,0,1,44,./Cleaned-Dataset/Normal/dae491688ec76c566c388309b157e54e.php,normal
0,0,0,0,0,0,0,0,0,0,0,0,0,0,0,0,0,0,0,0,0,10,109,./Cleaned-Dataset/Normal/daee3dd2798e834211981e407b688720.php,normal
0,0,0,0,0,0,0,0,0,0,0,0,2,8,0,0,0,0,0,0,1,990,3606,./Cleaned-Dataset/Normal/dashboard.php,normal
0,0,2,0,0,0,0,0,0,0,0,0,0,0,0,0,0,0,0,0,0,226,182,./Cleaned-Dataset/Normal/database.php,normal
0,0,0,0,0,0,0,0,0,0,0,0,0,0,0,0,0,0,0,0,0,4,23,./Cleaned-Dataset/Normal/DatabaseSeeder.php,normal
0,0,0,0,0,0,0,0,0,0,0,0,0,0,0,0,0,0,0,0,0,0,67,./Cleaned-Dataset/Normal/DataCache.php,normal
0,0,0,0,0,0,0,0,0,0,0,0,0,0,0,0,0,0,0,0,1,4,6,./Cleaned-Dataset/Normal/date.php,normal
0,0,0,0,0,0,0,0,0,0,0,0,0,0,0,0,0,0,0,0,0,3,18,./Cleaned-Dataset/Normal/Date_1.php,normal
0,0,0,0,0,0,0,0,0,0,0,0,0,0,0,0,0,0,0,1,0,531,1150,./Cleaned-Dataset/Normal/Date_2.php,normal
0,0,0,0,0,0,0,0,0,0,0,0,0,0,0,0,0,0,0,0,0,3,18,./Cleaned-Dataset/Normal/DB.php,normal
0,0,0,0,0,0,0,0,0,0,0,0,0,0,0,0,0,0,0,0,0,14,48,./Cleaned-Dataset/Normal/db1ef34611088326013d40bc23d4f473.php,normal
0,0,0,0,0,0,0,0,0,0,0,0,0,0,0,0,0,0,0,0,0,194,1012,./Cleaned-Dataset/Normal/db328cc172f8ecc60c5cbcc71c9285d7.php,normal
0,0,0,0,0,0,0,0,0,0,0,0,0,0,0,0,0,0,0,0,0,1,6,./Cleaned-Dataset/Normal/db61fed0bfb4db7e2d81688da8e3f503.php,normal
0,0,0,0,0,0,0,0,0,0,0,0,0,0,0,0,0,0,0,0,0,1,12,./Cleaned-Dataset/Normal/db7c86ceffda469993c1eaa817baee46.php,normal
0,0,0,0,0,0,0,0,0,0,0,0,0,0,0,0,0,0,0,0,0,45,357,./Cleaned-Dataset/Normal/db8f32919230cb060b81e45ba39767e1.php,normal
0,0,3,0,0,0,0,0,0,0,0,0,0,0,0,0,0,0,1,0,2,336,4992,./Cleaned-Dataset/Normal/db90ef226fbe2726cf02f6588731832c.php,normal
0,0,0,0,0,0,0,0,0,0,0,0,0,0,0,0,0,0,0,0,0,238,941,./Cleaned-Dataset/Normal/db9cabc6c5c0ae1a051c545ec98d9d57.php,normal
0,0,0,0,0,0,0,0,0,0,0,0,0,0,6,0,0,0,0,1,0,24,122,./Cleaned-Dataset/Normal/dbdcaade465d67f8d1036b80772a6822.php,normal
0,0,0,0,0,0,0,0,0,0,0,0,0,0,0,0,0,0,0,0,0,47,359,./Cleaned-Dataset/Normal/DB_1.php,normal
0,0,0,0,0,0,0,0,0,0,0,0,0,0,0,0,0,0,0,0,0,10,125,./Cleaned-Dataset/Normal/dc0a0327a1938cce29063947294b878b.php,normal
0,0,0,0,0,0,0,0,0,0,0,0,0,0,0,0,0,0,0,0,0,0,6,./Cleaned-Dataset/Normal/dc3913191361b6f1beadc66d171d82f2.php,normal
0,0,0,0,0,0,0,0,0,0,0,0,0,0,0,0,0,0,0,0,0,9,13,./Cleaned-Dataset/Normal/dc50edd9db42ecda548a5098f7cecbe8.php,normal
0,0,0,0,0,0,0,0,0,0,0,0,0,0,0,0,0,0,0,0,0,121,987,./Cleaned-Dataset/Normal/dcbc5256af85cf196fd09a9b2da6e071.php,normal
0,0,0,0,0,0,0,0,0,0,0,0,3,3,0,0,2,0,0,0,0,349,1202,./Cleaned-Dataset/Normal/dcc26fe092bdda4b4f542fbdc66a7f23.php,normal
0,0,0,0,0,0,0,0,0,0,0,0,0,0,0,0,0,0,0,0,0,10,274,./Cleaned-Dataset/Normal/dcc8af16b10534ea3d63cf169a36bc10.php,normal
0,0,0,0,0,0,0,0,0,0,0,0,0,0,0,0,0,0,0,0,0,172,736,./Cleaned-Dataset/Normal/dcc9b87e7eacdf3dec7ddde448c73645.php,normal
0,0,0,0,0,0,0,0,0,0,0,0,3,6,4,0,0,0,0,1,2,238,953,./Cleaned-Dataset/Normal/dcdb6c20cd29c8b6b3d8128822f0f51c.php,normal
0,0,0,0,0,0,0,0,0,0,0,0,0,0,0,0,0,0,0,0,0,6,143,./Cleaned-Dataset/Normal/dce25223bbeeb209a4dc9f3bca1eb072.php,normal
0,0,0,0,0,0,0,0,0,0,0,0,0,0,0,0,0,0,0,0,0,10,18,./Cleaned-Dataset/Normal/dd0dbe97234d6589f6b4d3fd40312cc0.php,normal
0,0,0,0,0,0,0,0,0,0,0,0,0,0,0,0,0,0,0,0,0,0,27,./Cleaned-Dataset/Normal/dd143a7a93b4e7a8a5368735385cc917.php,normal
0,0,0,0,0,0,0,0,1,0,0,0,0,0,0,0,0,1,0,0,0,184,1174,./Cleaned-Dataset/Normal/dd52ac729579a5dcd66a034f93b7a157.php,normal
0,0,2,0,0,0,0,0,0,0,0,0,0,0,0,0,0,0,8,0,1,63,165,./Cleaned-Dataset/Normal/dd81b0e15088aa0e5731515f9b10ccfc.php,normal
0,0,0,0,0,0,0,0,0,0,0,0,0,0,0,0,0,2,0,0,1,211,300,./Cleaned-Dataset/Normal/dd8563459e7bf8f21700b7635be9da9e.php,normal
0,0,0,0,0,0,0,0,0,0,0,0,0,24,10,0,0,1,0,1,40,1456,8816,./Cleaned-Dataset/Normal/ddb0cd22ac37a2e82ad530dfee9898ba.php,normal
0,0,0,0,0,0,0,0,0,0,0,0,1,0,0,0,0,0,0,0,0,91,795,./Cleaned-Dataset/Normal/dde4daba17f21b9043e65009044c8bfe.php,normal
0,0,0,0,0,0,0,0,0,0,0,0,0,0,0,0,0,0,0,0,0,2,17,./Cleaned-Dataset/Normal/de1aac9f967a1426254fabdd291343fe.php,normal
0,0,0,0,0,0,0,0,0,0,0,0,0,0,0,0,0,0,0,0,0,1,52,./Cleaned-Dataset/Normal/de330b5a89ea0187a0a5ddb9e7fc2f22.php,normal
0,0,0,0,0,0,0,0,0,0,0,0,0,0,0,0,0,0,0,0,0,173,1710,./Cleaned-Dataset/Normal/de59a99b47ba7c9deab25be65e86c6f2.php,normal
0,0,0,0,0,0,0,0,0,0,0,0,0,0,0,0,0,0,0,0,0,42,940,./Cleaned-Dataset/Normal/dea399f852583573d594e8db5861af7f.php,normal
0,0,0,0,0,0,0,0,0,0,0,0,0,0,0,0,0,0,0,0,0,24,590,./Cleaned-Dataset/Normal/ded894954ac9613d87aaab54282c2de9.php,normal
0,0,1,0,0,0,0,0,0,0,0,0,4,8,0,2,0,6,0,0,0,603,3717,./Cleaned-Dataset/Normal/deea20a00cab2744f4836eae6fe75d47.php,normal
0,0,0,0,0,0,0,0,0,0,0,0,0,0,0,0,0,0,0,0,0,24,354,./Cleaned-Dataset/Normal/deeb6a13faee53a8748d9027ac8421f9.php,normal
0,0,3,4,3,0,3,0,0,0,0,0,0,0,0,0,7,0,0,0,0,182,1925,./Cleaned-Dataset/Normal/def679f9f522f0c58dc8d6c11272dd6a.php,normal
0,0,0,0,0,0,0,0,0,0,0,0,0,0,0,0,0,0,0,0,0,1,13,./Cleaned-Dataset/Normal/defaec4b88a21df31fc554f0855dd760.php,normal
0,0,0,0,0,0,0,0,0,0,0,0,0,0,0,0,0,0,0,0,0,159,639,./Cleaned-Dataset/Normal/default-constants.php,normal
0,0,0,0,0,0,0,0,0,0,0,0,3,0,0,0,0,2,0,0,0,988,1660,./Cleaned-Dataset/Normal/default-filters.php,normal
0,0,0,0,0,0,0,0,0,0,0,0,0,0,0,0,0,0,0,0,20,22,29,./Cleaned-Dataset/Normal/default-widgets.php,normal
0,0,0,0,0,0,0,0,0,0,0,0,0,0,0,0,0,2,0,3,1,290,2216,./Cleaned-Dataset/Normal/deprecated.php,normal
0,0,0,0,0,0,0,0,0,0,0,0,0,6,0,0,0,6,0,0,0,1653,10510,./Cleaned-Dataset/Normal/deprecated_1.php,normal
0,0,0,0,0,0,0,0,0,0,0,0,0,0,0,0,0,0,0,0,1,24,135,./Cleaned-Dataset/Normal/df0641625503795d6ffe0d02e90deb4a.php,normal
0,1,0,0,0,0,0,0,0,0,0,0,0,0,0,0,4,0,0,0,0,59,239,./Cleaned-Dataset/Normal/df11397c1fcc25de2d4632862c61d07b.php,normal
0,0,0,0,0,0,0,0,0,0,0,0,0,0,0,0,0,0,0,0,0,15,58,./Cleaned-Dataset/Normal/df1f97d7fbaed4c75b816601f3f05cd5.php,normal
0,0,0,0,0,0,0,0,0,0,0,0,4,0,0,0,0,0,0,3,0,47,82,./Cleaned-Dataset/Normal/df564d4c593f366e96efcb5748e00504.php,normal
0,0,0,0,0,0,0,0,0,0,0,0,0,0,0,0,0,0,0,0,0,0,16,./Cleaned-Dataset/Normal/dfaafceb5ab87360fd5be81510740c1b.php,normal
0,0,1,0,0,0,0,0,0,0,0,0,0,0,0,0,0,0,0,0,0,39,471,./Cleaned-Dataset/Normal/dfaca7bc3cd5ecc7d35bc5c8f693f608.php,normal
0,0,0,0,0,0,0,0,0,0,0,0,0,0,0,0,0,0,0,0,0,69,544,./Cleaned-Dataset/Normal/dfae899ea9fdddb3b57d713a0d222ca9.php,normal
0,0,0,0,0,0,0,0,0,0,0,0,0,0,0,0,0,0,0,0,0,0,6,./Cleaned-Dataset/Normal/dfbad2c37051e5a2917b5deac5badcc1.php,normal
0,0,0,0,0,0,0,0,0,0,0,0,0,0,0,0,0,0,0,0,0,1,46,./Cleaned-Dataset/Normal/dfeb3063705fc8a631bc7ecb7b02bfc4.php,normal
0,2,1,0,0,0,0,0,0,0,0,0,0,0,0,0,0,0,0,0,1,26,726,./Cleaned-Dataset/Normal/Diff.php,normal
0,0,0,0,0,0,0,0,0,0,0,0,0,0,0,0,0,1,0,0,0,66,371,./Cleaned-Dataset/Normal/dimensions.php,normal
0,0,0,0,0,0,0,0,0,0,0,0,0,0,0,0,0,0,0,0,0,8,42,./Cleaned-Dataset/Normal/discussion-meta.php,normal
0,0,0,0,0,0,0,0,0,0,0,0,0,0,0,0,0,0,0,0,0,49,424,./Cleaned-Dataset/Normal/DSNConfigurator.php,normal
0,0,0,0,0,0,0,0,0,0,0,0,0,0,0,0,0,0,0,0,0,27,58,./Cleaned-Dataset/Normal/duotone.php,normal
0,0,0,0,0,0,0,0,0,0,0,0,0,0,0,0,0,0,0,0,0,12,55,./Cleaned-Dataset/Normal/e057a0c4a2a5eaf72cf80791d041e98c.php,normal
0,0,0,0,0,0,0,0,0,0,0,0,0,0,0,0,0,4,0,0,0,419,2024,./Cleaned-Dataset/Normal/e07be1a3b8b5d2bf6ae3370c4628dde5.php,normal
0,0,0,0,0,0,0,0,0,0,0,0,0,0,0,0,0,0,0,0,0,234,699,./Cleaned-Dataset/Normal/e094f5783d266604963814b476e88e23.php,normal
0,0,0,0,0,0,0,0,0,0,0,0,0,0,0,0,0,0,0,0,0,71,576,./Cleaned-Dataset/Normal/e0d23e4738d57da5430dae2491df26d3.php,normal
0,0,0,0,0,0,0,0,0,0,0,0,0,0,0,0,0,0,0,0,0,29,248,./Cleaned-Dataset/Normal/e0fc6ca63f7e50f4714e9fd6d64e79e6.php,normal
0,0,2,0,0,0,0,0,0,0,0,0,0,9,0,0,0,3,0,0,0,384,1197,./Cleaned-Dataset/Normal/e116b329451cdb03b2d1a5d89e46c696.php,normal
0,0,0,0,0,0,0,0,0,0,0,0,0,0,0,0,0,0,0,0,0,12,70,./Cleaned-Dataset/Normal/e1218ed7cc08a3b5080501edf51cd5a7.php,normal
0,0,0,0,0,0,0,0,0,0,0,0,0,0,0,0,0,0,0,0,0,0,13,./Cleaned-Dataset/Normal/e15cdbd6a23b71cdb42deb4f9358e53b.php,normal
0,0,0,0,0,0,0,0,0,0,0,0,0,0,0,0,0,0,0,0,0,129,752,./Cleaned-Dataset/Normal/e1787ab84a6253c01bc7844e69377ff0.php,normal
0,2,0,0,0,0,0,0,0,0,0,0,0,0,0,0,0,0,0,0,0,480,1343,./Cleaned-Dataset/Normal/e189e9cd50a1fff299d91ac620e0f999.php,normal
0,0,0,0,0,0,0,0,0,0,0,0,0,0,0,0,0,0,0,0,0,0,14,./Cleaned-Dataset/Normal/e18e8f175553d1d0feea49ce680b54a4.php,normal
0,0,0,0,0,0,0,0,0,0,0,0,0,4,0,0,0,0,0,1,0,13,88,./Cleaned-Dataset/Normal/e19da2db26a5d6d34208f89becbd0c7e.php,normal
0,0,0,0,0,0,0,0,0,0,0,0,0,0,0,0,0,0,0,0,0,14,89,./Cleaned-Dataset/Normal/e1a691c1696589240450403411249fc5.php,normal
0,0,0,0,0,0,0,0,0,0,0,0,0,0,0,0,0,0,0,1,1,2,8,./Cleaned-Dataset/Normal/e1af39e94239a944440ab2925393ae60.php,normal
0,0,0,0,0,0,0,0,0,0,0,0,0,0,0,0,0,0,0,0,0,46,306,./Cleaned-Dataset/Normal/e1c91713fe8a988e7d663ab7ef3e4bcc.php,normal
0,0,0,0,0,0,0,0,0,0,0,0,0,0,0,0,0,0,0,0,1,112,324,./Cleaned-Dataset/Normal/e2026f5c9c08067fe51419d9a17671c9.php,normal
0,0,0,0,0,0,0,0,0,0,0,0,0,0,0,0,0,0,0,0,0,10,34,./Cleaned-Dataset/Normal/e21fad32d9b3ea0fe108d96c2a6bab73.php,normal
0,0,0,0,0,0,0,0,0,0,0,0,0,25,0,0,0,3,0,2,0,2358,14369,./Cleaned-Dataset/Normal/e2250f94e2132eb0a932ca3823d0bc76.php,normal
0,0,0,0,0,0,0,0,0,0,0,0,0,0,0,0,0,0,0,0,0,112,839,./Cleaned-Dataset/Normal/e22d3417a6d357aeb1b1e40ccec65267.php,normal
0,0,0,0,0,0,0,0,0,0,0,0,0,0,0,0,0,0,0,0,0,51,51,./Cleaned-Dataset/Normal/e22f73abc8e09a1641d833d45a3f160a.php,normal
0,0,0,0,0,0,0,0,0,0,0,0,0,0,0,0,0,0,0,0,0,38,310,./Cleaned-Dataset/Normal/e240d2e55bdda59411b6f0e5c73ac51b.php,normal
0,0,0,0,0,0,0,0,0,0,0,0,0,0,0,0,0,0,0,0,0,1,10,./Cleaned-Dataset/Normal/e254063012282554e6d5af25bb330f43.php,normal
0,0,0,0,0,0,0,0,0,0,0,0,0,0,0,0,0,0,0,0,0,13,121,./Cleaned-Dataset/Normal/e260e945ba4eb66af6fd1776386ce8ae.php,normal
0,0,0,0,0,0,0,0,0,0,0,0,0,0,0,0,0,0,0,0,0,1,112,./Cleaned-Dataset/Normal/e26491282fe211aaa42ba3c71f88dad5.php,normal
0,0,0,0,0,0,0,0,0,0,0,0,0,0,0,0,0,5,0,0,5,152,973,./Cleaned-Dataset/Normal/e287e2311d76ff7d385adcd9db5deb3e.php,normal
0,0,0,0,0,0,0,0,0,0,0,0,0,0,0,0,0,0,0,0,0,10,99,./Cleaned-Dataset/Normal/e2a96e4d70b936e215ea96a85d5261bb.php,normal
0,0,0,0,0,0,0,0,0,0,0,0,0,0,0,0,0,1,0,0,0,11,22,./Cleaned-Dataset/Normal/e2ab043a8395256ad3bcb6b4644ee746.php,normal
0,0,0,0,0,0,0,0,0,0,0,0,0,0,0,0,0,0,0,0,0,2,17,./Cleaned-Dataset/Normal/e2c7b755d756384b802d4dbc3b6dccce.php,normal
0,0,0,0,0,0,0,0,0,0,0,0,0,0,0,0,0,0,0,0,0,4,23,./Cleaned-Dataset/Normal/e2cbcb594fdf440bb9cdff65c1286980.php,normal
0,0,0,0,0,0,0,0,0,0,0,0,8,0,0,0,0,0,0,0,0,27,146,./Cleaned-Dataset/Normal/e2fee98dc49e5e90ad362a246973daa9.php,normal
0,0,0,0,0,0,0,0,0,0,0,0,0,0,0,0,0,0,0,1,1,6,66,./Cleaned-Dataset/Normal/e390e8488f3faf5447149965239469ae.php,normal
0,0,0,0,0,0,0,0,0,0,0,0,0,0,0,0,0,0,0,0,0,38,21,./Cleaned-Dataset/Normal/e399faa8220d10f2f1f466b4a08dc315.php,normal
0,0,0,0,0,0,0,0,0,0,0,0,0,0,0,0,0,0,0,0,0,13,197,./Cleaned-Dataset/Normal/e3a9c7f750ea783138227e55b1893e15.php,normal
0,0,0,0,0,0,0,0,0,0,0,0,0,0,0,0,0,0,0,0,0,14,245,./Cleaned-Dataset/Normal/e3be8298ac6d415f8827f9f874f847b4.php,normal
0,0,0,0,0,0,0,0,0,0,0,0,4,0,0,0,0,0,0,0,0,19,123,./Cleaned-Dataset/Normal/e3d189d5ad1431d1c32b11b3bdc5c5e1.php,normal
0,0,0,0,0,0,0,0,0,0,0,0,0,0,0,0,0,0,0,0,0,240,936,./Cleaned-Dataset/Normal/e3ff6df2253c0224b880d97640495b29.php,normal
0,0,1,0,0,0,0,0,0,0,0,0,0,0,0,0,0,0,0,0,0,11,29,./Cleaned-Dataset/Normal/e40092fb642273047be9d5ae22942b0c.php,normal
0,0,0,0,0,0,0,0,0,0,0,0,0,0,0,0,0,0,0,0,0,152,548,./Cleaned-Dataset/Normal/e43c74dd138fad5f652a30d0d0134b04.php,normal
0,0,0,0,0,0,0,0,0,0,0,0,0,0,0,0,0,0,0,0,0,19,222,./Cleaned-Dataset/Normal/e44077b0d183af99406d9b588e89dc91.php,normal
0,0,0,0,0,0,0,0,0,0,0,0,0,0,0,0,0,0,0,0,0,6,18,./Cleaned-Dataset/Normal/e45495310e5812888a94884fe7afd0eb.php,normal
0,0,0,0,0,0,0,0,0,0,0,0,0,0,0,0,0,0,0,0,0,5,51,./Cleaned-Dataset/Normal/e469b8520816d96d9ba8aee60fa8defe.php,normal
0,0,0,0,0,0,0,0,0,0,0,0,0,0,0,0,0,0,0,0,0,99,483,./Cleaned-Dataset/Normal/e4857e5697e2c08f499ea1b4f8c9ceec.php,normal
0,0,0,0,0,0,0,0,0,0,0,0,0,0,0,0,0,16,0,0,4,1645,8378,./Cleaned-Dataset/Normal/e49a419ef24e9b3fdec0a0698bb1372c.php,normal
0,0,0,0,0,0,0,0,0,0,0,0,0,0,9,0,0,0,0,0,0,68,326,./Cleaned-Dataset/Normal/e4b6ca5bc404cfb49bbb36b27f716403.php,normal
0,0,0,0,0,0,0,0,0,0,0,0,0,0,0,0,0,0,0,0,0,135,214,./Cleaned-Dataset/Normal/e4d60518bb6d4f8bc7869aac6011fb96.php,normal
0,0,0,0,0,0,0,0,0,0,0,0,0,0,0,0,0,0,0,0,0,1,11,./Cleaned-Dataset/Normal/e4dbf0e306a2e82592c8354201e3705e.php,normal
0,0,0,0,0,0,0,0,0,0,0,0,4,0,0,0,4,0,0,0,0,28,233,./Cleaned-Dataset/Normal/e4e825703b79937125b5df1165b47feb.php,normal
0,0,0,0,0,0,0,0,0,0,0,0,0,0,0,0,0,0,0,1,1,2,8,./Cleaned-Dataset/Normal/e4f7cdfcaddc4693fe0bcc39bb55d68a.php,normal
0,0,0,0,0,0,0,0,0,0,0,0,0,0,0,0,0,0,0,0,0,1,57,./Cleaned-Dataset/Normal/e50c200ceb3d67252937b96c341d8de8.php,normal
0,0,0,0,0,0,0,0,0,0,0,0,0,0,0,0,0,0,0,0,0,5,37,./Cleaned-Dataset/Normal/e5312d7a074e9fb31a1ae25d69478314.php,normal
0,0,0,0,0,0,0,0,0,0,0,0,0,0,0,0,0,0,0,0,0,34,484,./Cleaned-Dataset/Normal/e53703eb317db9c422196bb117528808.php,normal
0,0,0,0,0,0,0,0,0,0,0,0,0,0,0,0,0,1,0,0,0,1295,1534,./Cleaned-Dataset/Normal/e58abd53ebecf7f0580765e3ac76014f.php,normal
0,0,0,0,0,0,0,0,0,0,0,0,0,0,0,0,0,0,0,0,0,10,228,./Cleaned-Dataset/Normal/e5a698dfb4a244d8ccdddef2bea1c3c1.php,normal
0,0,0,0,0,0,0,0,0,0,0,0,0,0,0,0,0,0,0,0,0,989,3089,./Cleaned-Dataset/Normal/e5a9365d40a816ff67bba8b31e5b0816.php,normal
0,13,0,0,0,0,0,0,0,0,0,0,0,0,0,0,0,1,0,0,0,13,1448,./Cleaned-Dataset/Normal/e5ad272a18821212bee3c3df2ae8780e.php,normal
0,0,0,0,0,0,0,0,0,0,0,0,0,0,0,0,0,0,0,0,0,25,130,./Cleaned-Dataset/Normal/e5b90854ff85463ef30433f50a991823.php,normal
0,0,0,0,0,0,0,0,0,0,0,0,0,0,0,0,0,0,0,0,0,10,119,./Cleaned-Dataset/Normal/e5cce3f779137383c5918683818fe096.php,normal
0,0,0,0,0,0,0,0,0,0,0,0,0,0,0,0,0,0,0,0,0,27,313,./Cleaned-Dataset/Normal/e61e40e2da289210cacf1c3ae08988a2.php,normal
0,0,0,0,0,0,0,0,0,0,0,0,2,0,0,0,0,1,0,0,0,47,223,./Cleaned-Dataset/Normal/e62003a5334a7138bde4130992a09e45.php,normal
0,0,0,0,0,0,0,0,0,0,0,0,0,0,0,0,0,0,0,0,0,12,76,./Cleaned-Dataset/Normal/e63a3eff2eec50003143ae71342ca381.php,normal
0,0,0,2,0,0,0,0,0,0,0,0,0,0,0,0,0,0,0,0,0,7,37,./Cleaned-Dataset/Normal/e6d8720642b31e68576f1d8be1642cd0.php,normal
0,0,0,0,0,0,0,0,0,0,0,0,0,0,0,0,0,0,0,0,0,104,285,./Cleaned-Dataset/Normal/e70f5a2b9da926941bf7b008fc8e782d.php,normal
0,0,0,0,0,0,0,0,0,1,0,0,0,0,0,0,0,0,0,0,0,25,195,./Cleaned-Dataset/Normal/e715e0bde735105aff36f6ef0a4996d1.php,normal
0,0,0,0,0,0,0,0,0,0,0,0,0,0,0,0,0,0,0,0,0,47,933,./Cleaned-Dataset/Normal/e72c1db4dd2db1cffcd88f7272f205aa.php,normal
1,0,0,0,0,0,0,0,0,0,0,0,0,0,0,0,0,0,0,0,0,51,372,./Cleaned-Dataset/Normal/e72f05e35a168e18915eb70e5e849e0c.php,normal
0,0,0,0,0,0,0,0,0,0,0,0,0,0,0,0,0,0,0,0,0,508,146,./Cleaned-Dataset/Normal/e732084535c3c81fb6514674ffce2cfb.php,normal
0,0,0,0,0,0,0,0,0,0,0,0,0,0,0,0,0,0,0,0,1,195,1053,./Cleaned-Dataset/Normal/e737609de871373c0d11145d57855a98.php,normal
0,0,0,0,0,0,0,0,0,0,0,0,0,0,0,0,0,0,0,0,0,17,71,./Cleaned-Dataset/Normal/e73c63a5ed756fc5c9109df727026179.php,normal
0,0,0,0,0,0,0,0,0,0,0,0,0,0,0,0,0,1,0,0,0,143,2443,./Cleaned-Dataset/Normal/e78abbb4b2c326ff2dd22275d4f4c857.php,normal
0,0,0,0,0,0,0,0,0,0,0,0,0,0,0,0,0,4,0,0,0,233,1085,./Cleaned-Dataset/Normal/e794a350af770c5acba2925637d28f4f.php,normal
0,0,0,0,0,0,0,0,0,0,0,0,0,2,0,0,0,4,0,0,0,65,472,./Cleaned-Dataset/Normal/e79e5b752185dd05165d389276acebd8.php,normal
0,0,0,0,0,0,0,0,0,0,0,0,0,0,0,0,0,0,0,0,0,5,64,./Cleaned-Dataset/Normal/e7d6bb003b6e3c782efe5ca547a912b5.php,normal
0,0,0,0,0,0,0,0,0,0,0,0,0,0,0,0,0,0,0,0,0,15,192,./Cleaned-Dataset/Normal/e7def2b6c608bda3afd589a4eafdc44c.php,normal
0,0,0,0,0,0,0,0,0,0,0,0,0,0,0,0,0,0,0,0,0,251,1606,./Cleaned-Dataset/Normal/e809ee1a2bfed21ea7ebf827840c8a10.php,normal
0,0,0,0,0,0,0,0,0,0,0,0,0,0,0,0,0,0,0,0,0,6,24,./Cleaned-Dataset/Normal/e815d701465295b641575ff4c780d7de.php,normal
0,0,0,0,0,0,0,0,0,0,0,0,0,0,0,0,0,0,0,0,0,6,79,./Cleaned-Dataset/Normal/e81677380b2a3b6def1a72decac2199c.php,normal
0,0,0,0,0,0,0,0,0,0,0,0,0,0,0,0,0,0,0,0,0,31,273,./Cleaned-Dataset/Normal/e8172f7737686efdb9ab2e58f6ae731c.php,normal
0,0,0,0,0,0,0,0,0,0,0,0,0,0,0,0,0,0,0,0,0,46,156,./Cleaned-Dataset/Normal/e81b875d58d829f3d7bd27299e2799b8.php,normal
0,0,0,0,0,0,0,0,0,0,0,0,0,0,0,0,0,0,0,0,0,3,41,./Cleaned-Dataset/Normal/e8359490ac0b2f763df8941c388417f5.php,normal
0,0,0,0,0,0,0,0,0,0,0,0,5,0,2,0,0,3,0,1,1,58,201,./Cleaned-Dataset/Normal/e83a6e94e32c897c372dc8352922e150.php,normal
0,0,0,0,0,0,0,0,0,0,0,0,0,0,0,0,0,0,0,1,0,3,122,./Cleaned-Dataset/Normal/e84633659fc59fbbfd60a86ac8dc9702.php,normal
0,0,0,0,0,0,0,0,0,0,0,0,0,0,0,0,0,0,0,0,0,0,43,./Cleaned-Dataset/Normal/e855f65ac6c6f8cefa943ca10bdbd2de.php,normal
0,0,0,0,0,0,0,0,0,0,0,0,0,24,8,0,0,0,0,0,1,51,449,./Cleaned-Dataset/Normal/e866e88115ffbb03dad9c4e51b655f87.php,normal
0,0,0,0,0,0,0,0,0,0,0,0,0,0,0,0,0,0,0,0,0,1,7,./Cleaned-Dataset/Normal/e882879b3147bcc5c123ccd55d2a9c9f.php,normal
0,0,0,0,0,0,0,0,0,0,0,0,0,0,0,0,0,0,0,0,0,4,33,./Cleaned-Dataset/Normal/e8cd28e6798698e0b8ea6fdb5b49bb4a.php,normal
0,0,0,0,0,0,0,0,0,0,0,0,0,0,0,0,0,0,0,0,0,56,261,./Cleaned-Dataset/Normal/e8d04b991df2bf8c2d0afc5b98ce85ce.php,normal
0,0,0,0,0,0,0,0,0,0,0,0,0,0,0,0,0,1,0,0,0,119,75,./Cleaned-Dataset/Normal/e906b05fd6bbfd820ef26b574ce93f4e.php,normal
0,0,0,0,0,0,0,0,1,0,0,0,0,0,0,0,0,0,0,0,0,7,97,./Cleaned-Dataset/Normal/e90a0c6928e0bad402454e79aa014a88.php,normal
0,0,0,0,0,0,0,0,0,0,0,0,0,0,0,0,0,0,0,0,0,188,25,./Cleaned-Dataset/Normal/e935e46b41a4cab4339c3ed36f10719a.php,normal
0,0,0,0,0,0,0,0,0,0,0,0,0,0,0,0,0,0,0,0,0,177,280,./Cleaned-Dataset/Normal/e93ae61297c68f9e73fd3550167391d2.php,normal
0,0,0,0,0,0,0,0,0,0,0,0,0,0,0,0,0,0,0,0,0,24,195,./Cleaned-Dataset/Normal/e958cce6b2bc461292371f74c26ace24.php,normal
0,0,0,0,0,0,0,0,0,0,0,0,0,0,0,0,0,0,0,0,0,0,9,./Cleaned-Dataset/Normal/e96762dbcda84953e73f878e99df08d8.php,normal
0,0,0,0,0,0,0,0,0,0,0,0,0,0,0,0,0,0,0,0,0,2,139,./Cleaned-Dataset/Normal/e97cb3a603e69a31639808d33bae706b.php,normal
0,0,0,0,0,0,0,0,0,0,0,0,0,0,0,0,0,0,0,0,0,0,3,./Cleaned-Dataset/Normal/Ed25519.php,normal
0,0,0,0,0,0,0,0,0,0,0,0,0,0,0,0,0,0,0,0,1,30,987,./Cleaned-Dataset/Normal/Ed25519_1.php,normal
0,0,0,0,0,0,0,0,0,0,0,0,0,0,0,0,0,0,0,0,1,22,832,./Cleaned-Dataset/Normal/Ed25519_2.php,normal
0,0,0,0,0,0,0,0,0,0,0,0,1,0,40,0,0,0,0,0,3,242,1081,./Cleaned-Dataset/Normal/edit-comments.php,normal
0,0,0,0,0,0,0,0,0,0,0,0,11,0,0,0,0,0,0,0,2,467,1400,./Cleaned-Dataset/Normal/edit-form-advanced.php,normal
0,0,0,0,0,0,0,0,0,0,0,0,0,0,0,0,0,0,0,0,2,188,760,./Cleaned-Dataset/Normal/edit-form-blocks.php,normal
0,0,0,0,0,0,0,0,0,0,0,0,0,0,0,0,0,0,0,0,0,193,335,./Cleaned-Dataset/Normal/edit-form-comment.php,normal
0,0,0,0,0,0,0,0,0,0,0,0,1,0,0,0,0,0,0,0,2,164,252,./Cleaned-Dataset/Normal/edit-link-form.php,normal
0,0,0,0,0,0,0,0,0,0,0,0,0,0,3,0,0,5,0,0,1,161,433,./Cleaned-Dataset/Normal/edit-tag-form.php,normal
0,0,0,0,0,0,0,0,0,0,0,0,0,0,3,0,0,0,0,0,0,30,137,./Cleaned-Dataset/Normal/edit-tag-messages.php,normal
0,0,0,0,0,0,0,0,0,0,0,0,0,4,12,0,0,5,0,0,4,370,1178,./Cleaned-Dataset/Normal/edit-tags.php,normal
0,0,0,0,0,0,0,0,0,0,0,0,2,0,33,0,0,0,0,0,3,371,1250,./Cleaned-Dataset/Normal/edit.php,normal
0,0,0,0,0,0,0,0,0,0,0,0,2,0,0,0,0,0,0,0,1,6,42,./Cleaned-Dataset/Normal/edit_1.php,normal
0,0,0,0,0,0,0,0,0,0,0,0,0,0,0,0,0,0,0,1,0,183,507,./Cleaned-Dataset/Normal/elements.php,normal
0,0,0,0,0,0,0,0,0,0,0,0,0,0,0,0,0,1,0,0,0,11,22,./Cleaned-Dataset/Normal/embed-404.php,normal
0,0,0,0,0,0,0,0,0,0,0,0,0,0,0,0,0,1,0,0,0,35,174,./Cleaned-Dataset/Normal/embed-content.php,normal
0,0,0,0,0,0,0,0,0,0,0,0,0,0,0,0,0,0,0,1,0,3,6,./Cleaned-Dataset/Normal/embed-template.php,normal
0,0,0,0,0,0,0,0,0,0,0,0,0,0,0,0,0,0,0,1,0,321,2084,./Cleaned-Dataset/Normal/embed.php,normal
0,0,0,0,0,0,0,0,0,0,0,0,0,0,0,0,0,1,0,0,0,6,25,./Cleaned-Dataset/Normal/embed_1.php,normal
0,0,0,0,0,0,0,0,0,0,0,0,0,0,0,0,0,0,0,0,0,3,18,./Cleaned-Dataset/Normal/Enclosure.php,normal
0,0,0,0,0,0,0,0,0,0,0,0,0,0,0,0,0,0,0,0,0,268,1739,./Cleaned-Dataset/Normal/Enclosure_1.php,normal
0,0,0,0,0,0,0,0,0,0,0,0,0,0,0,0,0,0,0,0,0,782,582,./Cleaned-Dataset/Normal/Entities.php,normal
0,0,0,0,0,0,0,0,0,0,0,0,0,0,0,0,0,0,0,0,0,16,43,./Cleaned-Dataset/Normal/entry-author-bio.php,normal
0,0,0,0,0,0,0,0,0,0,0,0,0,0,0,0,0,0,0,0,0,11,55,./Cleaned-Dataset/Normal/entry-header.php,normal
0,0,0,0,0,0,0,0,0,0,0,0,0,0,0,0,0,0,0,0,0,21,82,./Cleaned-Dataset/Normal/entry-header_1.php,normal
0,0,0,0,0,0,0,0,0,0,0,0,0,0,0,0,0,0,0,0,0,2,3,./Cleaned-Dataset/Normal/entry-header_2.php,normal
0,0,0,0,0,0,0,0,0,0,0,0,0,0,0,0,0,0,0,0,0,11,196,./Cleaned-Dataset/Normal/entry.php,normal
0,0,0,0,0,0,0,0,0,0,0,0,0,0,6,0,0,1,0,1,3,137,238,./Cleaned-Dataset/Normal/erase-personal-data.php,normal
0,0,0,0,0,0,0,0,0,0,0,0,0,0,0,0,0,1,0,0,0,26,236,./Cleaned-Dataset/Normal/error-protection.php,normal
0,0,0,0,0,0,0,0,0,0,0,0,0,0,0,0,0,0,0,0,0,241,255,./Cleaned-Dataset/Normal/event-3-col.php,normal
0,0,0,0,0,0,0,0,0,0,0,0,0,0,0,0,0,0,0,0,0,194,151,./Cleaned-Dataset/Normal/event-rsvp.php,normal
0,0,0,0,0,0,0,0,0,0,0,0,0,0,0,0,0,0,0,0,0,422,347,./Cleaned-Dataset/Normal/event-schedule.php,normal
0,0,0,0,0,0,0,0,0,0,0,0,0,0,0,0,0,0,0,0,0,1,18,./Cleaned-Dataset/Normal/ExampleTest.php,normal
0,0,0,0,0,0,0,0,0,0,0,0,0,0,0,0,0,0,0,0,0,0,12,./Cleaned-Dataset/Normal/ExampleTest_1.php,normal
0,0,0,0,0,0,0,0,0,0,0,0,0,0,0,0,0,0,0,0,0,2,22,./Cleaned-Dataset/Normal/Exception.php,normal
0,0,0,0,0,0,0,0,0,0,0,0,0,0,0,0,0,0,0,0,0,0,47,./Cleaned-Dataset/Normal/Exception_1.php,normal
0,0,0,0,0,0,0,0,0,0,0,0,0,0,0,0,0,0,0,0,0,3,18,./Cleaned-Dataset/Normal/Exception_2.php,normal
0,0,0,0,0,0,0,0,0,0,0,0,0,0,0,0,0,0,0,0,0,2,10,./Cleaned-Dataset/Normal/Exception_3.php,normal
0,0,0,0,0,0,0,0,0,0,0,0,0,0,0,0,0,0,0,0,0,0,4,./Cleaned-Dataset/Normal/Exception_4.php,normal
0,0,0,0,0,0,0,0,0,0,0,0,0,0,0,0,0,0,0,0,0,0,3,./Cleaned-Dataset/Normal/excerpt-aside.php,normal
0,0,0,0,0,0,0,0,0,0,0,0,0,0,0,0,0,0,0,0,0,5,35,./Cleaned-Dataset/Normal/excerpt-audio.php,normal
0,0,0,0,0,0,0,0,0,0,0,0,0,0,0,0,0,0,0,0,0,2,18,./Cleaned-Dataset/Normal/excerpt-chat.php,normal
0,0,0,0,0,0,0,0,0,0,0,0,0,0,0,0,0,0,0,0,0,2,16,./Cleaned-Dataset/Normal/excerpt-gallery.php,normal
0,0,0,0,0,0,0,0,0,0,0,0,0,0,0,0,0,0,0,0,0,5,23,./Cleaned-Dataset/Normal/excerpt-header.php,normal
0,0,0,0,0,0,0,0,0,0,0,0,0,0,0,0,0,0,0,0,0,2,18,./Cleaned-Dataset/Normal/excerpt-image.php,normal
0,0,0,0,0,0,0,0,0,0,0,0,0,0,0,0,0,0,0,0,0,2,18,./Cleaned-Dataset/Normal/excerpt-link.php,normal
0,0,0,0,0,0,0,0,0,0,0,0,0,0,0,0,0,0,0,0,0,4,31,./Cleaned-Dataset/Normal/excerpt-quote.php,normal
0,0,0,0,0,0,0,0,0,0,0,0,0,0,0,0,0,0,0,0,0,0,3,./Cleaned-Dataset/Normal/excerpt-status.php,normal
0,0,0,0,0,0,0,0,0,0,0,0,0,0,0,0,0,0,0,0,0,5,35,./Cleaned-Dataset/Normal/excerpt-video.php,normal
0,0,0,0,0,0,0,0,0,0,0,0,0,0,0,0,0,0,0,0,0,0,3,./Cleaned-Dataset/Normal/excerpt.php,normal
0,0,0,0,0,0,0,0,0,0,0,0,0,0,0,0,0,0,0,0,0,1,12,./Cleaned-Dataset/Normal/Expanded.php,normal
0,0,0,0,0,0,0,0,0,0,0,0,0,0,6,0,0,3,0,1,3,136,234,./Cleaned-Dataset/Normal/export-personal-data.php,normal
0,0,0,0,0,0,0,0,0,0,0,0,29,0,0,0,0,3,0,0,4,246,644,./Cleaned-Dataset/Normal/export.php,normal
0,0,0,0,0,0,0,0,0,0,0,0,0,0,0,0,0,0,0,0,0,213,1462,./Cleaned-Dataset/Normal/export_1.php,normal
0,0,0,0,0,0,0,0,0,0,0,0,0,0,0,0,0,0,0,0,0,0,3,./Cleaned-Dataset/Normal/Fe.php,normal
0,0,0,0,0,0,0,0,0,0,0,0,0,0,0,0,0,1,0,0,0,7,28,./Cleaned-Dataset/Normal/featured-content.php,normal
0,0,0,0,0,0,0,0,0,0,0,0,0,0,0,0,0,1,0,1,0,159,766,./Cleaned-Dataset/Normal/featured-content_1.php,normal
0,0,0,0,0,0,0,0,0,0,0,0,0,0,0,0,0,0,0,0,0,5,36,./Cleaned-Dataset/Normal/featured-image.php,normal
0,0,1,0,0,0,0,0,0,0,0,0,0,0,0,0,0,0,0,0,0,72,285,./Cleaned-Dataset/Normal/feed-atom-comments.php,normal
0,0,0,0,0,0,0,0,0,0,0,0,0,0,0,0,0,0,0,0,0,52,171,./Cleaned-Dataset/Normal/feed-atom.php,normal
0,0,0,0,0,0,0,0,0,0,0,0,0,0,0,0,0,0,0,0,0,33,117,./Cleaned-Dataset/Normal/feed-rdf.php,normal
0,0,0,0,0,0,0,0,0,0,0,0,0,0,0,0,0,0,0,0,0,15,55,./Cleaned-Dataset/Normal/feed-rss.php,normal
0,0,0,0,0,0,0,0,0,0,0,0,0,0,0,0,0,0,0,0,0,41,209,./Cleaned-Dataset/Normal/feed-rss2-comments.php,normal
0,0,0,0,0,0,0,0,0,0,0,0,0,0,0,0,0,1,0,0,0,50,160,./Cleaned-Dataset/Normal/feed-rss2.php,normal
0,0,0,0,0,0,0,0,0,0,0,0,0,0,0,0,0,5,0,0,5,172,1245,./Cleaned-Dataset/Normal/feed.php,normal
0,0,0,0,0,0,0,0,0,0,0,0,0,0,0,0,0,0,0,0,0,6,417,./Cleaned-Dataset/Normal/Fe_1.php,normal
0,0,0,0,0,0,0,0,0,0,0,0,0,0,0,0,0,0,0,0,0,5,473,./Cleaned-Dataset/Normal/Fe_2.php,normal
0,0,3,0,0,0,0,0,3,0,0,0,0,10,0,1,8,9,0,2,5,924,5775,./Cleaned-Dataset/Normal/file.php,normal
0,0,0,0,0,0,0,0,0,0,0,0,0,0,0,0,0,0,0,0,0,6,119,./Cleaned-Dataset/Normal/FileClient.php,normal
0,0,0,0,0,0,0,0,0,0,0,0,0,0,0,0,0,0,0,0,0,51,39,./Cleaned-Dataset/Normal/filesystems.php,normal
0,0,0,0,0,0,0,0,0,0,0,0,0,0,0,0,0,0,0,0,0,18,100,./Cleaned-Dataset/Normal/file_1.php,normal
0,0,0,0,0,0,0,0,0,0,0,0,0,0,0,0,0,0,0,0,0,3,18,./Cleaned-Dataset/Normal/File_2.php,normal
0,0,0,0,0,0,0,0,0,0,0,0,0,0,0,0,0,0,0,0,0,3,18,./Cleaned-Dataset/Normal/File_3.php,normal
0,2,0,0,0,0,0,0,0,1,1,0,0,0,0,0,0,0,0,0,0,83,1227,./Cleaned-Dataset/Normal/File_4.php,normal
0,0,0,0,0,0,0,0,0,0,0,0,0,0,0,0,0,0,0,0,0,4,145,./Cleaned-Dataset/Normal/File_5.php,normal
0,0,0,0,0,0,0,0,0,0,0,0,0,0,0,0,0,0,0,0,0,0,3,./Cleaned-Dataset/Normal/File_6.php,normal
0,0,0,0,0,0,0,0,0,0,0,0,0,0,0,0,0,0,0,0,0,187,3528,./Cleaned-Dataset/Normal/File_7.php,normal
0,0,0,0,0,0,0,0,0,0,0,0,0,0,0,0,0,0,0,0,0,2,95,./Cleaned-Dataset/Normal/FilteredIterator.php,normal
0,0,0,0,0,0,0,0,0,0,0,0,0,0,0,0,0,0,0,0,0,72,324,./Cleaned-Dataset/Normal/fonts.php,normal
0,0,0,0,0,0,0,0,0,0,0,0,0,0,0,0,0,0,0,0,0,56,49,./Cleaned-Dataset/Normal/footer-about-title-logo.php,normal
0,0,0,0,0,0,0,0,0,0,0,0,0,0,0,0,0,0,0,0,0,84,81,./Cleaned-Dataset/Normal/footer-blog.php,normal
0,0,0,0,0,0,0,0,0,0,0,0,0,0,0,0,0,0,0,0,0,44,42,./Cleaned-Dataset/Normal/footer-centered-logo-nav.php,normal
0,0,0,0,0,0,0,0,0,0,0,0,0,0,0,0,0,0,0,0,0,47,42,./Cleaned-Dataset/Normal/footer-centered.php,normal
0,0,0,0,0,0,0,0,0,0,0,0,0,0,0,0,0,0,0,0,0,153,128,./Cleaned-Dataset/Normal/footer-colophon-3-col.php,normal
0,0,0,0,0,0,0,0,0,0,0,0,0,0,0,0,0,0,0,0,0,203,174,./Cleaned-Dataset/Normal/footer-columns.php,normal
0,0,0,0,0,0,0,0,0,0,0,0,0,0,0,0,0,0,0,0,0,48,50,./Cleaned-Dataset/Normal/footer-dark.php,normal
0,0,0,0,0,0,0,0,0,0,0,0,0,0,0,0,0,0,0,0,0,28,28,./Cleaned-Dataset/Normal/footer-default.php,normal
0,0,0,0,0,0,0,0,0,0,0,0,0,0,0,0,0,0,0,0,0,39,36,./Cleaned-Dataset/Normal/footer-default_1.php,normal
0,0,0,0,0,0,0,0,0,0,0,0,0,0,0,0,0,1,0,0,0,1,3,./Cleaned-Dataset/Normal/footer-embed.php,normal
0,0,0,0,0,0,0,0,0,0,0,0,0,0,0,0,0,0,0,0,0,39,36,./Cleaned-Dataset/Normal/footer-logo.php,normal
0,0,0,0,0,0,0,0,0,0,0,0,0,0,0,0,0,0,0,0,0,50,90,./Cleaned-Dataset/Normal/footer-menus-widgets.php,normal
0,0,0,0,0,0,0,0,0,0,0,0,0,0,0,0,0,0,0,0,0,48,38,./Cleaned-Dataset/Normal/footer-navigation-copyright.php,normal
0,0,0,0,0,0,0,0,0,0,0,0,0,0,0,0,0,0,0,0,0,41,36,./Cleaned-Dataset/Normal/footer-navigation.php,normal
0,0,0,0,0,0,0,0,0,0,0,0,0,0,0,0,0,0,0,0,0,77,67,./Cleaned-Dataset/Normal/footer-newsletter.php,normal
0,0,0,0,0,0,0,0,0,0,0,0,0,0,0,0,0,0,0,0,0,102,69,./Cleaned-Dataset/Normal/footer-query-images-title-citation.php,normal
0,0,0,0,0,0,0,0,0,0,0,0,0,0,0,0,0,0,0,0,0,93,67,./Cleaned-Dataset/Normal/footer-query-title-citation.php,normal
0,0,0,0,0,0,0,0,0,0,0,0,0,0,0,0,0,0,0,0,0,65,46,./Cleaned-Dataset/Normal/footer-social-copyright.php,normal
0,0,0,0,0,0,0,0,0,0,0,0,0,0,0,0,0,0,0,0,0,91,72,./Cleaned-Dataset/Normal/footer-social.php,normal
0,0,0,0,0,0,0,0,0,0,0,0,0,0,0,0,0,0,0,0,0,86,64,./Cleaned-Dataset/Normal/footer-title-tagline-social.php,normal
0,0,0,0,0,0,0,0,0,0,0,0,0,0,0,0,0,0,0,0,0,6,17,./Cleaned-Dataset/Normal/footer-widgets.php,normal
0,0,0,0,0,0,0,0,0,0,0,0,0,0,0,0,0,0,0,0,0,10,28,./Cleaned-Dataset/Normal/footer-widgets_1.php,normal
0,0,0,0,0,0,0,0,0,0,0,0,0,0,0,0,0,0,0,0,0,3,8,./Cleaned-Dataset/Normal/footer-widgets_2.php,normal
0,0,0,0,0,0,0,0,0,0,0,0,0,0,0,0,0,0,0,0,0,13,37,./Cleaned-Dataset/Normal/footer.php,normal
0,0,0,0,0,0,0,0,0,0,0,0,0,0,0,0,0,0,0,0,0,13,25,./Cleaned-Dataset/Normal/footer_1.php,normal
0,0,0,0,0,0,0,0,0,0,0,0,0,0,0,0,0,0,0,0,0,139,118,./Cleaned-Dataset/Normal/footer_10.php,normal
0,0,0,0,0,0,0,0,0,0,0,0,0,0,0,0,0,0,0,0,0,280,231,./Cleaned-Dataset/Normal/footer_11.php,normal
0,0,0,0,0,0,0,0,0,0,0,0,0,0,0,0,0,0,0,0,0,36,71,./Cleaned-Dataset/Normal/footer_12.php,normal
0,0,0,0,0,0,0,0,0,0,0,0,0,0,0,0,0,1,0,0,0,10,28,./Cleaned-Dataset/Normal/footer_13.php,normal
0,0,0,0,0,0,0,0,0,0,0,0,0,0,0,0,0,0,0,0,0,13,28,./Cleaned-Dataset/Normal/footer_2.php,normal
0,0,0,0,0,0,0,0,0,0,0,0,0,0,0,0,0,0,0,0,0,26,56,./Cleaned-Dataset/Normal/footer_3.php,normal
0,0,0,0,0,0,0,0,0,0,0,0,0,0,0,0,0,0,0,0,0,21,26,./Cleaned-Dataset/Normal/footer_4.php,normal
0,0,0,0,0,0,0,0,0,0,0,0,0,0,0,0,0,0,0,0,0,35,59,./Cleaned-Dataset/Normal/footer_5.php,normal
0,0,0,0,0,0,0,0,0,0,0,0,0,0,0,0,0,0,0,0,0,19,41,./Cleaned-Dataset/Normal/footer_6.php,normal
0,0,0,0,0,0,0,0,0,0,0,0,0,0,0,0,0,0,0,0,0,13,28,./Cleaned-Dataset/Normal/footer_7.php,normal
0,0,0,0,0,0,0,0,0,0,0,0,0,0,0,0,0,0,0,0,0,13,28,./Cleaned-Dataset/Normal/footer_8.php,normal
0,0,0,0,0,0,0,0,0,0,0,0,0,0,0,0,0,0,0,0,0,28,61,./Cleaned-Dataset/Normal/footer_9.php,normal
0,0,0,0,0,0,0,0,0,0,0,0,0,0,0,0,0,0,0,0,0,37,194,./Cleaned-Dataset/Normal/footnotes.php,normal
0,0,0,0,0,0,0,0,0,0,0,0,0,0,0,0,0,0,0,0,0,58,54,./Cleaned-Dataset/Normal/format-audio.php,normal
0,0,0,0,0,0,0,0,0,0,0,0,0,0,0,0,0,0,0,0,0,40,38,./Cleaned-Dataset/Normal/format-link.php,normal
0,0,0,0,0,0,0,0,0,0,0,0,0,0,0,0,0,2,0,0,0,8281,24551,./Cleaned-Dataset/Normal/formatting.php,normal
0,0,0,0,0,0,0,0,0,0,0,0,1,0,0,0,0,0,0,0,3,81,152,./Cleaned-Dataset/Normal/freedoms.php,normal
0,0,0,0,0,0,0,0,0,0,0,0,0,0,0,0,0,0,0,1,1,2,2,./Cleaned-Dataset/Normal/freedoms_1.php,normal
0,0,0,0,0,0,0,0,0,0,0,0,0,0,0,0,0,0,0,1,1,2,2,./Cleaned-Dataset/Normal/freedoms_2.php,normal
0,0,0,0,0,0,0,0,0,0,0,0,0,0,0,0,0,0,0,0,0,9,63,./Cleaned-Dataset/Normal/front-page.php,normal
0,0,0,0,0,0,0,0,0,0,0,0,0,0,0,0,0,0,0,0,0,8,28,./Cleaned-Dataset/Normal/front-page_1.php,normal
0,0,0,0,0,0,0,0,0,1,1,0,0,0,0,0,0,1,0,0,0,184,1343,./Cleaned-Dataset/Normal/Fsockopen.php,normal
0,0,0,0,0,0,0,0,0,0,0,0,0,0,0,0,0,2,0,0,0,10,42,./Cleaned-Dataset/Normal/full-width.php,normal
0,0,0,0,0,0,0,0,0,0,0,0,0,0,0,0,0,0,0,0,0,7,20,./Cleaned-Dataset/Normal/full-width_1.php,normal
0,0,0,0,0,0,0,0,0,0,0,0,0,0,0,0,0,0,0,3,0,467,1326,./Cleaned-Dataset/Normal/functions.php,normal
0,0,0,0,0,0,0,0,0,0,0,0,0,0,0,0,0,0,0,0,0,108,637,./Cleaned-Dataset/Normal/functions.wp-scripts.php,normal
0,0,0,0,0,0,0,0,0,0,0,0,0,0,0,0,0,0,0,0,0,49,316,./Cleaned-Dataset/Normal/functions.wp-styles.php,normal
0,0,0,0,0,0,0,0,0,0,0,0,0,0,0,0,0,0,0,5,0,384,876,./Cleaned-Dataset/Normal/functions_1.php,normal
0,0,0,0,0,0,0,0,0,0,0,0,0,0,0,0,0,0,0,0,0,69,164,./Cleaned-Dataset/Normal/functions_10.php,normal
0,0,0,0,0,0,0,0,0,0,0,0,0,0,0,0,0,0,0,0,0,67,176,./Cleaned-Dataset/Normal/functions_11.php,normal
0,0,0,0,0,0,0,0,0,0,0,0,0,0,0,0,0,1,0,10,1,400,751,./Cleaned-Dataset/Normal/functions_12.php,normal
0,0,0,0,0,0,0,0,0,0,0,0,0,0,0,0,0,0,0,1,0,17,65,./Cleaned-Dataset/Normal/functions_13.php,normal
0,0,2,0,0,0,0,0,0,0,0,0,1,0,7,0,0,7,1,7,6,2305,15221,./Cleaned-Dataset/Normal/functions_14.php,normal
0,0,0,0,0,0,0,0,0,0,0,0,0,0,0,0,0,0,0,7,0,336,990,./Cleaned-Dataset/Normal/functions_2.php,normal
0,0,0,0,0,0,0,0,0,0,0,0,0,0,0,0,0,2,0,9,2,219,448,./Cleaned-Dataset/Normal/functions_3.php,normal
0,0,0,0,0,0,0,0,0,0,0,0,0,0,0,0,0,0,0,7,1,361,981,./Cleaned-Dataset/Normal/functions_4.php,normal
0,0,0,0,0,0,0,0,0,0,0,0,0,0,0,0,0,0,0,4,0,328,835,./Cleaned-Dataset/Normal/functions_5.php,normal
0,0,0,0,0,0,0,0,0,0,0,0,0,0,0,0,0,0,0,1,0,406,988,./Cleaned-Dataset/Normal/functions_6.php,normal
0,0,0,0,0,0,0,0,0,0,0,0,0,0,0,0,0,0,0,3,0,428,1259,./Cleaned-Dataset/Normal/functions_7.php,normal
0,0,0,0,0,0,0,0,0,0,0,0,0,0,0,0,0,1,0,2,0,325,1081,./Cleaned-Dataset/Normal/functions_8.php,normal
0,0,0,0,0,0,0,0,0,0,0,0,0,0,0,0,0,2,0,13,0,549,1165,./Cleaned-Dataset/Normal/functions_9.php,normal
0,0,0,0,0,0,0,0,0,0,0,0,0,0,0,0,0,0,0,0,0,39,37,./Cleaned-Dataset/Normal/gallery-full-screen-image.php,normal
0,0,0,0,0,0,0,0,0,0,0,0,0,0,0,0,0,0,0,0,0,103,74,./Cleaned-Dataset/Normal/gallery-offset-images-grid-2-col.php,normal
0,0,0,0,0,0,0,0,0,0,0,0,0,0,0,0,0,0,0,0,0,173,111,./Cleaned-Dataset/Normal/gallery-offset-images-grid-3-col.php,normal
0,0,0,0,0,0,0,0,0,0,0,0,0,0,0,0,0,0,0,0,0,220,138,./Cleaned-Dataset/Normal/gallery-offset-images-grid-4-col.php,normal
0,0,0,0,0,0,0,0,0,0,0,0,0,0,0,0,0,0,0,0,0,142,117,./Cleaned-Dataset/Normal/gallery-project-layout.php,normal
0,0,0,0,0,0,0,0,0,0,0,0,0,0,0,0,0,0,0,0,0,54,397,./Cleaned-Dataset/Normal/gallery.php,normal
0,0,0,0,0,0,0,0,0,0,0,0,0,0,0,0,0,0,0,0,0,36,28,./Cleaned-Dataset/Normal/general-divider-dark.php,normal
0,0,0,0,0,0,0,0,0,0,0,0,0,0,0,0,0,0,0,0,0,36,28,./Cleaned-Dataset/Normal/general-divider-light.php,normal
0,0,0,0,0,0,0,0,0,0,0,0,0,0,0,0,0,0,0,0,0,55,37,./Cleaned-Dataset/Normal/general-featured-posts.php,normal
0,0,0,0,0,0,0,0,0,0,0,0,0,0,0,0,0,0,0,0,0,50,40,./Cleaned-Dataset/Normal/general-image-with-caption.php,normal
0,0,0,0,0,0,0,0,0,0,0,0,0,0,0,0,0,0,0,0,0,75,52,./Cleaned-Dataset/Normal/general-large-list-names.php,normal
0,0,0,0,0,0,0,0,0,0,0,0,0,0,0,0,0,0,0,0,0,51,41,./Cleaned-Dataset/Normal/general-layered-images-with-duotone.php,normal
0,0,0,0,0,0,0,0,0,0,0,0,0,0,0,0,0,0,0,0,0,239,152,./Cleaned-Dataset/Normal/general-list-events.php,normal
0,0,0,0,0,0,0,0,0,0,0,0,0,0,0,0,0,0,0,0,0,133,103,./Cleaned-Dataset/Normal/general-pricing-table.php,normal
0,0,0,0,0,0,0,0,0,0,0,0,0,0,0,0,0,0,0,0,0,42,30,./Cleaned-Dataset/Normal/general-subscribe.php,normal
0,0,0,0,0,0,0,0,0,0,0,0,2,6,0,0,0,10,0,6,2,1921,9108,./Cleaned-Dataset/Normal/general-template.php,normal
0,0,0,0,0,0,0,0,0,0,0,0,0,0,0,0,0,0,0,0,0,85,65,./Cleaned-Dataset/Normal/general-two-images-text.php,normal
0,0,0,0,0,0,0,0,0,0,0,0,0,0,0,0,0,0,0,0,0,75,72,./Cleaned-Dataset/Normal/general-video-header-details.php,normal
0,0,0,0,0,0,0,0,0,0,0,0,0,0,0,0,0,0,0,0,0,52,40,./Cleaned-Dataset/Normal/general-video-trailer.php,normal
0,0,0,0,0,0,0,0,0,0,0,0,0,0,0,0,0,0,0,0,0,65,56,./Cleaned-Dataset/Normal/general-wide-image-intro-buttons.php,normal
0,0,0,0,0,0,0,0,0,0,0,0,0,0,0,0,0,0,0,0,0,14,71,./Cleaned-Dataset/Normal/generated-classname.php,normal
0,0,0,0,1,0,0,0,0,0,0,0,0,0,0,0,0,0,2,0,0,349,5482,./Cleaned-Dataset/Normal/getid3.lib.php,normal
0,0,7,0,3,0,0,0,0,0,0,0,0,0,0,0,0,13,3,0,0,1479,5244,./Cleaned-Dataset/Normal/getid3.php,normal
0,0,0,0,0,0,0,0,0,0,0,0,0,0,0,0,0,0,0,0,0,152,1139,./Cleaned-Dataset/Normal/global-styles-and-settings.php,normal
0,0,0,0,0,0,0,0,0,0,0,0,0,0,0,0,0,0,0,0,0,70,45,./Cleaned-Dataset/Normal/grid-videos.php,normal
0,0,0,0,0,0,0,0,0,0,0,0,0,0,0,0,0,0,0,0,0,156,120,./Cleaned-Dataset/Normal/grid-with-categories.php,normal
0,0,0,0,0,0,0,0,0,0,0,0,0,0,0,0,0,0,0,0,0,3,18,./Cleaned-Dataset/Normal/gzdecode.php,normal
0,0,2,0,0,0,0,0,0,1,0,0,0,0,0,0,0,0,0,0,0,22,418,./Cleaned-Dataset/Normal/Gzdecode_1.php,normal
0,0,0,0,0,0,0,0,0,0,0,0,0,0,0,0,0,0,0,0,0,0,3,./Cleaned-Dataset/Normal/H.php,normal
0,0,0,0,0,0,0,0,0,0,0,0,0,0,0,0,0,0,0,0,0,0,3,./Cleaned-Dataset/Normal/HChaCha20.php,normal
0,0,0,0,0,0,0,0,0,0,0,0,0,0,0,0,0,0,0,0,0,3,518,./Cleaned-Dataset/Normal/HChaCha20_1.php,normal
0,0,0,0,0,0,0,0,0,0,0,0,0,0,0,0,0,0,0,0,0,3,466,./Cleaned-Dataset/Normal/HChaCha20_2.php,normal
0,0,0,0,0,0,0,0,0,0,0,0,0,0,0,0,0,0,0,0,0,44,48,./Cleaned-Dataset/Normal/header-centered-logo-black-background.php,normal
0,0,0,0,0,0,0,0,0,0,0,0,0,0,0,0,0,0,0,0,0,63,57,./Cleaned-Dataset/Normal/header-centered-logo.php,normal
0,0,0,0,0,0,0,0,0,0,0,0,0,0,0,0,0,0,0,0,0,80,63,./Cleaned-Dataset/Normal/header-centered-title-navigation-social.php,normal
0,0,0,0,0,0,0,0,0,0,0,0,0,0,0,0,0,0,0,0,0,40,29,./Cleaned-Dataset/Normal/header-centered.php,normal
0,0,0,0,0,0,0,0,0,0,0,0,0,0,0,0,0,0,0,0,0,58,42,./Cleaned-Dataset/Normal/header-columns.php,normal
0,0,0,0,0,0,0,0,0,0,0,0,0,0,0,0,0,0,0,0,0,49,50,./Cleaned-Dataset/Normal/header-default.php,normal
0,0,0,0,0,0,0,0,0,0,0,0,0,0,0,0,0,1,0,0,0,5,21,./Cleaned-Dataset/Normal/header-embed.php,normal
0,0,0,0,0,0,0,0,0,0,0,0,0,0,0,0,0,0,0,0,0,94,78,./Cleaned-Dataset/Normal/header-image-background-overlay.php,normal
0,0,0,0,0,0,0,0,0,0,0,0,0,0,0,0,0,0,0,0,0,91,78,./Cleaned-Dataset/Normal/header-image-background.php,normal
0,0,0,0,0,0,0,0,0,0,0,0,0,0,0,0,0,0,0,0,0,4,6,./Cleaned-Dataset/Normal/header-image.php,normal
0,0,0,0,0,0,0,0,0,0,0,0,0,0,0,0,0,0,0,0,0,106,103,./Cleaned-Dataset/Normal/header-large-dark.php,normal
0,0,0,0,0,0,0,0,0,0,0,0,0,0,0,0,0,0,0,0,0,72,59,./Cleaned-Dataset/Normal/header-large-title.php,normal
0,0,0,0,0,0,0,0,0,0,0,0,0,0,0,0,0,0,0,0,0,57,53,./Cleaned-Dataset/Normal/header-logo-navigation-gray-background.php,normal
0,0,0,0,0,0,0,0,0,0,0,0,0,0,0,0,0,0,0,0,0,60,55,./Cleaned-Dataset/Normal/header-logo-navigation-offset-tagline.php,normal
0,0,0,0,0,0,0,0,0,0,0,0,0,0,0,0,0,0,0,0,0,75,63,./Cleaned-Dataset/Normal/header-logo-navigation-social-black-background.php,normal
0,0,0,0,0,0,0,0,0,0,0,0,0,0,0,0,0,0,0,0,0,93,84,./Cleaned-Dataset/Normal/header-small-dark.php,normal
0,0,0,0,0,0,0,0,0,0,0,0,0,0,0,0,0,0,0,0,0,54,48,./Cleaned-Dataset/Normal/header-stacked.php,normal
0,0,0,0,0,0,0,0,0,0,0,0,0,0,0,0,0,0,0,0,0,71,62,./Cleaned-Dataset/Normal/header-text-only-green-background.php,normal
0,0,0,0,0,0,0,0,0,0,0,0,0,0,0,0,0,0,0,0,0,59,54,./Cleaned-Dataset/Normal/header-text-only-salmon-background.php,normal
0,0,0,0,0,0,0,0,0,0,0,0,0,0,0,0,0,0,0,0,0,76,67,./Cleaned-Dataset/Normal/header-text-only-with-tagline-black-background.php,normal
0,0,0,0,0,0,0,0,0,0,0,0,0,0,0,0,0,0,0,0,0,52,48,./Cleaned-Dataset/Normal/header-title-and-button.php,normal
0,0,0,0,0,0,0,0,0,0,0,0,0,0,0,0,0,0,0,0,0,59,52,./Cleaned-Dataset/Normal/header-title-navigation-social.php,normal
0,0,0,0,0,0,0,0,0,0,0,0,0,0,0,0,0,0,0,0,0,70,64,./Cleaned-Dataset/Normal/header-with-tagline.php,normal
0,0,0,0,0,0,0,0,0,0,0,0,0,0,0,0,0,0,0,0,0,56,237,./Cleaned-Dataset/Normal/header.php,normal
0,0,0,0,0,0,0,0,0,0,0,0,0,0,0,0,0,0,0,0,0,8,198,./Cleaned-Dataset/Normal/Headers.php,normal
0,0,0,0,0,0,0,0,0,0,0,0,0,0,0,0,0,0,0,0,0,41,97,./Cleaned-Dataset/Normal/header_1.php,normal
0,0,0,0,0,0,0,0,0,0,0,0,0,0,0,0,0,0,0,0,0,52,37,./Cleaned-Dataset/Normal/header_10.php,normal
0,0,0,0,0,0,0,0,0,0,0,0,0,0,0,0,0,0,0,0,0,16,24,./Cleaned-Dataset/Normal/header_11.php,normal
0,0,0,0,0,0,0,0,0,0,0,0,0,0,0,0,0,1,0,0,0,27,98,./Cleaned-Dataset/Normal/header_12.php,normal
0,0,0,0,0,0,0,0,0,0,0,0,0,0,0,0,0,0,0,0,0,55,92,./Cleaned-Dataset/Normal/header_2.php,normal
0,0,0,0,0,0,0,0,0,0,0,0,0,0,0,0,0,0,0,0,0,25,69,./Cleaned-Dataset/Normal/header_3.php,normal
0,0,0,0,0,0,0,0,0,0,0,0,0,0,0,0,0,0,0,0,0,28,41,./Cleaned-Dataset/Normal/header_4.php,normal
0,0,0,0,0,0,0,0,0,0,0,0,0,0,0,0,0,0,0,0,0,80,182,./Cleaned-Dataset/Normal/header_5.php,normal
0,0,0,0,0,0,0,0,0,0,0,0,0,0,0,0,0,0,0,0,0,55,212,./Cleaned-Dataset/Normal/header_6.php,normal
0,0,0,0,0,0,0,0,0,0,0,0,0,0,0,0,0,0,0,0,0,45,84,./Cleaned-Dataset/Normal/header_7.php,normal
0,0,0,0,0,0,0,0,0,0,0,0,0,0,0,0,0,0,0,0,0,44,96,./Cleaned-Dataset/Normal/header_8.php,normal
0,0,0,0,0,0,0,0,0,0,0,0,0,0,0,0,0,0,0,0,0,82,121,./Cleaned-Dataset/Normal/header_9.php,normal
0,0,0,0,0,0,0,0,0,0,0,0,0,0,0,0,0,0,0,0,0,67,54,./Cleaned-Dataset/Normal/heading-and-paragraph-with-image.php,normal
0,0,0,0,0,0,0,0,0,0,0,0,0,0,0,0,0,0,0,0,0,14,62,./Cleaned-Dataset/Normal/heading.php,normal
0,0,0,0,0,0,0,0,0,0,0,0,0,0,0,0,0,0,0,0,0,22,91,./Cleaned-Dataset/Normal/hello.php,normal
0,0,0,0,0,0,0,0,0,0,0,0,0,0,0,0,0,0,0,0,0,18,367,./Cleaned-Dataset/Normal/helper-functions.php,normal
0,0,0,0,0,0,0,0,0,0,0,0,0,0,0,0,0,0,0,0,0,82,76,./Cleaned-Dataset/Normal/hero-book.php,normal
0,0,0,0,0,0,0,0,0,0,0,0,0,0,0,0,0,0,0,0,0,70,56,./Cleaned-Dataset/Normal/hero-full-width-image.php,normal
0,0,0,0,0,0,0,0,0,0,0,0,0,0,0,0,0,0,0,0,0,223,168,./Cleaned-Dataset/Normal/hero-overlapped-book-cover-with-links.php,normal
0,0,0,0,0,0,0,0,0,0,0,0,0,0,0,0,0,0,0,0,0,130,102,./Cleaned-Dataset/Normal/hero-podcast.php,normal
0,0,0,0,0,0,0,0,0,0,0,0,0,0,0,0,0,0,0,0,0,50,45,./Cleaned-Dataset/Normal/hidden-404.php,normal
0,0,0,0,0,0,0,0,0,0,0,0,0,0,0,0,0,0,0,0,0,11,10,./Cleaned-Dataset/Normal/hidden-404_1.php,normal
0,0,0,0,0,0,0,0,0,0,0,0,0,0,0,0,0,0,0,0,0,45,41,./Cleaned-Dataset/Normal/hidden-404_2.php,normal
0,0,0,0,0,0,0,0,0,0,0,0,0,0,0,0,0,0,0,0,0,38,31,./Cleaned-Dataset/Normal/hidden-404_3.php,normal
0,0,0,0,0,0,0,0,0,0,0,0,0,0,0,0,0,0,0,0,0,18,13,./Cleaned-Dataset/Normal/hidden-bird.php,normal
0,0,0,0,0,0,0,0,0,0,0,0,0,0,0,0,0,0,0,0,0,6,5,./Cleaned-Dataset/Normal/hidden-blog-heading.php,normal
0,0,0,0,0,0,0,0,0,0,0,0,0,0,0,0,0,0,0,0,0,45,44,./Cleaned-Dataset/Normal/hidden-comments.php,normal
0,0,0,0,0,0,0,0,0,0,0,0,0,0,0,0,0,0,0,0,0,58,61,./Cleaned-Dataset/Normal/hidden-comments_1.php,normal
0,0,0,0,0,0,0,0,0,0,0,0,0,0,0,0,0,0,0,0,0,44,44,./Cleaned-Dataset/Normal/hidden-heading-and-bird.php,normal
0,0,0,0,0,0,0,0,0,0,0,0,0,0,0,0,0,0,0,0,0,13,13,./Cleaned-Dataset/Normal/hidden-heading.php,normal
0,0,0,0,0,0,0,0,0,0,0,0,0,0,0,0,0,0,0,0,0,3,3,./Cleaned-Dataset/Normal/hidden-no-results.php,normal
0,0,0,0,0,0,0,0,0,0,0,0,0,0,0,0,0,0,0,0,0,11,14,./Cleaned-Dataset/Normal/hidden-no-results_1.php,normal
0,0,0,0,0,0,0,0,0,0,0,0,0,0,0,0,0,0,0,0,0,26,23,./Cleaned-Dataset/Normal/hidden-portfolio-hero.php,normal
0,0,0,0,0,0,0,0,0,0,0,0,0,0,0,0,0,0,0,0,0,33,28,./Cleaned-Dataset/Normal/hidden-post-meta.php,normal
0,0,0,0,0,0,0,0,0,0,0,0,0,0,0,0,0,0,0,0,0,35,31,./Cleaned-Dataset/Normal/hidden-post-navigation.php,normal
0,0,0,0,0,0,0,0,0,0,0,0,0,0,0,0,0,0,0,0,0,12,13,./Cleaned-Dataset/Normal/hidden-posts-heading.php,normal
0,0,0,0,0,0,0,0,0,0,0,0,0,0,0,0,0,0,0,0,0,7,11,./Cleaned-Dataset/Normal/hidden-search.php,normal
0,0,0,0,0,0,0,0,0,0,0,0,0,0,0,0,0,0,0,0,0,7,8,./Cleaned-Dataset/Normal/hidden-search_1.php,normal
0,0,0,0,0,0,0,0,0,0,0,0,0,0,0,0,0,0,0,0,0,71,48,./Cleaned-Dataset/Normal/hidden-sidebar.php,normal
0,0,0,0,0,0,0,0,0,0,0,0,0,0,0,0,0,0,0,0,0,190,162,./Cleaned-Dataset/Normal/hidden-sidebar_1.php,normal
0,0,0,0,0,0,0,0,0,0,0,0,0,0,0,0,0,0,0,0,0,29,26,./Cleaned-Dataset/Normal/hidden-written-by.php,normal
0,0,0,0,0,0,0,0,0,0,0,0,0,0,0,0,0,0,0,0,0,71,370,./Cleaned-Dataset/Normal/home-link.php,normal
0,0,0,0,0,0,0,0,0,0,0,0,0,0,0,0,0,0,0,0,0,0,21,./Cleaned-Dataset/Normal/HookManager.php,normal
0,0,0,0,0,0,0,0,0,0,0,0,0,0,0,0,0,0,0,0,0,11,220,./Cleaned-Dataset/Normal/Hooks.php,normal
0,0,0,0,0,0,0,0,0,0,0,0,0,0,0,0,0,0,0,0,0,0,3,./Cleaned-Dataset/Normal/HSalsa20.php,normal
0,0,0,0,0,0,0,0,0,0,0,0,0,0,0,0,0,0,0,0,0,1,374,./Cleaned-Dataset/Normal/HSalsa20_1.php,normal
0,0,0,0,0,0,0,0,0,0,0,0,0,0,0,0,0,0,0,0,0,2,592,./Cleaned-Dataset/Normal/HSalsa20_2.php,normal
0,0,0,0,0,0,0,0,0,0,0,0,0,0,0,0,0,0,0,0,0,647,8740,./Cleaned-Dataset/Normal/html5-named-character-references.php,normal
0,0,0,0,0,0,0,0,0,0,0,0,0,0,0,0,0,0,0,0,0,103,1307,./Cleaned-Dataset/Normal/http.php,normal
0,0,0,0,0,0,0,0,0,0,0,0,0,0,0,0,0,0,0,0,0,37,227,./Cleaned-Dataset/Normal/https-detection.php,normal
0,0,0,0,0,0,0,0,0,0,0,0,0,0,0,0,0,0,0,1,0,32,167,./Cleaned-Dataset/Normal/https-migration.php,normal
0,0,0,0,0,0,0,0,0,0,0,0,0,0,0,0,0,0,0,0,0,4,70,./Cleaned-Dataset/Normal/Http_1.php,normal
0,0,1,0,0,0,0,0,0,0,0,0,0,0,0,0,0,0,0,0,0,16,220,./Cleaned-Dataset/Normal/Http_2.php,normal
0,0,0,0,0,0,0,0,0,0,0,0,0,0,0,0,0,0,0,0,0,2,2249,./Cleaned-Dataset/Normal/H_1.php,normal
0,0,0,0,0,0,0,0,0,0,0,0,0,0,0,0,0,0,0,0,0,1,2219,./Cleaned-Dataset/Normal/H_2.php,normal
0,0,0,0,0,0,0,0,0,0,0,0,0,0,0,0,0,0,0,0,0,22,158,./Cleaned-Dataset/Normal/icon-functions.php,normal
0,0,0,0,0,0,0,0,0,0,0,0,0,0,0,0,0,1,0,0,1,157,295,./Cleaned-Dataset/Normal/icon-functions_1.php,normal
0,0,0,0,0,0,0,0,0,0,0,0,0,0,0,0,0,0,0,0,0,31,767,./Cleaned-Dataset/Normal/IdnaEncoder.php,normal
0,0,0,0,0,0,0,0,0,0,0,0,0,0,0,0,0,0,0,0,0,0,3,./Cleaned-Dataset/Normal/IetfCtx.php,normal
0,0,0,0,0,0,0,0,0,0,0,0,0,0,0,0,0,0,0,0,0,5,81,./Cleaned-Dataset/Normal/IetfCtx_1.php,normal
0,0,0,0,0,0,0,0,0,0,0,0,0,0,0,0,0,0,0,0,0,5,82,./Cleaned-Dataset/Normal/IetfCtx_2.php,normal
0,0,0,0,0,0,0,0,0,0,0,0,0,0,16,0,0,0,0,0,0,636,2968,./Cleaned-Dataset/Normal/image-edit.php,normal
0,0,0,0,0,0,0,0,0,0,0,0,0,0,0,0,0,0,0,0,0,340,2968,./Cleaned-Dataset/Normal/image.php,normal
0,0,0,0,0,0,0,0,0,0,0,0,0,0,0,0,0,0,0,0,0,53,202,./Cleaned-Dataset/Normal/image_1.php,normal
0,0,0,0,0,0,0,0,0,0,0,0,0,0,0,0,0,0,0,0,0,50,92,./Cleaned-Dataset/Normal/image_2.php,normal
0,0,0,0,0,0,0,0,0,0,0,0,0,0,0,0,0,0,0,0,0,50,110,./Cleaned-Dataset/Normal/image_3.php,normal
0,0,0,0,0,0,0,0,0,0,0,0,0,0,0,0,0,0,0,0,0,43,106,./Cleaned-Dataset/Normal/image_4.php,normal
0,0,0,0,0,0,0,0,0,0,0,0,0,0,0,0,0,0,0,0,0,56,128,./Cleaned-Dataset/Normal/image_5.php,normal
0,0,0,0,0,0,0,0,0,0,0,0,0,0,0,0,0,0,0,0,0,46,151,./Cleaned-Dataset/Normal/image_6.php,normal
0,0,0,0,0,0,0,0,0,0,0,0,0,0,0,0,0,0,0,0,0,52,194,./Cleaned-Dataset/Normal/image_7.php,normal
0,0,0,0,0,0,0,0,0,0,0,0,0,0,0,0,0,0,0,0,0,46,159,./Cleaned-Dataset/Normal/image_8.php,normal
0,0,0,0,0,0,0,0,0,0,0,0,0,0,0,0,0,0,0,0,0,185,615,./Cleaned-Dataset/Normal/image_9.php,normal
0,0,3,0,0,0,0,0,0,0,0,0,6,0,0,0,0,0,0,0,3,123,494,./Cleaned-Dataset/Normal/import.php,normal
0,0,0,0,0,0,0,0,0,0,0,0,0,0,0,0,3,0,0,0,0,114,366,./Cleaned-Dataset/Normal/import_1.php,normal
0,0,0,0,0,0,0,0,0,0,0,0,0,0,0,0,0,0,0,2,1,4,26,./Cleaned-Dataset/Normal/index.php,normal
0,0,0,0,0,0,0,0,0,0,0,0,0,0,0,0,0,0,0,1,0,2,4,./Cleaned-Dataset/Normal/index_1.php,normal
0,0,0,0,0,0,0,0,0,0,0,0,0,0,0,0,0,2,0,0,0,33,66,./Cleaned-Dataset/Normal/index_10.php,normal
0,0,0,0,0,0,0,0,0,0,0,0,0,0,0,0,0,3,0,0,0,20,55,./Cleaned-Dataset/Normal/index_11.php,normal
0,0,0,0,0,0,0,0,0,0,0,0,0,0,0,0,0,1,0,0,0,5,14,./Cleaned-Dataset/Normal/index_12.php,normal
0,0,0,0,0,0,0,0,0,0,0,0,0,0,0,0,0,0,0,0,0,8,35,./Cleaned-Dataset/Normal/index_13.php,normal
0,0,0,0,0,0,0,0,0,0,0,0,0,0,0,0,0,0,0,0,0,24,60,./Cleaned-Dataset/Normal/index_14.php,normal
0,0,0,0,0,0,0,0,0,0,0,0,0,0,0,0,0,0,0,0,0,29,155,./Cleaned-Dataset/Normal/index_15.php,normal
0,0,0,0,0,0,0,0,0,0,0,0,0,0,0,0,0,1,0,0,0,8,50,./Cleaned-Dataset/Normal/index_16.php,normal
0,0,0,0,0,0,0,0,0,0,0,0,0,0,0,0,0,0,0,0,0,0,0,./Cleaned-Dataset/Normal/index_17.php,normal
0,0,0,0,0,0,0,0,0,0,0,0,0,0,0,0,0,1,0,7,0,51,367,./Cleaned-Dataset/Normal/index_18.php,normal
0,0,0,0,0,0,0,0,0,0,0,0,1,0,0,0,0,0,0,0,4,126,366,./Cleaned-Dataset/Normal/index_2.php,normal
0,0,0,0,0,0,0,0,0,0,0,0,0,0,0,0,0,0,0,0,4,68,123,./Cleaned-Dataset/Normal/index_3.php,normal
0,0,0,0,0,0,0,0,0,0,0,0,0,0,0,0,0,0,0,1,1,2,2,./Cleaned-Dataset/Normal/index_4.php,normal
0,0,0,0,0,0,0,0,0,0,0,0,0,0,0,0,0,0,0,0,0,0,0,./Cleaned-Dataset/Normal/index_5.php,normal
0,0,0,0,0,0,0,0,0,0,0,0,0,0,0,0,0,0,0,0,0,15,44,./Cleaned-Dataset/Normal/index_6.php,normal
0,0,0,0,0,0,0,0,0,0,0,0,0,0,0,0,0,3,0,0,0,20,54,./Cleaned-Dataset/Normal/index_7.php,normal
0,0,0,0,0,0,0,0,0,0,0,0,0,0,0,0,0,4,0,0,0,13,51,./Cleaned-Dataset/Normal/index_8.php,normal
0,0,0,0,0,0,0,0,0,0,0,0,0,0,0,0,0,1,0,0,0,8,34,./Cleaned-Dataset/Normal/index_9.php,normal
0,0,0,0,0,0,0,0,0,0,0,0,0,0,0,0,0,1,0,0,1,45,371,./Cleaned-Dataset/Normal/inline.php,normal
0,0,0,0,0,0,0,0,0,0,0,0,0,0,0,0,0,0,0,0,0,6,116,./Cleaned-Dataset/Normal/InputValidator.php,normal
0,0,0,0,0,0,0,0,0,0,0,0,0,0,0,0,0,0,0,0,2,24,330,./Cleaned-Dataset/Normal/install-helper.php,normal
0,0,0,0,0,0,0,0,0,0,0,0,2,24,4,0,0,0,0,0,4,279,1035,./Cleaned-Dataset/Normal/install.php,normal
0,0,0,0,0,0,0,0,0,0,0,0,0,0,0,0,0,0,0,0,0,17,2270,./Cleaned-Dataset/Normal/Int32.php,normal
0,0,0,0,0,0,0,0,0,0,0,0,0,0,0,0,0,0,0,0,0,19,2983,./Cleaned-Dataset/Normal/Int64.php,normal
0,0,0,0,0,0,0,0,0,0,0,0,0,0,0,0,0,0,0,0,0,8,120,./Cleaned-Dataset/Normal/interactivity-api.php,normal
0,0,0,0,0,0,0,0,0,0,0,0,0,0,0,0,0,0,0,0,0,3,43,./Cleaned-Dataset/Normal/InvalidArgument.php,normal
0,0,0,0,0,0,0,0,0,0,0,0,0,0,0,0,0,0,0,0,0,36,422,./Cleaned-Dataset/Normal/Ipv6.php,normal
0,0,0,0,0,0,0,0,0,0,0,0,0,0,0,0,0,0,0,0,0,3,18,./Cleaned-Dataset/Normal/IPv6_1.php,normal
0,3,0,0,0,0,0,0,0,0,0,0,0,0,0,0,0,0,0,0,0,39,450,./Cleaned-Dataset/Normal/IPv6_2.php,normal
0,0,0,0,0,0,0,0,0,0,0,0,0,0,0,0,0,0,0,0,0,177,2385,./Cleaned-Dataset/Normal/Iri.php,normal
0,0,0,0,0,0,0,0,0,0,0,0,0,0,0,0,0,0,0,0,0,3,18,./Cleaned-Dataset/Normal/IRI_1.php,normal
0,2,0,0,0,0,0,0,0,0,0,0,0,0,0,0,0,0,0,1,0,156,2316,./Cleaned-Dataset/Normal/IRI_2.php,normal
0,0,0,0,0,0,0,0,0,0,0,0,0,0,0,0,0,0,0,0,0,3,18,./Cleaned-Dataset/Normal/Item.php,normal
0,0,0,0,0,0,0,0,0,0,0,0,0,0,0,0,0,0,0,0,0,1465,10918,./Cleaned-Dataset/Normal/Item_1.php,normal
0,0,2,0,0,0,0,0,0,0,0,0,0,0,0,0,0,0,0,0,0,12,291,./Cleaned-Dataset/Normal/Jar.php,normal
0,0,0,0,0,0,0,0,0,0,0,0,0,0,0,0,0,0,0,0,0,1,125,./Cleaned-Dataset/Normal/KeySchedule.php,normal
0,0,1,0,0,0,0,0,0,0,0,0,0,2,0,0,0,0,0,0,0,1232,3829,./Cleaned-Dataset/Normal/kses.php,normal
0,0,0,0,0,0,0,0,0,0,0,0,5,0,3,2,0,1,0,0,1,373,3442,./Cleaned-Dataset/Normal/l10n.php,normal
0,0,0,0,0,0,0,0,0,0,0,0,0,0,0,0,0,1,0,0,0,60,305,./Cleaned-Dataset/Normal/latest-comments.php,normal
0,0,0,0,0,0,0,0,0,0,0,0,0,0,0,0,0,0,0,0,0,118,626,./Cleaned-Dataset/Normal/latest-posts.php,normal
0,0,0,0,0,0,0,0,0,0,0,0,0,0,0,0,0,0,0,0,0,634,2417,./Cleaned-Dataset/Normal/layout.php,normal
0,0,0,0,0,0,0,0,1,0,0,0,2,0,0,0,0,0,0,0,0,41,245,./Cleaned-Dataset/Normal/legacy-widget.php,normal
0,0,0,0,0,0,0,0,0,0,0,0,0,0,6,0,0,0,0,1,2,17,75,./Cleaned-Dataset/Normal/link-add.php,normal
0,0,0,0,0,0,0,0,0,0,0,0,1,0,7,0,0,0,0,0,3,86,279,./Cleaned-Dataset/Normal/link-manager.php,normal
0,0,0,0,0,0,0,0,0,0,0,0,0,0,0,0,0,0,0,0,0,28,217,./Cleaned-Dataset/Normal/link-parse-opml.php,normal
0,0,0,0,0,0,0,0,0,0,0,0,0,0,0,0,0,30,0,0,0,1344,8350,./Cleaned-Dataset/Normal/link-template.php,normal
0,0,0,0,0,0,0,0,0,0,0,0,2,5,6,0,0,0,0,1,2,44,291,./Cleaned-Dataset/Normal/link.php,normal
0,0,0,0,0,0,0,0,0,0,0,0,0,0,0,0,0,0,0,0,1,46,151,./Cleaned-Dataset/Normal/list-table.php,normal
0,0,0,0,0,0,0,0,0,0,0,0,0,0,0,0,0,0,0,0,0,9,62,./Cleaned-Dataset/Normal/list.php,normal
0,0,0,0,0,0,0,0,0,0,0,0,1,0,0,0,0,0,0,3,0,32,190,./Cleaned-Dataset/Normal/load-scripts.php,normal
0,0,0,0,0,0,0,0,0,0,0,0,3,0,0,0,0,0,0,6,0,56,260,./Cleaned-Dataset/Normal/load-styles.php,normal
0,0,4,0,0,0,0,0,1,0,0,0,7,5,12,4,0,1,0,4,20,491,2947,./Cleaned-Dataset/Normal/load.php,normal
0,0,0,0,0,0,0,0,0,0,0,0,0,0,0,0,0,0,0,0,0,1,5,./Cleaned-Dataset/Normal/locale.php,normal
0,0,0,0,0,0,0,0,0,0,0,0,0,0,0,0,0,0,0,0,0,3,18,./Cleaned-Dataset/Normal/Locator.php,normal
0,7,0,0,0,0,0,0,0,0,0,0,0,0,0,0,0,0,0,0,0,94,1241,./Cleaned-Dataset/Normal/Locator_1.php,normal
0,0,0,0,0,0,0,0,0,0,0,0,0,0,0,0,0,0,0,0,0,117,93,./Cleaned-Dataset/Normal/logging.php,normal
0,0,0,0,0,0,0,0,0,0,0,0,0,0,0,0,0,0,0,0,0,21,78,./Cleaned-Dataset/Normal/loginout.php,normal
0,0,0,0,0,0,0,0,0,0,0,0,0,0,0,0,0,0,0,0,0,100,56,./Cleaned-Dataset/Normal/logos.php,normal
0,0,0,0,0,0,0,0,0,0,0,0,0,0,0,0,0,0,0,0,0,75,299,./Cleaned-Dataset/Normal/loop-attachment.php,normal
0,0,0,0,0,0,0,0,0,0,0,0,0,0,0,0,0,0,0,0,0,15,55,./Cleaned-Dataset/Normal/loop-page.php,normal
0,0,0,0,0,0,0,0,0,0,0,0,0,0,0,0,0,0,0,0,0,62,114,./Cleaned-Dataset/Normal/loop-single.php,normal
0,0,0,0,0,0,0,0,0,0,0,0,0,0,0,0,0,0,0,0,0,143,391,./Cleaned-Dataset/Normal/loop.php,normal
0,0,0,0,0,0,0,0,0,0,0,0,0,0,0,0,0,0,0,0,0,87,63,./Cleaned-Dataset/Normal/mail.php,normal
0,0,0,0,0,0,0,0,0,0,0,0,0,0,0,0,0,0,0,0,0,158,132,./Cleaned-Dataset/Normal/media-instagram-grid.php,normal
0,0,1,0,0,0,0,0,0,0,0,0,1,2,2,0,1,0,0,0,3,61,166,./Cleaned-Dataset/Normal/media-new.php,normal
0,0,0,0,0,0,0,0,0,0,0,0,2,0,0,0,0,0,0,0,0,1246,2533,./Cleaned-Dataset/Normal/media-template.php,normal
0,0,0,0,0,0,0,0,0,0,0,0,0,0,0,0,0,0,0,0,0,60,287,./Cleaned-Dataset/Normal/media-text.php,normal
0,0,0,0,0,0,0,0,0,0,0,0,5,0,2,0,0,3,0,1,1,54,197,./Cleaned-Dataset/Normal/media-upload.php,normal
0,0,0,0,0,0,0,0,0,0,0,0,2,0,2,0,0,0,0,0,1,14,59,./Cleaned-Dataset/Normal/media.php,normal
0,0,0,0,0,0,0,0,0,0,0,0,28,25,19,0,6,4,0,2,1,1971,8541,./Cleaned-Dataset/Normal/media_1.php,normal
0,0,0,0,0,0,0,0,0,0,0,0,0,0,0,0,0,24,0,0,6,2251,12739,./Cleaned-Dataset/Normal/media_2.php,normal
0,0,0,0,0,0,0,0,0,0,0,0,0,0,0,0,0,0,0,0,0,3,18,./Cleaned-Dataset/Normal/Memcache.php,normal
0,0,0,0,0,0,0,0,0,0,0,0,0,0,0,0,0,0,0,0,0,3,18,./Cleaned-Dataset/Normal/Memcached.php,normal
0,0,0,0,0,0,0,0,0,0,0,0,0,0,0,0,0,0,0,0,0,22,190,./Cleaned-Dataset/Normal/Memcached_1.php,normal
0,0,0,0,0,0,0,0,0,0,0,0,0,0,0,0,0,0,0,0,0,20,178,./Cleaned-Dataset/Normal/Memcache_1.php,normal
0,0,0,0,0,0,0,0,0,0,0,0,0,0,0,0,0,0,0,0,0,27,136,./Cleaned-Dataset/Normal/menu-functions.php,normal
0,0,0,0,0,0,0,0,0,0,0,0,0,0,0,0,0,0,0,0,0,117,860,./Cleaned-Dataset/Normal/menu-header.php,normal
0,0,0,0,0,0,0,0,0,0,0,0,0,0,0,0,0,0,0,0,1,418,1338,./Cleaned-Dataset/Normal/menu.php,normal
0,0,0,0,0,0,0,0,0,0,0,0,0,0,0,0,0,0,0,1,0,33,912,./Cleaned-Dataset/Normal/menu_1.php,normal
0,0,0,0,0,0,0,0,0,0,0,0,0,0,0,0,0,0,0,0,1,163,381,./Cleaned-Dataset/Normal/menu_2.php,normal
0,0,0,0,0,0,0,0,0,0,0,0,0,0,0,0,0,0,0,0,1,29,50,./Cleaned-Dataset/Normal/menu_3.php,normal
0,0,0,0,0,0,0,0,0,0,0,0,2,0,0,0,0,3,0,0,0,1237,2803,./Cleaned-Dataset/Normal/meta-boxes.php,normal
0,0,0,0,0,0,0,0,0,0,0,0,0,0,0,0,0,20,0,2,0,377,3247,./Cleaned-Dataset/Normal/meta.php,normal
0,0,10,0,0,0,0,0,0,0,0,0,4,15,0,0,0,0,0,1,2,347,3068,./Cleaned-Dataset/Normal/misc.php,normal
0,0,0,0,0,0,0,0,0,0,0,0,0,0,0,0,0,0,0,0,0,3,18,./Cleaned-Dataset/Normal/Misc_1.php,normal
0,0,0,0,0,0,0,0,0,0,0,0,0,0,0,0,0,0,0,0,0,1591,2574,./Cleaned-Dataset/Normal/Misc_2.php,normal
0,0,0,0,0,0,0,0,0,0,0,0,0,0,0,0,0,0,0,0,2,51,791,./Cleaned-Dataset/Normal/mo.php,normal
0,0,0,0,0,0,0,0,0,0,0,0,0,0,0,0,0,0,0,0,0,72,110,./Cleaned-Dataset/Normal/modal-menu.php,normal
0,0,0,0,0,0,0,0,0,0,0,0,0,0,0,0,0,0,0,0,0,18,16,./Cleaned-Dataset/Normal/modal-search.php,normal
0,0,0,0,0,0,0,0,0,0,0,0,0,0,0,0,0,0,0,0,1,2,9,./Cleaned-Dataset/Normal/moderation.php,normal
0,0,0,0,0,0,0,0,0,0,0,0,0,0,0,0,0,0,0,0,0,1343,7630,./Cleaned-Dataset/Normal/module.audio-video.asf.php,normal
0,0,0,0,0,0,0,0,0,0,0,0,0,0,0,0,0,0,0,0,0,298,2310,./Cleaned-Dataset/Normal/module.audio-video.flv.php,normal
0,0,4,0,0,0,0,0,0,0,0,0,0,0,0,0,0,1,0,0,0,1226,7318,./Cleaned-Dataset/Normal/module.audio-video.matroska.php,normal
0,0,2,0,0,0,0,0,0,0,1,0,0,0,0,0,0,0,0,0,0,3100,13579,./Cleaned-Dataset/Normal/module.audio-video.quicktime.php,normal
0,0,0,0,0,0,0,0,0,0,0,0,0,0,0,0,0,0,0,0,0,2230,12188,./Cleaned-Dataset/Normal/module.audio-video.riff.php,normal
0,0,0,0,0,0,0,0,0,0,0,0,0,0,0,0,0,0,0,1,0,528,3197,./Cleaned-Dataset/Normal/module.audio.ac3.php,normal
0,0,0,0,0,0,0,0,0,0,0,0,0,0,0,0,0,0,0,0,0,218,960,./Cleaned-Dataset/Normal/module.audio.dts.php,normal
0,0,0,0,0,0,0,0,0,0,0,0,0,0,0,0,0,0,0,0,0,380,1710,./Cleaned-Dataset/Normal/module.audio.flac.php,normal
0,0,0,0,0,0,0,0,0,0,0,0,0,0,0,0,0,0,0,0,0,1719,10007,./Cleaned-Dataset/Normal/module.audio.mp3.php,normal
0,0,0,0,0,0,0,0,2,0,0,0,0,0,0,0,0,0,0,0,0,1086,4822,./Cleaned-Dataset/Normal/module.audio.ogg.php,normal
0,0,0,0,0,0,0,0,0,0,0,0,0,0,0,0,0,0,0,0,0,348,1707,./Cleaned-Dataset/Normal/module.tag.apetag.php,normal
0,0,0,0,0,0,0,0,0,0,0,0,0,0,0,0,0,0,0,0,0,308,823,./Cleaned-Dataset/Normal/module.tag.id3v1.php,normal
0,0,1,0,0,0,0,0,0,0,5,0,0,0,0,0,0,1,0,0,0,2097,11342,./Cleaned-Dataset/Normal/module.tag.id3v2.php,normal
0,0,0,0,0,0,0,0,0,0,0,0,0,0,0,0,0,0,0,0,0,172,1192,./Cleaned-Dataset/Normal/module.tag.lyrics3.php,normal
0,0,0,0,0,0,0,0,0,0,0,0,0,0,0,0,0,0,0,0,0,103,78,./Cleaned-Dataset/Normal/more-posts.php,normal
0,0,0,0,0,0,0,0,0,0,0,0,0,0,0,0,0,0,0,0,0,28,42,./Cleaned-Dataset/Normal/ms-admin-filters.php,normal
0,0,0,0,0,0,0,0,0,0,0,0,0,0,0,0,0,0,0,0,1,1,7,./Cleaned-Dataset/Normal/ms-admin.php,normal
0,0,0,0,0,0,0,0,0,0,0,0,0,0,0,0,0,0,0,0,2,200,1728,./Cleaned-Dataset/Normal/ms-blogs.php,normal
0,0,0,0,0,0,0,0,0,0,0,0,0,0,0,0,0,0,0,0,0,58,268,./Cleaned-Dataset/Normal/ms-default-constants.php,normal
0,0,0,0,0,0,0,0,0,0,0,0,0,0,0,0,0,0,0,0,0,157,256,./Cleaned-Dataset/Normal/ms-default-filters.php,normal
0,0,0,0,0,0,0,0,0,0,0,0,3,4,0,0,0,0,0,0,3,54,227,./Cleaned-Dataset/Normal/ms-delete-site.php,normal
0,0,0,0,0,0,0,0,0,0,0,0,0,0,0,0,0,0,0,0,0,20,162,./Cleaned-Dataset/Normal/ms-deprecated.php,normal
0,0,0,0,0,0,0,0,0,0,0,0,12,11,0,0,0,0,0,0,2,189,1491,./Cleaned-Dataset/Normal/ms-deprecated_1.php,normal
0,0,0,0,0,0,0,0,0,0,0,0,0,0,0,0,0,0,0,0,1,1,7,./Cleaned-Dataset/Normal/ms-edit.php,normal
0,0,0,0,0,0,0,0,0,0,0,0,1,0,0,0,0,0,0,0,1,44,272,./Cleaned-Dataset/Normal/ms-files.php,normal
0,0,0,0,0,0,0,0,0,0,0,0,0,2,0,0,0,0,0,0,0,619,4778,./Cleaned-Dataset/Normal/ms-functions.php,normal
0,0,0,0,0,0,0,0,0,0,0,0,0,0,0,0,0,2,0,0,0,129,951,./Cleaned-Dataset/Normal/ms-load.php,normal
0,0,0,0,0,0,0,0,0,0,0,0,0,0,0,0,0,0,0,0,0,13,194,./Cleaned-Dataset/Normal/ms-network.php,normal
0,0,0,0,0,0,0,0,0,0,0,0,0,0,0,0,0,0,0,0,1,2,7,./Cleaned-Dataset/Normal/ms-options.php,normal
0,0,0,0,0,0,0,0,0,0,0,0,0,0,0,0,0,1,1,0,4,22,249,./Cleaned-Dataset/Normal/ms-settings.php,normal
0,0,0,0,0,0,0,0,0,0,0,0,0,0,0,0,0,0,0,0,1,299,2280,./Cleaned-Dataset/Normal/ms-site.php,normal
0,0,0,0,0,0,0,0,0,0,0,0,0,0,0,0,0,0,0,0,1,2,7,./Cleaned-Dataset/Normal/ms-sites.php,normal
0,0,0,0,0,0,0,0,0,0,0,0,0,0,0,0,0,0,0,0,1,2,7,./Cleaned-Dataset/Normal/ms-themes.php,normal
0,0,0,0,0,0,0,0,0,0,0,0,0,0,0,0,0,0,0,0,1,2,7,./Cleaned-Dataset/Normal/ms-upgrade-network.php,normal
0,0,0,0,0,0,0,0,0,0,0,0,0,0,0,0,0,0,0,0,1,2,7,./Cleaned-Dataset/Normal/ms-users.php,normal
0,0,0,0,0,0,0,0,0,0,0,0,2,2,0,0,2,1,0,0,0,685,1804,./Cleaned-Dataset/Normal/ms.php,normal
0,0,0,0,0,0,0,0,0,0,0,0,0,5,0,0,0,0,0,0,3,94,275,./Cleaned-Dataset/Normal/my-sites.php,normal
0,0,0,0,0,0,0,0,0,0,0,0,0,0,0,0,0,0,0,0,0,3,18,./Cleaned-Dataset/Normal/MySQL.php,normal
0,0,0,2,0,0,0,0,0,0,0,0,0,0,0,0,0,0,0,0,0,171,1072,./Cleaned-Dataset/Normal/MySQL_1.php,normal
0,0,0,0,0,0,0,0,0,0,0,0,0,0,0,0,0,0,0,0,0,0,15,./Cleaned-Dataset/Normal/NameFilter.php,normal
0,0,0,0,0,0,0,0,0,0,0,0,0,0,0,0,0,0,0,1,2,7,84,./Cleaned-Dataset/Normal/namespaced.php,normal
0,13,0,0,0,0,0,0,0,0,0,0,0,0,0,0,0,1,0,0,0,6,1470,./Cleaned-Dataset/Normal/native.php,normal
0,0,0,0,0,0,0,0,0,0,0,0,0,0,0,0,0,0,0,0,1,158,1667,./Cleaned-Dataset/Normal/nav-menu-template.php,normal
0,0,0,0,0,0,0,0,0,0,0,0,0,15,18,0,0,3,0,0,2,779,3134,./Cleaned-Dataset/Normal/nav-menu.php,normal
0,0,0,0,0,0,0,0,0,0,0,0,14,10,26,0,0,0,0,0,4,680,2890,./Cleaned-Dataset/Normal/nav-menus.php,normal
0,0,0,0,0,0,0,0,0,0,0,0,0,0,0,0,0,0,0,0,0,369,2726,./Cleaned-Dataset/Normal/nav-menu_1.php,normal
0,0,0,0,0,0,0,0,0,0,0,0,0,0,0,0,0,0,0,0,0,180,968,./Cleaned-Dataset/Normal/navigation-link.php,normal
0,0,0,0,0,0,0,0,0,0,0,0,0,0,0,0,0,0,0,0,0,146,698,./Cleaned-Dataset/Normal/navigation-submenu.php,normal
0,0,0,0,0,0,0,0,0,0,0,0,0,0,0,0,0,0,0,0,0,23,44,./Cleaned-Dataset/Normal/navigation-top.php,normal
0,0,0,0,0,0,0,0,0,0,0,0,0,0,0,0,0,0,0,0,0,22,73,./Cleaned-Dataset/Normal/navigation.php,normal
0,0,0,0,0,0,0,0,0,0,0,0,0,0,0,0,0,0,0,0,0,378,2458,./Cleaned-Dataset/Normal/navigation_1.php,normal
0,0,0,0,0,0,0,0,0,0,0,0,0,4,0,0,0,0,0,1,5,71,270,./Cleaned-Dataset/Normal/network.php,normal
0,0,2,0,0,0,0,0,0,0,0,0,0,9,0,0,0,0,0,0,2,415,1307,./Cleaned-Dataset/Normal/network_1.php,normal
0,0,0,0,0,0,0,0,0,0,0,0,0,0,0,0,0,0,0,0,0,1,97,./Cleaned-Dataset/Normal/noop.php,normal
0,0,0,0,0,0,0,0,0,0,0,0,0,0,0,0,0,0,0,0,0,13,103,./Cleaned-Dataset/Normal/OAuth.php,normal
0,0,0,0,0,0,0,0,0,0,0,0,0,0,0,0,0,0,0,0,0,1,21,./Cleaned-Dataset/Normal/OAuthTokenProvider.php,normal
0,0,0,0,0,0,0,0,0,0,0,0,0,0,0,0,0,1,0,0,0,7,9,./Cleaned-Dataset/Normal/onecolumn-page.php,normal
0,0,0,0,0,0,0,0,0,0,0,0,0,0,0,7,0,1,0,1,0,680,5292,./Cleaned-Dataset/Normal/option.php,normal
0,0,0,0,0,0,0,0,0,0,0,0,0,0,0,0,0,0,0,0,3,328,580,./Cleaned-Dataset/Normal/options-discussion.php,normal
0,0,0,0,0,0,0,0,0,0,0,0,0,0,0,0,0,0,0,0,4,387,941,./Cleaned-Dataset/Normal/options-general.php,normal
0,0,0,0,0,0,0,0,0,0,0,0,2,0,2,0,0,0,0,0,0,11,43,./Cleaned-Dataset/Normal/options-head.php,normal
0,0,0,0,0,0,0,0,0,0,0,0,0,0,0,0,0,0,0,0,3,169,235,./Cleaned-Dataset/Normal/options-media.php,normal
0,0,1,0,0,0,0,0,0,0,0,0,0,13,0,0,0,0,0,0,3,358,974,./Cleaned-Dataset/Normal/options-permalink.php,normal
0,0,0,0,0,0,0,0,0,0,0,0,2,4,0,0,0,2,0,1,5,164,441,./Cleaned-Dataset/Normal/options-privacy.php,normal
0,0,0,0,0,0,0,0,0,0,0,0,0,0,0,0,0,1,0,0,3,225,334,./Cleaned-Dataset/Normal/options-reading.php,normal
0,0,0,0,0,0,0,0,0,0,0,0,0,0,0,0,0,0,0,0,3,194,302,./Cleaned-Dataset/Normal/options-writing.php,normal
0,0,0,0,0,0,0,0,0,0,0,0,4,30,4,0,0,0,0,1,4,282,927,./Cleaned-Dataset/Normal/options.php,normal
0,0,0,0,0,0,0,0,0,0,0,0,0,0,0,0,0,0,0,0,0,73,385,./Cleaned-Dataset/Normal/options_1.php,normal
0,0,0,0,0,0,0,0,0,0,0,0,0,0,0,0,0,1,0,0,0,28,742,./Cleaned-Dataset/Normal/Original.php,normal
0,0,0,0,0,0,0,0,0,0,0,0,0,0,0,0,0,0,0,0,0,110,103,./Cleaned-Dataset/Normal/overlapped-images.php,normal
0,0,0,0,0,0,0,0,0,0,0,0,0,0,0,0,0,0,0,0,0,0,3,./Cleaned-Dataset/Normal/P1p1.php,normal
0,0,0,0,0,0,0,0,0,0,0,0,0,0,0,0,0,0,0,0,0,5,117,./Cleaned-Dataset/Normal/P1p1_1.php,normal
0,0,0,0,0,0,0,0,0,0,0,0,0,0,0,0,0,0,0,0,0,1,77,./Cleaned-Dataset/Normal/P1p1_2.php,normal
0,0,0,0,0,0,0,0,0,0,0,0,0,0,0,0,0,0,0,0,0,0,3,./Cleaned-Dataset/Normal/P2.php,normal
0,0,0,0,0,0,0,0,0,0,0,0,0,0,0,0,0,0,0,0,0,4,91,./Cleaned-Dataset/Normal/P2_1.php,normal
0,0,0,0,0,0,0,0,0,0,0,0,0,0,0,0,0,0,0,0,0,1,61,./Cleaned-Dataset/Normal/P2_2.php,normal
0,0,0,0,0,0,0,0,0,0,0,0,0,0,0,0,0,0,0,0,0,0,3,./Cleaned-Dataset/Normal/P3.php,normal
0,0,0,0,0,0,0,0,0,0,0,0,0,0,0,0,0,0,0,0,0,5,117,./Cleaned-Dataset/Normal/P3_1.php,normal
0,0,0,0,0,0,0,0,0,0,0,0,0,0,0,0,0,0,0,0,0,1,77,./Cleaned-Dataset/Normal/P3_2.php,normal
0,0,0,0,0,0,0,0,0,0,0,0,0,0,0,0,0,0,0,0,0,14,14,./Cleaned-Dataset/Normal/page-about-business.php,normal
0,0,0,0,0,0,0,0,0,0,0,0,0,0,0,0,0,0,0,0,0,119,76,./Cleaned-Dataset/Normal/page-about-large-image-and-buttons.php,normal
0,0,0,0,0,0,0,0,0,0,0,0,0,0,0,0,0,0,0,0,0,128,97,./Cleaned-Dataset/Normal/page-about-links-dark.php,normal
0,0,0,0,0,0,0,0,0,0,0,0,0,0,0,0,0,0,0,0,0,160,107,./Cleaned-Dataset/Normal/page-about-links.php,normal
0,0,0,0,0,0,0,0,0,0,0,0,0,0,0,0,0,0,0,0,0,92,85,./Cleaned-Dataset/Normal/page-about-media-left.php,normal
0,0,0,0,0,0,0,0,0,0,0,0,0,0,0,0,0,0,0,0,0,87,88,./Cleaned-Dataset/Normal/page-about-media-right.php,normal
0,0,0,0,0,0,0,0,0,0,0,0,0,0,0,0,0,0,0,0,0,118,103,./Cleaned-Dataset/Normal/page-about-simple-dark.php,normal
0,0,0,0,0,0,0,0,0,0,0,0,0,0,0,0,0,0,0,0,0,93,62,./Cleaned-Dataset/Normal/page-about-solid-color.php,normal
0,0,0,0,0,0,0,0,0,0,0,0,0,0,0,0,0,0,0,0,0,12,12,./Cleaned-Dataset/Normal/page-business-home.php,normal
0,0,0,0,0,0,0,0,0,0,0,0,0,0,0,0,0,0,0,0,0,103,81,./Cleaned-Dataset/Normal/page-coming-soon.php,normal
0,0,0,0,0,0,0,0,0,0,0,0,0,0,0,0,0,0,0,0,0,130,95,./Cleaned-Dataset/Normal/page-cv-bio.php,normal
0,0,0,0,0,0,0,0,0,0,0,0,0,0,0,0,0,0,0,0,0,106,65,./Cleaned-Dataset/Normal/page-home-blogging.php,normal
0,0,0,0,0,0,0,0,0,0,0,0,0,0,0,0,0,0,0,0,0,12,12,./Cleaned-Dataset/Normal/page-home-business.php,normal
0,0,0,0,0,0,0,0,0,0,0,0,0,0,0,0,0,0,0,0,0,4,4,./Cleaned-Dataset/Normal/page-home-portfolio-gallery.php,normal
0,0,0,0,0,0,0,0,0,0,0,0,0,0,0,0,0,0,0,0,0,4,4,./Cleaned-Dataset/Normal/page-home-portfolio.php,normal
0,0,0,0,0,0,0,0,0,0,0,0,0,0,0,0,0,0,0,0,0,12,12,./Cleaned-Dataset/Normal/page-landing-book.php,normal
0,0,0,0,0,0,0,0,0,0,0,0,0,0,0,0,0,0,0,0,0,10,10,./Cleaned-Dataset/Normal/page-landing-event.php,normal
0,0,0,0,0,0,0,0,0,0,0,0,0,0,0,0,0,0,0,0,0,10,10,./Cleaned-Dataset/Normal/page-landing-podcast.php,normal
0,0,0,0,0,0,0,0,0,0,0,0,0,0,0,0,0,0,0,0,0,80,83,./Cleaned-Dataset/Normal/page-layout-image-and-text.php,normal
0,0,0,0,0,0,0,0,0,0,0,0,0,0,0,0,0,0,0,0,0,109,96,./Cleaned-Dataset/Normal/page-layout-image-text-and-video.php,normal
0,0,0,0,0,0,0,0,0,0,0,0,0,0,0,0,0,0,0,0,0,97,76,./Cleaned-Dataset/Normal/page-layout-two-columns.php,normal
0,0,0,0,0,0,0,0,0,0,0,0,0,0,0,0,0,0,0,0,0,96,83,./Cleaned-Dataset/Normal/page-link-in-bio-heading-paragraph-links-image.php,normal
0,0,0,0,0,0,0,0,0,0,0,0,0,0,0,0,0,0,0,0,0,100,78,./Cleaned-Dataset/Normal/page-link-in-bio-wide-margins.php,normal
0,0,0,0,0,0,0,0,0,0,0,0,0,0,0,0,0,0,0,0,0,119,91,./Cleaned-Dataset/Normal/page-link-in-bio-with-tight-margins.php,normal
0,0,0,0,0,0,0,0,0,0,0,0,0,0,0,0,0,0,0,0,0,3,10,./Cleaned-Dataset/Normal/page-list-item.php,normal
0,0,0,0,0,0,0,0,0,0,0,0,0,0,0,0,0,1,0,0,0,168,937,./Cleaned-Dataset/Normal/page-list.php,normal
0,0,0,0,0,0,0,0,0,0,0,0,0,0,0,0,0,0,0,0,0,103,78,./Cleaned-Dataset/Normal/page-newsletter-landing.php,normal
0,0,0,0,0,0,0,0,0,0,0,0,0,0,0,0,0,0,0,0,0,534,398,./Cleaned-Dataset/Normal/page-portfolio-home.php,normal
0,0,0,0,0,0,0,0,0,0,0,0,0,0,0,0,0,0,0,0,0,10,10,./Cleaned-Dataset/Normal/page-portfolio-overview.php,normal
0,0,0,0,0,0,0,0,0,0,0,0,0,0,0,0,0,0,0,0,0,152,122,./Cleaned-Dataset/Normal/page-rsvp-landing.php,normal
0,0,0,0,0,0,0,0,0,0,0,0,0,0,0,0,0,0,0,0,0,6,6,./Cleaned-Dataset/Normal/page-shop-home.php,normal
0,0,0,0,0,0,0,0,0,0,0,0,0,0,0,0,0,0,0,0,0,227,167,./Cleaned-Dataset/Normal/page-sidebar-blog-posts-right.php,normal
0,0,0,0,0,0,0,0,0,0,0,0,0,0,0,0,0,0,0,0,0,175,123,./Cleaned-Dataset/Normal/page-sidebar-blog-posts.php,normal
0,0,1,0,0,0,0,0,0,0,0,0,0,0,0,0,0,0,0,0,0,165,113,./Cleaned-Dataset/Normal/page-sidebar-grid-posts.php,normal
0,0,0,0,0,0,0,0,0,0,0,0,0,0,0,0,0,0,0,0,0,114,93,./Cleaned-Dataset/Normal/page-sidebar-poster.php,normal
0,0,0,0,0,0,0,0,0,0,0,0,0,0,0,0,0,0,0,0,0,7,20,./Cleaned-Dataset/Normal/page.php,normal
0,0,0,0,0,0,0,0,0,0,0,0,0,0,0,0,0,1,0,0,0,7,27,./Cleaned-Dataset/Normal/page_1.php,normal
0,0,0,0,0,0,0,0,0,0,0,0,0,0,0,0,0,2,0,0,0,12,45,./Cleaned-Dataset/Normal/page_2.php,normal
0,0,0,0,0,0,0,0,0,0,0,0,0,0,0,0,0,0,0,0,0,6,28,./Cleaned-Dataset/Normal/page_3.php,normal
0,0,0,0,0,0,0,0,0,0,0,0,0,0,0,0,0,0,0,0,0,8,27,./Cleaned-Dataset/Normal/page_4.php,normal
0,0,0,0,0,0,0,0,0,0,0,0,0,0,0,0,0,1,0,0,0,8,34,./Cleaned-Dataset/Normal/page_5.php,normal
0,0,0,0,0,0,0,0,0,0,0,0,0,0,0,0,0,1,0,0,0,6,12,./Cleaned-Dataset/Normal/page_6.php,normal
0,0,0,0,0,0,0,0,0,0,0,0,0,0,0,0,0,0,0,0,0,27,54,./Cleaned-Dataset/Normal/page_7.php,normal
0,0,0,0,0,0,0,0,0,0,0,0,0,0,0,0,0,0,0,0,0,8,23,./Cleaned-Dataset/Normal/page_8.php,normal
0,0,0,0,0,0,0,0,0,0,0,0,0,0,0,0,0,0,0,0,0,1,28,./Cleaned-Dataset/Normal/page_9.php,normal
0,0,0,0,0,0,0,0,0,0,0,0,0,0,0,0,0,0,0,0,0,26,73,./Cleaned-Dataset/Normal/pagination.php,normal
0,0,0,0,0,0,0,0,0,0,0,0,0,0,0,0,0,0,0,0,0,3,18,./Cleaned-Dataset/Normal/Parser.php,normal
0,0,0,0,0,0,0,0,0,0,0,0,0,0,0,0,0,0,0,0,0,3,18,./Cleaned-Dataset/Normal/Parser_1.php,normal
0,0,0,0,0,0,0,0,0,0,0,0,0,0,0,0,0,0,0,0,0,3,18,./Cleaned-Dataset/Normal/Parser_2.php,normal
0,2,0,0,0,0,0,0,0,0,0,0,0,0,0,0,0,0,0,0,0,340,2627,./Cleaned-Dataset/Normal/Parser_3.php,normal
0,1,0,0,0,0,0,0,0,0,0,0,0,0,0,0,0,1,0,0,0,74,888,./Cleaned-Dataset/Normal/Parser_4.php,normal
0,0,0,0,0,0,0,0,0,0,0,0,0,0,0,0,0,0,0,0,0,30,440,./Cleaned-Dataset/Normal/Parser_5.php,normal
0,0,0,0,0,0,0,0,0,0,0,0,0,0,0,0,0,0,0,0,0,17,55,./Cleaned-Dataset/Normal/pattern-overrides.php,normal
0,0,0,0,0,0,0,0,0,0,0,0,0,0,0,0,0,0,0,0,0,15,118,./Cleaned-Dataset/Normal/pattern.php,normal
0,0,0,0,0,0,0,0,0,0,0,0,0,0,0,0,0,0,0,0,2,196,2172,./Cleaned-Dataset/Normal/php72compat.php,normal
0,0,0,0,0,0,0,0,0,0,0,0,0,0,0,0,0,0,0,0,0,4,93,./Cleaned-Dataset/Normal/php72compat_const.php,normal
0,0,0,0,0,0,0,0,0,0,0,0,0,0,0,0,0,0,0,0,1,17,149,./Cleaned-Dataset/Normal/php84compat.php,normal
0,0,0,0,0,0,0,0,0,0,0,0,0,0,0,0,0,0,0,0,0,0,8,./Cleaned-Dataset/Normal/php84compat_const.php,normal
0,0,0,0,0,0,2,0,1,0,0,0,0,0,0,0,0,7,0,2,0,1303,10192,./Cleaned-Dataset/Normal/PHPMailer.php,normal
0,0,0,0,0,0,0,0,0,0,0,0,0,0,0,0,0,0,0,0,0,49,270,./Cleaned-Dataset/Normal/pluggable-deprecated.php,normal
0,0,0,0,0,0,0,0,0,0,0,0,0,0,11,2,0,10,0,1,5,982,6587,./Cleaned-Dataset/Normal/pluggable.php,normal
0,0,0,0,0,0,0,0,0,0,0,0,1,3,4,0,0,0,0,0,5,238,863,./Cleaned-Dataset/Normal/plugin-editor.php,normal
0,0,0,0,0,0,0,0,0,0,0,0,0,0,0,0,0,0,0,1,1,2,2,./Cleaned-Dataset/Normal/plugin-editor_1.php,normal
0,0,0,0,0,0,0,0,0,0,0,0,2,0,3,0,0,2,0,0,3,91,291,./Cleaned-Dataset/Normal/plugin-install.php,normal
0,0,0,0,0,0,0,0,0,0,0,0,5,0,8,0,0,0,0,0,0,475,2220,./Cleaned-Dataset/Normal/plugin-install_1.php,normal
0,0,0,0,0,0,0,0,0,0,0,0,2,0,0,0,0,0,0,1,1,6,19,./Cleaned-Dataset/Normal/plugin-install_2.php,normal
0,0,0,0,0,0,0,0,0,0,0,0,2,0,0,0,0,4,3,1,5,507,5243,./Cleaned-Dataset/Normal/plugin.php,normal
0,0,2,0,0,0,0,0,0,0,0,0,29,12,7,0,0,1,0,1,7,442,2204,./Cleaned-Dataset/Normal/plugins.php,normal
0,0,0,0,0,0,0,0,0,0,0,0,0,0,0,0,0,0,0,1,1,2,2,./Cleaned-Dataset/Normal/plugins_1.php,normal
0,0,0,0,0,0,0,0,0,0,0,0,0,0,0,0,0,0,0,1,0,78,1598,./Cleaned-Dataset/Normal/plugin_1.php,normal
0,0,0,0,0,0,0,0,0,0,0,0,0,0,0,0,0,0,0,0,0,66,671,./Cleaned-Dataset/Normal/plural-forms.php,normal
0,0,0,0,0,0,0,0,0,0,0,0,0,0,0,0,0,5,0,0,1,140,1269,./Cleaned-Dataset/Normal/po.php,normal
0,0,0,0,0,0,0,0,0,0,0,0,0,0,0,0,0,0,0,0,0,0,3,./Cleaned-Dataset/Normal/Poly1305.php,normal
0,0,0,0,0,0,0,0,0,0,0,0,0,0,0,0,0,0,0,0,0,3,82,./Cleaned-Dataset/Normal/Poly1305_1.php,normal
0,0,0,0,0,0,0,0,0,0,0,0,0,0,0,0,0,0,0,0,0,3,82,./Cleaned-Dataset/Normal/Poly1305_2.php,normal
0,0,0,0,0,0,0,0,0,0,0,0,0,0,0,0,0,0,0,0,0,23,512,./Cleaned-Dataset/Normal/POP3.php,normal
0,0,0,0,0,0,0,0,0,0,0,0,0,0,0,0,0,0,0,0,0,11,62,./Cleaned-Dataset/Normal/Port.php,normal
0,0,0,0,0,0,0,0,0,0,0,0,0,0,0,0,0,0,0,0,0,59,314,./Cleaned-Dataset/Normal/position.php,normal
0,0,0,0,0,0,0,0,0,0,0,0,0,0,0,0,0,0,0,0,0,18,90,./Cleaned-Dataset/Normal/post-author-biography.php,normal
0,0,0,0,0,0,0,0,0,0,0,0,0,0,0,0,0,0,0,0,0,31,157,./Cleaned-Dataset/Normal/post-author-name.php,normal
0,0,0,0,0,0,0,0,0,0,0,0,0,0,0,0,0,0,0,0,0,55,228,./Cleaned-Dataset/Normal/post-author.php,normal
0,0,0,0,0,0,0,0,0,0,0,0,0,0,0,0,0,0,0,0,0,14,66,./Cleaned-Dataset/Normal/post-comments-count.php,normal
0,0,0,0,0,0,0,0,0,0,0,0,0,0,0,0,0,0,0,0,0,34,155,./Cleaned-Dataset/Normal/post-comments-form.php,normal
0,0,0,0,0,0,0,0,0,0,0,0,0,0,0,0,0,0,0,0,0,31,154,./Cleaned-Dataset/Normal/post-comments-link.php,normal
0,0,0,0,0,0,0,0,0,0,0,0,0,0,0,0,0,0,0,0,0,24,151,./Cleaned-Dataset/Normal/post-content.php,normal
0,0,0,0,0,0,0,0,0,0,0,0,0,0,0,0,0,0,0,0,0,31,163,./Cleaned-Dataset/Normal/post-data.php,normal
0,0,0,0,0,0,0,0,0,0,0,0,0,0,0,0,0,0,0,0,0,57,273,./Cleaned-Dataset/Normal/post-date.php,normal
0,0,0,0,0,0,0,0,0,0,0,0,0,0,0,0,0,0,0,0,0,40,201,./Cleaned-Dataset/Normal/post-excerpt.php,normal
0,0,0,0,0,0,0,0,0,0,0,0,0,0,0,0,0,0,0,0,0,145,830,./Cleaned-Dataset/Normal/post-featured-image.php,normal
0,0,0,0,0,0,0,0,0,0,0,0,0,0,0,0,0,0,0,0,0,77,508,./Cleaned-Dataset/Normal/post-formats.php,normal
0,0,0,0,0,0,0,0,0,0,0,0,0,0,0,0,0,0,0,0,0,88,80,./Cleaned-Dataset/Normal/post-meta.php,normal
0,0,0,0,0,0,0,0,0,0,0,0,0,0,0,0,0,0,0,0,0,26,118,./Cleaned-Dataset/Normal/post-meta_1.php,normal
0,0,0,0,0,0,0,0,0,0,0,0,0,0,0,0,0,0,0,0,0,76,280,./Cleaned-Dataset/Normal/post-navigation-link.php,normal
0,0,0,0,0,0,0,0,0,0,0,0,0,0,0,0,0,0,0,0,0,51,49,./Cleaned-Dataset/Normal/post-navigation.php,normal
0,0,0,0,0,0,0,0,0,0,0,0,3,0,0,0,0,0,0,2,2,28,190,./Cleaned-Dataset/Normal/post-new.php,normal
0,0,1,0,0,0,0,0,0,0,0,0,4,20,0,3,0,6,0,0,1,662,4235,./Cleaned-Dataset/Normal/post-template.php,normal
0,0,0,0,0,0,0,0,0,0,0,0,2,0,0,0,0,0,0,0,0,67,367,./Cleaned-Dataset/Normal/post-template_1.php,normal
0,0,0,0,0,0,0,0,0,0,0,0,0,0,0,0,0,0,0,0,0,62,255,./Cleaned-Dataset/Normal/post-terms.php,normal
0,0,0,0,0,0,0,0,0,0,0,0,0,0,0,0,0,0,0,0,0,35,424,./Cleaned-Dataset/Normal/post-thumbnail-template.php,normal
0,0,0,0,0,0,0,0,0,0,0,0,0,0,0,0,0,0,0,0,0,85,398,./Cleaned-Dataset/Normal/post-time-to-read.php,normal
0,0,0,0,0,0,0,0,0,0,0,0,0,0,0,0,0,0,0,0,0,37,171,./Cleaned-Dataset/Normal/post-title.php,normal
0,0,0,0,0,0,0,0,0,0,0,0,5,17,4,2,0,0,0,2,3,145,882,./Cleaned-Dataset/Normal/post.php,normal
0,0,0,0,0,0,0,0,0,0,0,0,0,0,0,0,0,0,0,0,0,112,87,./Cleaned-Dataset/Normal/posts-1-col.php,normal
0,0,0,0,0,0,0,0,0,0,0,0,0,0,0,0,0,0,0,0,0,139,106,./Cleaned-Dataset/Normal/posts-3-col.php,normal
0,0,0,0,0,0,0,0,0,0,0,0,0,0,0,0,0,0,0,0,0,173,129,./Cleaned-Dataset/Normal/posts-grid-2-col.php,normal
0,0,0,0,0,0,0,0,0,0,0,0,0,0,0,0,0,0,0,0,0,88,65,./Cleaned-Dataset/Normal/posts-images-only-3-col.php,normal
0,0,0,0,0,0,0,0,0,0,0,0,0,0,0,0,0,0,0,0,0,229,164,./Cleaned-Dataset/Normal/posts-images-only-offset-4-col.php,normal
0,0,0,0,0,0,0,0,0,0,0,0,0,0,0,0,0,0,0,0,0,124,91,./Cleaned-Dataset/Normal/posts-list.php,normal
0,0,0,0,0,0,0,0,0,0,0,0,7,59,6,0,0,2,0,1,0,971,6355,./Cleaned-Dataset/Normal/post_1.php,normal
0,0,1,0,0,0,0,0,0,0,0,0,1,15,0,0,0,39,0,2,0,2665,13937,./Cleaned-Dataset/Normal/post_2.php,normal
0,0,0,0,0,0,0,0,0,0,0,0,0,0,0,0,0,0,0,0,0,0,3,./Cleaned-Dataset/Normal/Precomp.php,normal
0,0,0,0,0,0,0,0,0,0,0,0,0,0,0,0,0,0,0,0,0,4,91,./Cleaned-Dataset/Normal/Precomp_1.php,normal
0,0,0,0,0,0,0,0,0,0,0,0,0,0,0,0,0,0,0,0,0,1,61,./Cleaned-Dataset/Normal/Precomp_2.php,normal
0,0,0,0,0,0,0,0,0,0,0,0,0,0,0,0,0,1,0,0,1,37,151,./Cleaned-Dataset/Normal/press-this.php,normal
0,0,0,0,0,0,0,0,0,0,0,0,0,0,0,0,0,0,0,0,0,180,189,./Cleaned-Dataset/Normal/pricing-2-col.php,normal
0,0,0,0,0,0,0,0,0,0,0,0,0,0,0,0,0,0,0,0,0,397,354,./Cleaned-Dataset/Normal/pricing-3-col.php,normal
0,0,0,0,0,0,0,0,0,0,0,0,0,0,0,0,0,1,0,1,4,55,105,./Cleaned-Dataset/Normal/privacy-policy-guide.php,normal
0,0,0,0,0,0,0,0,0,0,0,0,0,10,0,0,0,1,0,0,0,299,1938,./Cleaned-Dataset/Normal/privacy-tools.php,normal
0,0,0,0,0,0,0,0,0,0,0,0,0,0,0,0,0,0,0,0,3,45,75,./Cleaned-Dataset/Normal/privacy.php,normal
0,0,0,0,0,0,0,0,0,0,0,0,0,0,0,0,0,0,0,1,1,2,2,./Cleaned-Dataset/Normal/privacy_1.php,normal
0,0,0,0,0,0,0,0,0,0,0,0,0,0,0,0,0,0,0,1,1,2,2,./Cleaned-Dataset/Normal/privacy_2.php,normal
0,0,0,0,0,0,0,0,0,0,0,0,0,0,0,0,0,0,0,0,1,2,4,./Cleaned-Dataset/Normal/profile.php,normal
0,0,0,0,0,0,0,0,0,0,0,0,0,0,0,0,0,0,0,1,1,2,2,./Cleaned-Dataset/Normal/profile_1.php,normal
0,0,0,0,0,0,0,0,0,0,0,0,0,0,0,0,0,0,0,1,1,2,2,./Cleaned-Dataset/Normal/profile_2.php,normal
0,0,0,0,0,0,0,0,0,0,0,0,0,0,0,0,0,0,0,0,0,0,3,./Cleaned-Dataset/Normal/providers.php,normal
0,0,1,0,0,0,0,0,0,0,0,0,0,0,0,0,0,0,0,0,0,1,15,./Cleaned-Dataset/Normal/Proxy.php,normal
0,0,0,0,0,0,0,0,0,0,0,0,0,0,0,0,0,0,0,0,0,0,101,./Cleaned-Dataset/Normal/Psr16.php,normal
0,0,0,0,0,0,0,0,0,0,0,0,0,0,0,0,0,0,0,0,0,6,288,./Cleaned-Dataset/Normal/Psr18Client.php,normal
0,0,0,0,0,0,0,0,0,0,0,0,0,0,0,0,0,0,0,0,0,0,124,./Cleaned-Dataset/Normal/Psr7Response.php,normal
0,0,0,0,0,0,0,0,0,0,0,0,0,0,0,0,0,0,0,0,0,97,71,./Cleaned-Dataset/Normal/query-default.php,normal
0,0,0,0,0,0,0,0,0,0,0,0,0,0,0,0,0,0,0,0,0,47,32,./Cleaned-Dataset/Normal/query-grid-posts.php,normal
0,0,0,0,0,0,0,0,0,0,0,0,0,0,0,0,0,0,0,0,0,67,39,./Cleaned-Dataset/Normal/query-grid.php,normal
0,0,1,0,0,0,0,0,0,0,0,0,0,0,0,0,0,0,0,0,0,92,57,./Cleaned-Dataset/Normal/query-image-grid.php,normal
0,0,0,0,0,0,0,0,0,0,0,0,0,0,0,0,0,0,0,0,0,443,211,./Cleaned-Dataset/Normal/query-irregular-grid.php,normal
0,0,0,0,0,0,0,0,0,0,0,0,0,0,0,0,0,0,0,0,0,90,53,./Cleaned-Dataset/Normal/query-large-title-posts.php,normal
0,0,0,0,0,0,0,0,0,0,0,0,0,0,0,0,0,0,0,0,0,61,39,./Cleaned-Dataset/Normal/query-large-titles.php,normal
0,0,0,0,0,0,0,0,0,0,0,0,0,0,0,0,0,0,0,0,0,40,25,./Cleaned-Dataset/Normal/query-medium-posts.php,normal
0,0,0,0,0,0,0,0,0,0,0,0,2,0,0,0,0,0,0,0,0,25,133,./Cleaned-Dataset/Normal/query-no-results.php,normal
0,0,0,0,0,0,0,0,0,0,0,0,0,0,0,0,0,0,0,0,0,84,46,./Cleaned-Dataset/Normal/query-offset-posts.php,normal
0,0,0,0,0,0,0,0,0,0,0,0,2,0,0,0,0,0,0,0,0,45,280,./Cleaned-Dataset/Normal/query-pagination-next.php,normal
0,0,0,0,0,0,0,0,0,0,0,0,4,0,0,0,0,0,0,0,0,51,291,./Cleaned-Dataset/Normal/query-pagination-numbers.php,normal
0,0,0,0,0,0,0,0,0,0,0,0,2,0,0,0,0,0,0,0,0,45,268,./Cleaned-Dataset/Normal/query-pagination-previous.php,normal
0,0,0,0,0,0,0,0,0,0,0,0,0,0,0,0,0,0,0,0,0,17,63,./Cleaned-Dataset/Normal/query-pagination.php,normal
0,0,0,0,0,0,0,0,0,0,0,0,0,0,0,0,0,0,0,0,0,94,67,./Cleaned-Dataset/Normal/query-simple-blog.php,normal
0,0,0,0,0,0,0,0,0,0,0,0,0,0,0,0,0,0,0,0,0,44,25,./Cleaned-Dataset/Normal/query-small-posts.php,normal
0,0,0,0,0,0,0,0,0,0,0,0,0,0,0,0,0,0,0,0,0,32,19,./Cleaned-Dataset/Normal/query-standard-posts.php,normal
0,0,0,0,0,0,0,0,0,0,0,0,0,0,0,0,0,0,0,0,0,62,37,./Cleaned-Dataset/Normal/query-text-grid.php,normal
0,0,0,0,0,0,0,0,0,0,0,0,0,0,0,0,0,0,0,0,0,41,236,./Cleaned-Dataset/Normal/query-title.php,normal
0,0,0,0,0,0,0,0,0,0,0,0,2,0,0,0,0,0,0,0,0,25,174,./Cleaned-Dataset/Normal/query-total.php,normal
0,0,0,0,0,0,0,0,0,0,0,0,0,0,0,0,0,1,0,0,0,137,1580,./Cleaned-Dataset/Normal/query.php,normal
0,0,0,0,0,0,0,0,0,0,0,0,0,0,0,0,0,0,0,0,0,51,358,./Cleaned-Dataset/Normal/query_1.php,normal
0,0,0,0,0,0,0,0,0,0,0,0,0,0,0,0,0,0,0,0,0,106,73,./Cleaned-Dataset/Normal/queue.php,normal
0,0,0,0,0,0,0,0,0,0,0,0,0,0,0,0,0,0,0,0,0,3,18,./Cleaned-Dataset/Normal/Rating.php,normal
0,0,0,0,0,0,0,0,0,0,0,0,0,0,0,0,0,0,0,0,0,2,76,./Cleaned-Dataset/Normal/Rating_1.php,normal
0,0,0,0,0,0,0,0,0,0,0,0,0,0,0,0,0,0,0,0,0,2,139,./Cleaned-Dataset/Normal/RawTextResponse.php,normal
0,0,0,0,0,0,0,0,0,0,0,0,0,0,0,0,0,0,0,0,0,20,108,./Cleaned-Dataset/Normal/read-more.php,normal
0,0,0,0,0,0,0,0,0,0,0,0,0,0,0,0,0,0,0,0,0,2,29,./Cleaned-Dataset/Normal/readonly.php,normal
0,0,0,0,0,0,0,0,0,0,0,0,0,0,0,0,0,0,0,0,0,3,18,./Cleaned-Dataset/Normal/Redis.php,normal
0,0,0,0,0,0,0,0,0,0,0,0,0,0,0,0,0,0,0,0,0,18,255,./Cleaned-Dataset/Normal/Redis_1.php,normal
0,0,0,0,0,0,0,0,0,0,0,0,0,0,0,0,0,0,0,0,0,3,7,./Cleaned-Dataset/Normal/registration-functions.php,normal
0,0,0,0,0,0,0,0,0,0,0,0,0,0,0,0,0,0,0,0,0,3,7,./Cleaned-Dataset/Normal/registration.php,normal
0,0,0,0,0,0,0,0,0,0,0,0,0,0,0,0,0,0,0,0,0,3,18,./Cleaned-Dataset/Normal/Registry.php,normal
0,0,0,0,0,0,0,0,0,0,0,0,0,0,0,0,0,0,0,0,0,0,14,./Cleaned-Dataset/Normal/RegistryAware.php,normal
0,1,0,0,0,0,0,0,0,0,0,0,0,0,0,0,0,0,0,0,0,31,388,./Cleaned-Dataset/Normal/Registry_1.php,normal
0,0,0,0,0,0,0,0,0,0,0,0,0,0,0,0,0,0,0,0,0,25,497,./Cleaned-Dataset/Normal/Renderer.php,normal
0,0,0,0,0,0,0,0,0,0,0,0,4,0,0,0,0,0,0,0,1,112,401,./Cleaned-Dataset/Normal/repair.php,normal
0,0,0,0,0,0,0,0,0,0,0,0,0,0,0,0,0,0,1,0,0,1,1,./Cleaned-Dataset/Normal/Requests.php,normal
0,0,3,0,0,0,0,0,0,13,2,0,0,0,0,0,0,0,0,0,0,230,2290,./Cleaned-Dataset/Normal/Requests_1.php,normal
0,0,0,0,0,0,0,0,0,0,0,0,0,0,0,0,0,0,0,0,76,76,76,./Cleaned-Dataset/Normal/require-dynamic-blocks.php,normal
0,0,0,0,0,0,0,0,0,0,0,0,0,0,0,0,0,0,0,0,0,28,3,./Cleaned-Dataset/Normal/require-static-blocks.php,normal
0,0,0,0,0,0,0,0,0,0,0,0,0,0,0,0,0,0,0,0,0,8,155,./Cleaned-Dataset/Normal/Response.php,normal
0,0,0,0,0,0,0,0,0,0,0,0,0,0,0,0,0,0,0,0,0,15,93,./Cleaned-Dataset/Normal/Response_1.php,normal
0,0,0,0,0,0,0,0,0,0,0,0,0,0,2,0,0,5,0,0,0,854,7150,./Cleaned-Dataset/Normal/rest-api.php,normal
0,0,0,0,0,0,0,0,0,0,0,0,0,0,0,0,0,0,0,0,0,3,18,./Cleaned-Dataset/Normal/Restriction.php,normal
0,0,0,0,0,0,0,0,0,0,0,0,0,0,0,0,0,0,0,0,0,6,101,./Cleaned-Dataset/Normal/Restriction_1.php,normal
0,0,0,0,0,0,0,0,0,0,0,0,0,0,10,0,0,0,0,1,3,82,361,./Cleaned-Dataset/Normal/revision.php,normal
0,0,0,0,0,0,0,0,0,0,0,0,0,0,0,0,0,1,0,0,0,171,858,./Cleaned-Dataset/Normal/revision_1.php,normal
0,0,1,0,0,0,0,0,0,0,0,0,4,0,7,0,0,1,0,0,0,189,1827,./Cleaned-Dataset/Normal/revision_2.php,normal
0,0,0,0,0,0,0,0,0,0,0,0,0,0,0,0,0,0,0,0,0,138,1156,./Cleaned-Dataset/Normal/rewrite.php,normal
0,0,0,0,0,0,0,0,0,0,0,0,0,0,0,0,0,0,0,0,0,28,377,./Cleaned-Dataset/Normal/ristretto255.php,normal
0,0,0,0,0,0,0,0,0,0,0,0,0,0,0,0,0,0,0,0,0,45,1813,./Cleaned-Dataset/Normal/Ristretto255_1.php,normal
0,0,0,0,0,0,0,0,0,0,0,0,0,0,0,0,0,3,0,0,0,37,221,./Cleaned-Dataset/Normal/robots-template.php,normal
0,0,0,0,0,0,0,0,0,0,0,0,0,0,0,0,0,0,0,0,1,4,15,./Cleaned-Dataset/Normal/rss-functions.php,normal
0,0,0,0,0,0,0,0,0,0,0,0,0,0,0,0,0,0,0,0,0,185,2063,./Cleaned-Dataset/Normal/rss.php,normal
0,0,0,0,0,0,0,0,0,0,0,0,0,0,0,0,0,0,0,0,0,71,441,./Cleaned-Dataset/Normal/rss_1.php,normal
0,0,0,0,0,0,0,0,0,0,0,0,0,0,0,0,0,0,0,0,0,0,3,./Cleaned-Dataset/Normal/Salsa20.php,normal
0,0,0,0,0,0,0,0,0,0,0,0,0,0,0,0,0,0,0,0,0,8,769,./Cleaned-Dataset/Normal/Salsa20_1.php,normal
0,0,0,0,0,0,0,0,0,0,0,0,0,0,0,0,0,0,0,0,0,8,1024,./Cleaned-Dataset/Normal/Salsa20_2.php,normal
0,0,0,0,0,0,0,0,0,0,0,0,0,0,0,0,0,0,0,0,0,3,18,./Cleaned-Dataset/Normal/Sanitize.php,normal
0,1,0,0,0,0,0,0,1,0,0,0,0,0,0,0,0,1,0,0,0,242,1800,./Cleaned-Dataset/Normal/Sanitize_1.php,normal
0,0,0,0,0,0,0,0,0,0,0,0,0,0,0,0,0,1,0,0,0,617,2413,./Cleaned-Dataset/Normal/schema.php,normal
0,0,0,0,0,0,0,0,0,0,0,0,0,0,0,0,0,0,0,0,0,40,419,./Cleaned-Dataset/Normal/screen.php,normal
0,0,0,0,0,0,0,0,0,0,0,0,0,0,0,0,0,0,0,0,0,709,255,./Cleaned-Dataset/Normal/script-loader-packages.min.php,normal
0,0,0,0,0,0,0,0,0,0,0,0,0,0,0,0,0,0,0,0,0,709,255,./Cleaned-Dataset/Normal/script-loader-packages.php,normal
0,0,0,0,0,0,0,0,0,0,0,0,0,0,0,0,0,0,0,0,0,4,5,./Cleaned-Dataset/Normal/script-loader-react-refresh-entry.min.php,normal
0,0,0,0,0,0,0,0,0,0,0,0,0,0,0,0,0,0,0,0,0,3,5,./Cleaned-Dataset/Normal/script-loader-react-refresh-runtime.min.php,normal
0,0,1,0,0,0,0,0,0,0,0,0,4,0,0,0,0,5,0,11,1,2593,7558,./Cleaned-Dataset/Normal/script-loader.php,normal
0,0,0,0,0,0,0,0,0,0,0,0,0,0,0,0,0,0,0,0,0,88,55,./Cleaned-Dataset/Normal/script-modules-packages.min.php,normal
0,0,0,0,0,0,0,0,0,0,0,0,0,0,0,0,0,0,0,0,0,88,55,./Cleaned-Dataset/Normal/script-modules-packages.php,normal
0,0,0,0,0,0,0,0,0,0,0,0,0,0,0,0,0,1,0,0,0,44,242,./Cleaned-Dataset/Normal/script-modules.php,normal
0,0,0,0,0,0,0,0,0,0,0,0,0,0,0,0,0,2,0,0,0,21,51,./Cleaned-Dataset/Normal/search.php,normal
0,0,0,0,0,0,0,0,0,0,0,0,0,0,0,0,0,0,0,0,0,17,14,./Cleaned-Dataset/Normal/searchform.php,normal
0,0,0,0,0,0,0,0,0,0,0,0,0,0,0,0,0,0,0,0,0,24,33,./Cleaned-Dataset/Normal/searchform_1.php,normal
0,0,0,0,0,0,0,0,0,0,0,0,0,0,0,0,0,0,0,0,0,19,18,./Cleaned-Dataset/Normal/searchform_2.php,normal
0,0,0,0,0,0,0,0,0,0,0,0,0,0,0,0,0,0,0,0,0,27,67,./Cleaned-Dataset/Normal/searchform_3.php,normal
0,0,0,0,0,0,0,0,0,0,0,0,0,0,0,0,0,0,0,0,0,21,45,./Cleaned-Dataset/Normal/searchform_4.php,normal
0,0,0,0,0,0,0,0,0,0,0,0,0,0,0,0,0,2,0,0,0,24,43,./Cleaned-Dataset/Normal/search_1.php,normal
0,0,0,0,0,0,0,0,0,0,0,0,0,0,0,0,0,1,0,0,0,315,1832,./Cleaned-Dataset/Normal/search_10.php,normal
0,0,0,0,0,0,0,0,0,0,0,0,0,0,0,0,0,3,0,0,0,14,45,./Cleaned-Dataset/Normal/search_2.php,normal
0,0,0,0,0,0,0,0,0,0,0,0,0,0,0,0,0,3,0,0,0,14,36,./Cleaned-Dataset/Normal/search_3.php,normal
0,0,0,0,0,0,0,0,0,0,0,0,0,0,0,0,0,1,0,0,0,37,65,./Cleaned-Dataset/Normal/search_4.php,normal
0,0,0,0,0,0,0,0,0,0,0,0,0,0,0,0,0,2,0,0,0,26,48,./Cleaned-Dataset/Normal/search_5.php,normal
0,0,0,0,0,0,0,0,0,0,0,0,0,0,0,0,0,1,0,0,0,18,33,./Cleaned-Dataset/Normal/search_6.php,normal
0,0,0,0,0,0,0,0,0,0,0,0,0,0,0,0,0,0,0,0,0,12,40,./Cleaned-Dataset/Normal/search_7.php,normal
0,0,0,0,0,0,0,0,0,0,0,0,0,0,0,0,0,0,0,0,0,22,49,./Cleaned-Dataset/Normal/search_8.php,normal
0,0,0,0,0,0,0,0,0,0,0,0,0,0,0,0,0,3,0,0,0,13,58,./Cleaned-Dataset/Normal/search_9.php,normal
0,0,0,0,0,0,0,0,0,0,0,0,0,0,0,0,0,0,0,0,0,107,107,./Cleaned-Dataset/Normal/services-3-col.php,normal
0,0,0,0,0,0,0,0,0,0,0,0,0,0,0,0,0,0,0,0,0,113,108,./Cleaned-Dataset/Normal/services-subscriber-only-section.php,normal
0,0,0,0,0,0,0,0,0,0,0,0,0,0,0,0,0,0,0,0,0,73,72,./Cleaned-Dataset/Normal/services-team-photos.php,normal
0,0,0,0,0,0,0,0,0,0,0,0,0,0,0,0,0,0,0,0,0,20,27,./Cleaned-Dataset/Normal/services.php,normal
0,0,0,0,0,0,0,0,0,0,0,0,0,0,0,0,0,0,0,0,0,58,46,./Cleaned-Dataset/Normal/session.php,normal
0,0,0,0,0,0,0,0,0,0,0,0,0,0,0,0,0,0,0,0,2,3,7,./Cleaned-Dataset/Normal/session_1.php,normal
0,0,0,0,0,0,0,0,0,0,0,0,0,0,0,0,0,0,0,0,0,42,615,./Cleaned-Dataset/Normal/Session_2.php,normal
0,0,0,0,0,0,0,0,0,0,0,0,5,8,0,0,0,1,0,0,4,440,828,./Cleaned-Dataset/Normal/settings.php,normal
0,0,0,0,0,0,0,0,0,0,0,0,0,0,0,0,0,2,0,0,0,35,259,./Cleaned-Dataset/Normal/settings_1.php,normal
0,0,0,0,0,0,0,0,0,0,0,0,3,6,4,0,0,0,0,1,2,279,1055,./Cleaned-Dataset/Normal/setup-config.php,normal
0,0,0,0,0,0,0,0,0,0,0,0,0,0,0,0,0,0,0,1,1,2,2,./Cleaned-Dataset/Normal/setup.php,normal
0,0,0,0,0,0,0,0,0,0,0,0,0,0,0,0,0,0,0,0,0,22,126,./Cleaned-Dataset/Normal/shadow.php,normal
0,1,0,0,2,0,0,0,0,0,0,0,0,0,0,0,0,0,0,0,0,19,370,./Cleaned-Dataset/Normal/shell.php,normal
0,0,0,0,0,0,0,0,0,0,0,0,0,0,0,0,0,0,0,0,0,5,26,./Cleaned-Dataset/Normal/shortcode.php,normal
0,0,0,0,0,0,0,0,0,0,0,0,0,0,0,0,0,0,0,0,0,128,1479,./Cleaned-Dataset/Normal/shortcodes.php,normal
0,0,0,0,0,0,0,0,0,0,0,0,0,0,0,0,0,0,0,0,0,99,308,./Cleaned-Dataset/Normal/showcase.php,normal
0,0,0,0,0,0,0,0,0,0,0,0,0,0,0,0,0,0,0,0,0,10,25,./Cleaned-Dataset/Normal/sidebar-content-bottom.php,normal
0,0,0,0,0,0,0,0,0,0,0,0,0,0,0,0,0,0,0,0,0,5,10,./Cleaned-Dataset/Normal/sidebar-content.php,normal
0,0,0,0,0,0,0,0,0,0,0,0,0,0,0,0,0,0,0,0,0,19,38,./Cleaned-Dataset/Normal/sidebar-footer.php,normal
0,0,0,0,0,0,0,0,0,0,0,0,0,0,0,0,0,0,0,0,0,6,10,./Cleaned-Dataset/Normal/sidebar-footer_1.php,normal
0,0,0,0,0,0,0,0,0,0,0,0,0,0,0,0,0,0,0,0,0,26,45,./Cleaned-Dataset/Normal/sidebar-footer_2.php,normal
0,0,0,0,0,0,0,0,0,0,0,0,0,0,0,0,0,0,0,0,0,11,25,./Cleaned-Dataset/Normal/sidebar-front.php,normal
0,0,0,0,0,0,0,0,0,0,0,0,0,0,0,0,0,0,0,0,0,6,8,./Cleaned-Dataset/Normal/sidebar-main.php,normal
0,0,0,0,0,0,0,0,0,0,0,0,0,0,0,0,0,0,0,0,0,6,23,./Cleaned-Dataset/Normal/sidebar-page.php,normal
0,0,0,0,0,0,0,0,0,0,0,0,0,0,0,0,0,0,0,0,0,18,38,./Cleaned-Dataset/Normal/sidebar.php,normal
0,0,0,0,0,0,0,0,0,0,0,0,0,0,0,0,0,0,0,0,0,27,37,./Cleaned-Dataset/Normal/sidebar_1.php,normal
0,0,0,0,0,0,0,0,0,0,0,0,0,0,0,0,0,0,0,0,0,13,32,./Cleaned-Dataset/Normal/sidebar_2.php,normal
0,0,0,0,0,0,0,0,0,0,0,0,0,0,0,0,0,0,0,0,0,5,13,./Cleaned-Dataset/Normal/sidebar_3.php,normal
0,0,0,0,0,0,0,0,0,0,0,0,0,0,0,0,0,0,0,0,0,4,8,./Cleaned-Dataset/Normal/sidebar_4.php,normal
0,0,0,0,0,0,0,0,0,0,0,0,0,0,0,0,0,0,0,0,0,25,36,./Cleaned-Dataset/Normal/sidebar_5.php,normal
0,0,0,0,0,0,0,0,0,0,0,0,0,0,0,0,0,0,0,0,0,7,8,./Cleaned-Dataset/Normal/sidebar_6.php,normal
0,0,0,0,0,0,0,0,0,0,0,0,0,0,0,0,0,0,0,0,0,5,8,./Cleaned-Dataset/Normal/sidebar_7.php,normal
0,0,0,0,0,0,0,0,0,0,0,0,2,0,0,0,0,1,0,0,0,47,223,./Cleaned-Dataset/Normal/sidebar_8.php,normal
0,0,0,0,0,0,0,0,0,0,0,0,0,0,0,0,0,0,0,0,0,74,274,./Cleaned-Dataset/Normal/SimplePie.php,normal
0,1,2,0,0,0,0,0,0,0,0,0,0,0,0,0,0,0,0,0,0,792,7868,./Cleaned-Dataset/Normal/SimplePie_1.php,normal
0,0,0,0,0,0,0,0,0,0,0,0,0,0,0,0,0,0,0,0,0,17,37,./Cleaned-Dataset/Normal/single.php,normal
0,0,0,0,0,0,0,0,0,0,0,0,0,0,0,0,0,2,0,0,0,25,44,./Cleaned-Dataset/Normal/single_1.php,normal
0,0,0,0,0,0,0,0,0,0,0,0,0,0,0,0,0,2,0,0,0,7,41,./Cleaned-Dataset/Normal/single_2.php,normal
0,0,0,0,0,0,0,0,0,0,0,0,0,0,0,0,0,0,0,0,0,32,60,./Cleaned-Dataset/Normal/single_3.php,normal
0,0,0,0,0,0,0,0,0,0,0,0,0,0,0,0,0,0,0,0,0,28,53,./Cleaned-Dataset/Normal/single_4.php,normal
0,0,0,0,0,0,0,0,0,0,0,0,0,0,0,0,0,1,0,0,0,33,66,./Cleaned-Dataset/Normal/single_5.php,normal
0,0,0,0,0,0,0,0,0,0,0,0,0,0,0,0,0,1,0,0,0,5,12,./Cleaned-Dataset/Normal/single_6.php,normal
0,0,0,0,0,0,0,0,0,0,0,0,0,0,0,0,0,0,0,0,0,6,28,./Cleaned-Dataset/Normal/single_7.php,normal
0,0,0,0,0,0,0,0,0,0,0,0,0,0,0,0,0,0,0,0,0,24,40,./Cleaned-Dataset/Normal/single_8.php,normal
0,0,0,0,0,0,0,0,0,0,0,0,0,0,0,0,0,0,0,0,0,23,76,./Cleaned-Dataset/Normal/single_9.php,normal
0,0,0,0,0,0,0,0,0,0,0,0,0,0,0,0,0,0,0,0,0,3,29,./Cleaned-Dataset/Normal/singular.php,normal
0,0,0,0,0,0,0,0,0,0,0,0,0,0,0,0,0,0,0,0,0,0,3,./Cleaned-Dataset/Normal/SipHash.php,normal
0,0,0,0,0,0,0,0,0,0,0,0,0,0,0,0,0,0,0,0,0,2,1013,./Cleaned-Dataset/Normal/SipHash_1.php,normal
0,0,0,0,0,0,0,0,0,0,0,0,0,0,0,0,0,0,0,0,0,2,621,./Cleaned-Dataset/Normal/SipHash_2.php,normal
0,0,0,0,0,0,0,0,0,0,0,0,0,0,0,0,0,0,0,0,0,42,108,./Cleaned-Dataset/Normal/site-branding.php,normal
0,0,0,0,0,0,0,0,0,0,0,0,0,0,0,0,0,0,0,0,0,27,89,./Cleaned-Dataset/Normal/site-branding_1.php,normal
0,0,0,0,0,0,0,0,0,0,0,0,0,0,0,0,0,0,0,0,0,18,94,./Cleaned-Dataset/Normal/site-branding_2.php,normal
0,0,0,0,0,0,0,0,0,0,0,0,8,0,52,0,0,0,0,0,3,259,901,./Cleaned-Dataset/Normal/site-editor.php,normal
0,0,0,0,0,0,0,0,0,0,0,0,0,0,0,0,0,0,0,0,0,13,26,./Cleaned-Dataset/Normal/site-header.php,normal
0,0,0,0,0,0,0,0,0,0,0,0,0,0,0,0,0,0,0,0,2,68,240,./Cleaned-Dataset/Normal/site-health-info.php,normal
0,0,0,0,0,0,0,0,0,0,0,0,9,0,2,0,0,1,0,0,5,184,421,./Cleaned-Dataset/Normal/site-health.php,normal
0,0,0,0,0,0,0,0,0,0,0,0,2,2,4,0,0,0,0,0,3,146,617,./Cleaned-Dataset/Normal/site-info.php,normal
0,0,0,0,0,0,0,0,0,0,0,0,0,0,0,0,0,0,0,0,0,9,19,./Cleaned-Dataset/Normal/site-info_1.php,normal
0,0,0,0,0,0,0,0,0,0,0,0,0,0,0,0,0,0,0,0,0,76,367,./Cleaned-Dataset/Normal/site-logo.php,normal
0,0,0,0,0,0,0,0,0,0,0,0,0,0,0,0,0,0,0,0,0,28,27,./Cleaned-Dataset/Normal/site-nav.php,normal
0,0,0,0,0,0,0,0,0,0,0,0,4,7,2,0,0,0,0,0,4,178,628,./Cleaned-Dataset/Normal/site-new.php,normal
0,0,0,0,0,0,0,0,0,0,0,0,2,2,4,0,0,0,0,0,3,85,420,./Cleaned-Dataset/Normal/site-settings.php,normal
0,0,0,0,0,0,0,0,0,0,0,0,0,0,0,0,0,0,0,0,0,16,78,./Cleaned-Dataset/Normal/site-tagline.php,normal
0,0,0,0,0,0,0,0,0,0,0,0,12,6,6,0,0,0,0,0,3,119,598,./Cleaned-Dataset/Normal/site-themes.php,normal
0,0,0,0,0,0,0,0,0,0,0,0,0,0,0,0,0,0,0,0,0,33,161,./Cleaned-Dataset/Normal/site-title.php,normal
0,0,0,0,0,0,0,0,0,0,0,0,6,6,11,0,0,0,0,0,3,236,839,./Cleaned-Dataset/Normal/site-users.php,normal
0,0,1,0,0,0,0,0,0,0,0,0,0,0,0,0,0,0,0,0,0,10,150,./Cleaned-Dataset/Normal/sitemaps.php,normal
0,0,0,0,0,0,0,0,0,0,0,0,14,8,4,0,0,0,0,0,7,275,840,./Cleaned-Dataset/Normal/sites.php,normal
0,0,2,0,0,0,0,0,1,0,0,0,0,0,0,0,0,0,0,0,0,293,2376,./Cleaned-Dataset/Normal/SMTP.php,normal
0,0,0,0,0,0,0,0,0,0,0,0,0,0,0,0,0,0,0,0,0,3,18,./Cleaned-Dataset/Normal/Sniffer.php,normal
0,0,0,0,0,0,0,0,0,0,0,0,0,0,0,0,0,0,0,0,0,82,512,./Cleaned-Dataset/Normal/Sniffer_1.php,normal
0,0,0,0,0,0,0,0,0,0,0,0,0,0,0,0,0,0,0,0,0,375,637,./Cleaned-Dataset/Normal/social-link.php,normal
0,0,0,0,0,0,0,0,0,0,0,0,0,0,0,0,0,0,0,0,0,32,17,./Cleaned-Dataset/Normal/social-links-shared-background-color.php,normal
0,0,0,0,0,0,0,0,0,0,0,0,0,0,0,0,0,0,0,0,0,1,8,./Cleaned-Dataset/Normal/SodiumException.php,normal
0,0,0,0,0,0,0,0,0,0,0,0,0,0,0,0,0,0,0,0,2,60,1409,./Cleaned-Dataset/Normal/sodium_compat.php,normal
0,0,0,0,0,0,0,0,0,0,0,0,0,0,0,0,0,0,0,0,0,3,18,./Cleaned-Dataset/Normal/Source.php,normal
0,0,0,0,0,0,0,0,0,0,0,0,0,0,0,0,0,0,0,0,0,262,2374,./Cleaned-Dataset/Normal/Source_1.php,normal
0,0,0,0,0,0,0,0,0,0,0,0,0,0,0,0,0,0,0,0,0,37,177,./Cleaned-Dataset/Normal/spacing.php,normal
0,0,0,0,0,0,0,0,0,0,0,0,0,0,0,0,0,1,0,0,0,101,326,./Cleaned-Dataset/Normal/speculative-loading.php,normal
0,0,0,0,0,0,0,0,0,0,0,0,0,0,0,0,0,0,0,0,0,3,7,./Cleaned-Dataset/Normal/spl-autoload-compat.php,normal
0,0,0,0,0,0,0,0,0,0,0,0,0,0,0,0,0,0,0,0,0,1,313,./Cleaned-Dataset/Normal/SplFixedArray.php,normal
0,0,0,0,0,0,0,0,0,0,0,0,0,0,0,0,0,0,0,0,0,29,299,./Cleaned-Dataset/Normal/Ssl.php,normal
0,0,0,0,0,0,0,0,0,0,0,0,0,0,0,0,0,0,0,0,0,239,180,./Cleaned-Dataset/Normal/starter-content.php,normal
0,0,0,0,0,0,0,0,0,0,0,0,0,0,0,0,0,0,0,0,0,195,133,./Cleaned-Dataset/Normal/starter-content_1.php,normal
0,0,0,0,0,0,0,0,0,0,0,0,0,0,0,0,0,0,0,0,0,0,3,./Cleaned-Dataset/Normal/State.php,normal
0,0,0,0,0,0,0,0,0,0,0,0,0,0,0,0,0,0,0,0,0,14,680,./Cleaned-Dataset/Normal/State128L.php,normal
0,0,0,0,0,0,0,0,0,0,0,0,0,0,0,0,0,0,0,0,0,14,547,./Cleaned-Dataset/Normal/State256.php,normal
0,0,0,0,0,0,0,0,0,0,0,0,0,0,0,0,0,0,0,0,0,5,1182,./Cleaned-Dataset/Normal/State_1.php,normal
0,0,0,0,0,0,0,0,0,0,0,0,0,0,0,0,0,0,0,0,0,8,215,./Cleaned-Dataset/Normal/State_2.php,normal
0,0,0,0,0,0,0,0,0,0,0,0,0,0,0,0,0,0,0,0,0,5,1364,./Cleaned-Dataset/Normal/State_3.php,normal
0,0,0,0,0,0,0,0,0,0,0,0,0,0,0,0,0,0,0,0,0,8,215,./Cleaned-Dataset/Normal/State_4.php,normal
0,0,0,0,0,0,0,0,0,0,0,0,0,0,0,0,0,0,0,0,0,1,8,./Cleaned-Dataset/Normal/Status304.php,normal
0,0,0,0,0,0,0,0,0,0,0,0,0,0,0,0,0,0,0,0,0,1,8,./Cleaned-Dataset/Normal/Status305.php,normal
0,0,0,0,0,0,0,0,0,0,0,0,0,0,0,0,0,0,0,0,0,1,8,./Cleaned-Dataset/Normal/Status306.php,normal
0,0,0,0,0,0,0,0,0,0,0,0,0,0,0,0,0,0,0,0,0,1,8,./Cleaned-Dataset/Normal/Status400.php,normal
0,0,0,0,0,0,0,0,0,0,0,0,0,0,0,0,0,0,0,0,0,1,8,./Cleaned-Dataset/Normal/Status401.php,normal
0,0,0,0,0,0,0,0,0,0,0,0,0,0,0,0,0,0,0,0,0,1,8,./Cleaned-Dataset/Normal/Status402.php,normal
0,0,0,0,0,0,0,0,0,0,0,0,0,0,0,0,0,0,0,0,0,1,8,./Cleaned-Dataset/Normal/Status403.php,normal
0,0,0,0,0,0,0,0,0,0,0,0,0,0,0,0,0,0,0,0,0,1,8,./Cleaned-Dataset/Normal/Status404.php,normal
0,0,0,0,0,0,0,0,0,0,0,0,0,0,0,0,0,0,0,0,0,1,8,./Cleaned-Dataset/Normal/Status405.php,normal
0,0,0,0,0,0,0,0,0,0,0,0,0,0,0,0,0,0,0,0,0,1,8,./Cleaned-Dataset/Normal/Status406.php,normal
0,0,0,0,0,0,0,0,0,0,0,0,0,0,0,0,0,0,0,0,0,1,8,./Cleaned-Dataset/Normal/Status407.php,normal
0,0,0,0,0,0,0,0,0,0,0,0,0,0,0,0,0,0,0,0,0,1,8,./Cleaned-Dataset/Normal/Status408.php,normal
0,0,0,0,0,0,0,0,0,0,0,0,0,0,0,0,0,0,0,0,0,1,8,./Cleaned-Dataset/Normal/Status409.php,normal
0,0,0,0,0,0,0,0,0,0,0,0,0,0,0,0,0,0,0,0,0,1,8,./Cleaned-Dataset/Normal/Status410.php,normal
0,0,0,0,0,0,0,0,0,0,0,0,0,0,0,0,0,0,0,0,0,1,8,./Cleaned-Dataset/Normal/Status411.php,normal
0,0,0,0,0,0,0,0,0,0,0,0,0,0,0,0,0,0,0,0,0,1,8,./Cleaned-Dataset/Normal/Status412.php,normal
0,0,0,0,0,0,0,0,0,0,0,0,0,0,0,0,0,0,0,0,0,1,8,./Cleaned-Dataset/Normal/Status413.php,normal
0,0,0,0,0,0,0,0,0,0,0,0,0,0,0,0,0,0,0,0,0,1,8,./Cleaned-Dataset/Normal/Status414.php,normal
0,0,0,0,0,0,0,0,0,0,0,0,0,0,0,0,0,0,0,0,0,1,8,./Cleaned-Dataset/Normal/Status415.php,normal
0,0,0,0,0,0,0,0,0,0,0,0,0,0,0,0,0,0,0,0,0,1,8,./Cleaned-Dataset/Normal/Status416.php,normal
0,0,0,0,0,0,0,0,0,0,0,0,0,0,0,0,0,0,0,0,0,1,8,./Cleaned-Dataset/Normal/Status417.php,normal
0,0,0,0,0,0,0,0,0,0,0,0,0,0,0,0,0,0,0,0,0,1,8,./Cleaned-Dataset/Normal/Status418.php,normal
0,0,0,0,0,0,0,0,0,0,0,0,0,0,0,0,0,0,0,0,0,1,8,./Cleaned-Dataset/Normal/Status428.php,normal
0,0,0,0,0,0,0,0,0,0,0,0,0,0,0,0,0,0,0,0,0,1,8,./Cleaned-Dataset/Normal/Status429.php,normal
0,0,0,0,0,0,0,0,0,0,0,0,0,0,0,0,0,0,0,0,0,1,8,./Cleaned-Dataset/Normal/Status431.php,normal
0,0,0,0,0,0,0,0,0,0,0,0,0,0,0,0,0,0,0,0,0,1,8,./Cleaned-Dataset/Normal/Status500.php,normal
0,0,0,0,0,0,0,0,0,0,0,0,0,0,0,0,0,0,0,0,0,1,8,./Cleaned-Dataset/Normal/Status501.php,normal
0,0,0,0,0,0,0,0,0,0,0,0,0,0,0,0,0,0,0,0,0,1,8,./Cleaned-Dataset/Normal/Status502.php,normal
0,0,0,0,0,0,0,0,0,0,0,0,0,0,0,0,0,0,0,0,0,1,8,./Cleaned-Dataset/Normal/Status503.php,normal
0,0,0,0,0,0,0,0,0,0,0,0,0,0,0,0,0,0,0,0,0,1,8,./Cleaned-Dataset/Normal/Status504.php,normal
0,0,0,0,0,0,0,0,0,0,0,0,0,0,0,0,0,0,0,0,0,1,8,./Cleaned-Dataset/Normal/Status505.php,normal
0,0,0,0,0,0,0,0,0,0,0,0,0,0,0,0,0,0,0,0,0,1,8,./Cleaned-Dataset/Normal/Status511.php,normal
0,0,0,0,0,0,0,0,0,0,0,0,0,0,0,0,0,0,0,0,0,1,35,./Cleaned-Dataset/Normal/StatusUnknown.php,normal
0,0,0,0,0,0,0,0,0,0,0,0,0,0,0,0,0,0,0,0,0,4,100,./Cleaned-Dataset/Normal/stream-xchacha20.php,normal
0,0,0,0,0,0,0,0,0,0,0,0,0,0,0,0,0,0,0,0,0,28,548,./Cleaned-Dataset/Normal/streams.php,normal
0,0,0,0,0,0,0,0,0,0,0,0,0,0,0,0,0,0,0,0,0,55,792,./Cleaned-Dataset/Normal/string.php,normal
0,0,0,0,0,0,0,0,0,0,0,0,0,0,0,0,0,0,0,0,0,60,309,./Cleaned-Dataset/Normal/style-engine.php,normal
0,0,0,0,0,0,0,0,0,0,0,0,0,0,0,0,0,0,0,0,0,26,65,./Cleaned-Dataset/Normal/svg-icons.php,normal
0,0,0,0,0,0,0,0,0,0,0,0,0,0,0,0,0,0,0,0,0,24,102,./Cleaned-Dataset/Normal/tag-cloud.php,normal
0,0,0,0,0,0,0,0,0,0,0,0,0,0,0,0,0,2,0,0,0,25,66,./Cleaned-Dataset/Normal/tag.php,normal
0,0,0,0,0,0,0,0,0,0,0,0,0,0,0,0,0,3,0,0,0,16,59,./Cleaned-Dataset/Normal/tag_1.php,normal
0,0,0,0,0,0,0,0,0,0,0,0,0,0,0,0,0,1,0,0,0,11,19,./Cleaned-Dataset/Normal/tag_2.php,normal
0,0,0,0,0,0,0,0,0,0,0,0,0,0,0,0,0,0,0,0,0,14,48,./Cleaned-Dataset/Normal/tag_3.php,normal
0,0,0,0,0,0,0,0,0,0,0,0,0,0,0,0,0,2,0,0,0,16,50,./Cleaned-Dataset/Normal/tag_4.php,normal
0,0,0,0,0,0,0,0,0,0,0,0,0,0,0,0,0,3,0,0,0,42,91,./Cleaned-Dataset/Normal/taxonomy-post_format.php,normal
0,0,0,0,0,0,0,0,0,0,0,0,0,0,0,0,0,0,0,0,0,14,44,./Cleaned-Dataset/Normal/taxonomy-post_format_1.php,normal
0,0,0,0,0,0,0,0,0,0,0,0,0,0,0,0,0,0,0,0,0,66,543,./Cleaned-Dataset/Normal/taxonomy.php,normal
0,0,0,0,0,0,0,0,0,0,0,0,0,0,0,0,0,13,0,1,0,1088,9276,./Cleaned-Dataset/Normal/taxonomy_1.php,normal
0,0,0,0,0,0,0,0,0,0,0,0,0,0,0,0,0,0,0,0,0,257,159,./Cleaned-Dataset/Normal/team-4-col.php,normal
0,0,0,0,0,0,0,0,0,0,0,0,0,0,0,0,0,0,0,0,0,61,55,./Cleaned-Dataset/Normal/template-404-vertical-header-blog.php,normal
0,0,0,0,0,0,0,0,0,0,0,0,0,0,0,0,0,0,0,0,0,38,26,./Cleaned-Dataset/Normal/template-archive-blogging.php,normal
0,0,0,0,0,0,0,0,0,0,0,0,0,0,0,0,0,0,0,0,0,36,28,./Cleaned-Dataset/Normal/template-archive-news-blog.php,normal
0,0,0,0,0,0,0,0,0,0,0,0,0,0,0,0,0,0,0,0,0,24,22,./Cleaned-Dataset/Normal/template-archive-photo-blog.php,normal
0,0,0,0,0,0,0,0,0,0,0,0,0,0,0,0,0,0,0,0,0,34,20,./Cleaned-Dataset/Normal/template-archive-portfolio.php,normal
0,0,0,0,0,0,0,0,0,0,0,0,0,0,0,0,0,0,0,0,0,31,26,./Cleaned-Dataset/Normal/template-archive-text-blog.php,normal
0,0,0,0,0,0,0,0,0,0,0,0,0,0,0,0,0,0,0,0,0,70,61,./Cleaned-Dataset/Normal/template-archive-vertical-header-blog.php,normal
0,0,0,0,0,0,0,0,0,0,0,0,0,0,0,0,0,0,0,0,0,2,26,./Cleaned-Dataset/Normal/template-canvas.php,normal
0,0,0,0,0,0,0,0,0,0,0,0,0,0,0,0,0,0,0,0,0,3,27,./Cleaned-Dataset/Normal/template-cover.php,normal
0,0,0,0,0,0,0,0,0,0,0,0,0,0,0,0,0,0,0,0,0,1,3,./Cleaned-Dataset/Normal/template-full-width.php,normal
0,0,0,0,0,0,0,0,0,0,0,0,0,0,0,0,0,0,0,0,0,103,466,./Cleaned-Dataset/Normal/template-functions.php,normal
0,0,0,0,0,0,0,0,0,0,0,0,0,0,0,0,0,0,0,0,0,22,167,./Cleaned-Dataset/Normal/template-functions_1.php,normal
0,0,0,0,0,0,0,0,0,0,0,0,0,0,0,0,0,1,0,0,1,393,734,./Cleaned-Dataset/Normal/template-functions_2.php,normal
0,0,0,0,0,0,0,0,0,0,0,0,0,0,0,0,0,0,0,0,0,39,23,./Cleaned-Dataset/Normal/template-home-blogging.php,normal
0,0,0,0,0,0,0,0,0,0,0,0,0,0,0,0,0,0,0,0,0,28,16,./Cleaned-Dataset/Normal/template-home-business.php,normal
0,0,0,0,0,0,0,0,0,0,0,0,0,0,0,0,0,0,0,0,0,452,309,./Cleaned-Dataset/Normal/template-home-news-blog.php,normal
0,0,0,0,0,0,0,0,0,0,0,0,0,0,0,0,0,0,0,0,0,43,32,./Cleaned-Dataset/Normal/template-home-photo-blog.php,normal
0,0,0,0,0,0,0,0,0,0,0,0,0,0,0,0,0,0,0,0,0,41,25,./Cleaned-Dataset/Normal/template-home-portfolio.php,normal
0,0,0,0,0,0,0,0,0,0,0,0,0,0,0,0,0,0,0,0,0,398,291,./Cleaned-Dataset/Normal/template-home-posts-grid-news-blog.php,normal
0,0,0,0,0,0,0,0,0,0,0,0,0,0,0,0,0,0,0,0,0,31,27,./Cleaned-Dataset/Normal/template-home-text-blog.php,normal
0,0,0,0,0,0,0,0,0,0,0,0,0,0,0,0,0,0,0,0,0,65,59,./Cleaned-Dataset/Normal/template-home-vertical-header-blog.php,normal
0,0,0,0,0,0,0,0,0,0,0,0,0,0,0,0,0,0,0,0,0,300,222,./Cleaned-Dataset/Normal/template-home-with-sidebar-news-blog.php,normal
0,0,0,0,0,0,0,0,0,0,0,0,0,0,0,0,0,0,0,0,0,41,32,./Cleaned-Dataset/Normal/template-index-blogging.php,normal
0,0,0,0,0,0,0,0,0,0,0,0,0,0,0,0,0,0,0,0,0,34,23,./Cleaned-Dataset/Normal/template-index-portfolio.php,normal
0,0,0,0,0,0,0,0,0,0,0,0,0,0,0,0,0,3,0,1,0,51,160,./Cleaned-Dataset/Normal/template-loader.php,normal
0,0,0,0,0,0,0,0,0,0,0,0,0,0,0,0,0,0,0,0,0,50,51,./Cleaned-Dataset/Normal/template-page-photo-blog.php,normal
0,0,0,0,0,0,0,0,0,0,0,0,0,0,0,0,0,0,0,0,0,116,100,./Cleaned-Dataset/Normal/template-page-vertical-header-blog.php,normal
0,0,0,0,0,0,0,0,0,0,0,0,0,0,0,0,0,0,0,0,0,100,586,./Cleaned-Dataset/Normal/template-part.php,normal
0,0,0,0,0,0,0,0,0,0,0,0,0,0,0,0,0,0,0,0,0,122,106,./Cleaned-Dataset/Normal/template-query-loop-news-blog.php,normal
0,0,0,0,0,0,0,0,0,0,0,0,0,0,0,0,0,0,0,0,0,74,53,./Cleaned-Dataset/Normal/template-query-loop-photo-blog.php,normal
0,0,0,0,0,0,0,0,0,0,0,0,0,0,0,0,0,0,0,0,0,117,88,./Cleaned-Dataset/Normal/template-query-loop-text-blog.php,normal
0,0,0,0,0,0,0,0,0,0,0,0,0,0,0,0,0,0,0,0,0,72,45,./Cleaned-Dataset/Normal/template-query-loop-vertical-header-blog.php,normal
0,0,0,0,0,0,0,0,0,0,0,0,0,0,0,0,0,0,0,0,0,96,71,./Cleaned-Dataset/Normal/template-query-loop.php,normal
0,0,0,0,0,0,0,0,0,0,0,0,0,0,0,0,0,0,0,0,0,46,32,./Cleaned-Dataset/Normal/template-search-blogging.php,normal
0,0,0,0,0,0,0,0,0,0,0,0,0,0,0,0,0,0,0,0,0,38,30,./Cleaned-Dataset/Normal/template-search-news-blog.php,normal
0,0,0,0,0,0,0,0,0,0,0,0,0,0,0,0,0,0,0,0,0,32,26,./Cleaned-Dataset/Normal/template-search-photo-blog.php,normal
0,0,0,0,0,0,0,0,0,0,0,0,0,0,0,0,0,0,0,0,0,48,26,./Cleaned-Dataset/Normal/template-search-portfolio.php,normal
0,0,0,0,0,0,0,0,0,0,0,0,0,0,0,0,0,0,0,0,0,37,30,./Cleaned-Dataset/Normal/template-search-text-blog.php,normal
0,0,0,0,0,0,0,0,0,0,0,0,0,0,0,0,0,0,0,0,0,72,63,./Cleaned-Dataset/Normal/template-search-vertical-header-blog.php,normal
0,0,0,0,0,0,0,0,0,0,0,0,0,0,0,0,0,0,0,0,0,237,204,./Cleaned-Dataset/Normal/template-single-left-aligned-content.php,normal
0,0,0,0,0,0,0,0,0,0,0,0,0,0,0,0,0,0,0,0,0,292,234,./Cleaned-Dataset/Normal/template-single-news-blog.php,normal
0,0,0,0,0,0,0,0,0,0,0,0,0,0,0,0,0,0,0,0,0,229,216,./Cleaned-Dataset/Normal/template-single-offset.php,normal
0,0,0,0,0,0,0,0,0,0,0,0,0,0,0,0,0,0,0,0,0,227,197,./Cleaned-Dataset/Normal/template-single-photo-blog.php,normal
0,0,0,0,0,0,0,0,0,0,0,0,0,0,0,0,0,0,0,0,0,47,30,./Cleaned-Dataset/Normal/template-single-portfolio.php,normal
0,0,0,0,0,0,0,0,0,0,0,0,0,0,0,0,0,0,0,0,0,126,126,./Cleaned-Dataset/Normal/template-single-text-blog.php,normal
0,0,0,0,0,0,0,0,0,0,0,0,0,0,0,0,0,0,0,0,0,258,218,./Cleaned-Dataset/Normal/template-single-vertical-header-blog.php,normal
0,0,0,0,0,0,0,0,0,0,0,0,0,0,0,0,0,0,0,0,0,102,487,./Cleaned-Dataset/Normal/template-tags.php,normal
0,0,0,0,0,0,0,0,0,0,0,0,0,0,0,0,0,0,0,0,0,89,403,./Cleaned-Dataset/Normal/template-tags_1.php,normal
0,0,0,0,0,0,0,0,0,0,0,0,0,0,0,0,0,0,0,0,0,75,398,./Cleaned-Dataset/Normal/template-tags_2.php,normal
0,0,0,0,0,0,0,0,0,0,0,0,0,0,0,0,0,0,0,0,0,76,358,./Cleaned-Dataset/Normal/template-tags_3.php,normal
0,0,0,0,0,0,0,0,0,0,0,0,0,0,0,0,0,0,0,0,0,87,452,./Cleaned-Dataset/Normal/template-tags_4.php,normal
0,0,0,0,0,0,0,0,0,0,0,0,0,0,0,0,0,0,0,1,0,228,1148,./Cleaned-Dataset/Normal/template-tags_5.php,normal
0,0,0,0,0,0,0,0,0,0,0,0,0,0,0,0,0,0,0,0,0,107,378,./Cleaned-Dataset/Normal/template-tags_6.php,normal
0,0,0,0,0,0,0,0,0,0,0,0,5,0,4,0,0,9,0,0,2,1278,5538,./Cleaned-Dataset/Normal/template.php,normal
0,1,0,0,0,0,0,0,0,0,0,0,0,0,0,0,0,2,0,5,5,184,1612,./Cleaned-Dataset/Normal/template_1.php,normal
0,0,0,0,0,0,0,0,0,0,0,0,0,0,0,0,0,0,0,0,0,21,121,./Cleaned-Dataset/Normal/term-count.php,normal
0,0,0,0,0,0,0,0,0,0,0,0,0,0,0,0,0,0,0,0,0,35,180,./Cleaned-Dataset/Normal/term-data.php,normal
0,0,0,0,0,0,0,0,0,0,0,0,0,0,0,0,0,0,0,0,0,25,134,./Cleaned-Dataset/Normal/term-description.php,normal
0,0,0,0,0,0,0,0,0,0,0,0,0,0,0,0,0,0,0,0,0,30,183,./Cleaned-Dataset/Normal/term-name.php,normal
0,0,0,0,0,0,0,0,0,0,0,0,0,0,0,0,0,5,0,0,0,57,302,./Cleaned-Dataset/Normal/term-template.php,normal
0,0,0,0,0,0,0,0,0,0,0,0,0,0,2,0,0,0,0,1,3,33,167,./Cleaned-Dataset/Normal/term.php,normal
0,0,0,0,0,0,0,0,0,0,0,0,0,0,0,0,0,0,0,0,0,0,4,./Cleaned-Dataset/Normal/TestCase.php,normal
0,0,0,0,0,0,0,0,0,0,0,0,0,0,0,0,0,0,0,0,0,125,93,./Cleaned-Dataset/Normal/testimonial-centered.php,normal
0,0,0,0,0,0,0,0,0,0,0,0,0,0,0,0,0,0,0,0,0,143,119,./Cleaned-Dataset/Normal/testimonials-2-col.php,normal
0,0,0,0,0,0,0,0,0,0,0,0,0,0,0,0,0,0,0,0,0,475,448,./Cleaned-Dataset/Normal/testimonials-6-col.php,normal
0,0,0,0,0,0,0,0,0,0,0,0,0,0,0,0,0,0,0,0,0,135,104,./Cleaned-Dataset/Normal/testimonials-large.php,normal
0,0,0,0,0,0,0,0,0,0,0,0,0,0,0,0,0,0,0,0,0,188,147,./Cleaned-Dataset/Normal/text-alternating-images.php,normal
0,0,0,0,0,0,0,0,0,0,0,0,0,0,0,0,0,0,0,0,0,38,38,./Cleaned-Dataset/Normal/text-centered-statement-small.php,normal
0,0,0,0,0,0,0,0,0,0,0,0,0,0,0,0,0,0,0,0,0,59,50,./Cleaned-Dataset/Normal/text-centered-statement.php,normal
0,0,0,0,0,0,0,0,0,0,0,0,0,0,0,0,0,0,0,0,0,241,226,./Cleaned-Dataset/Normal/text-faq.php,normal
0,0,0,0,0,0,0,0,0,0,0,0,0,0,0,0,0,0,0,0,0,156,171,./Cleaned-Dataset/Normal/text-faqs.php,normal
0,0,0,0,0,0,0,0,0,0,0,0,0,0,0,0,0,0,0,0,0,285,207,./Cleaned-Dataset/Normal/text-feature-grid-3-col.php,normal
0,0,0,0,0,0,0,0,0,0,0,0,0,0,0,0,0,0,0,0,0,91,75,./Cleaned-Dataset/Normal/text-project-details.php,normal
0,0,0,0,0,0,0,0,0,0,0,0,0,0,0,0,0,0,0,0,0,113,81,./Cleaned-Dataset/Normal/text-title-left-image-right.php,normal
0,0,0,0,0,0,0,0,0,0,0,0,1,3,7,0,0,0,0,0,3,322,1032,./Cleaned-Dataset/Normal/theme-editor.php,normal
0,0,0,0,0,0,0,0,0,0,0,0,0,0,0,0,0,0,0,1,1,2,2,./Cleaned-Dataset/Normal/theme-editor_1.php,normal
0,0,0,0,0,0,0,0,0,0,0,0,4,0,2,0,0,2,0,1,3,418,1047,./Cleaned-Dataset/Normal/theme-install.php,normal
0,0,0,0,0,0,0,0,0,0,0,0,0,0,5,0,0,0,0,0,0,140,415,./Cleaned-Dataset/Normal/theme-install_1.php,normal
0,0,0,0,0,0,0,0,0,0,0,0,2,0,0,0,0,0,0,1,1,6,19,./Cleaned-Dataset/Normal/theme-install_2.php,normal
0,0,0,0,0,0,0,0,0,0,0,0,0,0,0,0,0,0,0,1,0,337,969,./Cleaned-Dataset/Normal/theme-options.php,normal
0,0,0,0,0,0,0,0,0,0,0,0,4,0,0,0,0,0,0,0,0,20,138,./Cleaned-Dataset/Normal/theme-previews.php,normal
0,0,0,0,0,0,0,0,0,0,0,0,0,0,0,0,0,0,0,0,0,43,353,./Cleaned-Dataset/Normal/theme-templates.php,normal
0,0,0,0,0,0,0,0,0,0,0,0,0,0,0,0,0,2,0,0,4,546,2414,./Cleaned-Dataset/Normal/theme.php,normal
0,0,1,0,0,0,0,0,0,0,0,0,29,0,4,0,0,0,0,1,3,861,3038,./Cleaned-Dataset/Normal/themes.php,normal
0,0,1,0,0,0,0,0,0,0,0,0,22,10,11,0,0,0,0,1,7,303,1190,./Cleaned-Dataset/Normal/themes_1.php,normal
0,0,0,0,0,0,0,0,0,0,0,0,2,2,4,0,0,7,0,1,4,1594,7646,./Cleaned-Dataset/Normal/theme_1.php,normal
0,0,0,0,0,0,0,0,0,0,0,0,7,1,0,0,0,0,0,0,8,53,160,./Cleaned-Dataset/Normal/tools.php,normal
0,0,0,0,0,0,0,0,0,0,0,0,0,0,0,0,0,0,0,0,2,81,597,./Cleaned-Dataset/Normal/translation-install.php,normal
0,0,0,0,0,0,0,0,0,0,0,0,1,0,0,0,0,0,0,0,2,31,760,./Cleaned-Dataset/Normal/translations.php,normal
0,0,0,0,0,0,0,0,0,0,0,0,0,0,0,0,0,0,0,0,0,5,54,./Cleaned-Dataset/Normal/Transport.php,normal
0,0,0,0,0,0,0,0,0,0,0,0,0,0,0,0,0,0,0,0,0,0,4,./Cleaned-Dataset/Normal/Transport_1.php,normal
0,0,0,0,0,0,0,0,0,0,0,0,0,0,0,0,0,0,0,0,0,363,1846,./Cleaned-Dataset/Normal/typography.php,normal
0,0,1,0,0,0,0,0,0,0,0,0,14,20,0,0,0,1,0,1,15,687,2810,./Cleaned-Dataset/Normal/update-core.php,normal
0,0,0,0,0,0,0,0,0,0,0,0,0,0,0,0,0,1,0,1,2,1085,1740,./Cleaned-Dataset/Normal/update-core_1.php,normal
0,0,0,0,0,0,0,0,0,0,0,0,0,0,0,0,0,0,0,1,1,2,2,./Cleaned-Dataset/Normal/update-core_2.php,normal
0,0,0,0,0,0,0,0,0,0,0,0,24,4,6,0,4,1,0,0,16,251,1050,./Cleaned-Dataset/Normal/update.php,normal
0,0,0,0,0,0,0,0,0,0,0,0,0,0,0,0,0,0,0,0,2,313,2027,./Cleaned-Dataset/Normal/update_1.php,normal
0,0,0,0,0,0,0,0,0,0,0,0,2,0,0,0,0,0,0,1,1,8,21,./Cleaned-Dataset/Normal/update_2.php,normal
0,0,1,0,0,0,0,0,0,0,0,0,0,0,0,0,0,2,0,2,4,347,2526,./Cleaned-Dataset/Normal/update_3.php,normal
0,0,0,0,0,0,0,0,0,0,0,0,0,0,0,0,0,1,0,0,1,3,6,./Cleaned-Dataset/Normal/upgrade-functions.php,normal
0,0,0,0,0,0,0,0,0,0,0,0,4,0,0,0,0,0,0,1,1,66,380,./Cleaned-Dataset/Normal/upgrade.php,normal
0,0,0,0,0,0,0,0,0,0,0,0,0,0,0,0,0,4,0,2,3,998,7667,./Cleaned-Dataset/Normal/upgrade_1.php,normal
0,0,0,0,0,0,0,0,0,0,0,0,4,0,0,0,0,0,0,0,4,87,234,./Cleaned-Dataset/Normal/upgrade_2.php,normal
0,0,0,0,0,0,0,0,0,0,0,0,36,0,8,0,0,0,0,0,5,308,1140,./Cleaned-Dataset/Normal/upload.php,normal
0,0,0,0,0,0,0,0,0,0,0,0,0,0,0,0,0,1,0,0,0,28,742,./Cleaned-Dataset/Normal/UrlSafe.php,normal
0,0,0,0,0,0,0,0,0,0,0,0,7,5,6,0,0,0,0,0,4,632,1695,./Cleaned-Dataset/Normal/user-edit.php,normal
0,0,0,0,0,0,0,0,0,0,0,0,0,0,0,0,0,0,0,1,1,2,2,./Cleaned-Dataset/Normal/user-edit_1.php,normal
0,0,0,0,0,0,0,0,0,0,0,0,0,0,0,0,0,0,0,1,1,2,2,./Cleaned-Dataset/Normal/user-edit_2.php,normal
0,0,0,0,0,0,0,0,0,0,0,0,5,19,14,0,0,0,0,0,3,518,1390,./Cleaned-Dataset/Normal/user-new.php,normal
0,0,0,0,0,0,0,0,0,0,0,0,4,2,2,0,0,0,0,0,3,117,324,./Cleaned-Dataset/Normal/user-new_1.php,normal
0,0,0,0,0,0,0,0,0,0,0,0,0,0,0,0,0,0,0,0,0,9,23,./Cleaned-Dataset/Normal/User.php,normal
0,0,0,0,0,0,0,0,0,0,0,0,0,0,0,0,0,0,0,0,0,7,45,./Cleaned-Dataset/Normal/UserFactory.php,normal
0,0,0,0,0,0,0,0,0,0,0,0,9,0,30,0,0,0,0,0,5,419,1635,./Cleaned-Dataset/Normal/users.php,normal
0,0,0,0,0,0,0,0,0,0,0,0,3,16,6,0,0,0,0,0,7,173,692,./Cleaned-Dataset/Normal/users_1.php,normal
0,0,0,0,0,0,0,0,0,0,0,0,2,43,1,0,0,0,0,0,0,219,1658,./Cleaned-Dataset/Normal/user_1.php,normal
0,0,0,0,0,0,0,0,0,0,0,0,1,22,0,5,0,12,0,0,0,1351,8529,./Cleaned-Dataset/Normal/user_2.php,normal
0,0,0,0,0,0,0,0,0,0,0,0,0,0,0,0,0,0,0,1,0,32,232,./Cleaned-Dataset/Normal/utf8.php,normal
0,0,0,0,0,0,0,0,0,0,0,0,0,0,0,0,0,0,0,0,0,0,3,./Cleaned-Dataset/Normal/Util.php,normal
0,0,0,0,0,0,0,0,0,0,0,0,0,0,0,0,0,0,0,0,0,1,44,./Cleaned-Dataset/Normal/utils.php,normal
0,0,0,0,0,0,0,0,0,0,0,0,0,0,0,0,0,0,0,0,0,129,1955,./Cleaned-Dataset/Normal/Util_1.php,normal
0,0,0,0,0,0,0,0,0,0,0,0,0,0,0,0,0,0,0,0,0,1,9,./Cleaned-Dataset/Normal/Util_2.php,normal
0,0,0,0,0,0,0,0,0,0,0,0,0,0,0,0,0,0,0,0,0,93,538,./Cleaned-Dataset/Normal/vars.php,normal
0,0,0,0,0,0,0,0,0,0,0,0,0,0,0,0,0,0,0,0,0,6,22,./Cleaned-Dataset/Normal/version.php,normal
0,0,0,0,0,0,0,0,0,0,0,0,0,0,0,0,0,0,0,0,0,77,48,./Cleaned-Dataset/Normal/vertical-header.php,normal
0,0,0,0,0,0,0,0,0,0,0,0,0,0,0,0,0,0,0,0,0,33,191,./Cleaned-Dataset/Normal/video.php,normal
0,0,0,0,0,0,0,0,0,0,0,0,0,0,0,0,0,0,0,0,0,3,5,./Cleaned-Dataset/Normal/view-modal.asset.php,normal
0,0,0,0,0,0,0,0,0,0,0,0,0,0,0,0,0,0,0,0,0,3,5,./Cleaned-Dataset/Normal/view-modal.min.asset.php,normal
0,0,0,0,0,0,0,0,0,0,0,0,0,0,0,0,0,0,0,0,0,3,5,./Cleaned-Dataset/Normal/view.asset.php,normal
0,0,0,0,0,0,0,0,0,0,0,0,0,0,0,0,0,0,0,0,0,3,5,./Cleaned-Dataset/Normal/view.asset_1.php,normal
0,0,0,0,0,0,0,0,0,0,0,0,0,0,0,0,0,0,0,0,0,3,5,./Cleaned-Dataset/Normal/view.asset_2.php,normal
0,0,0,0,0,0,0,0,0,0,0,0,0,0,0,0,0,0,0,0,0,3,5,./Cleaned-Dataset/Normal/view.asset_3.php,normal
0,0,0,0,0,0,0,0,0,0,0,0,0,0,0,0,0,0,0,0,0,3,5,./Cleaned-Dataset/Normal/view.asset_4.php,normal
0,0,0,0,0,0,0,0,0,0,0,0,0,0,0,0,0,0,0,0,0,3,5,./Cleaned-Dataset/Normal/view.min.asset.php,normal
0,0,0,0,0,0,0,0,0,0,0,0,0,0,0,0,0,0,0,0,0,3,5,./Cleaned-Dataset/Normal/view.min.asset_1.php,normal
0,0,0,0,0,0,0,0,0,0,0,0,0,0,0,0,0,0,0,0,0,3,5,./Cleaned-Dataset/Normal/view.min.asset_2.php,normal
0,0,0,0,0,0,0,0,0,0,0,0,0,0,0,0,0,0,0,0,0,3,5,./Cleaned-Dataset/Normal/view.min.asset_3.php,normal
0,0,0,0,0,0,0,0,0,0,0,0,0,0,0,0,0,0,0,0,0,3,5,./Cleaned-Dataset/Normal/view.min.asset_4.php,normal
0,0,0,0,0,0,0,0,0,0,0,0,0,0,0,0,0,0,0,0,0,2,11,./Cleaned-Dataset/Normal/web.php,normal
0,0,2,0,0,0,0,0,0,0,0,0,0,0,0,0,0,0,0,0,0,529,2273,./Cleaned-Dataset/Normal/welcome.blade.php,normal
0,0,0,0,0,0,0,0,0,0,0,0,0,0,0,0,0,0,0,0,0,20,129,./Cleaned-Dataset/Normal/widget-group.php,normal
0,0,0,0,0,0,0,0,0,0,0,0,0,0,0,0,0,0,0,2,2,51,225,./Cleaned-Dataset/Normal/widgets-form-blocks.php,normal
0,0,0,0,0,0,0,0,0,0,0,0,22,18,0,0,0,0,0,0,4,347,1335,./Cleaned-Dataset/Normal/widgets-form.php,normal
0,0,0,0,0,0,0,0,0,0,0,0,0,0,0,0,0,0,0,2,2,15,42,./Cleaned-Dataset/Normal/widgets.php,normal
0,0,0,0,0,0,0,0,0,0,0,0,0,0,0,0,0,0,0,0,0,214,833,./Cleaned-Dataset/Normal/widgets_1.php,normal
0,0,0,0,0,0,0,0,0,0,0,0,0,0,0,0,0,0,0,0,0,116,417,./Cleaned-Dataset/Normal/widgets_2.php,normal
0,0,0,0,0,0,0,0,0,0,0,0,0,0,0,0,0,0,0,0,0,185,669,./Cleaned-Dataset/Normal/widgets_3.php,normal
0,0,0,0,0,0,0,0,0,0,0,0,0,0,0,0,0,2,0,0,0,515,4203,./Cleaned-Dataset/Normal/widgets_4.php,normal
0,0,0,0,0,0,0,0,0,0,0,0,4,4,0,2,0,0,0,2,0,89,507,./Cleaned-Dataset/Normal/wp-activate.php,normal
0,0,0,0,0,0,0,0,0,0,0,0,0,0,0,0,0,0,0,0,2,2,14,./Cleaned-Dataset/Normal/wp-blog-header.php,normal
0,0,0,0,0,0,0,0,0,0,0,0,0,5,0,0,0,0,0,1,0,27,153,./Cleaned-Dataset/Normal/wp-comments-post.php,normal
0,0,0,0,0,0,0,0,0,0,0,0,0,0,0,0,0,0,0,0,1,36,59,./Cleaned-Dataset/Normal/wp-config-sample.php,normal
0,0,0,0,0,0,0,0,0,0,0,0,2,1,0,0,0,0,0,0,1,29,344,./Cleaned-Dataset/Normal/wp-cron.php,normal
0,0,0,0,0,0,0,0,0,0,0,0,0,0,0,0,0,0,0,0,1,6,12,./Cleaned-Dataset/Normal/wp-db.php,normal
0,0,0,0,0,0,0,0,0,0,0,0,0,0,0,0,0,0,0,6,0,9,21,./Cleaned-Dataset/Normal/wp-diff.php,normal
0,0,0,0,0,0,0,0,0,0,0,0,2,0,0,0,0,1,0,0,1,33,134,./Cleaned-Dataset/Normal/wp-links-opml.php,normal
0,0,0,0,0,0,0,0,0,0,0,0,0,0,0,0,0,0,0,0,6,39,124,./Cleaned-Dataset/Normal/wp-load.php,normal
0,0,0,0,0,0,0,0,0,0,0,0,34,35,23,5,0,1,0,1,1,777,3061,./Cleaned-Dataset/Normal/wp-login.php,normal
0,0,0,0,0,0,0,0,0,0,0,0,0,0,0,0,0,0,0,1,1,90,723,./Cleaned-Dataset/Normal/wp-mail.php,normal
0,0,0,0,0,0,0,0,0,0,0,0,1,1,1,0,0,6,3,289,7,346,883,./Cleaned-Dataset/Normal/wp-settings.php,normal
0,0,0,0,0,0,0,0,0,0,0,0,4,29,0,0,0,0,0,2,0,453,1812,./Cleaned-Dataset/Normal/wp-signup.php,normal
0,0,0,0,0,0,0,0,0,0,0,0,1,0,0,0,0,0,0,0,0,11,85,./Cleaned-Dataset/Normal/wp-tinymce.php,normal
0,0,0,0,0,0,0,0,0,0,0,0,2,10,0,0,0,0,0,0,1,70,417,./Cleaned-Dataset/Normal/wp-trackback.php,normal
0,0,0,0,0,0,0,0,0,0,0,0,0,0,0,0,0,0,0,0,0,0,3,./Cleaned-Dataset/Normal/X25519.php,normal
0,0,0,0,0,0,0,0,0,0,0,0,0,0,0,0,0,0,0,0,0,4,819,./Cleaned-Dataset/Normal/X25519_1.php,normal
0,0,0,0,0,0,0,0,0,0,0,0,0,0,0,0,0,0,0,0,0,4,1284,./Cleaned-Dataset/Normal/X25519_2.php,normal
0,0,0,0,0,0,0,0,0,0,0,0,0,0,0,0,0,0,0,0,0,0,3,./Cleaned-Dataset/Normal/XChaCha20.php,normal
0,0,0,0,0,0,0,0,0,0,0,0,0,0,0,0,0,0,0,0,0,11,159,./Cleaned-Dataset/Normal/XChaCha20_1.php,normal
0,0,0,0,0,0,0,0,0,0,0,0,0,0,0,0,0,0,0,0,0,13,112,./Cleaned-Dataset/Normal/XChaCha20_2.php,normal
0,0,0,0,0,0,0,0,0,0,0,0,0,0,0,0,0,0,0,0,0,12,117,./Cleaned-Dataset/Normal/xdiff.php,normal
0,0,0,0,0,0,0,0,0,0,0,0,1,0,0,1,0,1,0,0,4,41,118,./Cleaned-Dataset/Normal/xmlrpc.php,normal
0,0,0,0,0,0,0,0,0,0,0,0,0,0,0,0,0,0,0,0,0,0,3,./Cleaned-Dataset/Normal/Xsalsa20.php,normal
0,0,0,0,0,0,0,0,0,0,0,0,0,0,0,0,0,0,0,0,0,1,54,./Cleaned-Dataset/Normal/XSalsa20_1.php,normal
0,0,0,0,0,0,0,0,0,0,0,0,0,0,0,0,0,0,0,0,0,1,54,./Cleaned-Dataset/Normal/XSalsa20_2.php,normal
0,0,0,0,0,0,0,0,1,0,0,0,0,0,0,0,0,0,0,0,0,4,212,./Cleaned-Dataset/Webshell/000eff020ff21f724627a30aefa6c9a1.php,webshell
0,0,0,0,0,0,0,0,0,0,0,0,0,0,3,0,0,0,0,0,0,3,22,./Cleaned-Dataset/Webshell/002bc49a3e30f74b197fd9dd3167f8bc.php,webshell
0,0,0,0,0,0,0,0,0,0,0,0,0,0,0,0,0,0,0,0,0,4,5,./Cleaned-Dataset/Webshell/0035611234bce2ee8d86f9c3070b70c2.php,webshell
1,0,0,0,0,0,0,0,1,0,1,0,0,0,0,0,0,0,0,0,0,5,14,./Cleaned-Dataset/Webshell/004f85756e7c3340fa50cff4aa5bcd4e.php,webshell
0,0,0,0,0,0,0,0,0,0,0,0,0,0,0,0,0,0,0,0,0,17,344,./Cleaned-Dataset/Webshell/0061ab652659d48b0e9f57e4a36c59c3.php,webshell
4,0,4,7,4,4,4,4,2,2,0,0,19,127,0,2,4,0,0,0,0,1885,7207,./Cleaned-Dataset/Webshell/0063cc3e50370d8392976d7fe716c43f.php,webshell
0,0,0,0,0,0,0,0,0,0,0,0,0,0,0,0,0,0,0,0,0,61,176,./Cleaned-Dataset/Webshell/0076ebd3b7f3b3b2132e2e8a0f9b243a.php,webshell
0,0,0,0,0,0,0,0,0,0,0,0,0,0,0,0,0,0,0,0,0,15,22,./Cleaned-Dataset/Webshell/00baf9c442a8740446bd7aa79523de73.php,webshell
0,0,0,0,3,0,0,0,0,0,0,0,4,4,0,0,3,0,0,0,0,73,325,./Cleaned-Dataset/Webshell/00bb03b98a47e43882a8efc661e293ef.php,webshell
0,0,0,0,0,0,0,0,0,0,0,0,0,0,0,0,0,0,0,0,0,19,350,./Cleaned-Dataset/Webshell/00dcb456f3a935f350b133db7dcaf830.php,webshell
2,0,0,0,0,0,0,0,0,0,0,0,0,0,0,0,0,0,0,0,0,4,145,./Cleaned-Dataset/Webshell/00e6be4fec2011fbd021de34dc14c169.php,webshell
1,0,0,0,0,0,0,0,0,0,0,0,0,0,0,0,0,0,0,0,0,3,42,./Cleaned-Dataset/Webshell/0105d05660329704bdb0ecd3fd3a473b.php,webshell
1,0,154,0,0,0,0,0,1,0,0,0,0,0,0,0,0,0,0,0,0,182,934,./Cleaned-Dataset/Webshell/010855e42b7b87504914273408d41d4b.php,webshell
2,0,0,0,0,0,0,0,0,0,0,0,0,1,0,0,0,0,0,0,0,4,14,./Cleaned-Dataset/Webshell/01170480652d320ba5f3e6dbc62c50eb.php,webshell
6,0,10,8,13,10,6,5,17,5,5,0,276,160,24,53,3,35,0,3,0,4855,16369,./Cleaned-Dataset/Webshell/01263782a39ed96363468b5270579899.php,webshell
1,0,0,0,0,0,0,0,1,1,0,0,0,0,0,0,0,0,0,0,0,5,32,./Cleaned-Dataset/Webshell/0126c96d72743eac7f9e94d8abffd864.php,webshell
1,0,13,15,11,11,11,0,0,0,0,0,6,53,0,0,2,1,0,0,0,978,4323,./Cleaned-Dataset/Webshell/018bc128323bda47dbe8a3534f3d0130.php,webshell
0,2,0,0,0,0,0,0,0,0,0,0,0,1,0,0,0,0,0,0,0,8,42,./Cleaned-Dataset/Webshell/01a539413ec121a198a9412be7c415dd.php,webshell
5,0,2,4,2,2,1,0,2,0,0,0,0,252,0,42,2,1,0,0,0,1627,6605,./Cleaned-Dataset/Webshell/01abb296bc3d251fa23c9e00708695c0.php,webshell
3,0,14,6,7,6,0,0,11,3,0,4,70,112,0,0,7,0,0,0,1,5797,14262,./Cleaned-Dataset/Webshell/01ad44c422e45553ec97efe50dd44d8b.php,webshell
0,0,0,0,0,0,0,0,1,0,0,0,2,0,0,0,0,0,0,0,0,71,61,./Cleaned-Dataset/Webshell/01c560fc28ca7b4ff48f5ac79e6cfb17.php,webshell
1,0,0,0,0,0,0,0,0,0,0,0,0,1,0,1,0,0,0,0,0,399,2269,./Cleaned-Dataset/Webshell/01c7bec42e0f0d73b3b4255a8ce9dad8.php,webshell
0,0,0,0,0,0,0,0,0,0,0,0,7,29,0,0,3,0,0,0,0,237,727,./Cleaned-Dataset/Webshell/02255fd5e6e3f0db25489a92e592cfb5.php,webshell
0,0,0,0,0,0,0,0,0,0,0,0,0,0,0,0,0,0,0,0,0,18,99,./Cleaned-Dataset/Webshell/023a80d10d10d911989e115b477e42b5.php,webshell
0,0,0,0,0,0,0,0,0,0,0,0,9,0,0,0,0,0,0,0,0,32,124,./Cleaned-Dataset/Webshell/023b1b846072722b183bc1b540c7da46.php,webshell
7,0,4,4,4,4,3,3,3,1,1,1,0,1,221,0,3,0,0,1,0,2622,10772,./Cleaned-Dataset/Webshell/02432a9790709e66083a7e3c94ab5370.php,webshell
0,0,0,0,0,0,0,0,0,0,0,0,0,0,0,0,0,0,0,0,0,7,12,./Cleaned-Dataset/Webshell/025fef7557800449d046e94bd04dab35.php,webshell
0,0,0,0,0,0,0,0,0,0,0,0,0,0,0,0,0,0,0,0,0,18,347,./Cleaned-Dataset/Webshell/026616a44e64024e437810444d0a852c.php,webshell
0,0,1,3,0,0,0,0,5,0,0,0,302,277,0,26,1,0,0,0,0,8037,49354,./Cleaned-Dataset/Webshell/026cc159c2fbdcf19c57f7389c0abfd5.php,webshell
0,0,0,0,0,0,0,0,0,0,0,0,0,0,0,0,0,0,0,0,0,53,144,./Cleaned-Dataset/Webshell/028892b3706d58a73e82c221a3503b6b.php,webshell
2,0,0,0,0,0,0,0,0,0,0,0,0,0,0,0,0,0,0,0,0,4,146,./Cleaned-Dataset/Webshell/02a1fa880fb096eb82505af54fc0a562.php,webshell
0,0,0,0,0,0,0,0,0,0,0,0,2,0,0,0,0,0,0,0,0,0,16,./Cleaned-Dataset/Webshell/02b5596c87eedba35b39f81ecf4c24c5.php,webshell
7,0,10,6,6,2,0,1,23,8,0,9,115,180,4,0,3,22,0,1,0,3679,11916,./Cleaned-Dataset/Webshell/02bd4355ca540cb7634999b65daa0d7c.php,webshell
1,0,0,0,0,0,0,0,0,0,0,0,0,1,0,1,0,0,0,0,0,383,2189,./Cleaned-Dataset/Webshell/02cf3ec6d7c909fcbf1df263d7c00937.php,webshell
0,0,0,0,0,0,0,0,0,0,0,0,0,0,1,0,0,0,0,0,0,2,8,./Cleaned-Dataset/Webshell/02d0a8f26a163a2c716e46c118854b49.php,webshell
3,0,0,0,0,0,0,0,4,0,0,0,0,0,3,0,0,0,0,0,0,38,249,./Cleaned-Dataset/Webshell/02d50812c21d10c8e7ac7642f6e279c8.php,webshell
0,0,0,0,0,0,0,0,0,0,0,0,1,1,0,0,3,0,0,0,0,18,80,./Cleaned-Dataset/Webshell/02e3b702bd4f7fe542d1d5a2a524b417.php,webshell
0,0,0,0,0,0,0,0,0,0,0,0,0,0,0,0,0,0,0,0,0,60,154,./Cleaned-Dataset/Webshell/02e705ea3f23d322fccb42c4bc41aaeb.php,webshell
1,0,0,0,0,0,0,0,0,0,0,0,0,0,0,0,0,0,0,0,0,1,10,./Cleaned-Dataset/Webshell/02ec1e6c3554706fd782829dcfa854bb.php,webshell
0,0,0,0,0,0,0,0,0,0,0,0,0,0,0,0,0,0,0,0,0,19,350,./Cleaned-Dataset/Webshell/02f78d3d95d81a73554b739bb5171e17.php,webshell
0,0,0,0,0,0,0,0,0,0,0,0,0,1,0,0,2,0,0,0,0,20,47,./Cleaned-Dataset/Webshell/02f8f6485eb530a9ef518b8c128ad314.php,webshell
1,0,0,0,0,0,0,0,1,0,0,0,1,1,10,0,0,0,0,0,0,104,509,./Cleaned-Dataset/Webshell/0330db2d5955161a4fd51ef0c7226a89.php,webshell
7,0,2,5,2,2,1,0,4,1,0,0,118,198,0,8,13,0,0,0,0,2399,8025,./Cleaned-Dataset/Webshell/033286c2158cf6f463dcee9968e6d3a4.php,webshell
0,0,0,0,0,0,0,0,0,0,0,0,0,0,0,0,0,0,0,0,0,20,353,./Cleaned-Dataset/Webshell/0337082f3a8b80400b1dd9c76050ddd4.php,webshell
7,0,6,9,6,0,0,0,4,0,1,0,245,245,0,13,3,0,0,0,0,3442,9601,./Cleaned-Dataset/Webshell/0344721bf0dbdd65578059f5518a6a68.php,webshell
0,0,0,0,0,0,0,0,0,0,0,0,1,0,0,0,4,0,0,0,0,19,44,./Cleaned-Dataset/Webshell/03537e860ed6fad1529c56cac714d0ba.php,webshell
12,0,6,3,0,3,1,0,8,0,0,0,7,3,7,2,0,2,0,0,0,4144,14436,./Cleaned-Dataset/Webshell/035cbfca8358fefa092088b2ba055668.php,webshell
0,0,0,0,0,0,0,0,0,0,0,0,0,0,0,0,0,0,0,0,0,63,164,./Cleaned-Dataset/Webshell/0375fff0ae942cb68fca0734fe4419b3.php,webshell
0,0,0,0,0,0,0,0,0,0,0,0,0,0,0,0,0,0,0,0,0,26,3596,./Cleaned-Dataset/Webshell/037f70f85dceef90a88be12865f1edc5.php,webshell
0,0,6,5,5,5,5,0,0,0,0,0,16,26,0,2,2,0,0,0,0,761,2148,./Cleaned-Dataset/Webshell/0391846abb4fdba1730048822d2c57a2.php,webshell
0,2,0,0,0,0,0,0,0,0,0,0,0,1,0,0,0,0,0,0,0,23,48,./Cleaned-Dataset/Webshell/0396bb6a40b74c40fb260aa80525c86f.php,webshell
15,0,15,7,0,9,1,0,4,0,0,0,11,56,0,0,3,1,0,1,0,668,2619,./Cleaned-Dataset/Webshell/039896a5dab42b250a54e4fa89ffa132.php,webshell
0,0,0,0,0,0,0,0,1,0,0,0,5,3,0,0,0,0,0,0,0,1716,5021,./Cleaned-Dataset/Webshell/03b06b4183cb9947ccda2c3d636406d4.php,webshell
5,0,0,14,0,2,0,0,7,0,0,0,26,77,0,0,46,0,0,0,0,1153,4564,./Cleaned-Dataset/Webshell/03c14443c601a44c6d5734662e613309.php,webshell
0,0,0,0,0,0,0,0,0,0,0,0,3,3,0,0,0,0,0,0,0,23,120,./Cleaned-Dataset/Webshell/03cdedaad1d78276d7593b651b05de51.php,webshell
0,0,0,0,0,0,0,0,0,0,0,0,1,3,0,0,0,0,0,0,0,33,73,./Cleaned-Dataset/Webshell/03ece5c6dfce096f4b9e88528a69b7ef.php,webshell
1,0,0,0,0,0,0,0,0,0,0,0,2,31,0,14,2,0,0,0,0,701,3348,./Cleaned-Dataset/Webshell/040267c32a9f744de94966af12d5c894.php,webshell
1,0,0,0,0,0,0,0,1,0,0,0,6,44,0,0,0,0,0,0,0,242,777,./Cleaned-Dataset/Webshell/040781223ed38fc269d70df42d395272.php,webshell
10,0,4,6,2,2,2,0,3,0,0,0,118,160,0,9,8,0,0,0,0,2537,10007,./Cleaned-Dataset/Webshell/041cb2e67c2468d3411a59be3eeb6d1d.php,webshell
0,0,0,0,0,0,0,0,0,0,0,0,2,1,0,0,5,0,0,1,0,48,235,./Cleaned-Dataset/Webshell/041de639784580f921ef708b6ff1a871.php,webshell
1,0,0,0,0,0,0,0,1,1,0,0,0,0,0,0,0,0,0,0,0,2,13,./Cleaned-Dataset/Webshell/0421445303cfd0ec6bc20b3846e30ff0.php,webshell
0,0,0,0,0,0,0,0,0,1,0,0,0,4,0,2,0,0,0,0,0,20,123,./Cleaned-Dataset/Webshell/042245ee0c54996608ff8f442c8bafb8.php,webshell
1,0,8,9,6,6,6,0,0,0,0,0,20,104,0,2,2,0,0,0,0,1408,4663,./Cleaned-Dataset/Webshell/042637f69b120ad3d103f3217da441b1.php,webshell
0,0,0,0,0,0,0,0,0,0,0,0,0,0,0,0,0,0,0,0,0,17,344,./Cleaned-Dataset/Webshell/043825ac5a2d7c9f32bff9b330169dcd.php,webshell
0,0,3,7,0,0,0,0,0,0,0,0,0,0,1,0,0,0,0,0,0,200,1567,./Cleaned-Dataset/Webshell/043f169090b204a3c4a6f42c2f33415e.php,webshell
0,0,0,0,0,0,0,0,1,0,0,0,2,0,0,0,0,0,0,0,0,71,61,./Cleaned-Dataset/Webshell/04708eb21022351883a18323e92652dd.php,webshell
0,0,0,0,0,0,0,0,0,0,0,0,1,3,2,1,0,0,0,0,0,44,360,./Cleaned-Dataset/Webshell/047648ba466e7497df222de870819e5a.php,webshell
11,0,6,3,0,3,1,0,7,0,0,0,3,3,7,2,0,3,0,0,0,3935,14285,./Cleaned-Dataset/Webshell/048ccc01b873b40d57ce25a4c56ea717.php,webshell
0,0,0,0,0,0,0,0,0,0,0,0,0,0,0,0,0,0,0,0,0,18,347,./Cleaned-Dataset/Webshell/0497c54399d791a45c8c041415e6e904.php,webshell
0,0,0,1,0,0,0,0,0,0,0,0,0,0,1,0,0,0,0,0,0,0,11,./Cleaned-Dataset/Webshell/04986ac05d57384b9a808679c8a341a7.php,webshell
7,0,2,6,2,2,1,4,4,0,0,0,0,3,0,2,3,1,0,0,0,2099,8409,./Cleaned-Dataset/Webshell/049c9ca9126c285be6f788a7070d9be3.php,webshell
1,0,0,0,0,0,0,0,0,0,0,0,0,0,0,0,0,0,0,0,0,4,20,./Cleaned-Dataset/Webshell/04a73597c27fcb5bb014354ae018ec3c.php,webshell
0,0,0,0,0,0,0,0,1,0,0,0,0,0,2,0,0,0,0,0,0,3,19,./Cleaned-Dataset/Webshell/04a89bf95abb420c0eb3632654ec6a17.php,webshell
11,0,9,0,0,0,0,0,3,0,0,0,0,0,0,0,0,0,0,0,0,2124,7213,./Cleaned-Dataset/Webshell/04c19eb04bcbac83d38859f908271024.php,webshell
1,0,0,0,0,0,0,0,0,0,1,0,0,0,0,0,0,0,0,0,0,1,13,./Cleaned-Dataset/Webshell/04d1ef9beb249346d32d2d8900da94d6.php,webshell
1,0,0,0,0,0,0,0,0,0,0,0,0,1,0,0,0,0,0,0,0,1,16,./Cleaned-Dataset/Webshell/04de1b07615095385cfa8edebeed556b.php,webshell
0,0,0,0,0,0,0,0,0,0,0,0,0,1,0,0,0,0,0,0,0,19,85,./Cleaned-Dataset/Webshell/04df72681aebca1dca3365f1010ce3ea.php,webshell
0,0,0,0,0,0,0,0,0,0,0,0,0,0,0,0,0,0,0,0,0,16,495,./Cleaned-Dataset/Webshell/04ea03f008450e344d9244e71b6fec86.php,webshell
2,0,2,2,2,2,1,0,1,0,0,0,8,124,0,9,0,2,0,0,0,1495,4780,./Cleaned-Dataset/Webshell/04ebb3176802a2250b228a946ab66eb2.php,webshell
0,0,0,1,0,0,0,0,0,0,0,0,2,0,0,0,0,0,0,0,0,19,38,./Cleaned-Dataset/Webshell/04ec0a859278b99eea789298012a6a10.php,webshell
0,0,0,0,0,0,0,0,0,0,0,0,0,0,0,0,0,0,0,0,0,17,498,./Cleaned-Dataset/Webshell/04f0ac20a45c6cfd9b007240cacb5a4a.php,webshell
1,0,0,0,0,0,0,0,0,0,0,0,0,0,0,0,0,0,0,0,0,5,12,./Cleaned-Dataset/Webshell/04fef277abdfd8d90949c0545c52a6b4.php,webshell
1,0,0,0,0,0,0,0,0,0,0,0,0,0,0,0,0,0,0,0,0,1,8,./Cleaned-Dataset/Webshell/04ff32fcd6def3ca8fe48bcf21d13e9c.php,webshell
0,0,1,0,0,0,0,0,0,0,0,0,0,3,8,0,0,0,0,0,0,128,587,./Cleaned-Dataset/Webshell/0506ba90759d11d78befd21cabf41f3d.php,webshell
0,0,0,0,0,0,0,0,0,0,0,0,0,16,0,0,0,0,0,0,0,59,110,./Cleaned-Dataset/Webshell/05079c82315961c5bff2d594e3851419.php,webshell
0,0,0,0,0,0,0,0,0,0,0,0,0,0,1,1,0,0,0,0,0,3,21,./Cleaned-Dataset/Webshell/05238b964015e0b7bed57544547a39af.php,webshell
0,0,0,0,0,0,0,0,0,0,0,0,0,0,1,0,0,0,0,0,0,3,28,./Cleaned-Dataset/Webshell/0530a510d761963e417d40c9217c6435.php,webshell
0,0,0,0,0,0,0,0,0,0,0,0,0,0,0,0,0,0,0,0,0,49,123,./Cleaned-Dataset/Webshell/0556e5d47f4c71c8e027b6707948fc00.php,webshell
0,0,0,0,0,0,0,0,0,0,0,0,0,0,0,0,0,0,0,0,0,16,341,./Cleaned-Dataset/Webshell/05731d106ac619d49f817554064ebf39.php,webshell
0,0,0,0,0,0,0,0,0,0,0,0,0,0,0,0,0,0,0,0,0,61,176,./Cleaned-Dataset/Webshell/057dad3576c6a5c9351e817b623af625.php,webshell
11,0,13,12,4,10,6,0,10,0,0,0,15,48,7,2,0,2,0,0,0,4280,15057,./Cleaned-Dataset/Webshell/05a8ff83630f93722c194c6ce4df926b.php,webshell
9,0,3,3,2,2,1,0,3,0,0,0,11,367,0,2,0,3,0,0,0,2814,9014,./Cleaned-Dataset/Webshell/05c63fac188a9e224c8f7bffc98f03b6.php,webshell
9,0,0,6,0,15,0,0,7,0,0,0,111,88,0,0,42,12,0,0,0,1379,7026,./Cleaned-Dataset/Webshell/05d62b9f42b426fe4d44aa10cb5a7961.php,webshell
1,0,0,0,0,0,1,0,0,0,0,0,0,4,0,0,2,4,0,0,0,1223,6762,./Cleaned-Dataset/Webshell/05e21f9059edb9501520219306d0e40b.php,webshell
0,0,0,0,0,0,0,0,1,0,0,0,0,0,0,0,0,0,0,0,0,12,19,./Cleaned-Dataset/Webshell/060fa3ff8903eac88c27e983f8c20c72.php,webshell
1,0,0,0,0,0,0,0,1,0,0,0,0,1,0,1,0,0,0,0,0,172,632,./Cleaned-Dataset/Webshell/06278e76cd881dd24cd5a90d2276787a.php,webshell
10,0,4,0,0,0,0,0,6,0,0,0,1,0,0,1,0,3,0,0,0,3132,9749,./Cleaned-Dataset/Webshell/062b6f68e0ada4a0884b217de3bc6f3f.php,webshell
0,0,4,0,0,0,0,0,0,0,0,0,9,7,0,0,2,0,0,0,0,165,583,./Cleaned-Dataset/Webshell/0631b3a548bdb904222fc28edd18e2f2.php,webshell
10,0,6,16,2,2,1,1,8,1,0,0,129,240,0,8,13,0,0,0,0,2725,9149,./Cleaned-Dataset/Webshell/06471048fa3ffc5b74dfca124b94306a.php,webshell
0,0,0,0,0,0,0,0,1,0,0,0,0,0,0,1,0,0,0,0,0,1188,44,./Cleaned-Dataset/Webshell/064c1cc0a3871bd8aa0e7bd9c9bc097c.php,webshell
0,0,1,1,0,0,0,0,0,0,0,0,0,0,0,0,0,0,0,0,0,57,309,./Cleaned-Dataset/Webshell/065563a214bb61429c6daa27708b0448.php,webshell
3,0,0,0,0,0,0,0,3,3,0,6,0,0,0,0,0,0,0,0,0,24,527,./Cleaned-Dataset/Webshell/067543ab8152bdc7fccba29ee9fbbe9d.php,webshell
0,0,0,0,0,0,0,0,0,0,0,0,0,0,0,0,0,0,0,0,0,34,239,./Cleaned-Dataset/Webshell/06898af2a3463e3f76e781f1f42ce558.php,webshell
0,0,0,0,0,0,0,0,0,0,0,0,0,3,0,0,0,0,0,0,0,14,26,./Cleaned-Dataset/Webshell/06b697234d7a4705f778f9453acad598.php,webshell
0,0,0,0,0,0,0,0,0,0,0,0,0,0,0,0,0,0,0,0,0,18,347,./Cleaned-Dataset/Webshell/06cafca3d4cba72d91b8ef8ec21c23fb.php,webshell
0,0,1,1,0,0,0,0,0,0,0,0,0,2,0,0,0,0,0,0,0,39,161,./Cleaned-Dataset/Webshell/06ed0b2398f8096f1bebf092d0526137.php,webshell
0,0,0,0,0,0,0,0,0,0,0,0,0,0,0,0,0,0,0,0,0,1661,6605,./Cleaned-Dataset/Webshell/06f161681c37cb43cbfd912756a41d96.php,webshell
1,0,0,0,0,0,0,0,1,0,0,0,2,2,0,0,0,0,0,0,0,21,217,./Cleaned-Dataset/Webshell/06f7c4d7eabd567453cfd259542f9018.php,webshell
0,0,6,5,5,5,5,0,0,0,0,0,16,26,0,2,2,0,0,0,0,761,2148,./Cleaned-Dataset/Webshell/0712e3dc262b4e1f98ed25760b206836.php,webshell
6,0,3,3,2,2,1,0,3,0,0,0,7,330,0,0,0,3,0,0,0,2234,7515,./Cleaned-Dataset/Webshell/0714f80f35c1fddef1f8938b8d42a4c8.php,webshell
0,0,0,0,0,0,0,0,0,0,0,0,0,0,0,0,0,0,0,0,0,21,36,./Cleaned-Dataset/Webshell/071b3760477872ed6d22eb0594871cf7.php,webshell
2,0,0,0,0,0,0,0,0,0,0,0,0,0,0,0,0,0,0,0,0,7,15,./Cleaned-Dataset/Webshell/0723362e176328b2e98e99ac6cc17884.php,webshell
0,0,0,0,3,0,0,0,2,0,0,0,4,4,0,0,3,0,0,0,0,72,375,./Cleaned-Dataset/Webshell/0730636e86d4f501f556df5dd0dd3251.php,webshell
2,0,0,0,0,0,0,0,0,0,0,0,0,1,0,0,0,0,0,0,0,1,16,./Cleaned-Dataset/Webshell/0737870bdc4ff9a7ce9c7873437c5dc2.php,webshell
0,0,0,0,0,0,0,0,0,0,0,0,0,0,0,0,0,0,0,0,0,18,30,./Cleaned-Dataset/Webshell/0738e52b1278a6e40f0ace0adc671cc8.php,webshell
0,0,1,0,0,0,0,0,0,0,0,0,12,12,1,7,1,18,0,11,3,176,1070,./Cleaned-Dataset/Webshell/0744346dacaf0a68a720bdacf39e7e42.php,webshell
1,0,0,0,0,0,0,0,0,0,0,0,0,0,0,0,0,0,0,0,0,2,129,./Cleaned-Dataset/Webshell/0745c75e9724279ffcb113c5114ae16f.php,webshell
11,0,6,3,0,3,1,0,7,0,0,0,7,3,7,2,0,2,0,0,0,4138,14443,./Cleaned-Dataset/Webshell/0750feb57bbb7fab18d2fc87e9865ec0.php,webshell
6,0,4,0,0,0,0,0,1,0,0,0,0,0,0,0,0,0,0,0,0,887,2758,./Cleaned-Dataset/Webshell/0753a936469a4d203594b620e5548e57.php,webshell
0,0,3,1,0,0,0,0,2,0,0,0,2,4,2,3,0,1,0,0,0,84,948,./Cleaned-Dataset/Webshell/07597260aeab67e8fdf1b8e5fb10b7a9.php,webshell
0,0,0,0,0,0,0,0,0,0,0,0,0,0,0,0,0,0,0,0,1,6,719,./Cleaned-Dataset/Webshell/075c539530174abfe6488b6cb750a38e.php,webshell
3,0,7,29,3,3,3,3,2,0,0,0,4,3,331,5,7,7,0,0,0,1832,10354,./Cleaned-Dataset/Webshell/076bd8a957e8642e062ecaa222e28337.php,webshell
0,0,0,0,0,0,0,0,0,0,0,0,0,1,0,0,0,0,0,0,0,6,35,./Cleaned-Dataset/Webshell/077df38cbfc64b24560270a5766d688a.php,webshell
1,0,0,0,1,0,0,0,0,0,0,0,15,9,1,0,2,0,0,0,0,820,2402,./Cleaned-Dataset/Webshell/07800007fe2174328f0bc55c49548ffc.php,webshell
4,0,3,4,2,2,1,0,4,0,0,0,0,216,0,0,2,2,0,0,0,1480,5822,./Cleaned-Dataset/Webshell/078c55ac475ab9e028f94f879f548bca.php,webshell
0,0,1,0,0,0,0,0,0,0,0,0,2,8,0,7,0,0,0,0,0,87,247,./Cleaned-Dataset/Webshell/079a076499c91a7db9014ecc17ee58d8.php,webshell
13,0,2,2,2,2,2,2,7,5,0,0,0,0,118,25,3,0,0,0,0,2047,8921,./Cleaned-Dataset/Webshell/079ac06c219efa2d3f7c3d1082d52e2e.php,webshell
0,0,3,12,1,0,0,0,2,0,0,0,0,3,0,1,0,0,0,0,0,207,1063,./Cleaned-Dataset/Webshell/079e18fb7b9d158030e9db2016df15f3.php,webshell
16,0,6,28,2,2,1,1,5,1,0,0,56,288,2,1,10,1,0,1,0,2879,9356,./Cleaned-Dataset/Webshell/07b06f91779e37f6bc6f2015a9664d4b.php,webshell
0,0,0,0,0,0,0,0,0,0,0,0,0,1,0,0,0,0,0,0,0,3,15,./Cleaned-Dataset/Webshell/07bacdc32ad544e74c316588f1d39a5a.php,webshell
0,0,0,0,0,0,0,0,0,0,0,0,0,0,0,0,0,0,0,0,0,20,507,./Cleaned-Dataset/Webshell/07c417d64f115b8f8a6911ba006874d2.php,webshell
0,0,0,0,0,0,0,0,0,0,0,0,0,0,0,0,0,0,0,0,0,125,84,./Cleaned-Dataset/Webshell/07d8298116bf082798db968b12ba7e28.php,webshell
0,0,0,0,0,0,0,0,0,0,0,0,0,0,2,0,0,0,0,0,0,2,15,./Cleaned-Dataset/Webshell/07dd881e69c134f99814923359ab8d3f.php,webshell
1,0,0,0,0,0,0,0,0,0,0,0,0,1,0,0,0,0,0,0,0,1,127,./Cleaned-Dataset/Webshell/07e4d65f5ce968dad162b8b02eeb1c76.php,webshell
0,0,0,0,0,0,0,0,0,0,0,0,3,0,0,0,0,0,0,0,0,43,114,./Cleaned-Dataset/Webshell/07eac7b0cc46d58dcae858c2448e55de.php,webshell
0,0,0,0,0,0,0,0,0,0,0,0,0,0,0,0,0,0,0,0,0,16,126,./Cleaned-Dataset/Webshell/07f4aa4376e7c27c287e46c28fac5d7d.php,webshell
0,0,0,0,0,0,0,0,0,0,0,0,1,0,0,0,0,1,0,0,0,1,9,./Cleaned-Dataset/Webshell/080b858706b64807b02ba250c5b49141.php,webshell
2,0,2,2,2,2,1,0,0,0,0,0,0,35,0,0,2,0,0,0,0,432,1485,./Cleaned-Dataset/Webshell/082a90252e652772f28038e9af942d71.php,webshell
5,0,0,0,0,0,0,0,0,0,0,0,0,4,0,0,0,0,0,0,0,84,105,./Cleaned-Dataset/Webshell/083647571897fbb504c978350b44f8a7.php,webshell
1,0,0,0,0,0,0,0,0,0,0,0,0,1,0,1,0,0,0,0,0,380,2174,./Cleaned-Dataset/Webshell/084a094b6bf38127aedea995f9cbf601.php,webshell
1,0,5,0,0,0,0,0,0,0,0,0,0,0,0,0,0,0,0,0,0,43,295,./Cleaned-Dataset/Webshell/0852f8f15b0db380d3b2e8d0837e48c3.php,webshell
0,0,5,0,0,0,0,0,0,0,0,0,13,0,0,0,0,0,0,0,0,971,2433,./Cleaned-Dataset/Webshell/0858fa1954e728eac3a7d88bfeed84fe.php,webshell
7,0,3,3,2,2,1,0,3,0,0,0,8,368,0,11,0,3,0,0,0,2883,8991,./Cleaned-Dataset/Webshell/085d2b3b585846128083cb3e329ea1cc.php,webshell
1,0,0,0,0,0,0,0,1,1,0,1,0,0,0,0,0,0,0,0,0,2,11,./Cleaned-Dataset/Webshell/0862350a101e7aeb214a3c0b62c2a040.php,webshell
0,0,0,0,0,0,0,0,0,0,0,0,1,1,0,0,2,0,0,0,0,28,101,./Cleaned-Dataset/Webshell/08648fd7a9e748a9fa2716a8ce34fb2b.php,webshell
0,1,0,0,0,0,0,0,0,0,0,0,0,1,0,0,0,0,0,0,0,4,20,./Cleaned-Dataset/Webshell/088cafc09d17f2a26981f1d39818bc92.php,webshell
0,0,0,0,0,0,0,0,0,0,0,0,0,0,0,0,0,0,0,0,0,17,344,./Cleaned-Dataset/Webshell/08a9e9bdfa51df5e2156b2429b04d65d.php,webshell
7,0,2,5,2,2,1,0,4,1,0,0,118,198,0,8,13,0,0,0,0,2399,8025,./Cleaned-Dataset/Webshell/08ba74d546d8cafe8fadad4cab6b5cab.php,webshell
0,0,0,0,0,0,0,0,0,0,0,0,0,0,0,0,0,0,0,0,0,18,347,./Cleaned-Dataset/Webshell/08da82abc90205bff4511ddfc95c7364.php,webshell
1,0,0,0,0,0,0,0,0,0,0,0,0,0,28,0,0,0,0,0,0,189,982,./Cleaned-Dataset/Webshell/08f0ebfd72960201e2a2bcace0c3e443.php,webshell
0,4,0,0,0,0,0,0,1,0,0,0,0,7,0,0,0,0,0,0,0,16,115,./Cleaned-Dataset/Webshell/08fa21b70d3f793e0c2b78115a53a205.php,webshell
0,0,0,0,0,0,0,0,0,0,0,0,5,4,0,0,0,0,0,0,0,119,729,./Cleaned-Dataset/Webshell/08fbb8115c612d3f6461a03b56f328eb.php,webshell
1,0,0,0,0,0,0,0,1,1,0,2,0,0,0,0,0,0,0,0,0,4,25,./Cleaned-Dataset/Webshell/0920e72192658fc5c70f4263e21deb18.php,webshell
1,0,0,0,0,0,0,0,1,0,0,0,0,1,0,0,0,0,0,0,0,1,18,./Cleaned-Dataset/Webshell/0927dabc72816eeaa5a4be7407692a2a.php,webshell
1,2,0,0,0,0,0,0,0,0,0,2,2,16,0,0,2,2,0,0,0,67,178,./Cleaned-Dataset/Webshell/093f4d68e20ab91eb6fb910474e04b89.php,webshell
0,0,0,0,0,0,0,0,0,0,0,0,0,0,0,0,0,0,0,0,0,18,347,./Cleaned-Dataset/Webshell/09414d0b41713d532d36b339129a67e5.php,webshell
1,0,0,0,0,0,0,0,1,0,0,0,1,0,0,0,2,0,0,0,0,5,40,./Cleaned-Dataset/Webshell/094cfd943347ce1a712409bc46fc444b.php,webshell
1,0,3,3,3,3,3,3,1,1,0,0,0,2,0,3,0,0,0,0,0,620,3695,./Cleaned-Dataset/Webshell/094f453d731110755334eaf0422d1d8a.php,webshell
5,0,0,0,0,0,0,0,0,0,0,0,3,1,0,2,0,0,0,1,0,458,2096,./Cleaned-Dataset/Webshell/095199c9b0f18f47419299941ae0f2d8.php,webshell
11,0,5,7,2,5,4,0,8,0,0,0,3,43,12,2,0,2,0,0,0,3466,13968,./Cleaned-Dataset/Webshell/09609851caa129e40b0d56e90dfc476c.php,webshell
0,0,0,0,0,0,0,0,6,0,0,0,0,0,0,0,0,0,0,0,0,1488,4869,./Cleaned-Dataset/Webshell/0961641a4ab2b8cb4d2beca593a92010.php,webshell
1,0,0,0,0,0,0,0,0,0,0,0,0,1,0,1,0,0,0,0,0,416,2354,./Cleaned-Dataset/Webshell/09630d9b1e1fac8da311a1cf01ab6e73.php,webshell
0,0,5,0,0,0,0,0,0,0,0,0,0,0,0,0,0,0,0,0,0,25,145,./Cleaned-Dataset/Webshell/0978b672db0657103c79505df69cb4bb.php,webshell
7,0,6,9,6,0,0,0,4,0,1,0,245,245,0,13,3,0,0,0,0,3457,9627,./Cleaned-Dataset/Webshell/0994e78288c45ec9c176f6a445405176.php,webshell
0,0,0,2,0,0,0,0,6,0,0,0,7,52,7,0,2,0,0,1,0,2364,5018,./Cleaned-Dataset/Webshell/09a8fe5ecee01c141f596f61fd08c694.php,webshell
10,0,6,3,0,3,1,0,2,0,0,0,0,69,4,2,0,1,0,0,0,3501,14371,./Cleaned-Dataset/Webshell/09b80f8f59909e45b1f70103e6952d55.php,webshell
0,0,0,0,0,0,0,0,0,0,0,0,0,3,0,0,0,0,0,0,0,14,26,./Cleaned-Dataset/Webshell/09c4dc25c15d1d9396971d5235c27faf.php,webshell
1,0,0,1,0,1,0,0,0,0,0,0,14,31,0,0,4,0,0,0,0,1282,4352,./Cleaned-Dataset/Webshell/09ca49baa2e599db2f57caf91f7faed9.php,webshell
13,0,0,0,0,0,0,0,0,0,0,0,0,200,0,0,2,0,0,0,0,584,2641,./Cleaned-Dataset/Webshell/09dc32e4ce0da30c64a781616cb3db00.php,webshell
6,0,3,4,2,2,1,0,3,0,0,0,0,251,0,42,2,1,0,0,0,1657,6600,./Cleaned-Dataset/Webshell/09f4a1cc6470466cdba8739e9fe04b38.php,webshell
0,0,1,0,0,0,0,0,0,0,0,0,0,0,0,0,0,0,0,0,0,44,65,./Cleaned-Dataset/Webshell/0a15f473e2232b89dae1075e1afdac97.php,webshell
5,0,0,36,0,2,0,0,5,0,0,0,55,108,0,0,46,0,0,0,0,1371,5840,./Cleaned-Dataset/Webshell/0a2235060d7b554a0d34655ff1aee7a8.php,webshell
0,0,0,0,0,0,0,0,0,0,0,0,0,40,47,2,3,0,0,0,0,1252,4574,./Cleaned-Dataset/Webshell/0a318e782b86c0d2ad580d03ae829dd2.php,webshell
1,0,0,0,0,0,0,0,1,0,0,0,0,0,0,0,0,0,0,0,0,1,8,./Cleaned-Dataset/Webshell/0a4d17d0b3e6551cde71a09cc2070490.php,webshell
0,0,0,0,0,0,0,0,0,0,0,0,0,2,0,0,0,1,0,0,0,17,119,./Cleaned-Dataset/Webshell/0a5214bd7a8678cfafb8c5379705ebcf.php,webshell
0,0,0,0,0,0,0,0,0,0,0,0,0,0,0,0,0,0,0,0,0,57,161,./Cleaned-Dataset/Webshell/0a5affc5414a74d8a400b25ce84a896e.php,webshell
1,1,0,0,0,0,0,0,0,0,0,0,2,0,0,0,0,0,0,0,0,12,38,./Cleaned-Dataset/Webshell/0a7f3dcd7c7339e5c71c9531b298201f.php,webshell
0,1,0,0,0,0,0,0,0,0,0,0,0,1,0,0,0,0,0,0,0,4,20,./Cleaned-Dataset/Webshell/0a8f388d3b129cc6d89aa09000dec25e.php,webshell
9,0,3,3,3,2,1,1,6,1,0,1,37,554,0,12,0,3,0,0,0,4773,14606,./Cleaned-Dataset/Webshell/0ab432a5e2d8f5b4efffc1d570240bdd.php,webshell
0,0,0,0,0,0,0,0,0,0,0,0,0,14,0,0,0,0,0,0,0,220,533,./Cleaned-Dataset/Webshell/0abf62d945881c1d5bb7f7f435e83749.php,webshell
1,0,0,0,0,0,0,0,2,0,1,0,0,0,0,0,0,0,0,0,0,1,9,./Cleaned-Dataset/Webshell/0aca50dd8c8967ee7031c5ee2bf92622.php,webshell
0,0,0,0,0,0,0,0,0,0,0,0,0,0,0,1,0,0,0,0,0,28,3609,./Cleaned-Dataset/Webshell/0ad939ce15ae3240224586fd60fc7968.php,webshell
9,0,0,6,0,15,0,0,7,0,0,0,111,88,0,0,42,12,0,0,0,1379,7027,./Cleaned-Dataset/Webshell/0af0c45bbc733c63c9218567bad6c37e.php,webshell
3,0,0,0,0,0,0,0,3,3,0,6,0,0,0,0,0,0,0,0,0,22,735,./Cleaned-Dataset/Webshell/0af1f9c32ec643d5bdd03d06e4452ec9.php,webshell
1,0,0,0,0,0,0,0,1,0,0,0,0,0,0,0,0,0,0,0,0,1609,62,./Cleaned-Dataset/Webshell/0b1bfb0bdc7e017baccd05c6af6943ea.php,webshell
1,0,0,0,0,0,0,0,0,0,0,0,0,0,0,0,0,0,0,0,0,1,8,./Cleaned-Dataset/Webshell/0b31bfb4735733b9360b996571e0b937.php,webshell
0,0,0,0,0,0,0,0,0,0,0,0,3,24,0,0,3,0,0,0,0,296,1259,./Cleaned-Dataset/Webshell/0b32c578085e39491f72a4bd609566dc.php,webshell
1,0,0,0,0,0,0,0,0,0,0,0,2,31,0,14,2,0,0,0,0,701,3348,./Cleaned-Dataset/Webshell/0b3e7ed8421e283fe80ebf3665467d63.php,webshell
0,1,0,0,0,0,0,0,0,0,0,0,0,0,1,0,0,0,0,0,0,4,15,./Cleaned-Dataset/Webshell/0b41fc7a992b417637bd7ae47d11a2b3.php,webshell
0,0,0,0,0,0,0,0,0,0,0,0,0,0,0,0,0,0,0,0,0,11,4,./Cleaned-Dataset/Webshell/0b53b67bb3b004a8681e1458dd1895d0.php,webshell
11,0,9,0,0,0,0,0,3,0,0,0,0,0,0,0,0,0,0,0,0,2124,7213,./Cleaned-Dataset/Webshell/0b58e6f54ef3861af5de2f064dd4e3f6.php,webshell
3,0,4,3,3,4,3,3,6,0,0,0,119,142,0,0,6,7,0,0,0,1178,5554,./Cleaned-Dataset/Webshell/0b6e4098dc556384f7b6b74b1e9b404a.php,webshell
0,0,0,0,0,0,0,0,0,0,0,0,0,0,0,0,0,0,0,0,0,20,26,./Cleaned-Dataset/Webshell/0b76d885c270aa2cf4b238e2fdab8830.php,webshell
0,0,0,0,0,0,0,0,0,0,0,0,0,1,0,0,2,0,0,0,0,32,178,./Cleaned-Dataset/Webshell/0ba3e683833303e35cb894c84f6d8cd6.php,webshell
0,0,0,0,0,0,0,0,0,0,0,0,0,0,0,0,0,0,0,0,0,16,41,./Cleaned-Dataset/Webshell/0bb09ffc5565d01140dbddde80c829f3.php,webshell
0,0,0,0,0,0,0,0,0,0,0,0,0,4,0,0,0,0,0,0,0,23,50,./Cleaned-Dataset/Webshell/0bb3c702e23462c9bd8aab942bda1179.php,webshell
0,0,4,2,2,2,1,0,0,0,0,0,1,27,0,0,0,0,0,0,0,476,2092,./Cleaned-Dataset/Webshell/0bb613aef1e7c95ec66976d51487fa65.php,webshell
0,0,0,0,0,0,0,0,0,0,0,0,0,0,1,0,0,0,0,0,0,8,30,./Cleaned-Dataset/Webshell/0bda1016fb258869419db59deec70cad.php,webshell
0,0,0,0,0,0,0,0,0,0,0,0,0,0,0,0,0,0,0,0,0,18,347,./Cleaned-Dataset/Webshell/0bddfab54dad524ce8b0ef80ed533cef.php,webshell
0,0,0,0,0,0,0,0,0,0,0,0,0,1,0,0,0,0,0,0,0,62,130,./Cleaned-Dataset/Webshell/0be750b2f6f5c28a50d264bcf95c0e27.php,webshell
1,0,0,0,0,0,0,0,1,0,0,0,2,2,0,0,0,0,0,0,0,40,291,./Cleaned-Dataset/Webshell/0be8fe7dd8b36a124c28c6ff559a2135.php,webshell
1,0,0,0,0,0,0,0,1,0,1,0,0,0,0,0,0,0,0,0,0,4,12,./Cleaned-Dataset/Webshell/0c24c5c4d572ecb8624950f25a117369.php,webshell
1,0,3,4,2,2,1,2,4,0,0,0,0,0,0,0,0,0,0,0,0,335,2746,./Cleaned-Dataset/Webshell/0c26d272b7d29a097d910251548781d6.php,webshell
0,0,0,0,0,0,0,0,0,0,0,0,0,0,0,0,0,0,0,0,0,16,341,./Cleaned-Dataset/Webshell/0c29c860a41f8e7273c846e6cb4d4def.php,webshell
1,0,0,0,0,0,0,0,0,0,0,0,1,0,0,0,0,0,0,0,0,3,33,./Cleaned-Dataset/Webshell/0c54b44361fc28188afc9f63e159a48c.php,webshell
1,0,2,6,2,2,0,0,0,0,0,0,0,24,0,0,0,0,0,0,0,311,1168,./Cleaned-Dataset/Webshell/0c5d227f4aa76785e4760cdcff78a661.php,webshell
0,0,3,3,0,0,1,0,0,0,0,0,10,26,0,0,2,0,0,0,0,402,1269,./Cleaned-Dataset/Webshell/0c8d973b938d28b55578ed39c43b7548.php,webshell
0,0,0,0,0,0,0,0,3,0,0,0,251,258,0,24,1,0,0,0,0,5448,31570,./Cleaned-Dataset/Webshell/0c942886f8e0aaf5b824f222c3ed84cb.php,webshell
0,0,0,0,0,0,0,0,1,0,0,0,1,0,0,0,0,0,0,0,0,2,8,./Cleaned-Dataset/Webshell/0ca0a94457cb7b8b84b4549614eb0e62.php,webshell
4,0,10,7,0,6,6,0,6,0,0,0,99,67,80,2,4,0,0,0,0,1385,5276,./Cleaned-Dataset/Webshell/0ca37dd3f0d0aeca36722c43712c63db.php,webshell
0,0,0,0,0,0,0,0,0,0,0,0,0,1,0,0,2,0,0,0,0,12,32,./Cleaned-Dataset/Webshell/0cb371546e0e8fd982c77b77ac9e5ba3.php,webshell
0,0,0,0,0,0,0,0,0,0,0,0,0,0,0,0,0,0,0,0,0,12,51,./Cleaned-Dataset/Webshell/0cd932b3814ad2d22f142053e9f1440d.php,webshell
1,0,0,0,0,0,0,0,0,0,0,1,0,0,0,0,0,0,0,0,0,1,11,./Cleaned-Dataset/Webshell/0ce516cfac2e83086045d595f789099e.php,webshell
2,0,0,0,0,0,0,0,0,0,0,0,0,0,0,0,0,0,0,0,0,4,148,./Cleaned-Dataset/Webshell/0ce953fa9d18d7dfe5764df76015244e.php,webshell
0,0,0,0,0,0,0,0,0,0,0,0,0,0,0,0,9,0,0,0,0,39,70,./Cleaned-Dataset/Webshell/0cf5ccfe895b5e840501281016048a7b.php,webshell
10,0,3,3,3,5,3,0,4,0,0,0,5,65,0,0,2,1,0,0,0,601,1806,./Cleaned-Dataset/Webshell/0cfc0b392a91648e813673b13d2a1a13.php,webshell
0,0,0,0,0,0,0,0,0,0,0,0,0,0,0,0,0,0,0,0,0,18,31,./Cleaned-Dataset/Webshell/0d43648311ac978702538cf1ac4e1257.php,webshell
16,0,6,28,2,2,1,1,5,1,0,0,56,288,2,1,10,1,0,1,0,2879,9356,./Cleaned-Dataset/Webshell/0d4883dfb1ee88418dea13df710c687e.php,webshell
0,0,0,0,0,0,0,0,0,0,0,0,0,0,0,0,0,0,0,0,0,810,369,./Cleaned-Dataset/Webshell/0d74b60df0990efd23705175f22cf9b2.php,webshell
0,0,0,0,0,0,0,0,0,0,0,0,0,0,0,0,2,0,0,0,0,13,19,./Cleaned-Dataset/Webshell/0d860c8097de5ca0f075f0e67ed77654.php,webshell
0,0,0,0,0,0,0,0,0,0,0,0,0,0,0,0,0,0,0,0,0,16,126,./Cleaned-Dataset/Webshell/0d8eac7c8d9cc79cc0e8a61a58559576.php,webshell
2,0,0,0,0,0,0,0,0,0,0,0,0,0,0,0,0,0,0,0,0,4,145,./Cleaned-Dataset/Webshell/0da1d4d01008f5391baf61cbda2503b7.php,webshell
0,0,0,0,0,0,0,0,0,0,0,0,0,1,0,0,2,0,0,0,0,17,32,./Cleaned-Dataset/Webshell/0db1331a6d498fd77a0aaf7ec90ad527.php,webshell
0,0,0,0,0,0,0,0,0,0,0,0,0,0,1,0,0,0,0,0,0,8,30,./Cleaned-Dataset/Webshell/0dd3fb9752d8dc5b29cc98f376dda825.php,webshell
0,0,0,0,0,0,0,0,0,0,0,0,0,1,1,0,0,0,0,0,0,4,17,./Cleaned-Dataset/Webshell/0dd49bb3be8719e332c20494f41c6f51.php,webshell
10,0,6,16,2,2,1,1,8,1,0,0,130,240,0,8,13,0,0,0,0,2742,9198,./Cleaned-Dataset/Webshell/0deb14094be5f2b852801173b969b126.php,webshell
0,0,2,5,0,0,0,0,1,0,0,0,14,4,22,0,0,0,0,0,0,736,2839,./Cleaned-Dataset/Webshell/0e09a23a6f7b3b276a4d4038537a0250.php,webshell
0,0,0,0,0,0,0,0,0,0,0,0,0,0,0,0,4,0,0,0,0,26,65,./Cleaned-Dataset/Webshell/0e0ac0f4989896d762b29287cae1875e.php,webshell
1,0,1,0,0,1,0,0,0,0,0,0,14,31,0,0,4,0,0,0,0,414,1721,./Cleaned-Dataset/Webshell/0e22040e193655f4068a0416597a76a0.php,webshell
0,0,0,0,0,0,0,0,1,0,0,0,0,2,0,0,0,0,0,0,0,18,28,./Cleaned-Dataset/Webshell/0e267233c5827f1424b080f16c879c3a.php,webshell
1,0,0,0,0,0,0,0,1,1,0,0,0,0,0,0,0,0,0,0,0,4,13,./Cleaned-Dataset/Webshell/0e2bcce5189a5c8de2785977e83aa413.php,webshell
0,0,0,0,0,0,0,0,0,0,0,0,0,0,0,0,0,0,0,0,0,9,14,./Cleaned-Dataset/Webshell/0e455ac3cf15d97531b5c45c4b24f476.php,webshell
3,0,4,8,2,3,0,0,0,0,0,0,3,42,0,0,0,1,0,0,0,1193,2129,./Cleaned-Dataset/Webshell/0e4dc2d07f334c26dbba6291f0a66156.php,webshell
0,0,0,0,0,0,0,0,0,0,0,0,0,0,1,0,0,0,0,0,0,2,8,./Cleaned-Dataset/Webshell/0e71428fe68b39b70adb6aeedf260ca0.php,webshell
0,0,0,0,0,0,0,0,0,0,0,0,0,4,0,2,0,0,0,0,0,22,3806,./Cleaned-Dataset/Webshell/0e77617987f90319efe4554c2486a90f.php,webshell
4,0,12,24,9,9,7,7,4,2,0,0,31,149,0,2,4,0,0,0,0,2616,8624,./Cleaned-Dataset/Webshell/0e7c0efac464ffd867c83c9d126d15b5.php,webshell
0,0,0,0,0,0,0,0,0,0,0,0,0,0,0,0,0,0,0,0,0,16,341,./Cleaned-Dataset/Webshell/0ebc0a155c431e540ba63b663d59596c.php,webshell
0,0,0,0,0,0,0,0,0,0,0,0,1,83,0,0,0,5,0,0,0,562,1348,./Cleaned-Dataset/Webshell/0ecc6a5a7978f871ff8469e8669bd359.php,webshell
9,0,14,9,9,7,8,0,2,0,0,0,4,3,143,0,0,2,0,0,0,1157,4288,./Cleaned-Dataset/Webshell/0ed50e89e6d0e5a104239721c343efc8.php,webshell
0,0,0,0,0,0,0,0,0,0,0,0,0,0,0,0,0,0,0,0,0,16,35,./Cleaned-Dataset/Webshell/0eda737081d70988f5d05760c913fabb.php,webshell
7,0,6,9,6,0,0,0,4,0,1,0,245,245,0,13,3,0,0,0,0,3457,9627,./Cleaned-Dataset/Webshell/0ee08d40bd837c337501c0ba0fb51945.php,webshell
0,0,0,0,1,0,0,0,0,0,0,0,0,0,1,0,0,0,0,0,0,5,15,./Cleaned-Dataset/Webshell/0f06e3bdbeb539d479c1a3905e7f0c35.php,webshell
0,1,0,0,0,0,0,0,0,0,0,0,0,0,3,0,0,0,0,0,0,8,75,./Cleaned-Dataset/Webshell/0f272705ce940df4785183e984391ec1.php,webshell
1,0,0,0,0,0,0,0,0,0,0,0,0,0,0,0,0,0,0,0,0,7,19,./Cleaned-Dataset/Webshell/0f2ce2e5c797c390ab939abe1c0190ad.php,webshell
0,0,0,0,0,0,0,0,0,0,0,0,0,0,0,0,0,0,0,0,0,16,341,./Cleaned-Dataset/Webshell/0f2e560ae857da83e41ab91625746363.php,webshell
0,0,0,0,0,0,0,0,0,0,0,0,1,0,0,0,0,0,0,0,0,54,348,./Cleaned-Dataset/Webshell/0f345ad1f5c76fc59f5fbbe65abccfc7.php,webshell
0,0,0,0,0,0,0,0,0,0,0,0,0,0,0,0,0,0,0,0,0,4,9,./Cleaned-Dataset/Webshell/0f3c9e8fbf33037da8759f58728c6ef2.php,webshell
0,0,0,0,0,0,0,0,0,1,0,0,0,4,0,2,0,0,0,0,0,21,131,./Cleaned-Dataset/Webshell/0f469ba3c4610bdfc51804c9744000d1.php,webshell
10,0,6,3,0,3,1,0,6,0,0,0,3,3,7,2,0,2,0,0,0,3435,14001,./Cleaned-Dataset/Webshell/0f5b9238d281bc6ac13406bb24ac2a5b.php,webshell
0,0,1,0,0,0,0,0,0,0,0,0,0,0,0,0,0,0,0,0,0,316,2684,./Cleaned-Dataset/Webshell/0f6fc9609a84a20576e541b5df933e69.php,webshell
0,0,0,0,0,0,0,0,0,0,0,0,0,0,0,0,0,0,0,0,0,1,1,./Cleaned-Dataset/Webshell/0f87f97ea2d53e2bd2b698ac425a5137.php,webshell
0,0,0,0,0,0,0,0,0,0,0,0,0,0,0,0,0,0,0,0,0,16,46,./Cleaned-Dataset/Webshell/0fa288f0c0a5187f9dda24ece99f34ec.php,webshell
0,0,0,0,0,0,0,0,0,0,0,0,0,0,0,0,4,0,0,0,0,42,67,./Cleaned-Dataset/Webshell/0fb3f0964c348a47ea9f92c136cc094a.php,webshell
7,0,2,6,2,2,1,4,4,0,0,0,0,3,0,2,3,1,0,0,0,2099,8409,./Cleaned-Dataset/Webshell/0fb84d052e9a6a11e42e9a04125ef9f0.php,webshell
0,0,1,0,0,0,0,0,0,0,0,0,0,2,14,0,6,0,0,0,0,124,368,./Cleaned-Dataset/Webshell/0fdb401a49fc2e481e3dfd697078334b.php,webshell
1,0,0,0,0,0,0,0,0,0,0,0,0,6,17,0,0,0,0,0,0,28,281,./Cleaned-Dataset/Webshell/0fe4e4701467e14a1936cbe2fca91ea2.php,webshell
3,0,2,2,2,2,2,3,8,7,5,6,130,51,49,2,2,5,0,1,0,1565,6320,./Cleaned-Dataset/Webshell/0ff776628270a60aa1dc3f5a16ef8ccd.php,webshell
0,0,0,0,0,0,0,0,0,0,0,0,0,0,1,0,0,0,0,0,0,4,6,./Cleaned-Dataset/Webshell/100d4b38f13ea7212f9f9e29a554c4dc.php,webshell
0,0,0,0,0,0,0,0,0,0,0,0,0,0,0,0,0,0,0,0,0,20,353,./Cleaned-Dataset/Webshell/102f169280dc1c1b7e089ce0e78c8605.php,webshell
0,0,0,0,0,0,0,0,0,0,0,0,0,0,1,0,0,0,0,0,0,3,6,./Cleaned-Dataset/Webshell/10321a74127daaf3c9a0af7dde0d53f8.php,webshell
1,0,0,0,0,0,0,0,0,0,0,0,0,0,0,0,0,0,0,0,0,3,67,./Cleaned-Dataset/Webshell/103487f31a807aa9933cffe7768c5f32.php,webshell
0,0,0,0,0,0,0,0,1,0,0,0,0,1,0,0,0,0,0,0,0,4,21,./Cleaned-Dataset/Webshell/103accb9425879d06b9d57d0e36e01af.php,webshell
0,0,5,8,0,0,0,0,0,0,0,0,0,0,0,0,0,1,0,0,0,187,982,./Cleaned-Dataset/Webshell/104084f3fbce82ef0f83272be91d9eab.php,webshell
1,0,0,0,0,0,0,0,1,0,1,1,0,0,0,0,0,0,0,0,0,111,340,./Cleaned-Dataset/Webshell/1043d989a263ce81fb3c9f960aa1ce41.php,webshell
1,0,0,0,0,0,0,0,0,0,0,0,1,0,0,0,0,0,0,0,0,1,6,./Cleaned-Dataset/Webshell/1046168a140f72aebefb9f6494cbe849.php,webshell
0,0,0,0,0,0,0,0,0,0,0,0,0,13,0,0,0,0,0,0,0,94,246,./Cleaned-Dataset/Webshell/104c85f2e4ca44b0e8f794c5b0d191c0.php,webshell
2,0,0,0,0,0,0,0,0,0,0,0,0,0,0,0,0,0,0,0,0,52,641,./Cleaned-Dataset/Webshell/1050141cc2be8aaaeb9091b8fec22a79.php,webshell
6,0,8,4,3,2,1,1,4,0,0,0,36,553,0,12,0,20,0,0,0,4516,15788,./Cleaned-Dataset/Webshell/1069c1f772234f967d32717645b1d6f0.php,webshell
0,1,0,0,0,0,0,0,0,0,0,0,0,1,0,0,0,0,0,0,0,4,20,./Cleaned-Dataset/Webshell/1083f2634d1e672d6a427a081e577cad.php,webshell
0,0,0,0,0,0,0,0,0,0,0,0,0,0,0,0,0,0,0,0,0,20,353,./Cleaned-Dataset/Webshell/108853682f3aee81e75524ffab55d2c7.php,webshell
1,0,0,0,0,0,0,0,1,1,0,0,0,0,0,0,0,0,0,0,0,1,7,./Cleaned-Dataset/Webshell/1088c0fa1089064106b2337dddc3795b.php,webshell
0,0,0,0,0,0,0,0,0,0,0,0,0,0,0,0,0,0,0,0,0,20,353,./Cleaned-Dataset/Webshell/10b1f34aa882e426974e7f43ad0cf3f7.php,webshell
0,0,0,0,0,0,0,1,0,0,0,0,0,24,0,1,5,0,0,0,0,362,1535,./Cleaned-Dataset/Webshell/10bec6ff529df83c7f7ddb33810312f2.php,webshell
5,0,2,4,2,2,1,0,2,0,0,0,0,252,0,42,2,1,0,0,0,1627,6605,./Cleaned-Dataset/Webshell/10ef7c54105c0cd6e4898f2cc8cb84b9.php,webshell
10,0,6,3,0,3,1,0,6,0,0,0,3,3,7,2,0,2,0,0,0,3433,14001,./Cleaned-Dataset/Webshell/1102f606d9e6c5a50727031002812806.php,webshell
0,1,0,0,0,0,0,0,0,0,0,0,0,0,1,0,0,0,0,0,1,1,31,./Cleaned-Dataset/Webshell/1111516ffedab69ef8050f2aacb0b0a1.php,webshell
0,0,0,0,0,0,0,0,0,0,0,0,0,1,0,0,0,0,0,0,0,1,9,./Cleaned-Dataset/Webshell/1122d3357c2c79e62102b39fc4cbd0d5.php,webshell
1,0,0,0,0,0,0,0,1,0,1,0,0,0,0,0,0,0,0,0,0,8,18,./Cleaned-Dataset/Webshell/11321c1904478578e7e1aae1257a3598.php,webshell
1,0,0,0,0,0,0,0,0,0,0,0,0,0,0,0,0,0,0,0,0,22,205,./Cleaned-Dataset/Webshell/113c406531a1cfa4c136f8c69f076b5c.php,webshell
0,0,0,0,1,0,0,0,0,0,0,0,0,3,0,0,0,0,0,0,0,27,51,./Cleaned-Dataset/Webshell/114dde807327f7e9047bbf7d85dc1565.php,webshell
0,0,0,0,0,0,0,0,0,0,0,0,0,7,0,0,0,0,0,0,0,134,253,./Cleaned-Dataset/Webshell/117492373ecdac665255426180fb2abd.php,webshell
1,0,0,0,0,0,0,0,1,0,1,0,0,0,0,0,0,0,0,0,0,5,14,./Cleaned-Dataset/Webshell/1177b2a1c9ccab7c2c7e43e6ceaf8d96.php,webshell
9,0,3,3,3,2,1,1,6,1,0,1,37,554,0,12,0,3,0,0,0,4773,14606,./Cleaned-Dataset/Webshell/1182902c08a3a558ead242875ccce507.php,webshell
0,0,0,0,0,0,0,0,0,0,0,0,0,1,0,0,0,0,0,0,0,1,17,./Cleaned-Dataset/Webshell/11aaa7e22cc5d6da69b321934b2d93dd.php,webshell
5,0,3,4,2,2,1,0,6,0,0,0,0,293,0,55,3,2,0,0,0,1880,7682,./Cleaned-Dataset/Webshell/11c9ca06fa172f4631821825c819d346.php,webshell
9,0,0,6,0,15,0,0,7,0,0,0,111,88,0,0,42,12,0,0,0,1366,6958,./Cleaned-Dataset/Webshell/11e8d1100fdb5ea24ed5194af5e3d9fc.php,webshell
9,0,6,16,2,2,1,1,8,1,0,0,129,241,0,8,13,0,0,0,0,2715,9152,./Cleaned-Dataset/Webshell/11f101b8761b8d560cd53e4d5f8ffd7f.php,webshell
0,0,0,0,0,0,0,0,0,0,0,0,0,0,0,0,0,0,0,0,0,7,12,./Cleaned-Dataset/Webshell/1206b3e4279a33ddead21e46ff65ab82.php,webshell
2,0,0,0,0,0,0,0,0,0,0,0,0,0,0,0,0,0,0,0,0,213,2552,./Cleaned-Dataset/Webshell/1219829346fa85f56af90b1fdbb4afca.php,webshell
0,1,0,0,0,0,0,0,0,0,0,0,0,0,1,0,0,0,0,0,0,4,15,./Cleaned-Dataset/Webshell/12200c1fe61a236d036e39762a061355.php,webshell
0,0,0,0,0,1,0,0,0,0,0,0,0,8,0,0,0,0,0,0,0,64,225,./Cleaned-Dataset/Webshell/122e9839a94733ecccb0dfaae8ed738c.php,webshell
3,0,10,8,0,0,0,0,1,0,0,0,145,108,0,3,3,0,0,0,0,826,3568,./Cleaned-Dataset/Webshell/124841df98da5cdb6ff747c240c3612d.php,webshell
0,0,5,0,0,0,0,0,0,0,0,0,0,0,0,0,0,0,0,0,0,1561,1541,./Cleaned-Dataset/Webshell/1252e7c2ff1504a481140f166726a740.php,webshell
3,0,0,0,0,0,0,0,3,3,0,6,0,0,0,0,0,0,0,0,0,22,735,./Cleaned-Dataset/Webshell/125964208f8e86dacd16905a23aac8a5.php,webshell
2,0,6,4,12,2,0,0,3,1,0,0,47,69,0,0,3,21,0,1,0,2083,5713,./Cleaned-Dataset/Webshell/125ce980488a92aafdedaf137129500d.php,webshell
0,0,0,0,0,0,0,0,0,0,0,0,0,0,0,0,0,0,0,0,0,17,344,./Cleaned-Dataset/Webshell/126e56da9d2bca2c608f11e14ac73a94.php,webshell
0,0,1,0,0,0,0,0,0,0,0,0,0,8,0,0,0,4,0,0,0,239,315,./Cleaned-Dataset/Webshell/127ed98c80ec4dbaa0c1eb0e26c2ef98.php,webshell
0,0,0,2,0,0,0,0,6,0,0,0,7,52,7,0,2,0,0,1,0,1566,4494,./Cleaned-Dataset/Webshell/12911b73bc6a5d313b494102abcf5c57.php,webshell
1,0,0,0,0,0,0,0,0,0,0,0,0,0,0,0,0,0,0,0,0,1,10,./Cleaned-Dataset/Webshell/12a33accf794e428d46688cba9543221.php,webshell
0,0,4,30,2,2,0,0,4,0,0,0,57,94,0,2,6,0,0,0,0,1708,7078,./Cleaned-Dataset/Webshell/12c69506bea5e43ce11b1620d9b70070.php,webshell
3,0,0,5,0,0,0,0,0,0,0,0,0,224,0,0,3,0,0,0,0,744,3242,./Cleaned-Dataset/Webshell/12ca297cadbc475234f71b3542c1e518.php,webshell
0,0,8,12,7,8,0,0,0,0,0,0,0,19,0,0,0,0,0,0,0,184,572,./Cleaned-Dataset/Webshell/13010c9e505cecdcfee86e7a23d65303.php,webshell
0,0,0,0,0,0,0,0,0,0,0,0,0,0,0,0,0,0,0,0,0,18,347,./Cleaned-Dataset/Webshell/130ab564138cc76141417b30399ec33f.php,webshell
1,0,0,0,0,0,0,0,0,0,0,0,0,0,0,0,0,0,0,0,0,1,10,./Cleaned-Dataset/Webshell/132970cf863271e2af48daa4000f4081.php,webshell
0,0,0,0,0,0,0,0,0,0,0,0,0,0,0,0,0,0,0,0,0,45,42,./Cleaned-Dataset/Webshell/13327722b7bb6b86e8a57148ccb32350.php,webshell
0,0,0,0,0,0,0,0,0,0,0,0,0,0,0,0,0,0,0,0,0,20,353,./Cleaned-Dataset/Webshell/13330dcb575f77c8f85393871999b4b2.php,webshell
0,0,0,0,0,0,0,0,0,0,0,0,1,0,0,0,4,0,0,0,0,49,97,./Cleaned-Dataset/Webshell/1333a2f6fa924559a2ca18c9479dc1e9.php,webshell
0,0,0,0,0,0,0,0,0,0,0,0,0,0,0,3,0,0,0,0,0,22,194,./Cleaned-Dataset/Webshell/13524e06082228ee286d5be519b9d3ef.php,webshell
0,0,0,0,0,0,0,0,1,0,0,0,0,2,2,0,0,0,0,0,0,6,36,./Cleaned-Dataset/Webshell/13967d70201ab6f7f171195f4e2f3a6e.php,webshell
0,0,1,1,1,0,0,0,0,0,0,0,2,6,0,0,0,1,0,0,0,740,2216,./Cleaned-Dataset/Webshell/13979864a84ef8a94d364dad187e9d10.php,webshell
1,0,0,0,0,0,0,0,1,0,0,0,0,1,0,0,0,0,0,0,0,1,18,./Cleaned-Dataset/Webshell/13a0c38ec6d8b21c54d2337cf2e02f40.php,webshell
5,0,3,4,2,2,1,0,6,0,0,0,0,294,0,55,3,2,0,0,0,1882,7645,./Cleaned-Dataset/Webshell/13ae0f326b57539e7eeb8b7a241a3186.php,webshell
0,0,0,0,0,0,0,0,0,0,0,0,0,2,0,0,0,0,0,0,0,7,42,./Cleaned-Dataset/Webshell/13af9dfdee51f4abd5cbbbaec1c9f19f.php,webshell
3,0,4,8,2,3,0,0,0,0,0,0,3,42,0,0,0,1,0,0,0,1193,2129,./Cleaned-Dataset/Webshell/13aff154484f3eb2f0745b9f2c72b66e.php,webshell
9,0,0,6,0,15,0,0,7,0,0,0,111,88,0,0,42,12,0,0,0,1368,6959,./Cleaned-Dataset/Webshell/13b8c3d21a3ff94f5d88250562cc5c04.php,webshell
0,0,1,0,0,0,0,0,0,0,0,0,2,8,0,7,0,0,0,0,0,87,247,./Cleaned-Dataset/Webshell/13c6f7f40782a2c1a8a9b2d9e2346eed.php,webshell
1,0,0,0,0,0,0,0,0,0,0,0,0,0,28,0,0,0,0,0,0,189,982,./Cleaned-Dataset/Webshell/13db09048e737f74bc754ee4b73499fc.php,webshell
1,0,0,0,0,0,1,0,0,0,0,0,0,4,0,0,4,4,0,0,0,1202,6792,./Cleaned-Dataset/Webshell/13db865d9a8252498e764ba53fc3eb77.php,webshell
0,0,0,5,0,0,0,0,0,0,0,0,61,14,18,0,3,0,0,1,0,1644,6616,./Cleaned-Dataset/Webshell/13f5c7a035ecce5f9f380967cf9d4e92.php,webshell
0,0,0,1,0,0,0,0,0,0,0,0,0,0,0,0,0,0,0,0,0,629,2485,./Cleaned-Dataset/Webshell/1405fa3204464ba25303710126ae953c.php,webshell
14,0,4,2,2,2,1,0,6,0,0,0,1,155,0,0,2,0,0,0,0,1540,5559,./Cleaned-Dataset/Webshell/141a895721be29693796873e4620ab04.php,webshell
1,0,0,0,0,0,0,0,0,0,0,0,1,0,0,0,0,0,0,0,0,2,21,./Cleaned-Dataset/Webshell/14386e62b7eae3705dd5428dabc74fcc.php,webshell
0,0,1,0,0,0,0,0,0,0,0,0,2,0,0,0,0,0,0,0,0,11,26,./Cleaned-Dataset/Webshell/143b096c4450f34e42236bff78fdafc1.php,webshell
0,0,2,2,2,2,1,0,1,0,0,0,0,0,0,0,0,0,0,0,0,26,172,./Cleaned-Dataset/Webshell/14454c659f0e6fe6185f0152aa2ed12b.php,webshell
0,0,0,0,0,0,0,0,0,0,0,0,1,0,0,0,0,0,0,0,0,4,16,./Cleaned-Dataset/Webshell/145e078e550f9231a6b0d952b9d58eec.php,webshell
0,0,0,0,0,2,0,0,0,0,0,0,0,3,0,0,2,0,0,0,0,34,56,./Cleaned-Dataset/Webshell/146b8ab3634503dd22b382f9187620ca.php,webshell
0,0,0,0,0,0,0,0,0,0,0,0,0,0,0,0,0,0,0,0,0,71,179,./Cleaned-Dataset/Webshell/146e7cf780173f0f87fe32d48fb55541.php,webshell
1,0,0,0,0,0,0,0,1,1,0,1,0,0,0,0,0,0,0,0,0,1,9,./Cleaned-Dataset/Webshell/1480240132d51229a5bc451fdb3b8c50.php,webshell
0,0,2,0,0,0,0,0,0,0,0,0,0,0,0,0,0,0,0,0,0,8,36,./Cleaned-Dataset/Webshell/1486a7c27b36cd0a8a1e5d8d063c69e8.php,webshell
1,0,0,0,0,0,0,0,1,0,0,0,0,0,0,0,0,0,0,0,0,9,26,./Cleaned-Dataset/Webshell/14919df80eea60e900e5db8298d06753.php,webshell
11,0,6,3,0,3,1,0,7,0,0,0,7,3,7,2,0,2,0,0,0,4152,14588,./Cleaned-Dataset/Webshell/149b8ae3ca1cf126af05bd8c58ebde90.php,webshell
1,0,0,0,0,0,0,0,14,0,13,0,0,0,0,0,0,0,0,0,0,346,1992,./Cleaned-Dataset/Webshell/14a4bb1728e3b1830a16054731cd7aa4.php,webshell
1,0,0,0,0,0,0,0,1,1,0,0,0,0,0,0,0,0,0,0,0,11,35,./Cleaned-Dataset/Webshell/14ae0e4f5349924a5047fed9f3b105c5.php,webshell
0,0,0,0,0,0,0,0,0,0,0,0,0,1,0,0,0,0,0,0,0,0,9,./Cleaned-Dataset/Webshell/14b55dbce5720bc50311aa1ca65b7810.php,webshell
0,0,0,0,0,0,0,0,0,0,0,0,4,0,0,0,0,0,0,0,0,4,20,./Cleaned-Dataset/Webshell/14c7281fdaf2ae004ca5fec8753ce3cb.php,webshell
14,0,14,11,6,9,8,0,11,0,0,0,1,41,4,1,2,2,0,0,0,4142,14516,./Cleaned-Dataset/Webshell/14cec8acb11fadf85df21a1ea9b68981.php,webshell
0,0,31,19,0,0,0,0,0,0,0,0,0,0,0,0,0,0,0,0,0,1316,5237,./Cleaned-Dataset/Webshell/14dbde7d6bb2423a0222fa89ecde6f56.php,webshell
7,0,2,6,2,2,1,4,4,0,0,0,0,3,0,2,3,1,0,0,0,2104,8445,./Cleaned-Dataset/Webshell/14ed15c1d27ac88c8bd302d0e50451a6.php,webshell
12,0,2,2,2,2,2,2,7,5,0,0,4,4,1,38,6,0,0,0,0,2393,10850,./Cleaned-Dataset/Webshell/14f00bb8caa9dc88253f50bf8345c557.php,webshell
13,0,8,4,4,4,4,0,9,0,0,0,3,3,4,2,2,2,0,0,0,4323,14758,./Cleaned-Dataset/Webshell/14f4c4306d750b3dc5debba09cd2ee71.php,webshell
1,0,0,0,0,0,0,0,1,1,0,0,0,0,0,0,0,0,0,0,0,4,13,./Cleaned-Dataset/Webshell/14fa3f5177a12aba6358ad1ec5f36406.php,webshell
0,0,0,0,2,0,0,0,0,0,0,0,0,0,0,0,0,0,0,0,0,31,164,./Cleaned-Dataset/Webshell/1514326bda1e8f7a89f589e1900c974d.php,webshell
13,0,2,2,2,2,2,2,6,4,0,0,0,0,162,47,3,0,0,0,0,2733,11797,./Cleaned-Dataset/Webshell/151ca401f5638d7d08da3d4c2c1a46c9.php,webshell
0,0,0,0,0,0,0,0,1,0,0,0,0,0,0,1,0,0,0,0,0,1188,44,./Cleaned-Dataset/Webshell/1538423d55e81a1026cf97d9cc36a1ea.php,webshell
1,0,0,0,0,0,0,0,14,0,13,0,0,0,0,0,0,0,0,0,0,346,1988,./Cleaned-Dataset/Webshell/1541d051a877b1d3f5a081360ec7abe4.php,webshell
9,0,5,2,2,2,1,0,10,0,0,0,1,1,7,2,0,2,0,0,0,3878,12992,./Cleaned-Dataset/Webshell/157b4ac3c7ba3a36e546e81e9279eab5.php,webshell
1,0,0,0,0,0,0,0,0,0,0,0,0,0,0,0,0,0,0,0,0,10,33,./Cleaned-Dataset/Webshell/15c39a38adad6e39a509411297ed1317.php,webshell
0,0,0,0,0,0,0,0,0,0,0,0,0,0,0,0,0,0,0,0,0,13,26,./Cleaned-Dataset/Webshell/15eff915bf8607def6e103a240d41c9c.php,webshell
5,0,3,4,2,2,1,0,2,0,0,0,0,252,0,42,2,1,0,0,0,1661,6622,./Cleaned-Dataset/Webshell/160219f5724fa663cdf7df8bf6734193.php,webshell
1,0,2,2,2,2,0,0,0,0,0,0,2,6,0,0,6,0,0,0,0,256,603,./Cleaned-Dataset/Webshell/161199044e56e86d62262e3c6582201d.php,webshell
0,0,0,0,0,0,0,0,0,0,0,0,0,2,0,0,0,0,0,0,0,15,21,./Cleaned-Dataset/Webshell/161283077e6d70a62cf7ddfa3d32fd18.php,webshell
1,0,0,0,0,0,0,0,1,1,0,0,0,0,0,0,0,0,0,0,0,1,7,./Cleaned-Dataset/Webshell/1617ff850aaa8c685347aa870d5e5fc1.php,webshell
1,0,0,0,0,0,0,0,1,1,0,0,0,0,0,0,0,0,0,0,0,0,7,./Cleaned-Dataset/Webshell/1645d4993c1b4ffb4c9243ad194e78dc.php,webshell
0,0,0,0,0,0,0,0,0,0,0,0,1,0,0,0,0,0,0,0,0,3,43,./Cleaned-Dataset/Webshell/16767a4ec7e85cdb37acaf7da0903c96.php,webshell
11,0,6,3,0,3,1,0,7,0,0,0,3,3,7,2,0,3,0,0,0,4034,14287,./Cleaned-Dataset/Webshell/1677493131f701e5e9568d132ba35dee.php,webshell
1,0,0,0,0,0,0,0,1,0,0,0,0,0,0,0,0,0,0,0,0,8,32,./Cleaned-Dataset/Webshell/167bd508aea2558864859047c44315af.php,webshell
1,0,1,0,0,0,0,0,1,0,0,0,2,2,0,0,0,0,0,0,0,395,3240,./Cleaned-Dataset/Webshell/16ab97e1bfff0a88cbf22e3ad3e61aaa.php,webshell
1,0,4,8,0,0,0,0,8,0,0,0,264,333,0,20,5,0,0,0,0,13502,35191,./Cleaned-Dataset/Webshell/16b8a91b852b29ce6777fdbfbb7f2f63.php,webshell
7,0,0,0,0,1,0,0,1,0,0,0,2,20,0,0,6,0,0,0,0,146,349,./Cleaned-Dataset/Webshell/16bf9a7c1facc20bb9e652fbe5fa1ca9.php,webshell
1,0,0,0,0,0,0,0,0,0,0,0,0,0,0,0,0,0,0,0,0,1,10,./Cleaned-Dataset/Webshell/16ed09f5f1c3e07582e166eca3e6b7f3.php,webshell
2,0,0,0,0,0,0,0,0,0,0,0,0,0,0,0,0,0,0,0,0,4,146,./Cleaned-Dataset/Webshell/16ef583d571fa01d9e56c7c37a477aa4.php,webshell
11,0,3,3,0,3,1,0,7,0,0,0,3,3,7,2,0,2,0,0,0,4020,14290,./Cleaned-Dataset/Webshell/171121fef3c9935b03649deb7b122587.php,webshell
0,0,1,1,0,0,0,0,0,0,0,0,0,4,1,0,0,0,0,0,0,86,317,./Cleaned-Dataset/Webshell/171d0ea06e4e830a795c259a3eefce6c.php,webshell
1,0,0,0,0,0,0,0,1,1,0,0,0,0,0,0,0,0,0,0,0,4,16,./Cleaned-Dataset/Webshell/172b627570cb17f7df7d42dbcf929c7e.php,webshell
0,0,0,0,0,0,0,0,0,0,0,0,0,0,0,0,0,0,0,0,0,57,127,./Cleaned-Dataset/Webshell/172bf6b883e2a65ec242b40da381ee07.php,webshell
0,0,0,0,0,0,0,0,0,0,0,0,0,0,0,0,0,0,0,0,0,1084,290,./Cleaned-Dataset/Webshell/1753f6a44ed0389bef481e0e065a5589.php,webshell
0,0,5,4,0,0,0,0,0,0,0,0,0,0,0,0,0,0,0,0,0,105,577,./Cleaned-Dataset/Webshell/17559b6578a581fd0d1ee8b7d777eefd.php,webshell
1,0,4,1,0,0,0,0,0,0,0,0,5,16,0,0,0,0,0,0,0,218,569,./Cleaned-Dataset/Webshell/175a9172b73a7d6df9d737de7b355a48.php,webshell
9,0,0,6,0,15,0,0,7,0,0,0,110,88,0,0,42,12,0,0,0,1374,7006,./Cleaned-Dataset/Webshell/17a07bb84e137b8aa60f87cd6bfab748.php,webshell
0,0,1,0,0,0,0,0,0,0,0,0,0,0,0,0,0,0,0,0,0,125,188,./Cleaned-Dataset/Webshell/17ab5086aef89d4951fe9b7c7a561dda.php,webshell
9,0,5,2,2,2,1,0,10,0,0,0,1,1,7,2,0,3,0,0,0,3884,13037,./Cleaned-Dataset/Webshell/17b7138b73f47be60c595cf261f6fa1e.php,webshell
0,0,0,0,0,0,0,0,1,0,0,0,0,1,0,0,2,0,0,0,0,17,34,./Cleaned-Dataset/Webshell/17cb9de431a47c8111eead3f86ec3e46.php,webshell
0,0,31,19,0,0,0,0,0,0,0,0,0,0,0,0,0,0,0,0,0,1316,5237,./Cleaned-Dataset/Webshell/181ebe63f4051c4b286c77e0b72deeeb.php,webshell
2,0,0,0,0,0,0,0,1,0,0,0,0,0,0,0,0,0,0,0,0,2,245,./Cleaned-Dataset/Webshell/181fbfb0427d7fec4aef5cc18c93abe5.php,webshell
6,0,10,8,13,10,6,5,17,5,5,0,276,160,24,53,3,35,0,3,0,4855,16369,./Cleaned-Dataset/Webshell/182189bdc3c80b3fe5186c94dd06835b.php,webshell
0,0,0,0,0,0,0,0,0,0,0,0,0,0,0,0,0,0,0,0,0,18,347,./Cleaned-Dataset/Webshell/18356305240c16b2a8e0e09b3ac5f592.php,webshell
5,0,3,4,2,2,1,0,6,0,0,0,0,287,0,55,3,2,0,0,0,1963,7777,./Cleaned-Dataset/Webshell/1846dbaec865fc9773f563c727583199.php,webshell
1,0,0,0,0,0,0,0,0,0,0,0,2,0,0,0,0,0,0,0,0,28,83,./Cleaned-Dataset/Webshell/184859bcdfba40d83d6a3443393e7e26.php,webshell
0,0,1,1,0,0,0,0,0,0,0,0,0,0,0,0,0,0,0,0,0,123,453,./Cleaned-Dataset/Webshell/184901d7b9a409f76f7647167e07abe5.php,webshell
0,0,0,0,0,0,0,0,0,0,0,0,0,0,0,0,0,0,0,0,0,6,9,./Cleaned-Dataset/Webshell/184a377ed55dfcf408eb8bacb698ab94.php,webshell
0,0,0,0,0,0,0,0,4,0,0,0,0,4,0,0,0,0,0,0,0,8,105,./Cleaned-Dataset/Webshell/185c1e309672900d83f375e76a5cdcad.php,webshell
0,0,0,0,0,0,0,0,2,0,0,0,0,0,0,0,0,0,0,0,0,17,73,./Cleaned-Dataset/Webshell/186d35c429c3eb38c0588d778d99c0ba.php,webshell
3,0,10,7,0,6,6,0,6,0,0,0,99,67,80,2,4,0,0,0,0,1392,5284,./Cleaned-Dataset/Webshell/18a9ab2cf315a372c229994a88ce578f.php,webshell
1,0,0,0,0,0,0,0,0,0,0,0,0,1,0,1,0,1,0,0,0,441,2474,./Cleaned-Dataset/Webshell/18b12eb3febbd5d67a1083dc1f445ba0.php,webshell
0,0,5,0,0,0,0,0,10,0,0,0,6,79,0,0,2,0,0,0,0,571,1806,./Cleaned-Dataset/Webshell/18cab6b3bb3e9f55ff88f6df28ce1d29.php,webshell
0,0,1,0,0,0,0,0,0,0,0,0,2,8,0,7,0,0,0,0,0,87,247,./Cleaned-Dataset/Webshell/18caffd7f7ff032705591513363ce20c.php,webshell
1,0,0,0,0,0,0,0,0,0,0,0,0,1,0,1,0,0,0,0,0,380,2174,./Cleaned-Dataset/Webshell/18ecd0ae0d487d8aafe33e961a8c2c23.php,webshell
2,0,3,2,6,2,1,0,5,0,0,0,55,84,4,14,2,0,0,1,0,1423,6263,./Cleaned-Dataset/Webshell/18f2877d12d89b99e46c701161ecb1e7.php,webshell
1,0,0,0,0,0,0,0,0,0,0,0,0,1,0,0,0,0,0,0,0,0,6,./Cleaned-Dataset/Webshell/18f6120ed684eac0dc742a2064c5305f.php,webshell
0,0,0,0,0,0,0,0,0,0,0,0,2,0,0,0,0,0,0,0,0,34,103,./Cleaned-Dataset/Webshell/19236c61fef5e52d871fc118149e7e24.php,webshell
0,1,0,0,0,0,0,0,0,0,0,0,0,1,0,0,0,0,0,0,0,2,11,./Cleaned-Dataset/Webshell/192a395727291dedbf8ecdda4ffcd038.php,webshell
1,0,0,0,0,0,0,0,1,1,0,0,0,0,0,0,0,0,0,0,0,2,9,./Cleaned-Dataset/Webshell/19317b2f0adb869a66e0703683ace542.php,webshell
0,0,1,0,0,0,0,0,6,0,0,0,57,1,0,0,0,0,0,0,0,1523,5036,./Cleaned-Dataset/Webshell/1937f5ae3f2fe2be2dc13fea9b9930cc.php,webshell
1,0,2,2,2,2,0,0,0,0,0,0,2,6,0,0,6,0,0,0,0,256,603,./Cleaned-Dataset/Webshell/194a9d3f3eac8bc56d9a7c55c016af96.php,webshell
0,0,1,0,0,0,0,0,0,0,0,0,2,0,0,0,0,0,0,0,0,2,18,./Cleaned-Dataset/Webshell/1956bac74661b8d5d5e5be3ab06ee8e4.php,webshell
0,0,0,2,0,0,0,0,0,0,0,0,0,0,2,0,0,0,0,0,0,6,30,./Cleaned-Dataset/Webshell/197b2a25161c65ff3cab6846b8a379d3.php,webshell
7,0,2,6,2,2,1,4,4,0,0,0,0,3,0,2,3,1,0,0,0,2104,8445,./Cleaned-Dataset/Webshell/197d4f0654faccef107faa3026487a13.php,webshell
14,0,3,4,3,3,3,3,2,1,0,0,0,2,0,3,1,0,0,0,0,3299,19917,./Cleaned-Dataset/Webshell/19967767de13f4d58cd9a2c91a0c9c96.php,webshell
7,0,2,5,2,2,1,0,5,1,0,0,118,198,0,8,13,0,0,0,0,2399,8022,./Cleaned-Dataset/Webshell/19a630456fc917eb80dad2d2d180a5df.php,webshell
7,0,2,6,2,2,1,4,4,0,0,0,0,4,0,2,3,1,0,0,0,2107,8455,./Cleaned-Dataset/Webshell/19b28b0fdb5004ea5829373a8e087735.php,webshell
8,0,2,5,2,2,1,4,4,0,0,0,0,0,2,2,3,0,0,0,0,1750,7583,./Cleaned-Dataset/Webshell/19ec7dfa9499f9dc01bedda2e9fe4573.php,webshell
10,0,2,3,2,2,0,1,5,5,0,0,0,0,187,2,3,0,0,0,0,1865,6230,./Cleaned-Dataset/Webshell/1a091530ce5ba444675aa703b441f2a0.php,webshell
1,0,0,0,0,0,0,0,1,0,0,0,0,0,0,0,0,0,0,0,0,1,232,./Cleaned-Dataset/Webshell/1a1d7641cda153f8f3bd92bd335e0441.php,webshell
0,0,0,0,0,0,0,0,1,0,0,0,0,0,0,1,0,0,0,0,0,1177,44,./Cleaned-Dataset/Webshell/1a314e4a054180e3e1d9e0af256a4e9c.php,webshell
0,0,0,0,0,0,0,0,0,0,0,0,0,0,0,0,0,0,0,0,0,20,507,./Cleaned-Dataset/Webshell/1a3268eefeba25ec976dabec6e3659ad.php,webshell
1,0,0,0,1,0,0,0,0,0,0,0,15,9,1,0,2,0,0,0,0,820,2402,./Cleaned-Dataset/Webshell/1a6823c6f87e14ddd78f1ae7a5b0d87b.php,webshell
0,0,4,5,4,4,3,0,0,0,0,0,0,4,4,1,2,0,0,0,0,246,1141,./Cleaned-Dataset/Webshell/1a6f9d71811ef9079f0b5b01dc92d527.php,webshell
0,0,1,0,0,0,0,0,6,0,0,0,57,1,0,0,0,0,0,0,0,1523,5036,./Cleaned-Dataset/Webshell/1aac5b908530a68f642cba4e73e9d15b.php,webshell
1,0,0,0,0,0,0,0,1,0,0,0,0,6,0,0,0,0,0,0,0,71,276,./Cleaned-Dataset/Webshell/1ad480888f85d9b9d1db1bcac36de056.php,webshell
0,0,0,2,0,2,0,0,0,0,0,0,0,14,0,0,0,0,0,0,0,59,154,./Cleaned-Dataset/Webshell/1ae5eefd94c6f45e37f0cf975b9ca850.php,webshell
1,0,0,0,0,0,0,0,0,0,0,0,0,0,0,0,0,0,0,0,0,1,10,./Cleaned-Dataset/Webshell/1ae72c4085e6678e323a70c050a9b2fd.php,webshell
1,0,0,0,0,0,0,0,0,0,0,0,0,0,0,0,0,0,0,0,0,309,73,./Cleaned-Dataset/Webshell/1aff88cc8931445dd9b4d0383f9bdc10.php,webshell
0,1,0,0,0,0,0,0,0,0,0,0,0,1,0,0,0,0,0,0,0,2,19,./Cleaned-Dataset/Webshell/1b0540ecb4841cc16cc609b90dfbffb5.php,webshell
0,0,0,0,0,0,0,0,0,0,0,0,0,0,2,0,0,0,0,0,0,2,9,./Cleaned-Dataset/Webshell/1b208982b4272ac438bd55beca73eb6f.php,webshell
3,0,10,8,0,0,0,0,1,0,0,0,145,108,0,3,3,0,0,0,0,826,3568,./Cleaned-Dataset/Webshell/1b240f3d7c77a0fb4ab4145379e16b4a.php,webshell
2,0,0,0,0,0,0,0,0,0,0,0,0,0,0,0,0,0,0,0,0,4,148,./Cleaned-Dataset/Webshell/1b314690d66683a8def841206e5605d2.php,webshell
12,0,9,7,2,5,5,0,10,0,0,0,3,33,4,2,2,2,0,0,0,4177,14807,./Cleaned-Dataset/Webshell/1b504082e95029f1f214e0d0959ddce4.php,webshell
0,0,0,0,0,0,0,1,0,0,0,0,0,0,16,0,0,0,0,0,0,133,466,./Cleaned-Dataset/Webshell/1b5102bdc41a7bc439eea8f0010310a5.php,webshell
1,0,0,0,0,0,0,0,1,1,0,0,0,0,0,0,0,0,0,0,0,1,16,./Cleaned-Dataset/Webshell/1b79341e344d53d87d803a1e671edbc0.php,webshell
3,0,3,3,5,2,2,0,3,1,0,2,8,28,0,0,6,0,0,0,0,337,1496,./Cleaned-Dataset/Webshell/1b884666d6475c6dfca7e3c5242e658c.php,webshell
3,0,4,8,2,3,0,0,0,0,0,0,3,42,0,0,0,1,0,0,0,1078,1880,./Cleaned-Dataset/Webshell/1b8f11ac6389f07257d98554bbb0da66.php,webshell
0,1,0,0,0,0,0,0,0,0,0,0,0,0,1,0,0,0,0,0,0,3,8,./Cleaned-Dataset/Webshell/1ba238d3116ceec9fd85a1b78853aeb8.php,webshell
0,0,0,0,0,0,0,0,0,0,0,0,2,2,0,0,0,0,0,0,0,76,366,./Cleaned-Dataset/Webshell/1bb1bd6d01972b502389c3529af9c856.php,webshell
2,0,2,1,1,1,1,0,3,0,0,0,0,217,0,0,2,1,0,0,0,2514,13260,./Cleaned-Dataset/Webshell/1be18354cc48be5faafb724b1d2e8ec0.php,webshell
0,0,0,0,0,0,0,0,0,0,0,1,0,0,0,0,0,0,0,0,0,4,36,./Cleaned-Dataset/Webshell/1bfc61ca6aad07e1721cd40423d9e30a.php,webshell
2,0,0,0,0,0,0,0,0,0,0,0,0,0,0,0,0,0,0,0,0,2,30,./Cleaned-Dataset/Webshell/1c00fcbd6f3f9df44d7eb46f3b021f72.php,webshell
1,0,0,0,0,0,0,0,0,0,0,0,0,0,0,0,0,0,0,0,0,3,65,./Cleaned-Dataset/Webshell/1c0756c55cf774a82d3c7ecf9ad69b6a.php,webshell
0,0,0,0,0,0,0,0,0,0,0,0,0,0,0,0,0,0,0,0,0,5,90,./Cleaned-Dataset/Webshell/1c07812aa280446569169d9f49fbf6e7.php,webshell
7,0,2,3,2,2,1,0,1,0,0,0,0,4,0,2,2,1,0,0,0,1614,6546,./Cleaned-Dataset/Webshell/1c100265481aa433365adb3bee8355f9.php,webshell
0,0,0,0,0,0,0,0,0,0,0,0,0,0,0,0,0,0,0,0,0,4,15,./Cleaned-Dataset/Webshell/1c29303a49b2c2481d82f8a4ca1a164e.php,webshell
1,0,0,0,0,0,0,0,0,0,0,0,0,0,0,0,0,0,0,0,0,2,30,./Cleaned-Dataset/Webshell/1c2e0702768d777704dc9ca24deec816.php,webshell
1,0,1,0,0,0,0,0,0,0,0,0,0,0,0,0,0,0,0,0,0,1,13,./Cleaned-Dataset/Webshell/1c3968d9e381c6e364d299d8fce623c2.php,webshell
0,0,0,0,0,0,0,0,0,0,0,0,0,0,0,0,0,0,0,0,0,5,16,./Cleaned-Dataset/Webshell/1c3a31237ca3df0f4b74bbcd5a3e9ab9.php,webshell
11,0,6,3,0,3,1,0,7,0,0,0,3,3,7,2,0,3,0,0,0,4034,14287,./Cleaned-Dataset/Webshell/1c4fa1bd95aad4a05e901f381d22b4d5.php,webshell
12,0,15,14,4,10,6,0,10,0,0,0,72,43,7,2,0,4,0,0,0,3833,15784,./Cleaned-Dataset/Webshell/1c71df2de2ca39de44b8c9f4a354675c.php,webshell
1,0,0,0,0,0,0,0,0,0,0,0,0,0,0,0,0,0,0,0,0,1,8,./Cleaned-Dataset/Webshell/1c790262722a3f2e4a0a936fc8e913a5.php,webshell
0,0,0,0,0,0,0,0,0,0,0,0,1,2,1,0,0,0,0,0,0,7,34,./Cleaned-Dataset/Webshell/1c8f8900b26984e53d71bbc3d23f211b.php,webshell
13,0,7,4,4,4,4,0,9,0,0,0,3,3,4,2,2,2,0,0,0,4070,13993,./Cleaned-Dataset/Webshell/1cb0d6e424788061e95836b5a23e1722.php,webshell
0,0,0,0,0,0,0,0,0,0,0,0,0,0,0,0,0,0,0,0,0,19,504,./Cleaned-Dataset/Webshell/1cb28b79348f45274d78b5d64bfc370b.php,webshell
4,0,8,33,3,3,3,3,2,0,0,0,4,3,331,5,7,7,0,0,0,1850,10522,./Cleaned-Dataset/Webshell/1cf80f0a876816e5346bf4a1a5a6b1cb.php,webshell
1,0,0,0,0,0,0,0,1,1,0,0,0,0,0,0,0,0,0,0,0,4,16,./Cleaned-Dataset/Webshell/1cfe2b1b9d5a7e88de3bce2f7a4ac095.php,webshell
12,0,8,8,2,6,4,0,8,0,0,0,3,43,15,2,0,2,0,0,0,3667,13947,./Cleaned-Dataset/Webshell/1d0c3185b1aa93fb110a06bc55b5c6e9.php,webshell
0,0,0,0,0,0,0,0,0,0,0,0,0,0,0,0,0,0,0,0,0,5,25,./Cleaned-Dataset/Webshell/1d274584b291dec63704c16efcac3690.php,webshell
0,0,0,0,0,0,0,0,0,0,0,0,0,0,0,0,0,0,0,0,0,16,341,./Cleaned-Dataset/Webshell/1d317c18333a007567104519dbb26432.php,webshell
1,0,0,0,0,0,0,0,0,0,0,0,0,0,1,0,0,0,0,0,0,1,6,./Cleaned-Dataset/Webshell/1d56eabec9fd18781c74707502bf3c91.php,webshell
1,0,0,0,0,0,0,0,1,1,0,0,0,0,0,0,0,0,0,0,0,4,16,./Cleaned-Dataset/Webshell/1d5920b3403b88ef0b04dcefb050c1dc.php,webshell
13,0,2,2,2,2,2,2,7,5,0,0,0,0,138,30,3,0,0,0,0,2333,9819,./Cleaned-Dataset/Webshell/1d62e9b9687c73a27fe8107061a1d5a8.php,webshell
1,0,0,0,0,0,0,0,0,0,0,0,0,1,0,0,0,0,0,0,0,0,12,./Cleaned-Dataset/Webshell/1d6335247f58e0a5b03e17977888f5f2.php,webshell
2,0,1,1,1,1,1,0,5,0,0,0,1,53,0,0,2,1,0,0,0,382,3277,./Cleaned-Dataset/Webshell/1d6cc49f69d8a7e78977ee938bab7abf.php,webshell
6,0,3,3,2,2,1,0,3,0,0,0,6,330,0,0,0,3,0,0,0,2226,9515,./Cleaned-Dataset/Webshell/1d912c55b96e2efe8ca873d6040e3b30.php,webshell
0,0,0,0,0,0,0,0,0,0,0,0,0,0,0,0,0,0,0,0,0,83,190,./Cleaned-Dataset/Webshell/1d943b8040672d36ca21e32aa754da9e.php,webshell
6,0,3,3,2,2,1,0,3,0,0,0,7,330,0,0,0,3,0,0,0,2234,7515,./Cleaned-Dataset/Webshell/1d9d54aebe7115538b041cde1ce9bbd5.php,webshell
0,0,0,0,0,0,0,0,0,0,0,0,0,0,0,0,0,0,0,0,0,7,13,./Cleaned-Dataset/Webshell/1da8ceb757a41e8be291af060e639c73.php,webshell
0,0,0,0,0,0,0,0,0,0,0,0,0,0,0,0,0,0,0,0,0,17,344,./Cleaned-Dataset/Webshell/1dc72a1ff8b00a28d13f83475a67ae89.php,webshell
0,0,2,2,0,0,0,0,0,0,0,0,2,2,0,0,0,0,0,0,0,779,2485,./Cleaned-Dataset/Webshell/1dccb1ea9f24ffbd085571c88585517b.php,webshell
1,0,0,0,0,0,0,0,0,0,0,0,0,0,0,0,0,0,0,0,0,2233,64,./Cleaned-Dataset/Webshell/1dedc596a2b5b090a07464372772f477.php,webshell
0,0,0,0,0,0,0,0,0,0,0,0,0,1,0,0,0,0,0,0,0,1,17,./Cleaned-Dataset/Webshell/1e0e3f3198119dbacb7badeef8ee9fea.php,webshell
1,0,0,0,0,0,0,0,0,0,0,0,0,1,0,0,0,0,0,0,0,1,16,./Cleaned-Dataset/Webshell/1e202a20da9a6694d1a348184ce0bffe.php,webshell
11,0,6,3,0,3,1,0,8,0,0,0,7,3,7,2,0,2,0,0,0,4142,14435,./Cleaned-Dataset/Webshell/1e27445f0db8615dbe1816fb82105903.php,webshell
9,0,0,6,0,15,0,0,7,0,0,0,111,88,0,0,42,12,0,0,0,1379,7027,./Cleaned-Dataset/Webshell/1e568be3a278e486ab9cbffc37c342ae.php,webshell
1,0,0,0,0,0,0,0,0,0,0,0,0,0,0,0,0,0,0,0,0,3,75,./Cleaned-Dataset/Webshell/1e6228a6d84c10b7fac6eec9e6965cd1.php,webshell
0,0,0,0,1,0,0,0,0,0,0,0,7,9,0,0,2,0,0,0,0,288,630,./Cleaned-Dataset/Webshell/1e7d4db5dd2b5fe7317f9dc697388351.php,webshell
0,0,0,0,0,0,0,0,0,0,0,0,0,0,19,0,0,2,0,0,0,95,673,./Cleaned-Dataset/Webshell/1e86c2106991a223ec5081a4e7592bb6.php,webshell
0,0,0,0,0,0,0,0,0,0,0,0,0,1,0,0,0,0,0,0,0,3,6,./Cleaned-Dataset/Webshell/1e978ed9d945a992acc9e633ee7706bf.php,webshell
1,0,0,0,0,0,0,0,0,0,0,0,1,0,1,0,0,0,0,0,0,1,18,./Cleaned-Dataset/Webshell/1ea113c4129f944c8ec017214e67e018.php,webshell
7,0,2,6,2,2,1,4,4,0,0,0,0,3,0,2,3,1,0,0,0,2104,8445,./Cleaned-Dataset/Webshell/1ea24b3ae95b983c7a471a684bc980fb.php,webshell
6,0,4,5,2,2,1,0,3,0,0,0,0,269,0,0,2,2,0,0,0,2178,7760,./Cleaned-Dataset/Webshell/1ea6f6ed8700cfb02973f8ad1a2b2d92.php,webshell
0,0,0,0,0,0,0,0,0,0,0,0,0,3,0,0,0,0,0,0,0,32,185,./Cleaned-Dataset/Webshell/1ec05b55f4ff31620e437973eb295a31.php,webshell
0,2,0,0,0,0,0,0,0,0,0,0,0,1,1,0,0,0,0,0,0,4,14,./Cleaned-Dataset/Webshell/1ec3f3a41524db18b8934b5eb6c31bd8.php,webshell
1,0,0,0,0,0,0,0,0,0,0,0,0,0,0,0,0,0,0,0,0,1,8,./Cleaned-Dataset/Webshell/1f080fa1122019389159fa4f63978222.php,webshell
0,0,0,0,0,0,0,0,0,0,0,0,0,1,0,0,0,0,0,0,0,3,6,./Cleaned-Dataset/Webshell/1f0ed882f157d8fb603b77093d730c0a.php,webshell
0,0,0,0,0,0,0,0,0,0,0,0,0,0,0,0,0,0,0,0,0,19,350,./Cleaned-Dataset/Webshell/1f1057bc4b03feadbef70910990208e7.php,webshell
1,0,0,0,0,0,0,0,0,0,0,0,0,1,0,0,0,0,0,0,0,1,6,./Cleaned-Dataset/Webshell/1f19f968339b6d1845ccdc4298a784a1.php,webshell
0,0,0,1,1,0,0,0,0,0,0,0,0,3,0,0,0,0,0,0,0,41,70,./Cleaned-Dataset/Webshell/1f1fffe5aaeeae477557d68177eb5a03.php,webshell
0,0,0,0,0,0,0,0,0,0,0,0,0,11,0,0,0,0,0,0,0,78,269,./Cleaned-Dataset/Webshell/1f45c182c9e7487db43a89efeb3b45e2.php,webshell
0,0,0,0,0,0,0,0,0,0,0,0,0,0,0,0,0,0,0,0,0,20,353,./Cleaned-Dataset/Webshell/1f4fd023cedb19350bfd24a8e359f4c9.php,webshell
0,0,0,0,0,0,0,0,0,0,0,0,0,1,0,0,0,0,0,0,0,2,19,./Cleaned-Dataset/Webshell/1f64de2760feb864fcca58c49e2cddf3.php,webshell
8,0,6,16,2,2,1,1,8,1,0,0,129,240,0,8,13,0,0,0,0,2725,9145,./Cleaned-Dataset/Webshell/1f8e3357286ca9f1b7582832982d7085.php,webshell
0,0,2,0,0,0,0,0,0,0,0,0,0,0,0,0,0,0,0,0,4,498,3024,./Cleaned-Dataset/Webshell/1f9ac56103b91e5971fb39ecb77773c2.php,webshell
0,0,0,0,0,0,0,0,0,0,0,0,0,0,0,0,0,0,0,0,0,1084,290,./Cleaned-Dataset/Webshell/1fcad78652781960dc236870e872f3b6.php,webshell
5,0,2,2,2,2,2,2,2,1,0,0,119,20,0,0,2,1,0,0,0,956,3179,./Cleaned-Dataset/Webshell/1fecdb06b3d5af83d4d5f8fc6200173e.php,webshell
0,0,0,0,0,0,0,0,0,0,0,0,0,0,0,0,0,0,0,0,0,18,347,./Cleaned-Dataset/Webshell/1ff7b8b1e91e985c1bc47858fb9de3ac.php,webshell
0,0,0,0,0,0,0,0,0,0,0,0,0,0,0,0,0,0,0,0,0,12,51,./Cleaned-Dataset/Webshell/2009e57c8ccf67d7e17004e8f1967fee.php,webshell
0,0,0,0,0,0,0,0,0,0,0,0,0,2,0,0,0,0,0,0,0,7,42,./Cleaned-Dataset/Webshell/20113937186a66d2f83fc550086ef3e0.php,webshell
0,0,0,0,0,0,0,0,0,0,0,0,0,0,0,0,0,0,0,0,0,18,347,./Cleaned-Dataset/Webshell/2065bbe72e1778a45ba32a43c3c80093.php,webshell
1,0,0,0,0,0,0,0,0,0,0,0,0,0,0,0,0,0,0,0,0,1,8,./Cleaned-Dataset/Webshell/20995761f098b22961b1c2d966537e66.php,webshell
0,0,0,0,0,0,0,0,0,0,0,0,0,8,2,0,0,0,0,0,0,52,460,./Cleaned-Dataset/Webshell/209e8fc2acb089f610a1068129a490c1.php,webshell
0,0,0,0,0,0,0,0,0,0,0,0,1,2,0,0,0,0,0,0,0,180,752,./Cleaned-Dataset/Webshell/209eabe5bace5398ae84d86e31e1a94b.php,webshell
1,0,0,0,0,0,0,0,1,0,1,0,0,0,0,0,0,0,0,0,0,1,6,./Cleaned-Dataset/Webshell/20a2753a15a8c55a8b3bde4eabf9af4b.php,webshell
0,0,0,0,0,0,0,0,1,0,0,0,0,0,0,0,0,0,0,0,0,108,1315,./Cleaned-Dataset/Webshell/20a5537ea45a8e2b622423501d358322.php,webshell
0,0,0,0,0,0,0,0,0,0,0,0,0,0,0,0,4,0,0,0,0,42,67,./Cleaned-Dataset/Webshell/20ad2a62a138ca09d9481a2e74cfb8da.php,webshell
0,1,0,0,0,0,0,0,0,0,0,0,0,1,0,0,0,0,0,0,0,4,20,./Cleaned-Dataset/Webshell/20b0363c46460b9529d437cbb767f359.php,webshell
0,0,0,0,0,0,0,0,0,0,0,0,0,0,1,0,0,0,0,0,0,3,6,./Cleaned-Dataset/Webshell/20ea306337768486f9606e07db324dff.php,webshell
1,0,0,0,0,0,0,0,0,0,0,1,0,0,0,0,0,0,0,0,0,1,11,./Cleaned-Dataset/Webshell/20ede5b8182d952728d594e6f2bb5c76.php,webshell
1,0,0,0,0,0,0,0,0,0,0,0,0,0,1,0,0,0,0,0,0,1,5,./Cleaned-Dataset/Webshell/211312a3e4afee21c1435a7e906359f8.php,webshell
10,0,4,5,3,4,0,0,0,0,0,0,20,39,4,2,4,0,0,0,0,332,1173,./Cleaned-Dataset/Webshell/2147a5d9f9f3f05e9aad699075046d9a.php,webshell
0,0,0,0,0,0,0,0,0,0,0,0,0,0,0,0,0,0,0,0,0,17,344,./Cleaned-Dataset/Webshell/2158f1b215bb75c69dc17b1abc652a01.php,webshell
0,0,0,0,0,0,0,0,0,0,0,0,0,0,0,0,0,0,0,0,0,7,13,./Cleaned-Dataset/Webshell/2169ac957b9a6a8b84f4c9e7037f9094.php,webshell
7,0,2,6,2,2,1,4,4,0,0,0,0,3,0,2,3,1,0,0,0,2104,8445,./Cleaned-Dataset/Webshell/217de2f93d5c4a8185c0371a69d7d3b9.php,webshell
0,0,0,0,0,0,0,0,0,0,0,0,4,16,2,9,3,0,0,0,0,221,653,./Cleaned-Dataset/Webshell/218c3bc25c35b4f2b865bfb24ece8d59.php,webshell
0,0,0,0,0,0,0,0,0,0,0,0,0,0,1,0,0,0,0,0,0,5,25,./Cleaned-Dataset/Webshell/2194b0cac25edc095bac10173d0a0d8d.php,webshell
0,0,0,0,0,0,0,0,0,0,0,0,10,0,0,0,0,0,0,0,0,58,360,./Cleaned-Dataset/Webshell/219f87c99b1e3c73e666826f5f86bd0c.php,webshell
0,0,0,0,2,0,0,0,0,0,0,0,0,2,0,0,0,0,0,0,0,142,127,./Cleaned-Dataset/Webshell/21b7c72f4ea63e0516d6ca800ac2e19f.php,webshell
1,0,0,0,0,0,0,0,0,0,0,0,0,0,1,0,0,0,0,0,0,2,14,./Cleaned-Dataset/Webshell/21c1c9052b2c03e9cc01fa345ae28e04.php,webshell
0,0,0,0,0,0,0,0,0,0,0,0,0,0,0,0,0,0,0,0,0,26,138,./Cleaned-Dataset/Webshell/21c29fdb3e03ce518109bcc8efadc795.php,webshell
0,0,0,0,0,0,0,0,0,0,0,0,1,0,0,0,0,0,0,0,0,2,21,./Cleaned-Dataset/Webshell/21d360c48bc44a56e0740017a3959287.php,webshell
0,0,0,0,0,0,0,0,1,0,0,0,0,0,0,1,0,0,0,0,0,1177,44,./Cleaned-Dataset/Webshell/21df9183e690495071e0b6d9bb09d268.php,webshell
0,0,0,0,0,0,0,0,0,0,0,0,0,1,0,0,0,0,0,0,0,15,11,./Cleaned-Dataset/Webshell/21ec77c0181d00f3bfecf654a2835e9c.php,webshell
0,0,0,0,0,0,0,0,0,0,0,0,0,0,1,0,0,0,0,0,0,2,8,./Cleaned-Dataset/Webshell/21f6f1c187c01bf72b4f1f781f2b7d23.php,webshell
5,0,2,4,2,2,1,0,2,0,0,0,0,252,0,42,2,1,0,0,0,1627,6605,./Cleaned-Dataset/Webshell/220102e4e1cbf9eb5eda5cebfc9f9aa6.php,webshell
8,0,6,16,2,2,1,1,8,1,0,0,129,240,0,8,13,0,0,0,0,2756,9218,./Cleaned-Dataset/Webshell/2209e55108019c148f61f941a5979359.php,webshell
4,0,8,7,4,6,0,0,0,0,0,0,9,30,1,0,3,0,0,0,0,440,1918,./Cleaned-Dataset/Webshell/2213c514cfb2d5373d4df929aa6f8e55.php,webshell
0,0,0,0,0,0,0,0,1,0,0,0,0,0,0,0,0,1,0,0,0,8,98,./Cleaned-Dataset/Webshell/2218c9237d74c4f65289483e70b22f39.php,webshell
7,0,3,2,2,2,1,0,3,0,0,0,7,213,0,0,0,3,0,0,0,1701,5562,./Cleaned-Dataset/Webshell/221f1c54e9d371de89c88e494f6d7af5.php,webshell
10,0,0,0,0,0,0,0,0,0,0,0,0,42,0,0,2,0,0,0,0,431,1803,./Cleaned-Dataset/Webshell/224e195623d23ce539861d7b035dd54b.php,webshell
0,0,0,0,0,0,0,0,0,0,0,0,0,0,0,0,0,0,0,0,0,19,504,./Cleaned-Dataset/Webshell/229eb515f7fcd60d1c7da9a23f887b03.php,webshell
0,0,0,0,0,0,0,0,0,0,0,0,0,0,0,0,9,0,0,0,0,39,70,./Cleaned-Dataset/Webshell/22c273f82131298377561315d29af27c.php,webshell
0,0,0,0,0,0,0,0,0,0,0,0,0,0,2,6,0,0,0,0,0,550,5321,./Cleaned-Dataset/Webshell/22d8a2c3301aa24d9727a9de6748df26.php,webshell
1,0,0,0,0,0,0,0,0,0,0,0,0,0,0,0,0,0,0,0,0,1,5,./Cleaned-Dataset/Webshell/22f6b37104991040a3b8ab1e32e2ca08.php,webshell
1,0,8,9,6,6,6,0,0,0,0,0,20,104,0,2,2,0,0,0,0,1408,4663,./Cleaned-Dataset/Webshell/232da8dbef466c760b1d361eeef9b290.php,webshell
1,0,0,0,2,0,0,0,3,0,0,0,15,29,0,1,2,0,0,1,4,1004,3431,./Cleaned-Dataset/Webshell/235de0cefeb6d33d1c8207266fa23bda.php,webshell
0,0,0,0,0,0,0,0,0,0,0,0,0,0,0,0,0,0,0,0,0,20,353,./Cleaned-Dataset/Webshell/236cc62677da55521a2cf3660dbb9cbb.php,webshell
1,0,0,0,0,0,0,0,0,0,0,0,0,0,0,0,0,0,0,0,0,50,139,./Cleaned-Dataset/Webshell/238e73a33f4b778482441a31e5f8cfb3.php,webshell
13,0,7,5,5,8,0,0,0,0,0,0,3,7,0,0,3,0,0,0,0,456,2444,./Cleaned-Dataset/Webshell/2393cd7bb81a6c03e47af4ce1f8193d2.php,webshell
9,0,14,9,9,7,8,0,1,0,0,0,3,3,143,0,0,1,0,0,0,1154,4287,./Cleaned-Dataset/Webshell/239b5c2d3eeea49db52014f930fbdbb0.php,webshell
0,0,0,0,0,0,0,0,0,0,0,0,0,2,0,0,0,0,0,0,0,10,51,./Cleaned-Dataset/Webshell/239cf796efcd11a257c53e56971d63c2.php,webshell
6,0,4,5,2,2,1,0,3,0,0,0,0,269,0,0,2,2,0,0,0,2178,7760,./Cleaned-Dataset/Webshell/23a01eb898454f6bea5cf164276a3720.php,webshell
0,0,0,0,0,0,0,0,0,0,0,0,1,1,0,0,2,0,0,0,0,28,101,./Cleaned-Dataset/Webshell/23a1824da9f10a6c46dd6b7ca96159ec.php,webshell
0,0,0,0,0,0,0,0,0,0,0,0,1,0,0,0,0,0,0,0,0,19,35,./Cleaned-Dataset/Webshell/23bc1301d7b5cf02f1b60d1c76d4843e.php,webshell
1,0,0,0,0,0,0,0,2,0,0,0,0,0,0,0,0,0,0,0,1,43,179,./Cleaned-Dataset/Webshell/23f3b0e0b6cc85771871f7205b43bd48.php,webshell
1,0,0,0,0,0,0,0,0,0,0,0,0,0,0,0,0,0,0,0,0,1,10,./Cleaned-Dataset/Webshell/23fc0240ba9bd6baccadf64d6ae35f53.php,webshell
10,0,4,0,0,0,0,0,6,0,0,0,1,0,0,1,0,3,0,0,0,3132,9749,./Cleaned-Dataset/Webshell/243735fe0b7b5d7dd0fdf54c008e3149.php,webshell
0,0,0,0,0,0,0,0,0,0,0,0,2,0,0,0,0,0,0,0,0,34,103,./Cleaned-Dataset/Webshell/2442e726b21c670faf48daab87648e85.php,webshell
0,0,2,2,0,0,0,0,0,0,0,0,2,2,0,0,0,0,0,0,0,779,2485,./Cleaned-Dataset/Webshell/2446b82d5b71b612222ac51e39cb2182.php,webshell
0,0,0,0,0,0,0,0,0,0,0,0,0,0,0,0,0,0,0,0,0,17,498,./Cleaned-Dataset/Webshell/2449f5959bf57a1b8dbcf180adf46888.php,webshell
0,0,0,0,0,0,0,0,0,0,0,0,2,0,0,0,0,0,0,0,0,34,103,./Cleaned-Dataset/Webshell/244be9b095f71cb0ef4b95e9a61d4d3d.php,webshell
0,0,0,0,0,0,0,0,0,0,0,0,0,0,0,0,0,0,0,0,0,7,107,./Cleaned-Dataset/Webshell/246c204baa9a01e38c090b5ec2441105.php,webshell
2,0,0,0,0,0,0,0,4,0,0,0,0,2,0,0,0,0,0,0,0,5,25,./Cleaned-Dataset/Webshell/246f189b23e8aae074aebd9fd14cf5a9.php,webshell
0,0,0,0,0,0,0,0,0,0,0,0,0,2,0,0,2,0,0,0,0,21,49,./Cleaned-Dataset/Webshell/2495b460f28f45b40d92da406be15627.php,webshell
0,0,0,0,0,0,0,0,0,0,0,0,0,0,4,0,0,0,0,0,0,40,187,./Cleaned-Dataset/Webshell/24b181adbf949c4ef09019deedf65431.php,webshell
0,0,0,0,0,0,0,0,0,0,0,0,0,0,32,5,1,0,0,0,0,625,3630,./Cleaned-Dataset/Webshell/24bca3c7e7dcd4c4991db5eb49cdde8b.php,webshell
1,0,0,0,0,0,0,0,1,1,0,0,0,0,0,0,0,0,0,0,0,1,7,./Cleaned-Dataset/Webshell/24d68f2a7b06bb0b64646b82df5fc491.php,webshell
0,0,0,0,0,0,0,0,0,0,0,0,0,0,0,0,0,0,0,0,0,13,21,./Cleaned-Dataset/Webshell/24dc3352354bb25b3e9ce71a50aeab5b.php,webshell
0,0,0,0,0,0,0,0,1,0,0,0,6,0,0,0,0,0,0,0,0,45,419,./Cleaned-Dataset/Webshell/24f2df1b9d49cfb02d8954b08dba471f.php,webshell
0,0,0,0,0,0,0,0,0,0,0,0,0,0,0,0,0,0,0,0,0,1,115,./Cleaned-Dataset/Webshell/250ef19cd30a413e4d0d1deb2adb248f.php,webshell
0,0,0,0,0,0,0,0,1,0,0,0,0,1,0,0,2,0,0,0,0,17,34,./Cleaned-Dataset/Webshell/25201d4142d5b2ddd507ad84819c2810.php,webshell
0,0,0,3,0,0,0,4,0,0,0,0,0,0,2,2,2,0,0,0,0,791,2807,./Cleaned-Dataset/Webshell/252f709f0b3466a959afb399547b18fa.php,webshell
0,1,0,0,0,0,0,0,0,0,0,0,0,1,0,0,0,0,0,0,0,4,20,./Cleaned-Dataset/Webshell/25300ca2bc2941b52070cdcb1b476c62.php,webshell
0,0,0,0,0,0,0,0,0,0,0,0,0,4,0,0,0,1,0,0,0,6,36,./Cleaned-Dataset/Webshell/25308c4893e6c8085e0b345b3fdedb2e.php,webshell
0,0,0,0,0,0,0,0,0,0,0,0,0,0,0,0,0,0,0,0,0,7,13,./Cleaned-Dataset/Webshell/254400fd36e01dafaef215032cc54077.php,webshell
3,0,4,8,2,3,0,0,0,0,0,0,3,42,0,0,0,1,0,0,0,1078,1880,./Cleaned-Dataset/Webshell/25510c9f2c037e8094529dc427206a49.php,webshell
0,0,0,0,0,0,0,0,0,0,0,0,0,0,1,0,0,0,0,0,0,7,28,./Cleaned-Dataset/Webshell/2577a44110e72a876efbcb496e50e6d3.php,webshell
0,1,0,0,0,0,0,0,1,0,0,0,0,1,0,0,0,0,0,0,0,5,342,./Cleaned-Dataset/Webshell/258df492804abb6d2110adb5ea972cd3.php,webshell
2,11,0,20,0,0,2,0,3,0,0,0,0,10,0,0,2,4,0,1,1,2708,25263,./Cleaned-Dataset/Webshell/260055948526094a3164a6cad34debf3.php,webshell
0,0,3,22,0,0,0,0,0,0,0,0,0,21,0,0,0,3,0,0,0,1349,8163,./Cleaned-Dataset/Webshell/2601b6fc1579f263d2f3960ce775df70.php,webshell
1,0,0,0,0,0,0,0,0,0,0,0,2,31,0,3,0,0,0,0,0,318,2159,./Cleaned-Dataset/Webshell/261d8a60d321ec4b4156b32621031d8f.php,webshell
3,0,2,0,0,0,0,0,0,0,0,0,3,3,0,0,0,0,0,0,0,0,37,./Cleaned-Dataset/Webshell/263c2e5147281fed3c89c9bf53542505.php,webshell
0,0,0,0,0,0,0,0,0,0,0,0,0,0,1,0,0,0,0,0,0,2,8,./Cleaned-Dataset/Webshell/265b3b30f9404f40307dbc8db2091b5d.php,webshell
0,0,0,0,0,0,0,0,0,0,0,0,0,0,0,0,0,0,0,0,0,18,347,./Cleaned-Dataset/Webshell/266177c446b3fbd1e69985bec27e2b68.php,webshell
5,0,3,4,2,2,1,0,6,0,0,0,0,285,0,55,3,2,0,0,0,1871,7640,./Cleaned-Dataset/Webshell/266b87545505de69dda01ab0a2c63027.php,webshell
0,1,0,0,0,0,0,0,0,0,0,0,0,0,1,0,0,0,0,0,0,1,6,./Cleaned-Dataset/Webshell/267c37c3a285a84f541066fc5b3c1747.php,webshell
0,0,0,0,0,0,0,0,0,0,0,0,0,0,0,0,0,0,0,0,0,20,353,./Cleaned-Dataset/Webshell/269cad5a36bbc5270fedc599566170d5.php,webshell
1,0,0,0,0,0,0,0,1,1,0,0,0,0,0,0,0,0,0,0,0,4,13,./Cleaned-Dataset/Webshell/26ab500545e0cd504e445bd9c42f10c1.php,webshell
0,0,0,0,0,0,0,0,0,0,0,0,1,2,0,0,0,0,0,0,0,180,752,./Cleaned-Dataset/Webshell/26b2d3943395682e36da06ed493a3715.php,webshell
0,0,0,0,0,0,0,0,0,0,0,0,0,0,0,0,0,0,0,0,0,12,23,./Cleaned-Dataset/Webshell/26bd750152483794ff741ac7eb028437.php,webshell
1,0,0,0,0,0,0,0,0,0,0,0,0,0,0,0,0,0,0,0,0,2,8,./Cleaned-Dataset/Webshell/26be6a6d2735b624788fc56e337ba841.php,webshell
0,0,0,0,0,0,0,0,0,0,0,0,0,0,0,0,0,0,0,0,0,61,170,./Cleaned-Dataset/Webshell/26bfe334cc06d51aded526253f3f42c1.php,webshell
0,0,4,4,4,4,0,0,1,0,0,0,28,2,0,0,3,0,0,0,0,218,1415,./Cleaned-Dataset/Webshell/26d7fb9291e0c2c0f3f1ee97f4f2c516.php,webshell
0,0,0,0,0,0,0,0,0,0,0,0,1,0,0,0,0,0,0,0,0,0,4,./Cleaned-Dataset/Webshell/26dd83a8e7cbda7f919caec0584435e2.php,webshell
2,11,0,20,0,0,2,0,3,0,0,0,0,10,0,0,2,4,0,1,1,2708,25263,./Cleaned-Dataset/Webshell/26fda294b2c808784b8f0ee4767288e4.php,webshell
5,0,3,4,2,2,1,0,2,0,0,0,0,246,0,0,2,2,0,0,0,1651,6603,./Cleaned-Dataset/Webshell/26fe7c59c3aeef2c9645c547d75ba963.php,webshell
0,0,0,0,0,0,0,0,0,0,0,0,0,0,0,0,0,0,0,0,0,13,26,./Cleaned-Dataset/Webshell/2702310005a7242a56105889838fd012.php,webshell
1,0,0,0,0,0,0,0,1,0,0,0,2,2,0,0,0,0,0,0,0,21,217,./Cleaned-Dataset/Webshell/270427092ad21cdca3341fd59f441179.php,webshell
0,0,0,0,0,0,0,0,0,0,0,0,0,0,0,0,0,0,0,0,0,21,36,./Cleaned-Dataset/Webshell/270794bad7e7b905537f67dc1756809b.php,webshell
0,0,2,2,2,2,1,0,0,0,0,0,0,0,0,0,0,0,0,0,0,96,350,./Cleaned-Dataset/Webshell/2717dd009e2844f40f5117b3ddffa078.php,webshell
0,0,0,0,0,0,0,0,0,0,0,0,1,2,0,0,0,0,0,0,0,102,423,./Cleaned-Dataset/Webshell/2720e3c72c7ac281afd840b9d7436ce0.php,webshell
1,0,0,0,0,0,0,0,2,0,0,0,0,0,0,0,0,0,0,0,0,136,428,./Cleaned-Dataset/Webshell/2726a7e1fe3bd439cd2be749d657e931.php,webshell
0,0,0,0,0,0,3,0,0,0,0,0,15,30,0,0,0,0,0,0,0,531,2757,./Cleaned-Dataset/Webshell/272a70ce07aef6104a212b381b7761e4.php,webshell
13,0,7,5,5,8,0,0,0,0,0,0,3,7,0,0,3,0,0,0,0,455,2442,./Cleaned-Dataset/Webshell/272aa127d5a6865e630c9eae81d364c5.php,webshell
1,0,0,0,0,0,0,0,1,0,1,0,0,0,0,0,0,0,0,0,0,1,7,./Cleaned-Dataset/Webshell/272dde9a4a7265d6c139287560328cd5.php,webshell
0,0,1,0,0,1,0,0,1,0,0,0,12,3,0,3,0,0,0,0,0,166,668,./Cleaned-Dataset/Webshell/2754e1b85b032a43f92ed525ca30032d.php,webshell
6,0,3,4,2,2,1,0,3,0,0,0,0,251,0,42,2,1,0,0,0,1657,6600,./Cleaned-Dataset/Webshell/275f816018bc00d37ed116dec9bc08af.php,webshell
0,0,0,0,0,0,0,0,0,0,0,0,0,0,1,0,1,0,0,0,0,8,33,./Cleaned-Dataset/Webshell/27709064134868f470d242e9bcc2af2d.php,webshell
11,0,6,3,0,3,1,0,7,0,0,0,7,3,7,2,0,2,0,0,0,4137,14428,./Cleaned-Dataset/Webshell/27786d1e0b1046a1a7f67ee41c64bf4c.php,webshell
0,0,0,0,0,0,0,0,0,0,0,0,0,0,0,0,0,0,0,0,0,5,7,./Cleaned-Dataset/Webshell/2782bb170acaed3829ea9a04f0ac7218.php,webshell
0,0,1,0,0,0,0,0,0,0,0,0,0,0,0,0,0,0,0,0,0,865,2237,./Cleaned-Dataset/Webshell/27a3cc6bd6819771a35e19b5bb721f45.php,webshell
12,0,14,15,3,6,2,1,8,1,0,0,12,73,142,2,7,3,0,0,0,6840,20828,./Cleaned-Dataset/Webshell/27a8e24f2a8cdb905e12a9a2078e01e5.php,webshell
1,2,0,0,0,0,0,0,1,0,0,0,0,1,0,0,0,0,0,0,0,11,144,./Cleaned-Dataset/Webshell/27ac689d9ef8ccbe8ef902b899bc46ac.php,webshell
1,0,0,0,0,0,0,0,1,0,0,0,1,1,10,0,0,0,0,0,0,100,505,./Cleaned-Dataset/Webshell/27d59c8914ee43ee6f057fbb17473003.php,webshell
7,0,22,16,16,16,16,18,14,13,0,0,6,253,6,4,3,0,0,0,0,2112,8280,./Cleaned-Dataset/Webshell/27f39fe03b8a845d353c707efc8e2766.php,webshell
10,0,6,16,2,2,1,1,8,1,0,0,130,240,0,8,13,0,0,0,0,2742,9198,./Cleaned-Dataset/Webshell/2802477191490549545e21a5e61c6906.php,webshell
0,0,0,0,0,0,0,0,0,0,0,0,0,2,0,0,0,0,0,0,0,10,51,./Cleaned-Dataset/Webshell/2812d0e326e38c3d6a4072212ccf05d0.php,webshell
1,0,0,0,0,0,0,0,0,0,0,0,0,0,0,0,0,0,0,0,0,1,10,./Cleaned-Dataset/Webshell/2818c43345de5581dd98ee7306440932.php,webshell
0,0,2,5,0,0,0,0,1,0,0,0,14,4,22,0,0,0,0,0,0,736,2839,./Cleaned-Dataset/Webshell/284d873ed973dfd13d404b12853f86ae.php,webshell
0,0,0,0,0,0,0,0,0,0,0,0,0,0,1,0,0,0,0,0,0,7,28,./Cleaned-Dataset/Webshell/285d9bf132b086b6b221b9f7ecfaca07.php,webshell
0,0,0,0,0,0,0,0,0,0,0,0,0,0,0,0,0,0,0,0,0,49,143,./Cleaned-Dataset/Webshell/28712b13cebceffc79e08eac8dc82f07.php,webshell
0,0,0,0,0,1,0,0,0,0,0,0,0,2,0,0,0,0,0,0,0,20,16,./Cleaned-Dataset/Webshell/2871c21f5bd353f9eab7dacb3a5acd73.php,webshell
0,0,2,0,0,0,0,0,0,0,0,0,0,0,0,0,0,0,0,0,0,694,910,./Cleaned-Dataset/Webshell/289bb097ea07d8a86dd55d1aeb1abd43.php,webshell
7,0,2,3,2,2,1,0,1,0,0,0,0,4,0,2,2,1,0,0,0,1604,7848,./Cleaned-Dataset/Webshell/28a187c8eb444b5abd17622140967926.php,webshell
7,0,2,3,2,2,1,0,4,1,0,0,100,163,0,8,12,0,0,0,0,2167,7697,./Cleaned-Dataset/Webshell/28a49a0b89063f8a21ab11760f81b5f2.php,webshell
10,0,6,16,2,2,1,1,8,1,0,0,129,240,0,8,13,0,0,0,0,2725,9145,./Cleaned-Dataset/Webshell/28a75c0e0757691276dd5608457b53d7.php,webshell
0,0,0,0,0,0,0,0,0,0,0,0,0,0,0,0,0,0,0,0,0,19,350,./Cleaned-Dataset/Webshell/28b07e99a98f8bde7dffe6129b74178b.php,webshell
2,0,0,0,0,0,0,0,0,0,0,0,0,1,0,0,0,0,0,0,0,4,14,./Cleaned-Dataset/Webshell/28c2096f8ee7d274bdde28b8355ae235.php,webshell
0,0,0,0,0,0,0,0,0,0,0,0,0,0,0,0,0,0,0,0,0,7,107,./Cleaned-Dataset/Webshell/28c5678442c6a3ee17290ece4d1c8904.php,webshell
5,0,3,4,2,2,1,0,2,0,0,0,0,252,0,42,2,1,0,0,0,1657,6605,./Cleaned-Dataset/Webshell/28c7370bbfd03d95fdef3f8963afb248.php,webshell
0,0,0,0,0,0,0,0,0,0,0,0,0,0,0,0,0,0,0,0,0,13,26,./Cleaned-Dataset/Webshell/28c7c540c61a880def4439dc20d6aba8.php,webshell
0,0,4,22,0,0,0,0,0,0,0,0,0,21,0,0,0,3,0,0,0,1683,9550,./Cleaned-Dataset/Webshell/28f679dad44ca98cf242823d3e96f4d0.php,webshell
0,1,0,0,0,0,0,0,0,0,0,0,0,0,1,0,0,0,0,0,0,3,26,./Cleaned-Dataset/Webshell/2916dbfd9888417b9445ce42599934c6.php,webshell
0,0,0,0,0,0,0,0,0,0,0,0,0,0,0,0,0,0,0,0,0,23,82,./Cleaned-Dataset/Webshell/291e016ae4471e452d17e5bb6a21e213.php,webshell
0,0,0,0,0,0,0,0,0,0,0,0,0,5,0,0,0,0,0,0,0,125,194,./Cleaned-Dataset/Webshell/29266d0923b35894ccb93f03b06bd8d2.php,webshell
11,0,9,0,0,0,0,0,3,0,0,0,0,0,0,0,0,0,0,0,0,2124,7213,./Cleaned-Dataset/Webshell/29420106d9a81553ef0d1ca72b9934d9.php,webshell
3,0,10,7,0,6,6,0,6,0,0,0,99,67,80,2,4,0,0,0,0,1392,5284,./Cleaned-Dataset/Webshell/29433cb002677ae84931180b176735e7.php,webshell
0,0,0,0,0,0,0,0,0,0,0,0,1,0,0,0,0,0,0,0,0,0,4,./Cleaned-Dataset/Webshell/294c1b5237f977a8a63e9ee5f0dcf2da.php,webshell
0,0,0,0,0,0,0,0,0,0,0,0,0,2,0,0,0,0,0,0,0,4,15,./Cleaned-Dataset/Webshell/297c2c4c246ae48b7564e60026ae2758.php,webshell
0,0,0,0,0,0,0,0,0,0,0,0,0,0,0,0,0,0,0,0,0,19,504,./Cleaned-Dataset/Webshell/2998ab45c17a5fad4ff5121ab69fcdef.php,webshell
11,0,6,3,0,3,1,0,7,0,0,0,7,3,7,2,0,2,0,0,0,4398,15206,./Cleaned-Dataset/Webshell/29b069dab9db526e99706c73b82ff65d.php,webshell
1,0,0,0,0,0,0,0,0,0,0,0,0,0,0,0,0,0,0,0,0,1,8,./Cleaned-Dataset/Webshell/29cb63ee04177d6191b4b3ab921781a3.php,webshell
0,0,6,5,5,5,5,0,0,0,0,0,14,16,0,2,2,0,0,0,0,545,1423,./Cleaned-Dataset/Webshell/29ce5ff526fdbe0864cb72f54c912c67.php,webshell
0,0,0,0,0,0,0,0,0,0,0,0,0,0,0,0,0,0,0,0,0,489,2970,./Cleaned-Dataset/Webshell/2a0b8ab48265c08dc7acd63b00df94bd.php,webshell
5,0,2,2,2,2,2,2,3,1,0,0,120,35,0,0,2,1,0,0,0,1027,3585,./Cleaned-Dataset/Webshell/2a0e7ddfe35eb9e678f3b68ca293d8b2.php,webshell
1,0,0,0,0,0,0,0,0,0,1,0,0,0,0,0,0,0,0,0,0,1,13,./Cleaned-Dataset/Webshell/2a112c0c5018d5994ddf1ea867364440.php,webshell
0,0,0,0,0,0,1,0,0,0,0,0,0,6,0,0,2,0,0,0,0,55,151,./Cleaned-Dataset/Webshell/2a1d54937ec6706235ceb7dc73d4736d.php,webshell
0,0,0,0,0,0,0,0,0,0,0,0,0,1,0,0,0,0,0,0,0,5,32,./Cleaned-Dataset/Webshell/2a27f4d82db037087446c07b5ce52c79.php,webshell
0,0,0,0,0,0,0,0,0,0,0,0,4,15,2,9,3,0,0,0,0,215,599,./Cleaned-Dataset/Webshell/2a2b1b783d3a2fa9a50b1496afa6e356.php,webshell
6,0,0,0,0,0,0,0,0,0,0,0,0,1,0,0,0,0,0,0,0,2,48,./Cleaned-Dataset/Webshell/2a3916ef1105b38b20a81ad3e0f97dce.php,webshell
0,0,0,0,0,0,0,0,0,0,0,0,0,0,0,0,0,0,0,0,0,810,369,./Cleaned-Dataset/Webshell/2a459818863afc5d6f4b3f3890acfc67.php,webshell
0,0,0,0,0,0,0,0,1,0,0,0,0,0,0,1,0,0,0,0,0,1188,44,./Cleaned-Dataset/Webshell/2a68ed42b4139c5710f9ffebb03109c8.php,webshell
7,0,6,9,6,0,0,0,4,0,1,0,245,245,0,13,3,0,0,0,0,3443,9558,./Cleaned-Dataset/Webshell/2a726fccf7c7c685481750114e9714ee.php,webshell
0,0,1,0,0,0,0,0,0,0,0,0,0,0,1,0,0,0,0,0,0,1,6,./Cleaned-Dataset/Webshell/2abbc82d32135e768a4258c0e56a2544.php,webshell
16,0,6,28,2,2,1,1,5,1,0,0,56,288,2,1,10,1,0,1,0,2879,9356,./Cleaned-Dataset/Webshell/2ac9ae0e76a22a35c370320d374dc7d4.php,webshell
0,0,0,1,0,0,0,0,0,0,0,0,0,0,0,0,0,0,0,0,0,2,4,./Cleaned-Dataset/Webshell/2ad2e89a044f82784a08f03105773aef.php,webshell
0,0,0,0,0,0,0,0,0,0,0,0,0,1,0,0,0,0,0,0,0,15,11,./Cleaned-Dataset/Webshell/2afca00f30104608e478f2617d48dabf.php,webshell
0,0,0,0,0,0,0,0,0,0,0,0,0,0,0,2,0,0,0,0,0,158,1966,./Cleaned-Dataset/Webshell/2b176583a0b09ef68bf08174169dcab1.php,webshell
0,0,3,3,0,0,1,0,0,0,0,0,10,26,0,0,2,0,0,0,0,402,1269,./Cleaned-Dataset/Webshell/2b2953b473a7535d555642521972f65b.php,webshell
1,0,0,0,0,0,0,0,1,1,0,1,0,0,0,0,0,0,0,0,0,2,11,./Cleaned-Dataset/Webshell/2b2a4d16663c80a265d82dfe068c82d9.php,webshell
1,0,0,0,0,0,0,0,0,0,0,0,1,1,0,0,0,0,0,0,0,3,20,./Cleaned-Dataset/Webshell/2b2e85e7cb970b3dd6d976868dc4ff05.php,webshell
0,0,0,0,0,0,0,0,0,0,0,0,0,4,0,2,0,0,0,0,0,22,3805,./Cleaned-Dataset/Webshell/2b4b663a3aa24ee33c6bf80e5c5954bd.php,webshell
0,0,0,9,1,0,1,0,5,0,0,0,0,10,0,0,0,0,0,1,0,171,629,./Cleaned-Dataset/Webshell/2b596420b9372c6822584ecb22d6a690.php,webshell
5,0,3,4,2,2,1,0,6,0,0,0,0,287,0,55,3,2,0,0,0,1963,7777,./Cleaned-Dataset/Webshell/2b68d70e1766250e4fdbed9fca31f9be.php,webshell
1,0,0,0,0,0,0,0,0,0,0,2,0,0,1,0,0,0,0,0,0,10,73,./Cleaned-Dataset/Webshell/2b720885b26191f889cb4274be66b5cf.php,webshell
0,0,0,0,0,0,0,0,0,0,0,0,0,0,0,0,0,0,0,0,0,1,1,./Cleaned-Dataset/Webshell/2b736d64874eecc51c8b69d178e573b9.php,webshell
0,0,0,0,0,0,0,0,0,0,0,0,0,0,1,0,0,1,0,0,0,2,6,./Cleaned-Dataset/Webshell/2b7ea4c67b4230f279a7ebfb4e7ce321.php,webshell
1,0,0,0,0,0,0,0,1,0,0,0,0,4,0,0,0,0,0,0,0,9,35,./Cleaned-Dataset/Webshell/2b872201f9f17abc4a170bd152c0e41e.php,webshell
0,0,0,0,0,0,0,0,0,0,0,0,0,0,0,0,0,0,0,0,0,249,765,./Cleaned-Dataset/Webshell/2b8ad757275e85289d345a91fbfa97db.php,webshell
0,0,0,0,0,1,0,0,0,0,0,0,0,1,0,0,0,0,0,0,0,1,6,./Cleaned-Dataset/Webshell/2b9a9267bcadf5a9c792c04394cc81c0.php,webshell
1,0,0,0,0,0,0,0,0,0,0,0,0,1,0,1,0,0,1,0,0,420,2388,./Cleaned-Dataset/Webshell/2bf2368aa9302e417ac67906dde8d7d4.php,webshell
1,0,0,0,0,0,0,0,1,1,0,1,1,0,0,0,0,0,0,0,0,2,16,./Cleaned-Dataset/Webshell/2bfa820d4d6325b826fe5d1f1149885a.php,webshell
0,0,0,0,0,0,0,0,0,0,0,0,0,0,0,0,0,0,0,0,0,9,14,./Cleaned-Dataset/Webshell/2c0abb155375ff7a49a52978a91f79dd.php,webshell
0,0,0,0,0,0,0,0,0,0,0,0,0,0,2,1,0,0,0,0,0,4,20,./Cleaned-Dataset/Webshell/2c37d90dd2c9c743c273cb955dd83ef6.php,webshell
0,0,0,0,0,0,0,0,0,0,0,0,0,0,0,0,0,0,0,0,0,1,1,./Cleaned-Dataset/Webshell/2c3806fe49d865f93f02b17638b87511.php,webshell
0,0,0,0,0,0,0,0,0,0,0,0,1,0,0,0,0,0,0,0,0,3,28,./Cleaned-Dataset/Webshell/2c437a76940ee7e2d23a245e71fbd7d6.php,webshell
10,0,4,6,2,2,2,0,3,0,0,0,118,160,0,9,8,0,0,0,0,2543,10049,./Cleaned-Dataset/Webshell/2c515e7ed39d162280f8723816235d1a.php,webshell
1,0,0,0,0,0,0,0,0,0,0,0,0,0,2,0,0,0,0,0,0,4,62,./Cleaned-Dataset/Webshell/2c5741dcab879925b99d9f261fc8d29a.php,webshell
10,0,0,0,0,0,0,0,0,0,0,0,0,42,0,0,2,0,0,0,0,430,1803,./Cleaned-Dataset/Webshell/2c57bae30117b7f5c390c6c2b53dcf79.php,webshell
0,0,0,0,0,0,0,0,1,0,0,0,0,2,0,0,0,0,0,0,0,2,22,./Cleaned-Dataset/Webshell/2c73911e5eb09d8209520399dfe08a85.php,webshell
1,0,0,0,0,0,0,0,0,0,0,0,1,0,0,0,0,0,0,0,0,2,10,./Cleaned-Dataset/Webshell/2c7c339ff53b3f1c613acdd3b7f52689.php,webshell
1,0,0,0,0,0,0,0,1,0,0,0,6,44,0,0,0,0,0,0,0,241,775,./Cleaned-Dataset/Webshell/2c7f5383aa9485f57beb1a4e6a31448d.php,webshell
9,0,5,2,2,2,1,0,10,0,0,0,1,1,7,2,0,2,0,0,0,3878,12992,./Cleaned-Dataset/Webshell/2c7fce45bc3313a57c3b145366e79e6c.php,webshell
1,0,0,0,0,0,0,0,0,0,0,0,0,0,0,0,0,0,0,0,0,3,42,./Cleaned-Dataset/Webshell/2c880e9a3acfaf4b19ae3c784508fba1.php,webshell
1,0,0,0,0,0,0,0,1,1,0,1,0,0,0,0,0,0,0,0,0,1,9,./Cleaned-Dataset/Webshell/2cb9f616d5931604ddf250f78d5443bd.php,webshell
1,2,0,0,0,0,0,0,0,0,0,2,2,16,0,0,2,2,0,0,0,67,178,./Cleaned-Dataset/Webshell/2ce104cc82cf1db7f1f4c247c109d9fa.php,webshell
1,0,1,0,0,0,0,0,0,0,0,0,0,1,0,1,0,1,0,0,0,398,2253,./Cleaned-Dataset/Webshell/2ce1fdf30ab42de403320afc008cf5d9.php,webshell
1,0,0,0,0,0,0,0,8,0,0,0,0,25,0,0,5,0,0,0,0,1402,5327,./Cleaned-Dataset/Webshell/2cee363b775b7c68cb88167fa90f3906.php,webshell
10,0,4,6,2,2,2,0,3,0,0,0,118,160,0,9,8,0,0,0,0,2543,10049,./Cleaned-Dataset/Webshell/2ceec80abb94febececdcd9bc68daa8b.php,webshell
0,0,1,0,0,0,0,0,6,0,0,0,57,1,0,0,0,0,0,0,0,1523,5036,./Cleaned-Dataset/Webshell/2cf20a207695bbc2311a998d1d795c35.php,webshell
0,0,0,0,0,0,0,0,1,0,0,0,0,0,0,1,0,0,0,0,0,1177,44,./Cleaned-Dataset/Webshell/2d1a4fad2221e27afa35d92b51dcde81.php,webshell
7,0,2,3,2,2,1,0,1,0,0,0,1,5,0,2,4,1,0,0,0,1628,6597,./Cleaned-Dataset/Webshell/2d1e3c31fe3e774ec7c34229baba49da.php,webshell
1,0,0,0,0,0,0,0,1,0,1,0,0,0,0,0,0,0,0,0,0,2,7,./Cleaned-Dataset/Webshell/2d2ffd07c648c011e591089f0dfa5a1f.php,webshell
7,0,4,6,5,4,3,0,6,0,0,0,3,115,0,39,2,1,0,0,0,1103,3543,./Cleaned-Dataset/Webshell/2d538c374bfbc77ab5ab428903d068aa.php,webshell
0,0,0,0,0,0,0,0,0,0,0,0,0,0,0,0,0,0,0,0,0,5,13,./Cleaned-Dataset/Webshell/2d711f2778f694c5e561b580e61f3092.php,webshell
0,0,0,0,0,0,0,0,0,0,0,0,0,0,2,0,4,0,0,0,0,19,57,./Cleaned-Dataset/Webshell/2da34b14c430db432fa254c8d0cbbacb.php,webshell
0,0,0,0,0,0,0,0,0,0,1,1,0,0,0,0,0,0,0,0,0,17,63,./Cleaned-Dataset/Webshell/2daecae6aac185548df7f18d7095edeb.php,webshell
0,0,0,0,0,0,0,0,0,0,0,0,0,0,0,0,0,2,0,0,0,13,170,./Cleaned-Dataset/Webshell/2db33ca0b33987602e12da3ef972b5c8.php,webshell
1,0,0,0,0,0,0,0,1,1,0,0,0,0,0,0,0,0,0,0,0,1,16,./Cleaned-Dataset/Webshell/2db8d159835c54892ecc312e7c3127b0.php,webshell
0,0,1,0,2,0,0,0,11,0,0,0,36,67,0,0,6,0,0,0,0,416,2215,./Cleaned-Dataset/Webshell/2dc045c461bd8aab22e07733492856b5.php,webshell
1,0,0,0,0,0,0,0,0,0,0,0,0,2,0,0,0,0,0,0,0,3,53,./Cleaned-Dataset/Webshell/2dd25fb78adf0a39d7c0174234b2052e.php,webshell
0,0,0,0,0,0,0,0,0,0,0,0,0,0,0,0,0,0,0,0,0,8,30,./Cleaned-Dataset/Webshell/2dea88ce443a0531536da1e9c529498f.php,webshell
0,0,0,0,0,0,0,0,1,0,0,0,0,0,0,1,0,0,0,0,0,1188,44,./Cleaned-Dataset/Webshell/2df1811e9591c22c17ad0657d3d70b48.php,webshell
0,0,0,5,0,0,0,0,0,0,0,0,61,14,18,0,3,0,0,1,0,1644,6616,./Cleaned-Dataset/Webshell/2e096fee652956b35d1f06d1308599f2.php,webshell
9,0,0,6,0,15,0,0,7,0,0,0,111,88,0,0,42,12,0,0,0,1366,6959,./Cleaned-Dataset/Webshell/2e22f03a0f6f29479563709d60a6a002.php,webshell
0,0,0,0,0,0,0,0,0,0,0,0,0,0,0,0,0,0,0,0,0,22,58,./Cleaned-Dataset/Webshell/2e54212562c3f400c345f7159d1daa7e.php,webshell
8,0,4,3,3,2,2,2,2,0,0,0,37,598,0,23,0,3,0,0,0,5839,18077,./Cleaned-Dataset/Webshell/2e5640b14ce8416b0ca6bccdc5c5ff01.php,webshell
4,0,2,2,2,2,1,0,0,0,0,0,0,21,0,0,2,0,0,0,0,146,734,./Cleaned-Dataset/Webshell/2e56cfd5b5014cbbf1c1e3f082531815.php,webshell
0,0,0,0,0,0,0,0,0,0,0,0,0,0,1,0,0,0,0,0,0,8,30,./Cleaned-Dataset/Webshell/2e618c44c15778efb361f7107e4ca0bd.php,webshell
0,0,0,0,0,0,0,0,0,0,0,0,0,0,0,0,0,0,0,0,0,24,107,./Cleaned-Dataset/Webshell/2e67678cd692cd68387ae5d7ebc85daf.php,webshell
0,0,4,0,0,0,0,0,0,0,0,0,0,2,0,0,0,0,0,0,0,27,103,./Cleaned-Dataset/Webshell/2e69d46588f068ce92e9b5c90aa25900.php,webshell
1,0,0,0,0,0,0,0,0,0,1,0,0,0,0,0,5,0,0,0,0,21,84,./Cleaned-Dataset/Webshell/2e6b3d5f2e8440f3e67f67efc617b01f.php,webshell
0,0,0,0,0,0,0,0,0,0,0,0,0,0,0,0,0,0,0,0,0,17,344,./Cleaned-Dataset/Webshell/2e73a93c965a4ab295f9d39afa9f8d83.php,webshell
0,0,0,0,0,0,0,0,0,0,0,0,0,0,0,0,0,0,0,0,0,16,341,./Cleaned-Dataset/Webshell/2e93c4a8afd8daea1135af9a67c8aca7.php,webshell
1,0,0,0,0,0,0,0,1,0,0,0,0,0,0,0,0,0,0,0,0,1,17,./Cleaned-Dataset/Webshell/2ea6361e92f0b7e20606061f0f7f1182.php,webshell
1,0,1,0,0,0,0,0,1,0,0,0,2,2,0,0,0,0,0,0,0,395,3240,./Cleaned-Dataset/Webshell/2eba8e44a785d0f13c1dbbc0429858b8.php,webshell
0,0,0,0,0,0,0,0,0,0,0,0,0,1,0,0,0,0,0,0,0,15,9,./Cleaned-Dataset/Webshell/2ec1f46d50474dff68c243f76e0dc0bb.php,webshell
1,0,0,0,0,0,0,0,0,0,0,0,0,0,0,0,0,0,0,0,0,1,10,./Cleaned-Dataset/Webshell/2efa284205440c727daad926ae10b2ba.php,webshell
0,0,4,30,2,2,0,0,4,0,0,0,57,94,0,2,6,0,0,0,0,1708,7078,./Cleaned-Dataset/Webshell/2f2d983c1fb4ba4cdb3622af2157114f.php,webshell
1,0,3,9,0,0,0,0,9,0,0,0,261,360,0,20,5,0,0,0,0,12197,35318,./Cleaned-Dataset/Webshell/2f3f3d03b8dbd7954b31de3be4c2975f.php,webshell
0,0,0,0,0,0,0,0,0,0,0,0,0,0,0,0,0,0,0,0,0,21,30,./Cleaned-Dataset/Webshell/2f4dd38f6f7ee5e65f61c7bb6647c475.php,webshell
1,0,0,0,0,0,0,0,1,0,0,0,0,0,0,0,0,0,0,0,0,2,8,./Cleaned-Dataset/Webshell/2f58c9bee1d10094c151ebc6bab899bd.php,webshell
0,0,0,0,0,0,0,0,0,0,0,0,0,0,0,0,0,0,0,0,0,4,15,./Cleaned-Dataset/Webshell/2f61eed9b18a5fc3b6fcac53e2dc419a.php,webshell
5,0,4,0,0,0,0,0,0,0,0,0,0,0,0,0,0,0,0,0,0,888,2752,./Cleaned-Dataset/Webshell/2f68ab067d8562f4c85c7d98de4226aa.php,webshell
0,0,0,0,0,0,0,0,0,0,0,0,0,0,0,0,0,0,0,0,0,11,793,./Cleaned-Dataset/Webshell/2f89374b394f3a32c7ce98460a8d0983.php,webshell
1,0,0,0,0,0,0,0,0,0,0,0,0,0,0,0,0,0,0,0,0,74,64,./Cleaned-Dataset/Webshell/2fb18e46b16b8200ef522b95c70aa16e.php,webshell
1,0,0,0,0,0,0,0,0,0,0,0,0,1,0,0,0,0,0,0,0,0,5,./Cleaned-Dataset/Webshell/2fc12603a3ca43aeb4c684fefee690fd.php,webshell
1,0,0,0,0,0,0,0,0,0,0,0,2,31,0,14,2,0,0,0,0,701,3348,./Cleaned-Dataset/Webshell/2fd448c7f523b3162926ba7739294bef.php,webshell
0,0,0,0,0,0,0,0,0,0,0,0,4,0,0,0,0,0,0,0,0,20,192,./Cleaned-Dataset/Webshell/2feb3189d3344e70ac178f6587084014.php,webshell
0,0,1,0,0,0,0,0,0,0,0,0,1,0,0,0,0,0,0,0,0,1,6,./Cleaned-Dataset/Webshell/2feda3218a639f347d9c0a215056884c.php,webshell
1,0,0,0,0,0,0,0,0,0,0,0,0,0,0,0,0,0,0,0,0,1,8,./Cleaned-Dataset/Webshell/2ff10aca53aef7ee45a93d2701d75f05.php,webshell
0,0,0,0,0,0,0,0,0,0,0,0,0,2,0,0,0,0,0,0,0,28,60,./Cleaned-Dataset/Webshell/2ff9555f0c267786e5980e2562e4a1dd.php,webshell
0,0,0,0,0,0,0,0,22,0,0,0,6,5,0,0,0,0,0,0,0,434,453,./Cleaned-Dataset/Webshell/2ffb211b501f95be70d27f6b06eca10f.php,webshell
0,0,2,2,2,2,1,0,1,0,0,0,0,0,0,0,0,0,0,0,0,26,172,./Cleaned-Dataset/Webshell/3005d01fcf4a64cd436750be7622f6c7.php,webshell
0,0,0,0,0,0,0,0,0,0,0,0,0,0,0,0,0,0,0,0,0,4,3,./Cleaned-Dataset/Webshell/3006dc1f65e531314dcc394fdce50aa5.php,webshell
1,0,0,0,0,0,0,0,1,1,0,0,0,0,0,0,0,0,0,0,0,4,16,./Cleaned-Dataset/Webshell/3027b6e68da1e57643eee0b684a314a1.php,webshell
11,0,6,3,0,3,1,0,7,0,0,0,7,3,7,2,0,2,0,0,0,4143,14436,./Cleaned-Dataset/Webshell/30324c4bacc59fee5d5e8c5be6689595.php,webshell
0,0,0,0,0,0,0,0,0,0,0,0,0,0,0,0,0,0,0,0,0,1,6,./Cleaned-Dataset/Webshell/30814fc88d9b684a7c3582d0ff11e799.php,webshell
0,0,1,0,0,0,0,0,0,0,0,0,0,0,0,0,0,0,0,0,0,508,747,./Cleaned-Dataset/Webshell/308ad510820c5d2652e720bfd6fb7da2.php,webshell
0,0,0,0,0,0,0,0,0,0,0,0,2,0,0,0,0,0,0,0,0,0,16,./Cleaned-Dataset/Webshell/308b1be29556fed1c4e198785d853fb1.php,webshell
5,0,4,0,0,0,0,0,0,0,0,0,0,0,0,0,0,0,0,0,0,886,2750,./Cleaned-Dataset/Webshell/3093bb66d965b30122faf588c9442c4b.php,webshell
3,0,7,29,3,3,3,3,2,0,0,0,4,3,328,5,5,6,0,0,0,1722,10101,./Cleaned-Dataset/Webshell/309f57952de678353d191fdec7c2aa6c.php,webshell
0,0,0,0,0,0,0,0,0,0,0,0,0,0,0,0,0,0,0,0,0,16,341,./Cleaned-Dataset/Webshell/30b52d5ea27b4c029b77c9bb0b547768.php,webshell
1,0,0,0,0,0,0,0,1,1,0,0,0,0,0,0,0,0,0,0,0,1,8,./Cleaned-Dataset/Webshell/30e44c71173ea94f14f9308d291ffc67.php,webshell
1,0,0,0,0,0,0,0,1,0,1,0,0,0,0,0,0,0,0,0,0,4,12,./Cleaned-Dataset/Webshell/31200efb5cd42b0bd033f82978f3004d.php,webshell
0,0,20,0,0,0,0,0,0,0,0,0,0,0,0,0,0,0,0,0,0,99,307,./Cleaned-Dataset/Webshell/31548a0081bf8d8fcb1e109e7faca156.php,webshell
7,0,0,0,0,0,0,0,0,0,0,0,0,0,0,0,1,0,0,0,0,269,1876,./Cleaned-Dataset/Webshell/31a928f9572239edcce00a8392cc60b8.php,webshell
2,0,0,0,0,0,0,0,0,0,0,0,0,0,0,0,0,0,0,0,0,4,147,./Cleaned-Dataset/Webshell/31aa5674d180780698f5494c18a85ee0.php,webshell
0,1,0,0,0,0,0,0,0,0,0,0,0,0,0,0,0,0,0,0,0,5,4,./Cleaned-Dataset/Webshell/31e361211a0849bd625fc2b88aada5ae.php,webshell
2,0,0,0,0,0,1,0,0,0,0,0,0,38,0,0,2,0,0,0,0,320,1146,./Cleaned-Dataset/Webshell/31fcd5a8307d4be44cce932aff8410e2.php,webshell
10,0,3,3,3,5,3,0,4,0,0,0,5,65,0,0,2,1,0,0,0,605,1820,./Cleaned-Dataset/Webshell/320777553da69535eadde6434cbd1212.php,webshell
1,0,13,15,11,11,11,0,0,0,0,0,6,53,0,0,2,1,0,0,0,964,4265,./Cleaned-Dataset/Webshell/3212885597cf7e8515ad6c44d8e6e8f8.php,webshell
0,0,0,0,0,0,0,0,0,0,0,0,0,2,0,0,0,0,0,0,0,10,51,./Cleaned-Dataset/Webshell/3214d623e99a3a099272ac220f84afc2.php,webshell
1,0,0,0,0,0,0,0,8,0,0,0,0,25,0,0,5,0,0,0,0,1402,5327,./Cleaned-Dataset/Webshell/3215f62f3b157e5f7059b1dbae9ef9a8.php,webshell
0,0,0,0,0,0,0,0,0,0,0,0,0,0,0,0,0,0,0,0,0,18,347,./Cleaned-Dataset/Webshell/32202b0fe9ba3dd94ca063be1f10bc74.php,webshell
1,0,0,0,0,0,0,0,0,0,0,0,0,1,0,0,0,0,0,0,0,1,6,./Cleaned-Dataset/Webshell/323d09c08a72717bbec71f172e5f6532.php,webshell
0,0,0,0,0,0,0,0,0,0,0,0,0,0,1,0,1,0,0,0,0,8,33,./Cleaned-Dataset/Webshell/324e5cfb405ddaf775649f3d00af307e.php,webshell
0,0,3,0,0,0,0,0,0,0,0,0,10,15,0,0,5,0,0,0,0,366,1049,./Cleaned-Dataset/Webshell/3261f806b0399c710117b6d34070d664.php,webshell
0,0,0,0,0,0,0,0,0,0,0,0,0,0,0,0,0,0,0,0,0,17,344,./Cleaned-Dataset/Webshell/328bbdf5052380ec3f0b3b1dae4b5922.php,webshell
0,0,0,0,0,0,0,0,0,0,0,0,0,0,0,0,0,0,0,0,0,18,31,./Cleaned-Dataset/Webshell/328f3c35e31036847b854c75367fac3e.php,webshell
11,0,8,5,2,5,2,0,8,0,0,0,15,9,7,2,0,2,0,0,0,4045,13920,./Cleaned-Dataset/Webshell/32ab6ddc0a2f73789461e2a2390be53e.php,webshell
7,0,3,3,2,2,1,0,4,0,0,0,8,368,0,11,0,3,0,0,0,2882,8983,./Cleaned-Dataset/Webshell/32adb5e1610891eadc7cdbadaa1cb5aa.php,webshell
4,0,3,4,2,2,1,0,4,0,0,0,0,244,0,0,2,2,0,1,0,1680,6482,./Cleaned-Dataset/Webshell/32b8258b1327d7c06e3257d2089b295b.php,webshell
1,0,0,0,0,0,0,0,1,0,0,0,0,0,0,0,0,0,0,0,0,3,9,./Cleaned-Dataset/Webshell/32d7c1b274b00d501c53a74a8b2edb2f.php,webshell
9,0,0,6,0,15,0,0,7,0,0,0,111,88,0,0,42,12,0,0,0,1379,7026,./Cleaned-Dataset/Webshell/32f8b8ad80174138d1aa8c92db2f51d0.php,webshell
3,0,0,5,0,0,0,0,0,0,0,0,0,224,0,0,3,0,0,0,0,744,3242,./Cleaned-Dataset/Webshell/330af9337ae51d0bac175ba7076d6299.php,webshell
9,0,2,5,2,2,1,4,5,0,0,0,0,0,2,2,3,0,0,0,0,1770,7781,./Cleaned-Dataset/Webshell/3318a8fa7247f3b5a6d427553170556b.php,webshell
0,0,0,0,0,0,0,0,0,0,0,0,0,1,0,0,3,0,0,0,0,14,63,./Cleaned-Dataset/Webshell/331996efc2136437273c0ed9e08c4d95.php,webshell
0,0,0,0,0,0,0,0,0,0,0,0,0,0,0,0,0,0,0,0,0,7,20,./Cleaned-Dataset/Webshell/333d2b95473b39511a22c3b7ca76c025.php,webshell
0,0,1,9,0,1,0,0,6,0,0,0,0,0,0,0,0,0,0,0,0,415,1163,./Cleaned-Dataset/Webshell/3348a4c3855d8802e66ee1f53ba3f2a0.php,webshell
0,0,0,0,0,0,0,0,0,0,0,0,7,29,0,0,3,0,0,0,0,250,793,./Cleaned-Dataset/Webshell/33642bad15b10a127c6d5bd0013888ad.php,webshell
8,0,3,3,2,2,1,0,6,0,0,0,11,442,0,2,0,2,0,0,0,2454,9345,./Cleaned-Dataset/Webshell/337600396a2028457f033fab0ef16d4f.php,webshell
0,0,0,0,0,0,0,0,0,0,0,0,0,0,0,0,0,0,0,0,0,33,277,./Cleaned-Dataset/Webshell/337a49998d4a119f0be01feef6e8ab63.php,webshell
1,0,0,0,0,0,0,0,1,0,0,0,2,1,0,0,0,0,0,0,0,4,20,./Cleaned-Dataset/Webshell/339669f8c1c190472955fb5e2e608b5a.php,webshell
0,0,0,0,0,0,0,0,0,0,0,0,0,1,0,0,0,0,0,0,0,3,9,./Cleaned-Dataset/Webshell/339bbfb5f5becb00f812696c6a678669.php,webshell
7,0,6,9,6,0,0,0,4,0,1,0,245,245,0,13,3,0,0,0,0,3444,9558,./Cleaned-Dataset/Webshell/33a2b31810178f4c2e71fbdeb4899244.php,webshell
5,0,2,2,2,2,2,2,2,1,0,0,119,20,0,0,2,1,0,0,0,956,3179,./Cleaned-Dataset/Webshell/33be04d260c93e30cb1062da821fe910.php,webshell
5,0,6,3,2,2,0,1,7,1,0,0,118,109,9,0,5,0,0,6,0,2111,9629,./Cleaned-Dataset/Webshell/33c105b144a7d7c28d23982fbe4b17ac.php,webshell
0,0,0,2,0,0,0,0,6,0,0,0,7,54,7,0,2,0,0,1,0,1002,4271,./Cleaned-Dataset/Webshell/33cb1f329677976c3c0f1a5c7c2b4490.php,webshell
0,1,0,0,0,0,0,0,0,0,0,0,1,0,0,0,0,0,0,0,0,3,8,./Cleaned-Dataset/Webshell/341d1e405140dfc45a2d34078b3ea35f.php,webshell
0,0,0,0,0,0,0,0,0,0,0,0,1,83,0,0,0,5,0,0,0,562,1348,./Cleaned-Dataset/Webshell/3433095fdd68e89a1b9c461a28cf22be.php,webshell
7,0,0,0,0,1,0,0,1,0,0,0,2,20,0,0,6,0,0,0,0,146,349,./Cleaned-Dataset/Webshell/345d22656788de486f14805be6f59f99.php,webshell
0,0,0,0,2,0,0,0,0,0,0,0,0,2,0,0,0,0,0,0,0,144,129,./Cleaned-Dataset/Webshell/3471e16673686dac5f06e31c113a6205.php,webshell
1,0,0,0,0,0,0,0,1,0,1,0,0,0,0,0,0,0,0,0,0,5,14,./Cleaned-Dataset/Webshell/3488ac8474243fdafc3da9e3f007367c.php,webshell
0,0,0,0,0,0,0,1,0,0,0,0,0,0,16,0,0,0,0,0,0,133,466,./Cleaned-Dataset/Webshell/34996932c83f46feb48fd1a910171704.php,webshell
0,0,0,0,0,0,0,0,0,0,0,0,0,2,0,0,0,0,0,0,0,3,21,./Cleaned-Dataset/Webshell/34ab007cfbef5c11ae623abc65d0394d.php,webshell
0,1,0,0,0,0,0,0,0,0,0,0,0,0,1,0,0,0,0,0,0,4,15,./Cleaned-Dataset/Webshell/34c6133228470e6fa5f34091ef7ccc3b.php,webshell
20,0,5,5,0,0,0,0,1,0,0,0,14,46,0,0,3,0,0,0,0,703,2602,./Cleaned-Dataset/Webshell/3506b238cc93412106430052e736eec2.php,webshell
1,0,0,0,0,0,0,0,0,0,0,0,0,0,0,0,0,0,0,0,0,4,14,./Cleaned-Dataset/Webshell/350a546bfc23f0e883a8ad4ff771cc84.php,webshell
13,0,7,5,5,8,0,0,0,0,0,0,3,7,0,0,3,0,0,0,0,454,2442,./Cleaned-Dataset/Webshell/3510a3d0d8fda8fb2595e531cea22d34.php,webshell
1,0,0,0,0,0,0,0,1,0,0,0,0,1,0,0,0,0,0,0,0,35,390,./Cleaned-Dataset/Webshell/35238fdaecda37ad98feec7709e79699.php,webshell
0,0,5,5,5,8,0,0,0,0,0,0,3,7,0,0,3,0,0,1,0,263,1209,./Cleaned-Dataset/Webshell/35297690f78168b85fe57e77526da9f0.php,webshell
7,0,0,0,0,1,0,0,1,0,0,0,2,20,0,0,6,0,0,0,0,146,349,./Cleaned-Dataset/Webshell/3529a116017ece53288e66e96e6a4892.php,webshell
1,0,0,0,0,0,0,0,2,0,0,0,0,0,0,0,0,0,0,0,0,136,428,./Cleaned-Dataset/Webshell/354241a1fd3c6361bb5d2b825721fd56.php,webshell
0,0,23,18,11,13,13,0,0,0,0,0,0,0,0,0,0,8,0,8,8,909,4663,./Cleaned-Dataset/Webshell/3585940312060de8cc37ebc51ba771bd.php,webshell
1,0,0,0,0,0,0,0,1,1,0,0,0,0,0,0,0,0,0,0,0,2,13,./Cleaned-Dataset/Webshell/358658b134749177c0485eac976af442.php,webshell
0,0,3,0,0,0,0,0,0,0,0,0,10,15,0,0,5,0,0,0,0,366,1049,./Cleaned-Dataset/Webshell/3587e01c6548e1ed1f6bf52ed459fedf.php,webshell
5,0,3,4,2,2,1,0,2,0,0,0,0,252,0,42,2,1,0,0,0,1657,6605,./Cleaned-Dataset/Webshell/35a4e7d3002ef74eb8049af572af3f29.php,webshell
1,0,0,6,0,0,0,0,1,0,0,0,43,38,0,0,2,2,0,1,0,722,2852,./Cleaned-Dataset/Webshell/35ad2533192fe8a1a76c3276140db820.php,webshell
0,0,1,0,0,0,0,0,14,0,0,0,0,0,3,2,0,0,0,0,0,269,2715,./Cleaned-Dataset/Webshell/35c792b6227062e38c57130a2df65d11.php,webshell
0,0,0,0,0,0,0,0,0,0,0,0,7,29,0,0,3,0,0,0,0,240,750,./Cleaned-Dataset/Webshell/35cb2e393d77e633488f4dd056ed6119.php,webshell
1,0,0,0,0,0,0,0,0,0,0,0,1,0,0,0,0,0,0,0,0,2,21,./Cleaned-Dataset/Webshell/35cb4ca9a9fed46e0e7736d45595aa10.php,webshell
0,0,0,0,0,0,0,0,0,0,0,0,0,0,0,0,0,0,0,0,0,7,13,./Cleaned-Dataset/Webshell/35ef39111eb48b124bae511bf1ab0da3.php,webshell
0,0,0,0,0,0,0,0,0,0,0,0,0,0,0,0,0,0,0,0,0,810,369,./Cleaned-Dataset/Webshell/35fb37f3c806718545d97c6559abd262.php,webshell
0,0,0,0,0,0,0,0,0,0,0,0,0,0,0,0,0,0,0,0,0,1,115,./Cleaned-Dataset/Webshell/3603f99f70872b462a7d877ebacc8926.php,webshell
3,0,8,12,3,3,1,1,2,0,0,0,4,3,269,5,5,4,0,0,0,2197,8769,./Cleaned-Dataset/Webshell/363e7c41e9ca974d3ec51f7e63ef457e.php,webshell
0,0,1,1,0,1,0,0,0,0,0,0,0,5,0,0,0,0,0,0,0,15,41,./Cleaned-Dataset/Webshell/365a8cf61828e267c7a6882aef29c928.php,webshell
1,0,0,0,0,0,0,0,0,0,0,0,0,0,0,0,0,0,0,0,0,1,10,./Cleaned-Dataset/Webshell/366af8a0f9605550d8520c1f0fde0960.php,webshell
1,0,0,0,0,0,0,0,1,1,0,0,0,0,0,0,0,0,0,0,0,4,13,./Cleaned-Dataset/Webshell/369a373fa525afa065327161e60b3a58.php,webshell
10,0,14,9,9,7,8,0,2,0,0,0,3,3,143,0,0,1,0,0,0,1154,4297,./Cleaned-Dataset/Webshell/36acb08aae068116dfa99011b47ce4e5.php,webshell
5,0,0,14,0,2,0,0,7,0,0,0,26,77,0,0,46,0,0,0,0,1153,4564,./Cleaned-Dataset/Webshell/36b69cff55907cf7fe7a7aa6b9db75b3.php,webshell
5,0,3,4,2,2,1,0,6,0,0,0,0,285,0,55,3,2,0,0,0,1874,7680,./Cleaned-Dataset/Webshell/36bbd9fe0e7ce9364a14de4a0841af07.php,webshell
0,0,0,0,0,0,0,0,0,0,0,0,0,1,0,0,0,0,0,0,0,3,15,./Cleaned-Dataset/Webshell/36bf1c5b91509dddce6e25abbed60117.php,webshell
1,0,0,0,0,0,0,0,1,1,0,0,0,0,0,0,0,0,0,0,0,0,7,./Cleaned-Dataset/Webshell/36ca2fc9ab24f903b2fb933496c5b0cd.php,webshell
0,0,0,0,0,0,0,0,0,0,0,0,0,0,0,0,0,0,0,0,0,30,36,./Cleaned-Dataset/Webshell/36d8ef96d4b85051dd198836c09a6421.php,webshell
2,0,0,0,0,0,0,0,0,0,0,0,0,0,0,0,0,0,0,0,0,5,20,./Cleaned-Dataset/Webshell/36dee66b46a3f012e398fa7cbf7a858f.php,webshell
0,0,0,0,0,0,0,0,0,0,0,0,0,0,0,0,0,0,0,0,0,53,144,./Cleaned-Dataset/Webshell/36fba7a7cbe919d521d4470356d62e0d.php,webshell
0,0,5,5,5,8,0,0,0,0,0,0,3,7,0,0,3,0,0,1,0,262,1207,./Cleaned-Dataset/Webshell/371956226c8dd6c1c7ce49cc9db15dac.php,webshell
0,0,0,0,0,0,0,0,0,0,0,0,0,0,0,0,0,0,0,0,0,16,495,./Cleaned-Dataset/Webshell/372bde7cd982d6d63cdd33237a06e79c.php,webshell
0,0,0,0,0,0,0,0,1,0,0,0,0,0,0,0,0,0,0,0,0,37,226,./Cleaned-Dataset/Webshell/373163a60075bf6eca0992d83f40a66d.php,webshell
0,0,0,0,0,0,0,0,0,0,0,0,0,0,0,0,0,0,0,0,0,0,0,./Cleaned-Dataset/Webshell/3737a4410b36cce41e4af8ae4e486de0.php,webshell
2,0,0,0,0,0,0,0,0,0,0,0,0,2,0,0,0,0,0,0,0,5,34,./Cleaned-Dataset/Webshell/375302b83d78bbfa61f96f1426af1621.php,webshell
1,0,0,0,0,0,0,0,1,0,0,0,0,0,0,0,0,0,0,0,0,1,8,./Cleaned-Dataset/Webshell/375fb9f30293ee848e472fb95255d390.php,webshell
0,0,0,0,0,0,0,0,0,0,0,0,0,0,0,0,0,0,0,0,1,6,719,./Cleaned-Dataset/Webshell/375fbabe5b1b2837f72504deb4386271.php,webshell
1,0,0,0,0,0,0,0,0,0,0,0,0,1,0,0,0,0,0,0,0,1,6,./Cleaned-Dataset/Webshell/376bf9b9364ed6067fbcfa88578308fb.php,webshell
0,0,0,0,0,0,0,0,0,0,0,0,0,0,0,0,0,0,0,0,0,18,501,./Cleaned-Dataset/Webshell/377ff3f1ac86af6e900950cdc8f4afd5.php,webshell
0,0,0,0,0,0,0,0,0,0,0,0,0,0,0,0,0,0,0,0,0,16,341,./Cleaned-Dataset/Webshell/3784230e67b1a42f6ecd1b574a548e8c.php,webshell
0,1,0,0,0,0,0,0,0,0,0,0,0,1,0,0,0,0,0,0,0,5,340,./Cleaned-Dataset/Webshell/37a8bfb501612a97767b94ac52639e7c.php,webshell
0,0,0,0,0,0,0,0,6,0,0,0,0,0,0,0,0,0,0,0,0,1488,4869,./Cleaned-Dataset/Webshell/37bb0bbc1255fdb1693aa45a70bedd91.php,webshell
0,0,0,0,0,0,0,1,0,0,0,0,0,0,16,0,0,0,0,0,0,117,462,./Cleaned-Dataset/Webshell/37cb1db26b1b0161a4bf678a6b4565bd.php,webshell
14,0,17,9,9,5,7,2,6,0,0,0,67,652,27,17,0,12,0,1,2,7758,24122,./Cleaned-Dataset/Webshell/37d558143e84b68b1ab5f73a943f749b.php,webshell
5,0,3,4,2,2,1,0,6,0,0,0,0,285,0,55,3,2,0,0,0,1871,7640,./Cleaned-Dataset/Webshell/37e81cd27ab78517ca5ac8cb0b567bab.php,webshell
1,0,77,72,55,41,12,6,38,1,0,0,287,328,10,0,3,5,0,7,0,6912,18639,./Cleaned-Dataset/Webshell/37fd75fe3726fbcb2b1e784f9e3dfc44.php,webshell
14,0,2,2,2,2,2,2,7,5,0,0,4,4,0,38,6,0,0,0,0,2359,10833,./Cleaned-Dataset/Webshell/38136925b96e66d5831ed83fca101b8b.php,webshell
0,0,0,0,0,0,0,0,0,0,0,0,0,0,0,0,0,0,0,0,0,20,24,./Cleaned-Dataset/Webshell/38201ec7593dc89cdeaad1b4045e3840.php,webshell
0,0,0,2,0,0,0,0,0,0,0,0,0,0,2,0,0,0,0,0,0,6,30,./Cleaned-Dataset/Webshell/38210f9140680946f015770f0d04759d.php,webshell
12,0,3,4,2,2,1,0,0,0,0,0,1,146,2,0,3,4,0,0,0,960,4041,./Cleaned-Dataset/Webshell/3823ac218032549b86ee7c26f10c4cb5.php,webshell
0,0,0,0,0,0,0,0,0,0,0,0,0,0,0,0,0,0,0,0,0,21,30,./Cleaned-Dataset/Webshell/382650116d3d30a489073e7a39907bc0.php,webshell
11,0,5,7,2,5,4,0,8,0,0,0,3,43,12,2,0,2,0,0,0,3466,13968,./Cleaned-Dataset/Webshell/38270bd2ccdaaba5391a983ff18240dc.php,webshell
9,0,5,2,2,2,1,0,10,0,0,0,1,1,7,2,0,3,0,0,0,3883,13031,./Cleaned-Dataset/Webshell/382e2a9e4c841bc66fa3a56e6fa9d537.php,webshell
0,0,2,0,0,0,0,0,0,0,0,0,3,2,4,0,4,0,0,0,0,532,3082,./Cleaned-Dataset/Webshell/382f469013f8101fb8ec75acaa851097.php,webshell
4,0,9,11,6,6,6,6,2,1,0,0,28,128,0,2,2,0,0,0,0,1813,5842,./Cleaned-Dataset/Webshell/3833133a6c44e9c9a490bf6147abdab6.php,webshell
2,0,3,2,6,2,1,0,5,0,0,0,55,84,4,14,2,0,0,1,0,1423,6263,./Cleaned-Dataset/Webshell/383d8d73287e10f3d81c4acc258589ea.php,webshell
0,0,0,0,0,0,0,0,0,0,0,0,0,2,0,0,0,0,0,0,0,17,34,./Cleaned-Dataset/Webshell/3843dc91af53e93578c16deb5c99aeb8.php,webshell
0,0,0,0,0,0,0,0,0,0,0,0,0,0,0,0,0,0,0,0,0,67,193,./Cleaned-Dataset/Webshell/3845c80bb4b3fa0ab4ce434e3466f100.php,webshell
5,0,3,4,2,2,1,0,2,0,0,0,0,252,0,42,2,1,0,0,0,1657,6605,./Cleaned-Dataset/Webshell/38543fbeb3f0095d64ee3dd3b0c3842b.php,webshell
0,0,0,0,0,0,0,0,0,0,0,1,0,0,0,0,0,0,0,0,0,4,36,./Cleaned-Dataset/Webshell/385eaef42492a66b9088fd648950a4d9.php,webshell
0,0,0,0,0,0,0,0,1,0,1,0,0,0,0,0,0,0,0,0,0,4,13,./Cleaned-Dataset/Webshell/386585a3aa754899662e15a8026986ad.php,webshell
9,0,0,6,0,15,0,0,7,0,0,0,111,88,0,0,42,12,0,0,0,1366,6958,./Cleaned-Dataset/Webshell/3871888a0c1ac4270104918231029a56.php,webshell
1,0,0,0,0,0,0,0,0,0,0,0,0,0,0,0,0,0,0,0,0,2,98,./Cleaned-Dataset/Webshell/3877f4f2269e80f3d01b5314d825c242.php,webshell
0,0,0,0,0,0,0,0,3,0,0,0,7,33,0,0,3,0,0,0,0,267,900,./Cleaned-Dataset/Webshell/3878d2bc8cd22c6fc4f04f185a8a412b.php,webshell
1,0,0,0,0,0,0,0,1,1,0,2,0,0,0,0,0,0,0,0,0,4,26,./Cleaned-Dataset/Webshell/387b240431cf9acfdc7fe90e8324957b.php,webshell
1,0,0,0,0,0,0,0,8,0,0,0,0,25,0,0,5,0,0,0,0,1403,5327,./Cleaned-Dataset/Webshell/38802e0b13d7629e7810b3b86c112402.php,webshell
0,0,0,0,0,0,0,0,0,0,0,0,0,0,0,0,0,0,0,0,0,58,230,./Cleaned-Dataset/Webshell/38893cdde908029e56d1c261c41bb509.php,webshell
1,0,5,0,0,0,0,0,0,0,0,0,0,0,0,0,0,0,0,0,0,43,295,./Cleaned-Dataset/Webshell/3890ec2259873231dd8b39aa2cf428a7.php,webshell
1,0,0,0,0,0,0,0,0,0,0,0,0,0,0,0,0,0,0,0,0,30,80,./Cleaned-Dataset/Webshell/38d1ef79f3ba565be37ee88167eaa413.php,webshell
4,0,3,8,0,2,0,0,0,0,0,0,0,32,0,0,0,1,0,0,0,380,1476,./Cleaned-Dataset/Webshell/38d2412bc2fc60e107e7824429b38959.php,webshell
0,0,0,0,0,0,0,0,0,0,0,0,0,0,0,0,0,0,0,0,0,30,144,./Cleaned-Dataset/Webshell/38dc8383da0859dca82cf0c943dbf16d.php,webshell
11,0,13,12,4,10,6,0,10,0,0,0,15,48,7,2,0,2,0,0,0,4246,15028,./Cleaned-Dataset/Webshell/38fd7e45f9c11a37463c3ded1c76af4c.php,webshell
1,0,0,0,0,0,0,0,0,0,0,0,2,1,0,0,0,0,0,1,0,8,40,./Cleaned-Dataset/Webshell/390557c1147fef77f483e45d2a8f8b7c.php,webshell
5,0,3,4,2,2,1,0,2,0,0,0,0,252,0,42,2,1,0,0,0,1665,6645,./Cleaned-Dataset/Webshell/390bd0f89c8009d68953f02f3bd8d4b6.php,webshell
1,0,0,0,0,0,0,0,1,1,0,0,0,0,0,0,0,0,0,0,0,3,9,./Cleaned-Dataset/Webshell/392d49128747c609c565e22fd3d38c4f.php,webshell
0,0,0,0,0,0,0,0,0,0,0,0,0,0,0,0,0,0,0,0,0,43,380,./Cleaned-Dataset/Webshell/394ca896d4320b748b528892632dc90c.php,webshell
1,0,0,0,0,0,0,0,1,0,0,0,0,0,0,0,0,0,0,0,0,1608,59,./Cleaned-Dataset/Webshell/394decebdcb2fc57b68853dffc058c2a.php,webshell
0,0,1,0,0,0,0,0,0,0,0,0,0,0,0,0,0,0,0,0,0,125,188,./Cleaned-Dataset/Webshell/395ffdf214192e6c8c302c962c5006e1.php,webshell
10,0,6,3,0,3,1,0,6,0,0,0,3,3,7,2,0,2,0,0,0,3433,14001,./Cleaned-Dataset/Webshell/397db2bb07d2e08dc074d23f0f569f60.php,webshell
1,0,0,0,0,0,0,0,0,0,0,0,0,0,0,0,0,0,0,0,0,50,139,./Cleaned-Dataset/Webshell/39841248336301d53138fe57dd1c066f.php,webshell
0,0,0,0,0,0,0,0,0,0,0,0,0,1,0,0,3,0,0,0,0,14,63,./Cleaned-Dataset/Webshell/39907f50282bc79714ecc89acd712279.php,webshell
1,0,8,9,6,6,6,0,0,0,0,0,20,104,0,2,2,0,0,0,0,1408,4663,./Cleaned-Dataset/Webshell/3998f59252b56a7e50923b9d8e47704f.php,webshell
0,0,0,0,0,0,0,0,0,0,0,0,1,0,0,0,0,0,0,0,0,4,16,./Cleaned-Dataset/Webshell/39ab1b708fc70cee095f33b94a4f66ac.php,webshell
0,0,0,0,0,0,0,0,0,0,0,0,0,0,2,1,0,0,0,0,0,1,20,./Cleaned-Dataset/Webshell/39ca2651740c2cef91eb82161575348b.php,webshell
1,0,0,0,0,0,0,0,1,0,0,0,0,0,0,0,0,0,0,0,0,357,59,./Cleaned-Dataset/Webshell/39cdb128b74b95621b877c8334afea1b.php,webshell
1,0,0,0,0,0,0,0,1,0,0,0,1,1,10,0,0,0,0,0,0,100,505,./Cleaned-Dataset/Webshell/39cf8aae8517574dd62511c492024bd8.php,webshell
0,0,0,0,0,0,0,0,0,0,0,1,0,1,0,0,0,0,0,0,0,6,14,./Cleaned-Dataset/Webshell/39d841f5192407717461fd1b1d0cd705.php,webshell
0,0,0,0,0,0,0,0,0,0,0,0,0,0,0,0,0,0,0,0,0,1,1,./Cleaned-Dataset/Webshell/3a0da937426e88d528f53287699a7654.php,webshell
0,0,0,0,4,0,0,0,0,0,0,0,0,2,0,0,0,0,0,0,0,29,45,./Cleaned-Dataset/Webshell/3a0dbc33983777249db6cfe584618f12.php,webshell
11,0,6,3,0,3,1,0,8,0,0,0,7,3,7,2,0,2,0,0,0,4142,14435,./Cleaned-Dataset/Webshell/3a180e7b0daaa23ed79fc5d3ca94e9fd.php,webshell
1,0,13,15,11,11,11,0,0,0,0,0,6,53,0,0,2,1,0,0,0,973,4269,./Cleaned-Dataset/Webshell/3a3f210b366548682a2e705a62def396.php,webshell
0,0,1,0,0,0,0,0,0,0,0,0,0,4,0,0,0,0,0,0,0,4,24,./Cleaned-Dataset/Webshell/3a48f3e41a1f96de84602819b3b855d7.php,webshell
1,0,0,0,0,0,0,0,1,1,0,1,0,0,0,0,0,0,0,0,0,135,99,./Cleaned-Dataset/Webshell/3a52d595256d07441aa1bc99a843e37c.php,webshell
0,0,0,0,0,0,0,0,0,0,0,0,0,0,0,0,0,0,0,0,0,0,186,./Cleaned-Dataset/Webshell/3a54aa0c6adf505f9b9faae3a4ad1da6.php,webshell
1,0,0,0,0,0,0,0,1,1,0,0,0,0,0,0,0,0,0,0,0,4,16,./Cleaned-Dataset/Webshell/3a55464e00b6d26a163faeea241d456c.php,webshell
1,0,0,1,0,0,0,0,1,0,0,0,1,0,0,0,0,1,0,0,0,16,54,./Cleaned-Dataset/Webshell/3a5be98ccd1acebdc33401a38a8b08b6.php,webshell
1,0,3,2,2,2,0,0,1,1,0,2,12,31,0,0,3,0,0,0,0,359,1196,./Cleaned-Dataset/Webshell/3a6255098de5f068d5221c20c07348cd.php,webshell
7,0,2,6,2,2,1,4,4,0,0,0,0,4,0,2,3,1,0,0,0,2107,8455,./Cleaned-Dataset/Webshell/3a711d908d8ec505a828f3fe90c76436.php,webshell
0,0,0,0,0,0,0,0,0,0,0,0,0,1,1,0,0,0,0,0,0,4,17,./Cleaned-Dataset/Webshell/3a98038531cf6e22b1cafa244038b742.php,webshell
1,0,0,0,0,0,0,0,1,1,0,0,0,0,0,0,0,0,0,0,0,4,13,./Cleaned-Dataset/Webshell/3aaa8cad47055ba53190020311b0fb83.php,webshell
1,0,0,0,0,0,0,0,0,0,0,2,0,0,1,0,0,0,0,0,0,17,93,./Cleaned-Dataset/Webshell/3aabc39718df87ca4ac203cd63fc4941.php,webshell
1,0,0,0,0,0,0,0,0,0,0,0,0,0,0,0,0,0,0,0,0,18,63,./Cleaned-Dataset/Webshell/3ab4896975aa8be67a8fb4f5173524ec.php,webshell
7,0,6,9,6,0,0,0,4,0,1,0,245,245,0,13,3,0,0,0,0,3443,9558,./Cleaned-Dataset/Webshell/3af551ffd0bbb1e8c2c3074d66a89d4b.php,webshell
1,0,0,0,0,0,0,0,1,0,0,0,0,0,0,0,0,0,0,0,0,1,17,./Cleaned-Dataset/Webshell/3b35074f8f406beba6e3184abc41aa99.php,webshell
5,0,3,4,2,2,1,0,2,0,0,0,0,252,0,42,2,1,0,0,0,1666,6646,./Cleaned-Dataset/Webshell/3b361ae52ba1aac069f08753573ea6b3.php,webshell
2,0,0,0,0,0,0,0,0,0,0,0,0,0,0,0,0,0,0,0,0,7,35,./Cleaned-Dataset/Webshell/3b361e469cfca8559bd26b42406f8df9.php,webshell
0,0,0,0,0,0,0,0,1,0,0,0,0,1,0,0,0,0,0,0,0,17,64,./Cleaned-Dataset/Webshell/3b4c86a751d1eba2c7498e093339ce63.php,webshell
1,0,0,0,0,0,0,0,0,0,0,0,0,1,0,0,0,0,0,0,0,1,5,./Cleaned-Dataset/Webshell/3b52d327eca2b48bf23456f79a28799e.php,webshell
0,0,1,0,0,0,0,0,0,0,0,0,0,1,0,0,0,0,0,0,0,111,276,./Cleaned-Dataset/Webshell/3b5970bb95b2efbb0323eada3cc7f3df.php,webshell
0,0,0,0,0,0,0,0,0,0,0,0,2,0,0,0,0,0,0,0,0,7,47,./Cleaned-Dataset/Webshell/3b9a730901f87fbb9a2a3b0262ce0f34.php,webshell
1,0,1,9,0,0,0,0,9,0,0,0,252,354,0,16,5,0,0,0,0,5955,32474,./Cleaned-Dataset/Webshell/3bab5caa020d25a5103858282ace5e73.php,webshell
0,0,0,0,0,0,0,0,0,0,0,0,0,0,0,0,0,0,0,0,0,17,344,./Cleaned-Dataset/Webshell/3bc43416a6d3a20214a7d6428bb0e2f1.php,webshell
0,0,2,2,2,2,2,0,0,0,0,0,16,44,0,9,2,0,0,0,0,392,1919,./Cleaned-Dataset/Webshell/3bd17ff8a2568533ee0db752190df428.php,webshell
11,0,6,3,0,3,1,0,7,0,0,0,7,3,7,2,0,2,0,0,0,4156,14505,./Cleaned-Dataset/Webshell/3c05f262539d5e0a919018645385d9b9.php,webshell
0,0,0,0,0,0,0,0,0,0,0,0,0,0,0,0,0,0,0,0,0,16,107,./Cleaned-Dataset/Webshell/3c1f20038d7e525ad495c1bf4695f878.php,webshell
0,0,4,8,2,2,0,0,4,0,0,0,55,59,0,0,6,0,0,0,0,1865,6145,./Cleaned-Dataset/Webshell/3c2f035da8607b33e06af8dff978f7b2.php,webshell
1,0,1,0,0,0,0,0,0,0,0,0,0,0,0,0,0,2,0,0,0,3,13,./Cleaned-Dataset/Webshell/3c30399e7480c09276f412271f60ed01.php,webshell
0,0,0,0,0,0,0,0,0,0,0,0,0,0,2,0,0,0,0,0,0,2,12,./Cleaned-Dataset/Webshell/3c438e839c6ab3bc9c477cff1bcf9645.php,webshell
0,0,0,0,0,0,0,0,0,0,0,0,0,0,0,0,4,0,0,0,0,42,67,./Cleaned-Dataset/Webshell/3c70d33bd8329e14da88eb88a3ce7635.php,webshell
0,0,0,0,0,0,0,0,0,0,0,0,4,15,2,9,3,0,0,0,0,215,599,./Cleaned-Dataset/Webshell/3c77b8a0776969ff3879b6342e119d50.php,webshell
4,0,8,12,6,6,6,6,2,2,0,0,30,164,0,2,4,0,0,0,0,2722,8905,./Cleaned-Dataset/Webshell/3c8c27b587a7ea381a2b52c50a416c5f.php,webshell
0,0,0,0,0,0,0,0,0,0,0,0,0,0,0,0,0,0,0,0,0,11,44,./Cleaned-Dataset/Webshell/3c8f1a0d25c0b206fbf0478bd5b3bec4.php,webshell
0,0,3,0,0,0,0,0,0,0,0,0,15,11,0,0,9,0,0,0,0,404,1367,./Cleaned-Dataset/Webshell/3ca09f228b2a33be2f6a5a74e09d6a64.php,webshell
10,0,6,3,0,3,1,0,2,0,0,0,0,69,4,2,0,1,0,0,0,3500,14371,./Cleaned-Dataset/Webshell/3ca5886cd54d495dc95793579611f59a.php,webshell
0,1,0,0,0,0,0,0,0,0,0,0,0,0,1,0,0,0,0,0,0,4,15,./Cleaned-Dataset/Webshell/3ca9bfea1ee7672ea1a9495deceb301a.php,webshell
1,0,0,0,0,0,0,0,1,0,0,0,0,0,0,0,0,0,0,0,0,11,552,./Cleaned-Dataset/Webshell/3ccdd51fe616c08daafd601589182d38.php,webshell
1,0,0,0,0,0,0,0,0,0,0,0,0,1,0,0,0,0,0,0,0,2,14,./Cleaned-Dataset/Webshell/3ccf9cb0f5be502de520558640662724.php,webshell
0,0,0,0,0,0,0,0,0,0,0,0,0,0,0,0,0,0,0,0,0,57,143,./Cleaned-Dataset/Webshell/3cdbbc2a1fa943df256ab5f3f24936d6.php,webshell
1,0,0,0,0,0,0,0,0,0,0,0,1,1,0,0,0,0,0,0,0,3,20,./Cleaned-Dataset/Webshell/3d30c72b553665c88733748ceb79b686.php,webshell
1,0,0,0,0,0,0,0,0,0,0,0,0,0,0,0,0,0,0,0,0,224,73,./Cleaned-Dataset/Webshell/3d5c808ff9a2068d01c69b589bf169e5.php,webshell
0,0,0,0,0,0,0,0,0,0,0,0,2,0,0,0,0,0,0,1,0,6,27,./Cleaned-Dataset/Webshell/3d70da3970b90fcaa4b8e8a0346b72e1.php,webshell
0,0,1,2,0,1,0,0,0,0,0,0,0,0,0,0,0,26,0,0,0,554,1474,./Cleaned-Dataset/Webshell/3d89ad97fe5e74ee352bc456a30a4d8e.php,webshell
7,0,2,3,2,2,1,0,1,0,0,0,10,372,0,11,0,4,0,0,0,2953,9177,./Cleaned-Dataset/Webshell/3d8ca73b0f07054d6e37d969d73f80b4.php,webshell
0,0,2,5,0,0,0,0,1,0,0,0,14,4,22,0,0,0,0,0,0,736,2839,./Cleaned-Dataset/Webshell/3d973f2a95164f598519c515fb65db9f.php,webshell
3,0,10,8,0,0,0,0,1,0,0,0,145,108,0,3,3,0,0,0,0,826,3568,./Cleaned-Dataset/Webshell/3d9a574822465768bdbb794c44d22dad.php,webshell
0,0,0,0,0,0,0,0,0,0,0,0,0,0,0,0,0,0,0,0,0,613,2738,./Cleaned-Dataset/Webshell/3db038993ecbbf824aa81f0da4088b5f.php,webshell
0,0,0,0,0,0,0,0,0,0,0,0,0,0,0,0,0,0,0,0,0,1,0,./Cleaned-Dataset/Webshell/3db7345ccff92af13f3ef6b3f0f5d541.php,webshell
0,0,0,0,0,0,0,0,0,0,0,0,1,2,0,0,0,0,0,0,0,180,752,./Cleaned-Dataset/Webshell/3dc6c4b0c09946b36dda1ea336aef14d.php,webshell
7,0,2,6,2,2,1,4,4,0,0,0,0,4,0,2,3,1,0,0,0,2107,8455,./Cleaned-Dataset/Webshell/3df4ef9b35927945854997b9605b1620.php,webshell
0,0,0,0,0,0,0,0,1,0,0,0,7,0,0,0,0,0,0,0,0,30,209,./Cleaned-Dataset/Webshell/3e372d732ec0352173ff9a1aff524a31.php,webshell
5,0,3,4,2,2,1,0,6,0,0,0,0,294,0,55,3,2,0,0,0,1882,7645,./Cleaned-Dataset/Webshell/3e420d291ba234b7348b21ca145f8a3c.php,webshell
14,0,4,2,2,2,1,0,6,0,0,0,1,155,0,0,2,0,0,0,0,1553,5628,./Cleaned-Dataset/Webshell/3e471100df9c0da9e4ceee81a388c747.php,webshell
0,0,0,0,0,0,0,0,0,0,0,0,0,0,0,0,0,0,0,0,0,6,9,./Cleaned-Dataset/Webshell/3e52b4775d2e518b7b4fb989c63cbfc8.php,webshell
2,0,0,0,0,0,0,0,0,0,0,0,0,0,0,0,0,0,0,0,0,4,146,./Cleaned-Dataset/Webshell/3e62427607ae18ddeaa2ce11da784b5d.php,webshell
1,0,0,0,0,0,0,0,0,0,0,2,0,0,1,0,0,0,0,0,0,12,89,./Cleaned-Dataset/Webshell/3e904664afa4130722a7677b5f3e8f1b.php,webshell
0,0,0,0,0,0,0,0,0,0,0,0,0,0,0,0,0,0,0,0,0,18,347,./Cleaned-Dataset/Webshell/3e948a915a2f5b57ffb9486b430c6e30.php,webshell
0,0,13,4,3,3,0,48,0,0,0,0,0,51,0,0,4,1,0,0,0,1034,7686,./Cleaned-Dataset/Webshell/3ebe1ebbf10a853a3a8e24907943d47a.php,webshell
14,0,4,2,2,2,1,0,6,0,0,0,1,155,0,0,2,0,0,0,0,1540,5559,./Cleaned-Dataset/Webshell/3ee979808ce2b2fb7b54639d2614e7ee.php,webshell
0,0,0,0,0,0,0,0,0,0,0,0,4,15,2,9,3,0,0,0,0,215,599,./Cleaned-Dataset/Webshell/3ef28cd5907a6c013cea4e7fae67c1ba.php,webshell
0,2,0,0,0,0,0,0,0,0,0,0,0,0,0,0,0,0,0,0,0,0,82,./Cleaned-Dataset/Webshell/3ef5d6f9aaf08bf8faf904ed0ca21506.php,webshell
1,0,1,1,0,0,1,0,1,0,0,0,10,24,0,0,2,0,0,0,0,302,1517,./Cleaned-Dataset/Webshell/3f06833ac70a1f7280854ca4333b5503.php,webshell
1,0,0,0,0,0,0,0,0,0,0,0,0,0,0,0,0,0,0,0,0,1,8,./Cleaned-Dataset/Webshell/3f0ffbced795f5fbd2439da4d7b2639d.php,webshell
0,0,0,2,0,0,0,0,6,0,0,0,7,52,7,0,2,0,0,1,0,1566,4494,./Cleaned-Dataset/Webshell/3f191e16b3b2e19ec0a1906088c97fee.php,webshell
1,0,13,15,11,11,11,0,0,0,0,0,6,53,0,0,2,1,0,0,0,969,4284,./Cleaned-Dataset/Webshell/3f1f7d8f9df732b1e224d9c2ef81d610.php,webshell
1,0,0,0,0,0,0,0,0,0,0,0,0,0,0,0,0,0,0,0,0,1,8,./Cleaned-Dataset/Webshell/3f34f51c981a9ddcfb0f41815c7dad49.php,webshell
0,0,2,5,2,2,1,4,0,0,0,0,0,0,2,2,2,0,0,0,0,1076,4395,./Cleaned-Dataset/Webshell/3f4d454d27ecc0013e783ed921eeecde.php,webshell
1,0,0,0,0,0,0,0,2,0,1,0,0,0,0,0,0,0,0,0,0,1,9,./Cleaned-Dataset/Webshell/3f6c25e8dcb7fafebbd891f94cee8a4a.php,webshell
2,0,2,2,2,2,1,0,0,0,0,0,0,91,0,0,2,0,0,0,0,641,3532,./Cleaned-Dataset/Webshell/3f71175985848ee46cc13282fbed2269.php,webshell
0,0,2,5,0,0,0,0,1,0,0,0,14,4,22,0,0,0,0,0,0,736,2839,./Cleaned-Dataset/Webshell/3fa7088c7abbf2ab3a9c479265e315f8.php,webshell
1,0,0,0,0,0,0,0,0,0,0,0,0,0,0,0,0,0,0,0,0,1,10,./Cleaned-Dataset/Webshell/3fbe30bb0ef60fc342f22a9b68a1283d.php,webshell
1,0,1,0,0,1,0,0,0,0,0,0,14,31,0,0,4,0,0,0,0,414,1721,./Cleaned-Dataset/Webshell/3fdb56187bca0e7b0ca60ad0d1052a66.php,webshell
2,0,2,2,2,2,1,0,0,0,0,0,0,35,0,0,2,0,0,0,0,432,1485,./Cleaned-Dataset/Webshell/3fe9a9458f450d3ba1cfcc8d51800db9.php,webshell
0,0,0,0,0,0,0,0,0,0,0,0,1,1,0,0,3,0,0,0,0,18,80,./Cleaned-Dataset/Webshell/3ffba3960e7d4097c8292f80dc00e986.php,webshell
0,0,3,2,2,2,0,1,0,0,0,0,0,35,0,0,0,0,0,0,0,587,2429,./Cleaned-Dataset/Webshell/3fff8d4cb728b2ea3d42c39d9d0fef80.php,webshell
0,0,0,0,0,0,0,0,0,0,0,0,0,0,0,0,0,0,0,0,0,18,501,./Cleaned-Dataset/Webshell/40039140efe77373cd67a4e55bcb07df.php,webshell
1,0,0,0,0,0,0,0,1,1,0,0,0,0,0,0,0,0,0,0,0,0,7,./Cleaned-Dataset/Webshell/400c4b0bed5c90f048398e1d268ce4dc.php,webshell
0,0,2,20,0,0,0,0,0,0,0,0,0,21,0,0,0,2,0,0,0,1727,9757,./Cleaned-Dataset/Webshell/401fbae5f10283051c39e640b77e4c26.php,webshell
10,0,4,6,2,2,2,0,3,0,0,0,118,160,0,9,8,0,0,0,0,2543,10049,./Cleaned-Dataset/Webshell/402b9295022de1820cb98a77556936af.php,webshell
0,0,0,0,0,0,0,0,0,0,0,0,0,0,0,0,0,0,0,0,0,61,176,./Cleaned-Dataset/Webshell/40432b4b784240ca9d1b9876a1e55bbb.php,webshell
7,0,2,5,2,2,1,0,4,1,0,0,118,198,0,8,13,0,0,0,0,2399,8025,./Cleaned-Dataset/Webshell/407cd4783183dd17fe985243a14e91b8.php,webshell
8,0,4,3,3,2,2,2,2,0,0,0,37,598,0,23,0,3,0,0,0,6085,18820,./Cleaned-Dataset/Webshell/40871293a2278e9d274d0e76453bd4e0.php,webshell
0,0,0,0,0,0,0,0,0,0,0,0,0,0,0,0,0,0,0,0,0,72,156,./Cleaned-Dataset/Webshell/40918a6254d0b4153d7bc7cc3554d6ec.php,webshell
0,0,0,0,1,0,0,0,0,0,0,0,7,9,0,0,2,0,0,0,0,301,786,./Cleaned-Dataset/Webshell/4091e34ab027513396781961b199cdb5.php,webshell
1,0,8,9,6,6,6,0,0,0,0,0,20,104,0,2,2,0,0,0,0,1408,4663,./Cleaned-Dataset/Webshell/40a1f840111996ff7200d18968e42cfe.php,webshell
5,0,0,36,0,2,0,0,5,0,0,0,55,108,0,0,46,0,0,0,0,1371,5840,./Cleaned-Dataset/Webshell/40a3e86a63d3d7f063a86aab5b5f92c6.php,webshell
0,0,0,0,0,0,0,0,0,0,0,0,0,0,1,0,0,0,0,0,0,3,21,./Cleaned-Dataset/Webshell/40a94ea05ae9375d233105cfeea1b93c.php,webshell
0,0,1,0,0,0,0,0,0,0,0,0,1,0,0,0,0,0,0,0,0,1,13,./Cleaned-Dataset/Webshell/40b21b2bd1c813d47e895226b9f573fc.php,webshell
0,0,0,0,0,0,0,0,0,0,0,0,0,0,0,0,0,0,0,0,0,4,9,./Cleaned-Dataset/Webshell/40b226918711c8a37b8afe5f5eb4646d.php,webshell
0,0,0,0,0,0,0,0,0,0,0,0,0,0,0,0,0,0,0,0,0,65,163,./Cleaned-Dataset/Webshell/40b6f1959ee5dc63f9b82145618ba3ce.php,webshell
10,0,4,6,2,2,2,0,3,0,0,0,118,160,0,9,8,0,0,0,0,2543,10049,./Cleaned-Dataset/Webshell/40ba28152298fef7b8e9d61c568729e2.php,webshell
0,0,0,0,0,0,0,0,0,0,0,0,0,0,1,0,0,0,0,0,0,7,28,./Cleaned-Dataset/Webshell/40c28b616274df200af5ba78dac96718.php,webshell
0,0,0,0,0,0,0,0,0,0,0,0,0,0,0,0,0,0,0,0,0,88,198,./Cleaned-Dataset/Webshell/40e0560547a5ecfb960982f561fb5876.php,webshell
10,0,4,6,2,2,2,0,3,0,0,0,118,160,0,9,8,0,0,0,0,2543,10049,./Cleaned-Dataset/Webshell/40e3d8df325c77bdf92fcbcd8a069f8b.php,webshell
0,0,0,0,0,0,0,0,0,0,0,0,0,2,2,0,0,0,0,0,0,0,127,./Cleaned-Dataset/Webshell/40fc4c0daafdce6e221a3312660328fb.php,webshell
7,0,2,3,2,2,1,0,4,1,0,0,100,163,0,8,12,0,0,0,0,2167,7697,./Cleaned-Dataset/Webshell/4106d2f3d704c977d64ae529e2fbc302.php,webshell
7,0,3,3,2,2,1,0,4,0,0,0,12,425,0,2,0,5,0,0,0,2969,9721,./Cleaned-Dataset/Webshell/4108f28a9792b50d95f95b9e5314fa1e.php,webshell
10,0,4,5,3,4,0,0,0,0,0,0,20,39,4,2,4,0,0,0,0,332,1173,./Cleaned-Dataset/Webshell/4120a6a10a9f1d46280edf30d6fc8648.php,webshell
1,0,0,0,0,0,0,0,0,0,0,0,0,2,0,0,0,0,0,0,0,5,17,./Cleaned-Dataset/Webshell/413794dbb0f96a882036730c8ef628ee.php,webshell
0,0,0,0,0,0,0,0,0,0,0,0,1,0,0,0,0,0,0,0,0,19,35,./Cleaned-Dataset/Webshell/41390a5613b7c76a23e10c65b797b614.php,webshell
0,0,0,0,0,0,0,0,0,0,0,0,2,0,0,0,0,0,0,0,0,0,16,./Cleaned-Dataset/Webshell/414a86f1d2a660572aa8becb6bc096b8.php,webshell
0,0,0,2,0,0,0,0,6,0,0,0,7,52,7,0,2,0,0,1,0,2252,4894,./Cleaned-Dataset/Webshell/414ddde2ca997541afdfd375269105e2.php,webshell
1,0,6,6,2,2,1,0,1,0,0,0,0,156,0,0,2,2,0,1,0,1538,6168,./Cleaned-Dataset/Webshell/4161d324b34222b8b2dad1c2298fdf66.php,webshell
6,0,3,3,3,2,1,1,4,0,0,0,36,553,0,12,0,1,0,0,0,4440,14513,./Cleaned-Dataset/Webshell/4182b6154ef841ce71789bf9b4e74b66.php,webshell
0,1,0,0,0,0,0,0,0,0,0,0,0,0,1,0,0,0,0,0,0,2,15,./Cleaned-Dataset/Webshell/41838f0c71daa2fd1d81d91aacb415db.php,webshell
0,0,0,0,0,0,0,0,0,0,0,0,0,1,1,0,0,0,0,0,0,4,17,./Cleaned-Dataset/Webshell/418d403c12d7af7e83ab169b8fe4e054.php,webshell
0,0,0,0,0,0,0,0,0,0,0,0,0,0,0,0,7,0,0,0,0,42,93,./Cleaned-Dataset/Webshell/41a063079e12037c14e2de39fd0841e4.php,webshell
7,0,3,3,2,2,1,0,4,0,0,0,11,425,0,2,0,3,0,0,0,2964,9705,./Cleaned-Dataset/Webshell/41c2362cfb176da0a1a5ae0cc4d685f0.php,webshell
0,0,23,18,11,13,13,0,0,0,0,0,0,0,0,0,0,8,0,8,8,909,4663,./Cleaned-Dataset/Webshell/41d3457413b25e18a957509a1c1c9478.php,webshell
1,0,0,0,0,0,0,0,1,0,0,0,0,0,0,0,0,0,0,0,0,1,5,./Cleaned-Dataset/Webshell/41d3852de4bc0fe0ae4e01fac8f974a0.php,webshell
0,0,0,0,0,0,0,0,0,0,0,0,0,0,0,0,0,0,0,0,0,42,361,./Cleaned-Dataset/Webshell/41d53406291a7e125f6cce1f19adf83e.php,webshell
0,0,1,0,2,0,0,0,11,0,0,0,36,67,0,0,6,0,0,0,0,416,2215,./Cleaned-Dataset/Webshell/41e8e3439cb138dab2cabe05f47a4f34.php,webshell
1,0,0,0,0,0,0,0,0,0,0,0,0,0,28,0,0,0,0,0,0,187,982,./Cleaned-Dataset/Webshell/41ef730122161271db36721e571f4da5.php,webshell
1,0,0,0,0,0,0,0,1,0,1,0,0,0,0,0,0,0,0,0,0,2,7,./Cleaned-Dataset/Webshell/4241ed910406403266ae572d4da9014a.php,webshell
0,0,0,0,0,0,0,0,0,0,0,0,1,0,0,0,0,0,0,0,1,1,9,./Cleaned-Dataset/Webshell/424a02f28e8761f8b993c392d9f3b355.php,webshell
10,0,3,3,3,5,3,0,4,0,0,0,5,65,0,0,2,1,0,0,0,598,1792,./Cleaned-Dataset/Webshell/427a16c2f7678fc24df8789517262668.php,webshell
0,0,0,0,0,0,0,0,0,0,0,0,0,0,0,0,0,0,0,0,0,810,369,./Cleaned-Dataset/Webshell/42820c4af3660068186e41ea7ab54adf.php,webshell
1,0,154,0,0,0,0,0,1,0,0,0,0,0,0,0,0,0,0,0,0,182,934,./Cleaned-Dataset/Webshell/42a611c2f948827ce74d2a901cdd80b6.php,webshell
1,0,0,0,0,0,0,0,1,0,0,0,0,0,0,0,0,0,0,0,0,1,232,./Cleaned-Dataset/Webshell/42c8ce3feb1a91a769f15977070573ff.php,webshell
0,0,0,0,0,0,0,0,1,0,0,0,0,1,0,0,0,0,0,0,0,2,11,./Cleaned-Dataset/Webshell/42e293de72cd4c1113480a20c7092488.php,webshell
0,0,6,5,5,5,5,0,0,0,0,0,14,16,0,2,2,0,0,0,0,545,1423,./Cleaned-Dataset/Webshell/42f211cec8032eb0881e87ebdb3d7224.php,webshell
7,0,3,3,2,2,1,0,4,0,0,0,11,425,0,2,0,3,0,0,0,2982,9873,./Cleaned-Dataset/Webshell/42f7aa1c952a7c320ffa8d85753d777e.php,webshell
0,0,0,0,0,0,0,0,0,0,0,0,0,0,0,0,0,0,0,0,0,17,344,./Cleaned-Dataset/Webshell/43087fd2d0e9ad522c1ef9e8211c02b9.php,webshell
10,0,2,3,2,2,0,1,5,5,0,0,0,0,187,2,3,0,0,0,0,1865,6230,./Cleaned-Dataset/Webshell/43195938e6c71e1ff246953445d3e40d.php,webshell
1,0,0,0,0,0,0,0,0,0,0,0,0,0,0,0,0,0,0,0,0,34,95,./Cleaned-Dataset/Webshell/43251fc6d763709187ebe2cb05a13cca.php,webshell
7,0,2,3,2,2,1,0,1,0,0,0,0,4,0,2,2,1,0,0,0,1614,6546,./Cleaned-Dataset/Webshell/432ead31d523902be7f8ca91b79b500f.php,webshell
7,0,2,5,2,2,1,0,4,1,0,0,118,198,0,8,13,0,0,0,0,2399,8025,./Cleaned-Dataset/Webshell/43366680d658b5da4e639fdbb037a49c.php,webshell
1,0,4,3,5,4,0,0,5,0,0,0,53,39,2,0,3,2,0,0,0,665,2881,./Cleaned-Dataset/Webshell/433706fdc539238803fd47c4394b5109.php,webshell
1,0,0,0,0,0,0,0,0,0,0,0,0,0,0,0,0,0,0,0,0,74,64,./Cleaned-Dataset/Webshell/433bb6716fba30cdd0c381397404075d.php,webshell
0,0,0,0,0,0,0,0,0,0,0,0,0,0,0,0,0,0,0,0,0,17,344,./Cleaned-Dataset/Webshell/433d7dedd613cd58be90bb5c4a2d298c.php,webshell
0,0,1,1,0,0,0,0,0,0,0,0,0,0,0,0,0,0,0,0,0,38,444,./Cleaned-Dataset/Webshell/433e61c9bc2e176851d52ff718215eae.php,webshell
0,0,0,0,0,0,0,0,0,0,0,0,0,2,0,0,0,0,0,0,0,6,12,./Cleaned-Dataset/Webshell/437a929ebf89b03227c76c9b3a3f69a1.php,webshell
10,0,6,16,2,2,1,1,8,1,0,0,129,240,0,8,13,0,0,0,0,2725,9149,./Cleaned-Dataset/Webshell/437d30c94f8eef92dc2f064de4998695.php,webshell
1,0,0,0,0,0,0,0,1,1,0,1,0,0,0,0,0,0,0,0,0,135,99,./Cleaned-Dataset/Webshell/438560ea22574c5ac70af9b0149f1aea.php,webshell
0,0,0,0,0,0,0,0,0,0,0,0,0,0,0,0,0,0,0,0,0,134,455,./Cleaned-Dataset/Webshell/4390ff6c8b614a05ae53c673c2c4bd66.php,webshell
0,0,0,0,0,0,0,0,0,0,0,0,0,1,0,0,0,0,0,0,0,8,68,./Cleaned-Dataset/Webshell/43b0d4530b0b3575e566d279249f06d9.php,webshell
2,0,3,2,2,0,0,0,14,10,0,26,123,93,0,0,10,0,0,0,0,1517,4929,./Cleaned-Dataset/Webshell/43ea8ea4595c993f609f83af8131e42f.php,webshell
0,0,1,0,0,0,0,0,0,0,0,0,0,0,2,0,0,0,0,0,0,4,25,./Cleaned-Dataset/Webshell/43eb84d5e3ddfc935701cde1740a0908.php,webshell
1,0,0,0,0,0,0,0,1,0,1,0,0,0,0,0,0,0,0,0,0,5,14,./Cleaned-Dataset/Webshell/43f6f5916782efd148952e931a51620e.php,webshell
0,2,0,0,0,0,0,0,0,0,0,0,0,0,3,0,0,0,0,0,0,10,73,./Cleaned-Dataset/Webshell/4422943c2c33fd32402da9f0e1cb7db7.php,webshell
5,0,0,0,0,0,0,0,0,0,0,0,0,4,0,0,0,0,0,0,0,84,105,./Cleaned-Dataset/Webshell/444404b217853eb7e8ade618546a2e48.php,webshell
9,0,14,9,9,7,8,0,2,0,0,0,4,3,143,0,0,2,0,0,0,1157,4288,./Cleaned-Dataset/Webshell/445947e2d125263cb631bc7ab29f91e5.php,webshell
10,0,6,3,0,3,1,0,2,0,0,0,0,69,4,2,0,1,0,0,0,3471,14371,./Cleaned-Dataset/Webshell/445b8878c3286fbdfbd66e59367ac613.php,webshell
1,0,0,0,0,0,0,0,1,0,0,0,0,0,0,0,0,0,0,0,0,2,15,./Cleaned-Dataset/Webshell/445e63fa6adf1de27cae31aefca7e1d0.php,webshell
0,0,0,0,0,0,0,0,0,0,0,0,0,17,0,0,0,0,0,0,0,62,782,./Cleaned-Dataset/Webshell/446a88714435e024ff0fcf0aeb442437.php,webshell
0,0,0,0,0,0,0,0,1,0,0,0,0,1,0,0,0,0,0,0,0,4,21,./Cleaned-Dataset/Webshell/447c12658030e85f09f0e8403808172e.php,webshell
0,0,0,0,0,0,0,0,0,0,0,0,0,0,2,0,0,0,0,0,0,2,12,./Cleaned-Dataset/Webshell/448fdc5e8827f179921a6216afa90f99.php,webshell
1,0,0,0,0,0,0,0,0,0,0,0,0,0,0,0,0,0,0,0,0,73,64,./Cleaned-Dataset/Webshell/44a2ec81d80a21e30e6c44981d124cb3.php,webshell
0,0,0,0,0,0,0,0,1,0,0,0,0,2,0,0,0,0,0,0,0,2,22,./Cleaned-Dataset/Webshell/44a9056a273b2848a27814fb46a55d8e.php,webshell
1,0,0,0,0,0,0,0,1,0,1,0,0,0,0,0,0,0,0,0,0,2,7,./Cleaned-Dataset/Webshell/44a93ee0f79a1d40125ed8aa960f1cbb.php,webshell
0,0,0,0,0,0,0,0,0,0,0,0,4,15,2,9,3,0,0,0,0,165,564,./Cleaned-Dataset/Webshell/44aee1539911e4c8e708e9198f621417.php,webshell
0,0,1,1,0,0,0,0,0,0,0,0,2,2,0,0,0,0,0,0,0,439,3720,./Cleaned-Dataset/Webshell/44bc30ca4d3b225f5dfa6c2f50a85f27.php,webshell
1,0,0,0,0,0,0,0,0,0,0,0,0,0,0,0,0,0,0,0,0,17,58,./Cleaned-Dataset/Webshell/44ceb6804c16b759f8cee831f912a99e.php,webshell
0,0,0,0,0,0,0,0,0,0,0,0,0,2,0,0,0,0,0,0,0,7,42,./Cleaned-Dataset/Webshell/44ded2d4ec78462f30a166e342ceab1c.php,webshell
0,0,3,5,3,3,3,4,4,0,0,0,0,50,0,1,0,0,0,0,0,296,1316,./Cleaned-Dataset/Webshell/44dff94182e15c18417408a3914ef72a.php,webshell
11,0,8,7,2,5,5,0,10,0,0,0,3,33,4,2,2,2,0,0,0,4032,14394,./Cleaned-Dataset/Webshell/44ebb1ba32ce7a3827774d27840c716d.php,webshell
5,0,3,4,2,2,1,0,2,0,0,0,0,246,0,0,2,2,0,0,0,1651,6603,./Cleaned-Dataset/Webshell/45036a4bd5b9191af86b749d56036571.php,webshell
2,0,0,0,0,0,0,0,0,0,0,0,0,0,0,0,0,0,0,0,0,2,30,./Cleaned-Dataset/Webshell/45154028a6d296b80e75595048e70dd5.php,webshell
0,0,0,0,0,0,0,0,0,0,0,0,0,1,0,0,0,0,0,0,0,1,9,./Cleaned-Dataset/Webshell/451acbb8b1f0e49bdb8a59915bc5c04c.php,webshell
5,0,1,0,0,0,0,0,0,1,0,0,2,33,0,1,2,1,0,0,0,773,3402,./Cleaned-Dataset/Webshell/4536e28b8351837e4ae1e1e599a136d4.php,webshell
0,0,0,0,0,0,0,0,0,0,0,0,0,0,0,0,0,0,0,0,0,18,347,./Cleaned-Dataset/Webshell/453edb532d6bcc8f9304962b3b38c908.php,webshell
0,0,0,0,0,0,0,0,0,0,0,0,15,5,0,0,0,0,0,0,0,104,421,./Cleaned-Dataset/Webshell/453f41dad9c078752dd4b0b24a9ecaab.php,webshell
1,0,0,0,0,0,0,0,1,1,0,0,0,0,0,0,0,0,0,0,0,1,16,./Cleaned-Dataset/Webshell/454217d66c99e6af5b98ad05008b4856.php,webshell
0,1,0,0,0,0,0,0,0,0,0,0,0,0,1,0,0,0,0,0,0,1,6,./Cleaned-Dataset/Webshell/454a0c052a0b74c68758107d67db9b0a.php,webshell
0,0,1,1,0,0,0,0,6,0,0,0,5,2,0,0,0,0,0,1,0,68,518,./Cleaned-Dataset/Webshell/456a25d4c5a74dcf6ce80b65810a86a5.php,webshell
0,0,0,0,0,0,0,0,0,0,0,0,0,0,0,0,0,0,0,0,0,66,175,./Cleaned-Dataset/Webshell/45b649d36261b5b5c11162f55a494188.php,webshell
1,0,0,0,0,0,0,0,1,0,0,0,1,1,10,0,0,0,0,0,0,104,509,./Cleaned-Dataset/Webshell/45b9f42b3fa2c7c41b0add04c6d99d97.php,webshell
1,0,13,15,11,11,11,0,0,0,0,0,6,53,0,0,2,1,0,0,0,970,4272,./Cleaned-Dataset/Webshell/45c5e79e51d826a7b914d5cd27e57d68.php,webshell
4,0,3,2,2,2,1,0,2,0,0,0,0,35,0,0,2,0,0,0,0,445,1501,./Cleaned-Dataset/Webshell/45e1439454e20decf915897508fa81a3.php,webshell
0,0,0,0,0,0,0,0,0,0,0,0,0,0,0,0,0,0,0,0,0,20,507,./Cleaned-Dataset/Webshell/462dd4bf3ad796a0ed2655dd2d6f79b5.php,webshell
0,0,97,0,0,0,0,0,0,3,0,0,0,0,0,0,0,19,6,60,1,3388,26962,./Cleaned-Dataset/Webshell/464981d2618d31d0591cc44fa3729541.php,webshell
1,0,0,0,0,0,0,0,1,1,0,2,0,0,0,0,0,0,0,0,0,4,25,./Cleaned-Dataset/Webshell/46751c5deda170de23a5337348b28483.php,webshell
0,0,0,0,0,0,0,0,0,0,0,0,0,0,0,0,0,0,0,0,0,27,66,./Cleaned-Dataset/Webshell/46790f37c3cb36921b4cf53609a07b80.php,webshell
4,0,10,7,0,6,6,0,6,0,0,0,99,67,80,2,4,0,0,0,0,1385,5276,./Cleaned-Dataset/Webshell/468252eb717364f0d62d638e07aa883a.php,webshell
0,0,0,0,0,0,0,0,0,0,0,0,0,0,0,0,0,0,0,0,0,20,353,./Cleaned-Dataset/Webshell/4682aa241652837ef9f3f3ad93e717dd.php,webshell
10,0,2,2,2,2,2,2,6,4,0,0,0,0,142,30,3,0,0,0,0,2338,9813,./Cleaned-Dataset/Webshell/468cda7e92e62f5931d8865babe3e64a.php,webshell
0,0,0,0,0,0,0,0,1,0,0,0,0,0,0,1,0,0,0,0,0,1188,44,./Cleaned-Dataset/Webshell/468e59b0be07cbd03696c98f62fda5f6.php,webshell
0,0,2,5,0,0,0,0,1,0,0,0,14,4,22,0,0,0,0,0,0,736,2839,./Cleaned-Dataset/Webshell/46a18979750fa458a04343cf58faa9bd.php,webshell
0,0,2,2,2,2,1,0,1,0,0,0,0,0,0,0,0,0,0,0,0,26,172,./Cleaned-Dataset/Webshell/46a2be6bdd8a2c24d49d16cfeb20e017.php,webshell
1,0,3,3,3,3,3,3,1,1,0,0,0,2,0,3,0,0,0,0,0,619,3695,./Cleaned-Dataset/Webshell/46abad60eaade450d7e3cc6a8693ad46.php,webshell
12,0,13,12,4,10,6,0,11,0,0,0,15,48,7,2,0,2,0,0,0,4257,15051,./Cleaned-Dataset/Webshell/46b417ca13d687bccda59a538c682942.php,webshell
0,0,0,0,1,0,0,0,0,0,0,0,7,9,0,0,2,0,0,0,0,301,786,./Cleaned-Dataset/Webshell/46be41a5027a042cec90942cb58664d4.php,webshell
0,0,0,0,0,0,0,0,0,0,0,0,0,0,0,0,0,0,0,0,0,11,110,./Cleaned-Dataset/Webshell/46d1231983f2a818409a735f7a11cfe9.php,webshell
0,0,0,0,0,0,0,0,0,0,0,0,0,0,0,0,0,0,0,0,0,19,350,./Cleaned-Dataset/Webshell/46d7feeb60fea66143d0d065eca995b1.php,webshell
0,1,0,0,0,0,0,0,0,0,0,0,0,0,1,0,0,0,0,0,0,0,9,./Cleaned-Dataset/Webshell/46d93eec41c8e881c72fbe60d96c155f.php,webshell
1,0,0,0,0,0,0,0,1,1,0,1,0,0,0,0,0,0,0,0,0,1,11,./Cleaned-Dataset/Webshell/46e4d45229228da4ad86f4e474ebef2e.php,webshell
1,0,13,15,11,11,11,0,0,0,0,0,6,53,0,0,2,1,0,0,0,978,4323,./Cleaned-Dataset/Webshell/4706e0f686ed6d00ddc1a74d2eac4a16.php,webshell
0,0,4,0,0,0,0,0,0,0,0,0,0,0,0,0,0,0,0,0,0,15,115,./Cleaned-Dataset/Webshell/473b7d226ea6ebaacc24504bd740822e.php,webshell
0,0,1,0,0,0,0,0,0,0,0,0,0,2,0,0,0,3,0,0,0,164,162,./Cleaned-Dataset/Webshell/4741ac3af693a34bd46706549db800f1.php,webshell
9,0,0,6,0,15,0,0,7,0,0,0,111,88,0,0,42,12,0,0,0,1366,6958,./Cleaned-Dataset/Webshell/4745d510fed4378e4b1730f56f25e569.php,webshell
0,0,0,2,0,0,0,0,6,0,0,0,7,52,7,0,2,0,0,1,0,2365,5034,./Cleaned-Dataset/Webshell/4758ba40d6819f82e7ff9db7dd5618d2.php,webshell
0,0,0,0,0,0,0,0,0,0,0,0,0,0,0,0,0,0,0,0,0,19,350,./Cleaned-Dataset/Webshell/47a4c30b073ec6767d85500f4530e20d.php,webshell
5,0,3,4,2,2,1,0,4,0,0,0,0,252,0,42,2,1,0,0,0,1654,6613,./Cleaned-Dataset/Webshell/47b703e499ad2b5185ca18636b691561.php,webshell
0,0,0,0,0,0,0,0,0,0,0,0,5,4,0,0,0,0,0,0,0,121,731,./Cleaned-Dataset/Webshell/47e44759f2ca62e686dac59cb31e9b2d.php,webshell
12,0,8,8,2,6,4,0,8,0,0,0,3,43,15,2,0,2,0,0,0,3658,13896,./Cleaned-Dataset/Webshell/47f424cbafdab593348ea71b0070bfa0.php,webshell
2,0,0,0,0,0,0,0,0,0,0,0,0,0,0,0,0,0,0,0,0,4,147,./Cleaned-Dataset/Webshell/47f68d538a9b7f2b12ea15a18f02cb97.php,webshell
0,0,0,0,0,0,0,0,0,0,0,0,0,0,0,0,0,0,0,0,0,16,5,./Cleaned-Dataset/Webshell/47fb8a647e441488b30f92b4d39003d7.php,webshell
1,0,0,0,0,0,0,0,0,0,0,0,0,0,0,0,0,0,0,0,0,8,133,./Cleaned-Dataset/Webshell/48161957efef99aa008b30fa2258ca18.php,webshell
13,0,5,26,2,2,1,1,5,1,0,0,55,300,2,1,10,0,0,0,0,2938,9494,./Cleaned-Dataset/Webshell/483af362a58ec2440338dea51ddb251c.php,webshell
3,0,10,7,0,6,6,0,6,0,0,0,100,70,80,3,4,0,0,0,0,1429,5471,./Cleaned-Dataset/Webshell/4841b7919ee244bf639a69f7e44b2467.php,webshell
1,0,0,0,0,0,0,0,0,0,0,0,0,1,0,1,0,0,0,0,0,380,2174,./Cleaned-Dataset/Webshell/4879ef2880c3f75a959dad23e23236ea.php,webshell
0,0,0,0,0,0,0,0,0,1,0,0,0,4,0,2,0,0,0,0,0,21,131,./Cleaned-Dataset/Webshell/487cbc7876ece4597cbae388f46675bc.php,webshell
0,0,0,0,0,0,0,0,0,0,0,0,1,1,0,0,2,0,0,0,0,21,62,./Cleaned-Dataset/Webshell/489405c5b69070c180c03dd76b0f2bb1.php,webshell
2,0,0,0,0,0,0,0,0,0,0,0,0,0,0,0,0,0,0,0,0,4,145,./Cleaned-Dataset/Webshell/48ac1440046a7e6c04a7ed30870d49f9.php,webshell
2,0,0,0,0,0,0,0,0,0,0,0,0,0,0,0,0,0,0,0,0,4,145,./Cleaned-Dataset/Webshell/48b414e1485ff6b0b67fc542a7715ad8.php,webshell
1,0,0,0,0,0,0,0,0,0,0,0,0,2,0,0,0,0,0,0,0,1,16,./Cleaned-Dataset/Webshell/48cdff344794b3e3a0387a09aabf334a.php,webshell
0,0,0,0,0,0,0,0,0,0,0,0,0,0,0,0,0,0,0,0,0,22,188,./Cleaned-Dataset/Webshell/4901441f40805f6898f277964f232356.php,webshell
1,0,0,0,0,0,0,0,0,0,0,0,0,0,0,0,0,0,0,0,0,8,3525,./Cleaned-Dataset/Webshell/49064b0b3d0ae0ff76da980a38e88157.php,webshell
13,0,8,4,4,4,4,0,9,0,0,0,3,3,4,2,2,2,0,0,0,4072,13996,./Cleaned-Dataset/Webshell/491e407b274c3639f1dd839d5069bf83.php,webshell
6,0,0,0,0,0,0,0,11,0,7,0,0,0,0,0,0,0,0,0,0,23,150,./Cleaned-Dataset/Webshell/4922923b6a4332c03989e0ada243c3ce.php,webshell
1,0,0,0,0,0,0,0,0,0,0,2,0,0,1,0,0,0,0,0,0,17,93,./Cleaned-Dataset/Webshell/4927b9219312716fafaa4eb9dbb3c3d1.php,webshell
0,0,0,0,0,0,0,0,0,0,0,0,0,0,0,0,0,0,0,0,0,16,341,./Cleaned-Dataset/Webshell/493a080ee8391350fb6d2222ab0bf42a.php,webshell
0,0,0,0,0,0,0,0,0,0,0,0,0,0,1,0,0,0,0,0,0,1,13,./Cleaned-Dataset/Webshell/49819f8f1e02d1a740648f67298aa95a.php,webshell
0,0,0,0,0,0,0,0,0,0,0,0,0,0,0,0,0,0,0,0,0,19,350,./Cleaned-Dataset/Webshell/499129bd65d03795a06bed5f7c029d7e.php,webshell
0,0,0,0,0,0,0,0,0,0,0,0,0,0,0,0,0,0,0,0,0,16,341,./Cleaned-Dataset/Webshell/4991f049f6db93fe3d9d21e74be19408.php,webshell
0,0,0,0,0,0,0,0,0,0,0,0,2,10,0,0,0,0,0,0,0,67,189,./Cleaned-Dataset/Webshell/4999ff45652366f0a35ae1be1ddeff72.php,webshell
12,0,3,4,2,2,1,0,0,0,0,0,1,146,2,0,3,4,0,0,0,960,4041,./Cleaned-Dataset/Webshell/49a1c385da441cb94c72778a814d9273.php,webshell
0,0,0,0,2,0,0,0,0,0,0,0,0,2,0,0,0,0,0,0,0,159,290,./Cleaned-Dataset/Webshell/49d3fc4763ae5a1aa350317ee362e095.php,webshell
0,0,0,0,0,0,0,0,0,0,0,0,0,0,0,0,0,0,0,0,0,30,144,./Cleaned-Dataset/Webshell/49ea2e2e19fe6bb018dc361ba4cdace1.php,webshell
0,0,0,0,0,0,0,0,3,0,0,0,0,0,4,0,0,0,0,0,0,70,397,./Cleaned-Dataset/Webshell/49fc50f2d7258d0e901495b62bf994c6.php,webshell
0,0,0,0,0,0,0,0,0,0,0,0,0,0,0,0,0,0,0,0,0,49,146,./Cleaned-Dataset/Webshell/4a1bded16e26ae4c9cef3d940b633eb9.php,webshell
10,0,0,0,0,0,0,0,0,0,0,0,0,42,0,0,2,0,0,0,0,443,1874,./Cleaned-Dataset/Webshell/4a1d0729d47938054776e77baeb307d6.php,webshell
0,0,1,1,0,0,0,0,0,0,0,0,2,2,0,0,0,0,0,0,0,439,3720,./Cleaned-Dataset/Webshell/4a25b1ce2f607cd1942ae05430d01115.php,webshell
0,0,0,0,0,0,0,2,0,0,0,0,0,0,0,0,0,0,0,0,0,20,325,./Cleaned-Dataset/Webshell/4a26d4b1c6dd4fbd2830711f545aa5d9.php,webshell
1,0,0,0,0,0,0,0,0,0,0,0,0,0,0,0,0,0,0,0,0,1,5,./Cleaned-Dataset/Webshell/4a2ca28fc7a44ba568e25e5369552f51.php,webshell
0,0,0,0,0,0,0,0,0,0,1,1,0,0,0,0,0,0,0,0,0,17,63,./Cleaned-Dataset/Webshell/4a3422eb2e793d182dc0c63fbaab45f0.php,webshell
4,0,4,3,2,5,1,0,0,0,0,0,9,3,2,0,0,0,0,0,0,297,1332,./Cleaned-Dataset/Webshell/4a44d82da21438e32d4f514ab35c26b6.php,webshell
0,0,0,0,0,1,0,0,0,0,0,0,0,0,0,0,0,0,0,0,0,627,2479,./Cleaned-Dataset/Webshell/4a82892da87d09eed0114a0cd1695050.php,webshell
3,0,4,3,3,4,3,3,6,0,0,0,119,142,0,0,6,7,0,0,0,1179,5556,./Cleaned-Dataset/Webshell/4a83fb4138bd47ab3841ecd471ee5cac.php,webshell
0,0,2,0,0,0,0,0,0,0,0,0,0,0,0,0,0,0,0,0,0,686,908,./Cleaned-Dataset/Webshell/4a91d64008ad68f4ccdd6c11744dde4f.php,webshell
0,0,0,0,0,0,0,0,0,0,0,0,0,1,0,0,0,0,0,0,0,61,141,./Cleaned-Dataset/Webshell/4a9b43dedc0cd3577dc317f0fafc1ee2.php,webshell
0,0,0,0,0,0,0,0,0,1,0,0,0,4,0,2,0,0,0,0,0,20,123,./Cleaned-Dataset/Webshell/4aa900ddd4f1848a15c61a9b7acd5035.php,webshell
0,0,0,0,0,0,0,0,0,0,0,0,0,0,1,0,0,0,0,0,0,3,22,./Cleaned-Dataset/Webshell/4ab81d0f415ec472523e070e952c4c9d.php,webshell
0,0,0,0,0,0,0,0,0,0,0,0,0,0,1,1,0,0,0,0,0,3,21,./Cleaned-Dataset/Webshell/4ac83d161533d8e9c3b7501b022a08fc.php,webshell
9,0,0,6,0,15,0,0,7,0,0,0,111,88,0,0,42,12,0,0,0,1368,6959,./Cleaned-Dataset/Webshell/4adda5fc1a115484d2ac8d7f42f611ac.php,webshell
1,0,0,0,0,0,0,0,0,0,0,0,0,0,0,0,0,0,0,0,1,45,303,./Cleaned-Dataset/Webshell/4adef02197f50b9cc6918aa06132b2f6.php,webshell
5,0,9,11,6,6,6,6,3,2,0,0,28,128,0,2,2,0,0,0,0,1814,5849,./Cleaned-Dataset/Webshell/4ae7e43c044d4525d94989220f245c6b.php,webshell
0,0,2,0,0,0,0,0,0,0,0,0,0,0,0,0,0,0,0,0,0,8,36,./Cleaned-Dataset/Webshell/4af4e41bb12bee7c020dbc1b388ec6e4.php,webshell
0,0,0,0,0,0,0,0,0,0,0,0,0,0,0,0,0,0,0,0,0,5,25,./Cleaned-Dataset/Webshell/4af61e6a8168eadcf9036fd6c05c9e36.php,webshell
1,0,0,0,0,0,0,0,1,0,0,0,0,1,0,0,0,0,0,0,0,1,18,./Cleaned-Dataset/Webshell/4afcb157e71f8d2dc6f2e2f8b5d024cf.php,webshell
0,0,0,0,0,0,0,0,0,0,0,0,1,0,0,0,4,0,0,0,0,19,44,./Cleaned-Dataset/Webshell/4afef86fcfa10b0f1c2a8e07fbf167c6.php,webshell
0,0,0,0,0,0,0,0,0,0,0,0,0,0,0,0,0,0,0,0,0,4,59,./Cleaned-Dataset/Webshell/4b094366ba8ddcd03ff4a893e2302308.php,webshell
1,0,0,0,0,0,0,0,1,0,0,0,0,0,0,0,0,0,0,0,0,357,59,./Cleaned-Dataset/Webshell/4b1ca51766b7dd7ef012f0d51975f13b.php,webshell
1,0,0,0,0,0,0,0,0,0,0,0,0,0,28,0,0,0,0,0,0,187,982,./Cleaned-Dataset/Webshell/4b23aecddf3aeec7f777d3de041df842.php,webshell
0,0,0,0,2,0,0,0,0,0,0,0,0,2,0,0,0,0,0,0,0,159,290,./Cleaned-Dataset/Webshell/4b244b8fc32a3c90fe373e84a713baeb.php,webshell
0,0,0,0,0,0,0,0,0,0,0,0,0,0,0,0,0,0,0,0,0,1,115,./Cleaned-Dataset/Webshell/4b28c0eb495172ab598db95ece0367fa.php,webshell
7,0,11,2,2,2,0,0,2,0,0,0,56,12,0,2,3,0,0,0,0,771,3185,./Cleaned-Dataset/Webshell/4b4d2c0474c4fd8c7f2950a13be0f9d2.php,webshell
1,0,0,0,0,0,0,0,1,0,0,0,0,0,0,0,0,0,0,0,0,1616,62,./Cleaned-Dataset/Webshell/4b4e736c15c801f24e8325df60ca6187.php,webshell
0,0,0,0,0,0,0,0,0,0,0,0,0,0,0,0,0,0,0,0,0,6,24,./Cleaned-Dataset/Webshell/4b8b8a60153db8e4374a79fc03c79df2.php,webshell
10,0,14,9,9,7,8,0,2,0,0,0,3,3,143,0,0,1,0,0,0,1154,4297,./Cleaned-Dataset/Webshell/4bd7a1e2dd64a1e7f84c7ea041bfff8f.php,webshell
0,0,0,0,0,0,0,0,0,0,0,0,7,29,0,0,3,0,0,0,0,235,731,./Cleaned-Dataset/Webshell/4bdc53131311e95b8bf758107448a72f.php,webshell
0,0,0,0,0,0,0,0,0,0,0,0,0,0,0,0,0,0,0,0,0,18,347,./Cleaned-Dataset/Webshell/4be77c119986fc399d483c0426f752f6.php,webshell
0,0,0,0,0,0,0,0,0,0,0,0,0,0,10,0,0,1,0,0,0,59,500,./Cleaned-Dataset/Webshell/4be953affe79587ba7ed10a44fb37004.php,webshell
8,0,2,3,2,2,0,1,5,5,0,0,0,0,185,2,3,0,0,0,0,1777,6055,./Cleaned-Dataset/Webshell/4bfe1c1b6e82a73133c5be836bd92eac.php,webshell
0,0,0,0,0,0,0,0,0,0,0,0,0,0,0,0,0,0,0,0,0,20,353,./Cleaned-Dataset/Webshell/4c3be2679b86052f4ee9a6a6b17fb964.php,webshell
0,0,0,0,0,0,0,0,0,0,0,0,0,0,0,0,0,0,0,0,0,79,213,./Cleaned-Dataset/Webshell/4c3dd16d8c39fd20dad69048df8bb777.php,webshell
0,0,0,0,0,0,0,0,0,0,0,0,0,0,0,0,0,0,0,0,0,45,123,./Cleaned-Dataset/Webshell/4c5ce8e7d42eeb6ecf7625c15263f39f.php,webshell
0,0,0,0,0,0,0,0,0,0,0,0,0,0,1,0,0,0,0,0,0,2,9,./Cleaned-Dataset/Webshell/4c63b3a2bb43cf8dd98c1d8239163300.php,webshell
11,0,8,5,2,5,2,0,8,0,0,0,15,9,7,2,0,2,0,0,0,4045,13920,./Cleaned-Dataset/Webshell/4c975c37229b458d41d6b02601549115.php,webshell
3,0,0,0,0,0,0,0,2,0,0,0,0,0,0,0,0,0,0,0,0,1,31,./Cleaned-Dataset/Webshell/4cb62040d9b79a0f226f2234ff206346.php,webshell
0,0,0,0,0,0,0,0,0,0,0,0,0,0,0,0,0,0,0,0,0,13,21,./Cleaned-Dataset/Webshell/4cdd141b83b47db883f672cc4110d343.php,webshell
0,0,0,0,0,0,0,0,0,0,0,0,0,0,12,0,0,0,0,0,0,53,137,./Cleaned-Dataset/Webshell/4ce76d0462f9152bd3af94b72076221b.php,webshell
0,0,0,0,0,0,0,0,0,0,0,0,0,0,0,0,0,0,0,0,0,3,3,./Cleaned-Dataset/Webshell/4d38ebf1d85c69afa73ba4c6c7e23dbb.php,webshell
0,0,0,0,0,0,0,0,0,0,0,0,0,0,0,0,0,0,0,0,0,75,330,./Cleaned-Dataset/Webshell/4d427103c33201d22b688611c5223626.php,webshell
0,0,1,1,0,0,0,0,0,0,0,0,3,21,0,5,3,0,0,0,0,269,592,./Cleaned-Dataset/Webshell/4d45647aaadd129053d1a9ca71df29d9.php,webshell
0,0,0,0,0,0,0,0,0,0,0,0,0,0,0,0,0,0,0,0,0,20,507,./Cleaned-Dataset/Webshell/4d4651cf6c543006a8758b0da28a5617.php,webshell
0,0,2,2,2,2,2,2,0,0,0,0,5,4,0,0,0,0,0,0,0,155,948,./Cleaned-Dataset/Webshell/4d607164cbd94bfc3d8efe340df6e5f0.php,webshell
0,0,0,0,0,0,0,0,0,0,0,0,0,0,2,0,0,0,0,0,0,2,15,./Cleaned-Dataset/Webshell/4d9f30ac186db2a7073c406825934109.php,webshell
1,0,0,0,0,0,0,0,0,0,0,0,0,1,0,0,0,0,0,0,0,1,6,./Cleaned-Dataset/Webshell/4db46e32f6ee0723be1b5d69df1228cd.php,webshell
1,0,0,0,0,0,0,0,1,0,0,0,1,0,0,0,6,0,0,0,0,42,168,./Cleaned-Dataset/Webshell/4dd19b91af49eb4ce3668a0c43b6577e.php,webshell
0,0,0,2,0,0,0,0,6,0,0,0,7,52,7,0,2,0,0,1,0,1566,4494,./Cleaned-Dataset/Webshell/4dd95f0d689446f0065a3dffbf33da86.php,webshell
0,0,0,0,0,0,0,0,0,0,0,0,0,0,0,0,0,0,0,0,0,1084,290,./Cleaned-Dataset/Webshell/4de97c0ebfbce93961d21e9b900bc7a5.php,webshell
0,0,0,0,0,0,0,0,0,0,0,0,0,0,0,0,0,0,0,0,0,70,219,./Cleaned-Dataset/Webshell/4df56e7364f2f01da4388412cf30e3ff.php,webshell
3,0,14,6,7,6,0,0,11,3,0,4,70,112,0,0,7,0,0,0,1,5797,14262,./Cleaned-Dataset/Webshell/4e0573925e3a1d146650731b33f8cbb0.php,webshell
1,0,0,6,0,0,0,0,1,0,0,0,43,38,0,0,2,2,0,1,0,722,2855,./Cleaned-Dataset/Webshell/4e23253a63fd146399ac1bf79102e807.php,webshell
1,0,0,0,0,0,0,0,1,1,0,0,0,0,0,0,0,0,0,0,0,1,7,./Cleaned-Dataset/Webshell/4e37522de96f94164a2ac14b96dae7e2.php,webshell
0,0,0,1,0,0,0,0,0,0,0,0,0,0,0,0,0,0,0,0,0,3,13,./Cleaned-Dataset/Webshell/4e41b177269f91614b32db9063b5d3bd.php,webshell
10,0,6,3,0,3,1,0,2,0,0,0,0,69,4,2,0,1,0,0,0,3500,14371,./Cleaned-Dataset/Webshell/4e445032a22b575de2d7ab6f1c3992e8.php,webshell
7,0,2,3,2,2,1,0,1,0,0,0,0,4,0,2,2,1,0,0,0,1614,6546,./Cleaned-Dataset/Webshell/4e54f108320ed3c4fb15f0c3f7bcb2a3.php,webshell
0,0,0,0,0,0,0,0,6,0,0,0,0,0,0,0,0,0,0,0,0,13,66,./Cleaned-Dataset/Webshell/4e662cd2d58b954d7d8bb8d456f33bf8.php,webshell
1,0,0,0,0,0,0,0,1,1,0,1,0,0,0,0,0,0,0,0,0,1,11,./Cleaned-Dataset/Webshell/4e837338fb5a31b638f912fb96f28eb7.php,webshell
1,0,0,0,0,0,0,0,1,1,0,0,0,0,0,0,0,0,0,0,0,4,16,./Cleaned-Dataset/Webshell/4e87981705aa7191794aab8e00dbc9aa.php,webshell
1,0,0,0,0,0,0,0,1,0,1,0,0,0,0,0,0,0,0,0,0,5,14,./Cleaned-Dataset/Webshell/4e92d2776f53e915faa37fe1f2058bb9.php,webshell
0,0,0,0,0,0,0,0,0,0,0,0,0,0,0,0,0,0,0,0,0,7,34,./Cleaned-Dataset/Webshell/4eb230615ffb4192d776ae324f3865b2.php,webshell
14,0,3,4,3,3,3,3,2,1,0,0,0,2,0,3,1,0,0,0,0,3299,19917,./Cleaned-Dataset/Webshell/4ebb2e04668f0f8a749600875e69ae17.php,webshell
1,0,0,0,0,0,0,0,1,0,1,0,0,0,0,0,0,0,0,0,0,4,12,./Cleaned-Dataset/Webshell/4ec7e4d9e1699cd92454e6428baba739.php,webshell
0,0,0,0,0,0,0,0,0,0,0,0,0,0,0,0,0,0,0,1,0,8,70,./Cleaned-Dataset/Webshell/4ed1434dacf8aaad05baebfd06c4298e.php,webshell
0,0,0,0,0,0,0,0,0,0,0,0,0,0,0,0,0,0,0,0,0,67,193,./Cleaned-Dataset/Webshell/4ed1d028e8222ac57625e9633bf38b39.php,webshell
0,0,0,0,0,0,0,0,0,0,0,0,0,0,2,0,0,0,0,0,0,2,12,./Cleaned-Dataset/Webshell/4edd9329322a01d6d8dfc92a5fc8c7dc.php,webshell
0,0,0,0,0,0,0,0,0,0,0,0,1,1,0,0,2,0,0,0,0,9,34,./Cleaned-Dataset/Webshell/4ee9e9351b04cd9b710e18ec12b78196.php,webshell
0,0,0,0,0,0,0,0,0,0,0,0,0,0,0,0,0,0,0,0,0,19,350,./Cleaned-Dataset/Webshell/4f032f6e8cbb1f6aabef7c57a476a8d8.php,webshell
1,0,0,0,0,0,0,0,3,0,0,0,0,0,0,0,0,0,0,0,0,30,110,./Cleaned-Dataset/Webshell/4f25935918f3351c4b5f0e4d6aa0f294.php,webshell
1,0,0,0,0,0,0,0,0,0,0,0,0,1,0,0,0,0,0,0,0,0,6,./Cleaned-Dataset/Webshell/4f2a2a99c080b5a38145d9a98ad55608.php,webshell
0,0,0,0,0,0,0,0,0,0,0,0,0,0,0,0,0,0,0,0,0,20,353,./Cleaned-Dataset/Webshell/4f2ec8894d5269b24d568182de8c71fa.php,webshell
2,0,11,6,7,6,0,0,9,2,0,4,70,87,0,0,7,0,0,1,0,2973,8409,./Cleaned-Dataset/Webshell/4f3294bd689e4d0dad5fd73dcebd9eed.php,webshell
0,0,1,0,0,0,0,0,0,0,0,0,2,8,0,7,0,0,0,0,0,87,247,./Cleaned-Dataset/Webshell/4f4adbf1c627ae68e42c7dddd7f4afe8.php,webshell
8,0,8,5,4,4,4,5,0,0,0,0,0,65,0,0,4,6,5,6,5,1249,6238,./Cleaned-Dataset/Webshell/4f7b15e0512e76a974b9ed020e90b32d.php,webshell
1,0,0,0,0,0,0,0,0,0,0,0,0,1,0,0,0,0,0,0,0,7,110,./Cleaned-Dataset/Webshell/4f9b9c18bb490cebd868da76fbf6982f.php,webshell
0,0,0,0,0,0,0,0,0,0,0,0,0,0,0,0,0,0,0,0,0,5,16,./Cleaned-Dataset/Webshell/4f9f1f898808a53581fcbcb095d00436.php,webshell
0,0,0,0,0,0,0,0,1,0,0,0,2,0,0,0,0,0,0,0,0,3,13,./Cleaned-Dataset/Webshell/4fa9e1c9a59ee04f87c7a1d3b364eeb1.php,webshell
10,0,6,3,0,3,1,0,2,0,0,0,0,69,4,2,0,1,0,0,0,3471,14371,./Cleaned-Dataset/Webshell/4faf5839b2fbfbe29911221c9c7456ed.php,webshell
0,0,0,0,0,0,0,0,0,0,0,0,0,0,0,0,0,0,0,0,0,40,134,./Cleaned-Dataset/Webshell/4fd140e14d9546f5d9d964762379849f.php,webshell
0,0,0,0,0,0,0,0,1,0,0,0,0,1,1,0,0,0,0,0,0,2,19,./Cleaned-Dataset/Webshell/4fd33babd4479ea32bff1dcf5e89728f.php,webshell
0,0,0,0,0,0,0,0,0,0,0,0,0,0,0,0,0,0,0,0,0,42,238,./Cleaned-Dataset/Webshell/4fd952f192a22a5d644b27368b87aef4.php,webshell
13,0,5,26,2,2,1,1,5,1,0,0,55,300,2,1,10,0,0,0,0,2938,9494,./Cleaned-Dataset/Webshell/4fedb57c88b84364d49eab8620f0177a.php,webshell
1,0,0,0,0,0,0,0,0,0,0,0,0,0,0,0,0,0,0,0,0,34,310,./Cleaned-Dataset/Webshell/4ff16064425174685ef4463948a25e9f.php,webshell
0,0,0,0,0,0,0,0,0,0,0,0,0,0,0,0,0,0,0,0,0,19,350,./Cleaned-Dataset/Webshell/4ff16c20fb6af0932f612f9d40aa00bd.php,webshell
7,0,3,3,2,2,1,0,4,0,0,0,12,425,0,2,0,5,0,0,0,2969,9721,./Cleaned-Dataset/Webshell/4ff32724f713b3213c57fc5e1498c397.php,webshell
0,0,0,0,0,0,0,0,0,0,0,0,0,0,0,0,0,0,0,0,0,57,137,./Cleaned-Dataset/Webshell/5004e03a287186eb9c348c2e64a03ebd.php,webshell
0,0,0,2,0,0,0,0,6,0,0,0,7,52,7,0,2,0,0,1,0,2365,5034,./Cleaned-Dataset/Webshell/503d4f017c1ee61b86c3488ba1071290.php,webshell
1,0,0,0,0,0,0,0,1,0,0,0,0,0,0,0,0,0,0,0,0,1623,62,./Cleaned-Dataset/Webshell/504844fc6e68d871b0cbbcfdd34a99e9.php,webshell
2,0,0,0,0,0,0,0,1,0,0,0,6,11,0,0,0,0,0,0,0,240,1554,./Cleaned-Dataset/Webshell/50522a3b3adc64783094e51a427bd70d.php,webshell
0,0,0,0,0,1,0,0,0,0,0,0,0,0,0,0,0,0,0,0,0,2,6,./Cleaned-Dataset/Webshell/50635cfab8b52190a732af2f18d8f7cc.php,webshell
0,0,0,1,0,0,0,0,0,0,0,0,2,0,0,0,0,0,0,0,0,19,38,./Cleaned-Dataset/Webshell/506df63c7ce1a670257f3970916337c4.php,webshell
3,0,0,1,0,1,0,0,0,0,0,0,0,0,12,0,0,2,0,0,0,200,592,./Cleaned-Dataset/Webshell/508c4a01d99773c62b3871e8ed795bed.php,webshell
12,0,13,12,4,10,6,0,11,0,0,0,15,48,7,2,0,2,0,0,0,4257,15051,./Cleaned-Dataset/Webshell/508e180cafa35ce6111542d269ee2a68.php,webshell
0,0,0,0,0,0,0,0,0,0,0,0,0,0,0,0,0,0,0,0,0,1,115,./Cleaned-Dataset/Webshell/50967de7cce2b5fb495842d5f5be8e06.php,webshell
2,0,2,2,2,2,1,0,0,0,0,0,0,91,0,0,2,0,0,0,0,641,3532,./Cleaned-Dataset/Webshell/50a59e1f829da4deca07808345b28df6.php,webshell
0,0,0,0,1,0,0,0,2,0,0,0,0,4,0,0,0,0,0,0,0,19,58,./Cleaned-Dataset/Webshell/50af7eb2b9c273dbcfd8d51925a2b69a.php,webshell
14,0,2,2,2,2,2,2,7,5,0,0,4,4,0,38,6,0,0,0,0,2359,10833,./Cleaned-Dataset/Webshell/50b2324774a71542635b297ea867a36b.php,webshell
1,0,0,0,0,0,0,0,1,0,0,0,6,44,0,0,0,0,0,0,0,113,826,./Cleaned-Dataset/Webshell/50b2e02939280f0f668aafb033fbd1c7.php,webshell
0,0,0,0,0,0,0,0,0,0,0,0,0,0,0,0,0,0,0,0,0,18,347,./Cleaned-Dataset/Webshell/50d8acd511479afbffc1227b315edb4b.php,webshell
5,0,3,4,2,2,1,0,2,0,0,0,0,252,0,42,2,1,0,0,0,1665,6645,./Cleaned-Dataset/Webshell/50da4a6ba6062162904129a23a1ba86b.php,webshell
0,0,0,0,0,0,0,0,0,0,0,0,0,0,0,0,0,0,0,0,0,59,164,./Cleaned-Dataset/Webshell/50e218c1b395ac1867190636c604e87a.php,webshell
14,0,14,11,6,9,8,0,11,0,0,0,1,41,4,1,2,2,0,0,0,4142,14516,./Cleaned-Dataset/Webshell/50f09d04da8f5a17ca619ffbcc48edb1.php,webshell
0,0,0,0,0,0,0,0,0,0,0,0,0,3,0,0,2,0,0,0,0,27,72,./Cleaned-Dataset/Webshell/50f6fa7a9cc7bcc768cbcd3ef9a953f7.php,webshell
0,0,1,1,0,0,0,0,0,0,0,0,0,0,0,0,0,0,0,0,0,57,304,./Cleaned-Dataset/Webshell/50f733bc52d2627ba68b1eb194d774aa.php,webshell
0,0,0,0,0,0,0,0,0,0,0,0,0,0,0,0,0,0,0,0,0,12,59,./Cleaned-Dataset/Webshell/50fdc241bc685ad85df3d120c40ecb9f.php,webshell
0,0,1,0,0,0,0,0,0,0,0,0,0,8,0,0,0,4,0,0,0,241,317,./Cleaned-Dataset/Webshell/5108141d610acccb15217a083e5699ce.php,webshell
1,0,0,0,0,0,0,0,1,1,0,0,0,0,0,0,0,0,0,0,0,4,16,./Cleaned-Dataset/Webshell/512c5ef726927fec5e400e413bf9f52d.php,webshell
3,0,2,4,2,2,1,0,2,0,0,0,0,198,0,0,2,2,0,0,0,1503,5908,./Cleaned-Dataset/Webshell/5131b494fdc5f97b0b276a17f60ba05d.php,webshell
0,0,1,1,0,0,0,0,0,0,0,0,0,0,0,0,0,0,0,0,0,123,453,./Cleaned-Dataset/Webshell/51331399ffaa9d5e15556c00e9e48c07.php,webshell
6,0,3,3,2,2,1,0,3,0,0,0,7,330,0,0,0,3,0,0,0,2239,7531,./Cleaned-Dataset/Webshell/513b7be8bd0595c377283a7c87b44b2e.php,webshell
1,0,0,0,0,0,0,0,1,0,0,0,0,0,0,0,0,0,0,0,0,1,5,./Cleaned-Dataset/Webshell/514bcda9c0fccd4583acc307f35d8935.php,webshell
0,0,0,0,0,0,0,0,1,0,0,0,0,0,0,0,0,0,0,0,0,5,20,./Cleaned-Dataset/Webshell/51503a68f152c478cee8a4b09cc02036.php,webshell
0,0,0,0,0,0,0,0,0,0,0,0,0,0,0,0,0,0,0,0,0,16,41,./Cleaned-Dataset/Webshell/517af505e61500aa48a5534c705b042b.php,webshell
1,0,0,0,0,0,0,0,0,0,0,0,0,0,7,0,0,0,0,0,0,16,68,./Cleaned-Dataset/Webshell/518cef5e5f1caa69da42f45271ee6192.php,webshell
1,0,0,0,0,0,0,0,1,0,0,0,0,0,0,0,0,0,0,0,0,4,14,./Cleaned-Dataset/Webshell/519411c5cb04c30a8611b880f9552a8d.php,webshell
11,0,13,12,4,10,6,0,10,0,0,0,15,48,7,2,0,2,0,0,0,4251,15047,./Cleaned-Dataset/Webshell/51be1256a4ada31c5a2392772c8c7bb4.php,webshell
0,0,0,0,0,0,0,0,0,0,0,0,0,2,0,0,0,0,0,0,0,10,51,./Cleaned-Dataset/Webshell/51ccb123c796012654002280e1d53dd2.php,webshell
0,0,2,0,0,0,0,0,0,0,0,0,0,0,0,0,0,0,0,0,4,498,3024,./Cleaned-Dataset/Webshell/51e7b8610722a0f1949dc080ed750cf3.php,webshell
0,0,0,0,0,0,0,0,0,0,0,0,0,0,0,0,0,0,0,0,0,20,353,./Cleaned-Dataset/Webshell/51e86f85826e06c9c4c93ae5d0a20232.php,webshell
10,0,4,0,0,0,0,0,6,0,0,0,1,0,0,1,0,2,0,0,0,3130,9154,./Cleaned-Dataset/Webshell/51f326a1cfc0c2060f55fcd377cb346a.php,webshell
1,0,77,72,55,41,12,6,38,1,0,0,287,328,10,0,3,5,0,7,0,6912,18639,./Cleaned-Dataset/Webshell/51fcb101bb0837ab668ed613ab6bc813.php,webshell
0,0,0,0,0,0,0,0,0,0,0,0,0,0,0,0,0,0,0,0,0,21,30,./Cleaned-Dataset/Webshell/520a19bbbace8b7ac27929f73a901ff3.php,webshell
1,0,0,0,0,0,0,0,0,0,0,0,0,1,0,1,0,0,0,0,0,383,2189,./Cleaned-Dataset/Webshell/521275fa6348677fa47ade0e8b770c8b.php,webshell
0,0,0,0,0,0,0,0,0,0,0,0,0,3,0,0,2,0,0,0,0,27,72,./Cleaned-Dataset/Webshell/5263d8f96dcdbf04687e902363529afc.php,webshell
0,0,1,2,0,1,0,0,0,0,0,0,0,0,0,0,0,26,0,0,0,554,1474,./Cleaned-Dataset/Webshell/52779a27fa377ae404761a7ce76a5da7.php,webshell
7,0,0,0,0,1,0,0,1,0,0,0,2,20,0,0,6,0,0,0,0,146,349,./Cleaned-Dataset/Webshell/527cf81f9272919bf872007e21c4bdda.php,webshell
0,0,0,0,0,0,0,0,0,0,0,0,0,2,0,0,0,2,0,0,0,2,12,./Cleaned-Dataset/Webshell/527d081923dd9629c2c1e511dcb4feb3.php,webshell
0,0,0,0,0,0,0,0,0,0,0,0,0,0,1,0,0,0,0,0,0,8,30,./Cleaned-Dataset/Webshell/5284c689364b3d94f6abf428e87b35c6.php,webshell
0,0,0,0,0,0,0,0,0,0,0,0,0,0,0,0,0,0,0,0,0,56,82,./Cleaned-Dataset/Webshell/5286d56d691cea7965702021f55013e8.php,webshell
1,0,0,0,0,0,0,0,1,0,1,0,0,0,0,0,0,0,0,0,0,4,12,./Cleaned-Dataset/Webshell/528dc06ce167318503b46e4d5676fd8f.php,webshell
10,0,0,0,0,0,0,0,0,0,0,0,0,42,0,0,2,0,0,0,0,443,1874,./Cleaned-Dataset/Webshell/5295ee8dc2f5fd416be442548d68f7a6.php,webshell
7,0,6,9,6,0,0,0,4,0,1,0,245,245,0,13,3,0,0,0,0,3442,9601,./Cleaned-Dataset/Webshell/529875af7da5fed3a60613e4faf7c5da.php,webshell
0,0,1,0,0,0,0,0,0,0,0,0,1,0,0,0,0,0,0,0,0,1,6,./Cleaned-Dataset/Webshell/52ac2706b38b81d1f376f2c6dc8aee01.php,webshell
0,0,0,0,0,0,0,0,0,0,0,0,0,0,0,0,0,0,0,0,0,17,344,./Cleaned-Dataset/Webshell/52b73f85632f633c91bf2416bb83b5fe.php,webshell
7,0,2,3,2,2,1,0,1,0,0,0,10,372,0,11,0,4,0,0,0,2953,9177,./Cleaned-Dataset/Webshell/52c45e73dbe12be56f8826da07011663.php,webshell
1,0,0,0,0,0,0,0,0,0,0,0,0,0,0,0,0,0,0,0,0,1,6,./Cleaned-Dataset/Webshell/52c5ebeb11241d6af3520318bac0960b.php,webshell
0,0,1,0,0,0,0,0,0,0,0,0,12,12,1,7,1,18,0,11,3,176,1070,./Cleaned-Dataset/Webshell/52d04c75652f18bff01ff14cc98d54b7.php,webshell
0,0,1,0,0,0,0,0,0,0,0,0,0,4,0,0,0,0,0,0,0,7,34,./Cleaned-Dataset/Webshell/52dd128dc3aaef7258a5a258a52cc952.php,webshell
10,0,5,16,2,2,1,1,5,1,0,0,121,333,0,8,15,0,0,1,0,3325,10964,./Cleaned-Dataset/Webshell/52e426908b5df22d2cc8f02740b1cda4.php,webshell
1,0,0,0,0,0,0,0,0,0,0,0,0,0,0,0,0,0,0,0,0,3,65,./Cleaned-Dataset/Webshell/52e70829317c53b3778cb2a797194739.php,webshell
0,0,0,2,0,0,0,0,0,0,0,0,0,0,2,0,0,0,0,0,0,6,30,./Cleaned-Dataset/Webshell/52f87a43d4e661b0a724280b823692d7.php,webshell
0,0,0,0,0,0,0,0,0,0,0,0,0,0,0,0,0,0,0,0,0,7,20,./Cleaned-Dataset/Webshell/5316d8f21dbc1744509ea636c6d0d531.php,webshell
0,0,0,0,0,0,0,0,1,0,0,0,0,0,0,1,0,0,0,0,0,2,13,./Cleaned-Dataset/Webshell/53491c197fd3c2d6ed2e29d874cbc7ab.php,webshell
0,0,0,0,0,0,0,0,0,0,0,0,0,0,0,0,0,0,0,0,0,0,0,./Cleaned-Dataset/Webshell/535a38db0fa0edfd38e05dc3c1680af8.php,webshell
0,0,0,0,0,0,0,0,0,0,0,0,0,0,1,0,0,0,0,0,0,3,6,./Cleaned-Dataset/Webshell/53727557282a5b0eebc783cd8a2ad61c.php,webshell
0,1,0,0,0,0,0,0,0,0,0,0,0,0,1,0,0,0,0,0,0,2,20,./Cleaned-Dataset/Webshell/5378d7f1633ce8f9302eb946b8d5ccd9.php,webshell
0,0,0,0,0,0,0,2,0,0,0,0,0,0,0,0,0,0,0,0,0,38,662,./Cleaned-Dataset/Webshell/537e903eefed13289ee84b478398c593.php,webshell
0,0,1,0,5,0,0,0,1,0,0,0,0,0,0,0,0,0,0,0,0,22,195,./Cleaned-Dataset/Webshell/537fdacd5f140e2212de413e2ea06f64.php,webshell
0,0,0,0,0,0,0,0,6,0,0,0,0,0,0,0,0,0,0,0,0,1488,4869,./Cleaned-Dataset/Webshell/5390145c0bbe91a6e47657f654e91661.php,webshell
0,0,0,0,0,0,0,0,0,0,0,0,0,0,24,0,0,0,0,0,0,106,329,./Cleaned-Dataset/Webshell/53f6e56bd42800c16a65141f9c26c1e4.php,webshell
1,0,0,0,0,0,0,0,0,0,0,0,0,1,0,0,0,0,0,0,0,2,14,./Cleaned-Dataset/Webshell/53ffe67a9a8b76495117227f56dce708.php,webshell
0,0,0,0,0,0,0,0,0,0,0,0,0,0,0,0,6,0,0,0,0,19,48,./Cleaned-Dataset/Webshell/540190097e46d98d8bb89c1bbfabd6d7.php,webshell
7,0,3,3,2,2,1,0,3,0,0,0,8,368,0,11,0,3,0,0,0,2883,8991,./Cleaned-Dataset/Webshell/5415afdfa5ee1928b1979dc4756b7b9d.php,webshell
0,0,0,0,0,0,0,0,0,0,0,0,0,1,0,0,0,0,0,0,0,4,8,./Cleaned-Dataset/Webshell/541a160c9b6353e92926bef7135974fb.php,webshell
1,0,0,0,0,0,0,0,0,0,0,0,0,0,0,0,0,0,0,0,0,1,10,./Cleaned-Dataset/Webshell/5424657a6d189057882797e2272d2f71.php,webshell
0,0,1,0,0,0,0,0,1,0,0,0,0,0,5,0,0,0,0,0,0,134,1336,./Cleaned-Dataset/Webshell/543624bec87272974384c8ab77f2357a.php,webshell
7,0,2,5,2,2,1,0,4,1,0,0,118,198,0,8,13,0,0,0,0,2399,8025,./Cleaned-Dataset/Webshell/54484c70d3cc5f84d702b5adeb5875c6.php,webshell
3,1,1,0,0,0,0,0,0,0,0,0,0,4,1,0,0,0,0,0,0,1,32,./Cleaned-Dataset/Webshell/5468221d74a4c6599cada32ee970d62c.php,webshell
1,0,0,0,0,0,0,0,0,0,0,0,0,0,0,0,0,0,0,0,0,1,8,./Cleaned-Dataset/Webshell/54807ccf34402c72864578a6de4680e6.php,webshell
0,0,0,0,0,0,0,0,0,1,0,0,0,4,0,2,0,0,0,0,0,45,596,./Cleaned-Dataset/Webshell/54b6b2bbe7fb0a1863ee9eda35425e59.php,webshell
1,4,0,0,0,0,0,0,0,0,0,2,4,16,0,0,2,2,0,0,0,67,190,./Cleaned-Dataset/Webshell/54c352f07898d15a247789088c8fc602.php,webshell
0,0,0,0,0,0,0,0,0,0,0,0,0,0,1,0,0,0,0,0,0,3,22,./Cleaned-Dataset/Webshell/54c4d10eb75b67c94160427cd59b953f.php,webshell
0,0,0,0,0,0,0,0,0,0,0,0,0,0,0,0,0,0,0,0,0,5,25,./Cleaned-Dataset/Webshell/54e3b7108333a74591b8569311e29bff.php,webshell
0,0,0,0,0,0,0,0,0,0,0,0,0,1,0,0,0,0,0,0,0,0,18,./Cleaned-Dataset/Webshell/552480d1575c794298cd9b44ac75f9e0.php,webshell
1,0,0,0,0,0,0,0,0,0,0,0,0,0,0,0,0,0,0,0,0,1733,64,./Cleaned-Dataset/Webshell/5542787bb021dd54dbd7c45d2917facd.php,webshell
0,0,0,0,0,0,0,0,0,0,0,0,0,0,0,0,0,0,0,0,0,16,35,./Cleaned-Dataset/Webshell/554df5d0a5171cfc5e705efaa9c6f6d0.php,webshell
0,0,0,0,5,0,0,0,0,0,0,0,0,20,1,0,0,0,0,0,0,179,847,./Cleaned-Dataset/Webshell/554e50c1265bb0934fcc8247ec3b9052.php,webshell
0,0,0,0,0,0,0,0,0,0,0,0,0,1,0,0,0,0,0,0,0,5,32,./Cleaned-Dataset/Webshell/5550e93a930fe04789825262648a411b.php,webshell
1,0,0,0,0,0,0,0,1,0,1,0,0,0,0,0,0,0,0,0,0,8,18,./Cleaned-Dataset/Webshell/555cbeaef4de2a743194458905397ef2.php,webshell
0,0,0,0,0,0,0,0,0,0,0,0,4,15,2,9,3,0,0,0,0,215,599,./Cleaned-Dataset/Webshell/557a5626dd06c61c09ab4ec34f0a51cc.php,webshell
0,0,0,0,0,0,0,0,0,0,0,0,0,3,0,0,0,0,0,0,0,0,11,./Cleaned-Dataset/Webshell/559155ddcbaa6d63f0ea4734c0399d75.php,webshell
7,0,6,9,6,0,0,0,4,0,1,0,245,245,0,13,3,0,0,0,0,3457,9627,./Cleaned-Dataset/Webshell/559974fd605e5cb4b99a039c4959a2d0.php,webshell
1,0,0,0,0,0,0,0,1,0,0,0,0,0,0,0,0,0,0,0,0,8,24,./Cleaned-Dataset/Webshell/55a7a113815a419e49cf7eb38ac4e9c9.php,webshell
0,0,1,0,0,0,0,0,0,0,0,0,0,2,0,0,0,0,0,0,0,25,83,./Cleaned-Dataset/Webshell/55b8c3e7f17e8a8bb22fa71733d34475.php,webshell
0,0,1,0,0,0,0,0,0,0,0,0,0,2,0,0,0,0,0,0,0,25,83,./Cleaned-Dataset/Webshell/55b8c3e7f17e8a8bb22fa71733d34476.php,webshell
0,0,0,0,0,0,0,0,0,0,0,0,0,0,0,0,0,0,0,0,0,0,186,./Cleaned-Dataset/Webshell/55b94bde285cdd9d447b213d4186b6c3.php,webshell
0,0,0,0,0,0,0,0,0,0,0,0,0,0,0,0,0,0,0,0,0,13,150,./Cleaned-Dataset/Webshell/55c6c2afc527d713d2dca45b68d6a72b.php,webshell
3,2,0,0,0,0,0,0,0,0,0,0,0,1,0,0,0,0,0,0,0,4,46,./Cleaned-Dataset/Webshell/55dda580fa1745e019473ff395c8c9b4.php,webshell
0,0,0,0,0,0,0,0,0,0,0,0,0,1,0,0,0,0,0,0,0,21,31,./Cleaned-Dataset/Webshell/55e85dbb1bf05f25a1def936fb56e226.php,webshell
0,0,0,0,0,0,0,0,0,0,0,0,0,0,1,0,0,0,0,0,0,5,25,./Cleaned-Dataset/Webshell/55ed160cbdc3abec30dac07ca0a6d11f.php,webshell
0,0,0,0,0,0,0,0,0,0,0,0,0,0,0,0,0,0,0,0,0,23,82,./Cleaned-Dataset/Webshell/565096f43e77c5f90e9d461d635a5598.php,webshell
0,1,0,0,0,0,0,0,0,0,0,0,0,1,0,0,0,0,0,0,0,4,20,./Cleaned-Dataset/Webshell/568b14927c60640796b3c65af9eec220.php,webshell
0,0,15,1,0,0,0,0,0,0,0,0,0,0,0,0,0,0,0,0,0,456,1357,./Cleaned-Dataset/Webshell/56b4e7ea6f6ff8d8abf45e31dee6b62d.php,webshell
0,0,0,0,0,0,0,0,0,0,0,0,7,29,0,0,3,0,0,0,0,240,750,./Cleaned-Dataset/Webshell/56c6fffdf0c4847144393b9f2305b504.php,webshell
7,0,2,5,2,2,1,0,5,1,0,0,118,198,0,8,13,0,0,0,0,2399,8022,./Cleaned-Dataset/Webshell/56ca10b26946b0e4cd12e8d2a1e9ab67.php,webshell
5,0,3,4,2,2,1,0,2,0,0,0,0,246,0,0,2,2,0,0,0,1650,6599,./Cleaned-Dataset/Webshell/56de4bd8867b9e7c262d3ae2fe6cd2ca.php,webshell
9,0,3,3,3,2,1,1,6,1,0,1,37,554,0,12,0,3,0,0,0,4775,14608,./Cleaned-Dataset/Webshell/56ed55c6a3411c93695abebbeee3db52.php,webshell
7,0,2,3,2,2,1,0,1,0,0,0,1,5,0,2,4,1,0,0,0,1628,6597,./Cleaned-Dataset/Webshell/570283d0bebc60bc810776ea57facaa1.php,webshell
7,0,3,2,2,2,1,0,3,0,0,0,7,213,0,0,0,3,0,0,0,1701,5562,./Cleaned-Dataset/Webshell/5706c99440e7c7a56352b41cb0dca1ef.php,webshell
1,0,0,0,0,0,0,0,1,0,0,0,3,1,0,0,0,0,0,0,0,5,25,./Cleaned-Dataset/Webshell/570de3a15c5a263ac91f7fb44f7b2ffa.php,webshell
4,0,3,8,0,2,0,0,0,0,0,0,0,32,0,0,0,1,0,0,0,380,1476,./Cleaned-Dataset/Webshell/571242f82bdb7fc490bf2539ccb2cfcc.php,webshell
1,0,0,0,0,0,0,0,0,0,0,0,0,0,0,0,0,0,0,0,0,5,22,./Cleaned-Dataset/Webshell/5716cf51271623e76f1c6597861ae58b.php,webshell
1,0,0,0,0,0,0,0,1,0,0,0,0,4,0,0,0,0,0,0,0,9,35,./Cleaned-Dataset/Webshell/5725099c681b04080649a1c62c1b7253.php,webshell
0,0,0,0,0,0,0,0,0,0,0,0,0,0,0,0,0,0,0,0,0,55,155,./Cleaned-Dataset/Webshell/57263c95ce5694f0d73cfb20b4ab6b4a.php,webshell
6,0,4,5,2,2,1,0,3,0,0,0,0,269,0,0,2,2,0,0,0,2182,7759,./Cleaned-Dataset/Webshell/57416250665fce5a75cf937662bd0189.php,webshell
0,1,0,0,0,0,0,0,0,0,0,0,0,0,1,0,0,0,0,0,0,2,10,./Cleaned-Dataset/Webshell/574313a83b59367024ab7b450c3c07e8.php,webshell
7,0,6,9,6,0,0,0,4,0,1,0,245,245,0,13,3,0,0,0,0,3444,9558,./Cleaned-Dataset/Webshell/574533f96557fab3c735d38543089ba0.php,webshell
1,0,0,0,0,0,0,0,1,1,0,0,0,0,0,0,0,0,0,0,0,12,42,./Cleaned-Dataset/Webshell/574f3303e131242568b0caf3de42f325.php,webshell
0,0,0,0,0,0,0,0,0,0,0,0,7,29,0,0,3,0,0,0,0,243,795,./Cleaned-Dataset/Webshell/5758bbb8a7851d045572600f79c37228.php,webshell
1,0,0,0,0,0,0,0,0,0,0,0,0,1,0,1,0,0,0,0,0,488,2752,./Cleaned-Dataset/Webshell/576ad4f370014dfb1d0f17b0e6855f22.php,webshell
0,0,3,3,0,0,1,0,0,0,0,0,10,26,0,0,2,0,0,0,0,397,1250,./Cleaned-Dataset/Webshell/576ed018a4c2b4d6bf14d443e8caba50.php,webshell
0,0,0,0,0,0,0,0,0,0,0,0,0,0,0,0,0,0,0,0,0,19,350,./Cleaned-Dataset/Webshell/5787e4a21ae77d62fbd1457f2466f90d.php,webshell
0,0,0,0,0,0,0,0,0,0,0,0,0,0,0,0,0,0,0,0,0,71,444,./Cleaned-Dataset/Webshell/578b58dd555d736bd6ba85e10f683616.php,webshell
1,0,0,0,16,0,0,0,3,0,0,0,2,21,0,0,0,0,0,0,0,163,1015,./Cleaned-Dataset/Webshell/57cd512601ee589d94bc14984a475c1a.php,webshell
0,0,2,2,2,2,2,0,0,0,0,0,1,5,0,0,1,0,0,0,0,48,258,./Cleaned-Dataset/Webshell/57ebd960dc32d6166e694a142449ddfb.php,webshell
1,0,0,0,0,0,0,0,0,0,0,0,0,1,0,1,0,0,0,0,0,416,2354,./Cleaned-Dataset/Webshell/57f87d8a9f3094fcc3b2e0a149f42fe6.php,webshell
0,0,4,0,0,0,0,0,0,0,0,0,0,0,0,0,0,0,0,0,0,15,115,./Cleaned-Dataset/Webshell/57fcd9560dac244aeaf95fd606621900.php,webshell
0,0,0,0,0,0,0,0,0,0,0,0,0,40,47,2,3,0,0,0,0,1252,4574,./Cleaned-Dataset/Webshell/57fdd491deb77a01441ba9aaec3a0209.php,webshell
11,0,6,3,0,3,1,0,7,0,0,0,7,3,7,2,0,2,0,0,0,4156,14505,./Cleaned-Dataset/Webshell/58242026b70dd896d3e8798cea88f941.php,webshell
3,0,4,3,3,4,3,3,6,0,0,0,119,142,0,0,6,7,0,0,0,1177,5554,./Cleaned-Dataset/Webshell/583d10158a3f96ca9406c7a74f31bff3.php,webshell
1,0,0,0,0,0,0,0,0,0,0,0,0,1,0,1,0,0,0,0,0,415,2349,./Cleaned-Dataset/Webshell/5844a240cd76fbaa89b4ea976df86cff.php,webshell
0,0,0,0,0,0,0,0,0,0,0,0,0,0,0,0,4,0,0,0,0,42,67,./Cleaned-Dataset/Webshell/5847484c3d6447ca282ed22a75c75247.php,webshell
2,0,4,3,3,3,1,0,12,0,0,0,20,77,136,0,7,2,0,0,0,2326,9262,./Cleaned-Dataset/Webshell/584e13491b1cb270d8d9dcb008b23271.php,webshell
14,0,3,4,3,3,3,3,2,1,0,0,0,2,0,3,1,0,0,0,0,3299,19921,./Cleaned-Dataset/Webshell/5863b71b1a1f87bddb8e276b34704416.php,webshell
3,0,4,8,2,3,0,0,0,0,0,0,3,42,0,0,0,1,0,0,0,1080,1882,./Cleaned-Dataset/Webshell/586e36bf9cd1aba123999bb0a7d26292.php,webshell
1,0,3,9,0,0,0,0,9,0,0,0,261,360,0,20,5,0,0,0,0,12197,35318,./Cleaned-Dataset/Webshell/5874040d35b24b089c2ed04266173d83.php,webshell
0,0,0,3,0,0,0,4,0,0,0,0,0,0,2,2,2,0,0,0,0,791,2807,./Cleaned-Dataset/Webshell/587b9e0d0896ddc3078827c430d2d905.php,webshell
9,0,5,2,2,2,1,0,10,0,0,0,1,1,7,2,0,2,0,0,0,3878,12992,./Cleaned-Dataset/Webshell/58939b64f6fedff1769d31e0068ccb2c.php,webshell
3,0,7,29,3,3,3,3,2,0,0,0,4,3,331,5,7,7,0,0,0,1832,10354,./Cleaned-Dataset/Webshell/58ad3c32c9f26f32f6641406539a4d7c.php,webshell
0,2,0,0,0,0,0,0,0,0,0,0,0,1,1,0,0,0,0,0,0,4,14,./Cleaned-Dataset/Webshell/58c9f5b6b4e25cb040f9b1b1ae84975e.php,webshell
0,0,0,2,0,0,0,0,6,0,0,0,7,52,7,0,2,0,0,1,0,2252,4894,./Cleaned-Dataset/Webshell/5907bdc13b46b180afbc32aaaf09c2cf.php,webshell
0,0,0,0,0,0,0,0,0,0,0,0,0,0,0,0,0,0,0,0,0,16,341,./Cleaned-Dataset/Webshell/5912a442ca6fb3c99477a3c270584cfd.php,webshell
0,2,0,0,0,0,0,0,0,0,0,0,0,0,3,0,0,0,0,0,0,10,73,./Cleaned-Dataset/Webshell/591c7b81d1c0a7d15f5bf4d48acadb63.php,webshell
0,0,0,0,0,0,0,0,1,0,0,0,0,0,0,0,0,0,0,0,0,37,226,./Cleaned-Dataset/Webshell/591cf16412f14b2eb1ba5bd90dfcc294.php,webshell
1,0,1,0,0,0,0,0,0,0,0,0,0,0,0,0,0,1,0,0,0,2,10,./Cleaned-Dataset/Webshell/594d1b1311bbef38a0eb3d6cbb1ab538.php,webshell
2,0,1,1,1,3,1,0,1,0,0,0,9,3,2,0,0,0,0,0,0,273,1820,./Cleaned-Dataset/Webshell/5956008415fd97474eb518884b900d15.php,webshell
5,0,0,0,0,0,0,0,0,0,0,0,3,1,0,2,0,0,0,1,0,457,2096,./Cleaned-Dataset/Webshell/595e8e38ecc640ea6cfb29156b46fa2a.php,webshell
0,0,0,0,0,0,0,0,0,0,0,0,0,0,0,0,0,0,0,0,0,60,150,./Cleaned-Dataset/Webshell/59671a0b86e89502476a9556d6fe2696.php,webshell
0,0,0,0,0,0,0,0,0,0,0,0,0,0,0,0,0,0,0,0,0,18,29,./Cleaned-Dataset/Webshell/5974aae5d871237cdfa4492a8bd7bb43.php,webshell
14,0,17,9,9,5,7,2,6,0,0,0,67,652,27,17,0,12,0,1,2,7758,24122,./Cleaned-Dataset/Webshell/599cd802f70611f86491d9fb5aab6e6e.php,webshell
0,0,0,0,1,0,0,0,0,0,0,0,7,9,0,0,2,0,0,0,0,287,619,./Cleaned-Dataset/Webshell/59a71d13a906daf8c4dd983a1ecd7c70.php,webshell
0,0,0,0,0,0,0,0,0,0,0,0,0,0,0,0,0,0,0,0,0,60,137,./Cleaned-Dataset/Webshell/59ad598c1ba9dd546b9efee0e2c8adc7.php,webshell
1,0,0,0,0,0,0,0,0,0,0,0,0,0,0,0,0,0,0,0,0,3,19,./Cleaned-Dataset/Webshell/59d15ebbe1d262603119f286c6c32f16.php,webshell
1,0,0,0,0,0,0,0,1,0,1,0,0,0,0,0,0,0,0,0,0,1,14,./Cleaned-Dataset/Webshell/59d9dd1c7efa58dbec5a72a365022481.php,webshell
3,0,2,2,2,2,2,3,8,7,5,6,124,51,53,2,2,5,0,1,0,1549,6245,./Cleaned-Dataset/Webshell/59e3d15890900141ff4c84b70def2b31.php,webshell
1,0,0,0,0,0,0,0,1,1,0,0,0,0,0,0,0,0,0,0,0,12,42,./Cleaned-Dataset/Webshell/59edb6c3ef88e1c7e9b497489fc43589.php,webshell
0,0,0,0,0,0,0,0,0,0,0,0,0,0,19,0,0,2,0,0,0,95,673,./Cleaned-Dataset/Webshell/59f2f61cfa50bd8bb5cac5270d8b15a8.php,webshell
1,0,0,0,0,0,0,0,1,0,0,0,6,44,0,0,0,0,0,0,0,113,826,./Cleaned-Dataset/Webshell/5a080245c0a50fc109f7d197ddd274d9.php,webshell
1,0,0,0,0,0,0,0,0,0,0,0,0,0,0,0,0,0,0,0,0,1,10,./Cleaned-Dataset/Webshell/5a1d1402a05d89ba4dfbbb85e7134d11.php,webshell
0,0,0,0,0,0,0,0,0,0,0,0,2,1,0,0,5,0,0,1,0,48,235,./Cleaned-Dataset/Webshell/5a27d115dd7d6d221ed5534752933b64.php,webshell
0,0,0,0,0,0,0,0,0,0,0,0,0,0,24,0,0,0,0,0,0,106,329,./Cleaned-Dataset/Webshell/5a2bd20ed530f1041c7022833cab2b31.php,webshell
1,0,0,0,0,0,0,0,0,0,0,0,0,1,0,0,0,0,0,0,0,3,9,./Cleaned-Dataset/Webshell/5a2e1ee02590afcbd0ef4df39ebb1db9.php,webshell
1,0,0,0,0,0,0,0,1,0,0,0,0,0,0,0,0,1,1,0,2,16,81,./Cleaned-Dataset/Webshell/5a486b61a9e061ac1c3a999579df6873.php,webshell
1,0,0,0,0,0,0,0,1,0,0,0,0,1,0,0,0,2,0,0,0,9,103,./Cleaned-Dataset/Webshell/5a48eb9c01259da67c60e7b4c5d488c7.php,webshell
0,0,5,5,5,8,0,0,0,0,0,0,3,7,0,0,3,0,0,1,0,263,1209,./Cleaned-Dataset/Webshell/5a4fa7ce04bf9ffc379819b01b6aa7c4.php,webshell
2,0,1,1,1,1,1,0,5,0,0,0,1,53,0,0,2,1,0,0,0,382,3277,./Cleaned-Dataset/Webshell/5a6dc1865524844a11d29a559f8f60e5.php,webshell
0,0,0,0,0,0,0,0,0,0,0,0,0,0,0,0,0,0,0,0,0,17,344,./Cleaned-Dataset/Webshell/5a7abc0df544e8d02fd18dadc06180f9.php,webshell
0,0,0,0,0,0,0,0,0,0,0,0,0,3,0,0,0,0,0,0,0,32,185,./Cleaned-Dataset/Webshell/5a7f2bd3ed553f4284a83a3b1b350b37.php,webshell
0,0,0,0,0,0,0,0,0,0,0,0,0,0,0,0,0,0,0,0,0,16,341,./Cleaned-Dataset/Webshell/5a8fb3619f1f79749c8fa4c484fcb7f9.php,webshell
1,0,0,0,0,0,0,0,1,0,1,0,0,0,0,0,0,0,0,0,0,2,7,./Cleaned-Dataset/Webshell/5a96766d990c9e6c6688cb042bc562be.php,webshell
0,0,0,0,0,0,0,0,0,0,0,0,0,1,0,0,0,0,0,0,0,4,8,./Cleaned-Dataset/Webshell/5aa554fc6eab8a823a6df7842d9511f7.php,webshell
0,0,0,0,0,0,0,0,0,0,0,0,0,0,0,6,0,0,0,0,0,26,233,./Cleaned-Dataset/Webshell/5aa6b1fb87480c5700151b72e9a72b7a.php,webshell
0,0,0,0,0,0,0,0,0,0,0,0,0,0,0,0,0,0,0,0,0,419,18709,./Cleaned-Dataset/Webshell/5ad0bc6b1790c1e339f2c50f3b4fc4ff.php,webshell
1,0,0,0,0,0,0,0,0,0,0,0,0,0,0,0,0,0,0,0,0,1,10,./Cleaned-Dataset/Webshell/5ad8a2e26c8719cb7bc16b8fbfafef88.php,webshell
0,0,0,0,0,0,0,0,1,0,0,0,0,0,2,0,0,0,0,0,0,3,19,./Cleaned-Dataset/Webshell/5aed0f2b0d82f789675d22998dd77ec1.php,webshell
0,0,1,1,0,0,0,0,0,0,0,0,0,2,0,0,0,0,0,0,0,39,161,./Cleaned-Dataset/Webshell/5af2f044742cc9ecbbedcec6f2c06fdb.php,webshell
0,0,1,1,0,1,0,0,0,0,0,0,0,5,0,0,0,0,0,0,0,15,41,./Cleaned-Dataset/Webshell/5b334d494564393f419af745dc1eeec7.php,webshell
0,0,1,1,0,0,0,0,0,0,0,0,3,21,0,5,3,0,0,0,0,269,592,./Cleaned-Dataset/Webshell/5b3844ae3bdfea11b4b8da109ec0d475.php,webshell
0,0,0,0,0,0,0,0,0,0,0,0,0,0,0,0,0,0,0,0,0,58,123,./Cleaned-Dataset/Webshell/5b421d165234811ccdde6b14be0991dc.php,webshell
16,0,6,28,2,2,1,1,5,1,0,0,56,288,2,1,10,1,0,1,0,2880,9356,./Cleaned-Dataset/Webshell/5b6b75530e9b0a2003609547ccd340ed.php,webshell
0,0,0,0,0,0,0,0,0,0,0,0,0,1,0,0,0,0,0,0,0,1,9,./Cleaned-Dataset/Webshell/5ba20c01ec90876fe2a83a9107a63fd6.php,webshell
3,0,0,0,0,0,0,0,1,0,0,0,1,1,0,0,0,0,0,0,0,4,22,./Cleaned-Dataset/Webshell/5ba8d442cd3516c831d0b61a9c049aac.php,webshell
10,0,6,3,0,3,1,0,6,0,0,0,3,3,7,2,0,2,0,0,0,3435,14001,./Cleaned-Dataset/Webshell/5ba924eb225242710af2d89b1b3f77ee.php,webshell
5,0,12,24,9,9,7,7,5,2,1,0,31,149,0,2,4,0,0,0,0,2600,8620,./Cleaned-Dataset/Webshell/5bb2ba78506e96c7dee874d1521eed58.php,webshell
0,0,0,0,0,0,0,0,0,0,0,0,0,0,0,0,4,0,0,0,0,26,65,./Cleaned-Dataset/Webshell/5bb48051be400fbce8c7bd0431301e51.php,webshell
1,0,0,0,0,0,0,0,0,0,0,0,0,1,0,0,0,0,0,0,0,0,6,./Cleaned-Dataset/Webshell/5bcba70b2137375225d8eedcde2c0ebb.php,webshell
0,0,0,0,0,0,0,0,0,0,0,0,0,3,0,0,0,0,0,0,0,38,333,./Cleaned-Dataset/Webshell/5bd07ccb1111950a5b47327946bfa194.php,webshell
0,0,0,0,0,0,0,0,0,0,0,0,0,0,0,0,0,0,0,0,0,22,58,./Cleaned-Dataset/Webshell/5bdd60db27e975b7b6830729ed8e8dd5.php,webshell
0,0,0,0,0,0,0,0,0,0,0,0,0,0,0,0,0,0,0,0,0,16,341,./Cleaned-Dataset/Webshell/5beee9b3109d7099ba33be25f5b9ab9f.php,webshell
0,0,0,0,0,0,0,0,1,0,0,0,2,0,0,0,0,0,0,0,0,3,13,./Cleaned-Dataset/Webshell/5c19230fbd00ee1d73969d35287712f9.php,webshell
1,0,0,0,0,0,0,0,1,1,0,0,0,0,0,0,0,0,0,0,0,0,7,./Cleaned-Dataset/Webshell/5c1c8120d82f46ff9d813fbe3354bac5.php,webshell
7,0,2,5,2,2,1,0,4,1,0,0,118,198,0,8,13,0,0,0,0,2399,8025,./Cleaned-Dataset/Webshell/5c2e79ade5591f73b2797251f62f969e.php,webshell
0,0,2,1,0,0,0,0,1,0,0,0,0,21,0,0,0,0,0,0,0,159,1144,./Cleaned-Dataset/Webshell/5c377a3fea6a236b00851a2307a0df38.php,webshell
0,0,0,0,0,0,0,0,0,0,0,0,0,0,0,0,0,0,0,0,0,84,293,./Cleaned-Dataset/Webshell/5c50c9ebb58b39b040b8e228cab65541.php,webshell
1,0,0,0,0,0,0,0,0,0,0,0,0,0,0,0,0,0,0,0,0,3,17,./Cleaned-Dataset/Webshell/5c6fa0c53da6553a38bfafd5488e5c04.php,webshell
5,0,3,4,2,2,1,0,2,0,0,0,0,246,0,0,2,2,0,0,0,1650,6599,./Cleaned-Dataset/Webshell/5c8b4d71c647f77a9fdf28c2ea07fd60.php,webshell
0,0,0,0,0,0,0,0,1,0,0,0,0,2,0,0,0,0,0,0,0,13,28,./Cleaned-Dataset/Webshell/5c8fbf286be0d874c400b3dbce26400c.php,webshell
2,0,0,0,0,0,0,0,0,0,0,0,0,0,0,0,0,0,0,0,0,4,146,./Cleaned-Dataset/Webshell/5cb6321a61f72ab46a60cc4851f6c12d.php,webshell
3,0,4,3,3,4,3,3,6,0,0,0,119,142,0,0,6,7,0,0,0,1179,5556,./Cleaned-Dataset/Webshell/5cb8a45f68f700826fa562ca5951200d.php,webshell
11,0,9,0,0,0,0,0,3,0,0,0,2,2,0,2,5,0,0,0,0,2124,7213,./Cleaned-Dataset/Webshell/5cc6090277fa160fd2409ea97fc81c00.php,webshell
1,0,0,0,0,0,0,0,1,1,0,2,0,0,0,0,0,0,0,0,0,1,11,./Cleaned-Dataset/Webshell/5ccee848d8edc2f345d4bacda762a2a1.php,webshell
0,0,1,0,0,0,0,0,14,0,0,0,0,0,3,2,0,0,0,0,0,269,2715,./Cleaned-Dataset/Webshell/5ceeef6b2317dbfcc9cb359944943eda.php,webshell
0,0,0,0,0,0,0,0,0,0,0,0,2,0,0,0,0,0,0,0,0,34,103,./Cleaned-Dataset/Webshell/5cf620504c3d6696ae6a9743e4a14315.php,webshell
20,0,5,5,0,0,0,0,1,0,0,0,14,46,0,0,3,0,0,0,0,703,2602,./Cleaned-Dataset/Webshell/5d0ea0e162cc2e73243e106c95e7e69e.php,webshell
1,0,0,0,0,0,0,0,0,0,0,0,0,0,0,0,0,0,0,0,0,1,10,./Cleaned-Dataset/Webshell/5d1b8ded4ecb00dc47d6a837e8d270d8.php,webshell
1,0,0,0,0,0,0,0,1,1,0,1,0,0,0,0,0,0,0,0,0,2,11,./Cleaned-Dataset/Webshell/5d224ec75b54d7c80f75df844deff80c.php,webshell
5,0,11,6,6,2,0,1,21,8,0,9,116,185,4,0,5,22,0,1,0,3741,12158,./Cleaned-Dataset/Webshell/5d23008653eeb1c844cbe3a06cbfa2e2.php,webshell
0,0,0,1,0,0,0,0,0,0,0,0,0,0,4,0,0,0,0,0,0,71,282,./Cleaned-Dataset/Webshell/5d28d2cd30b9bb9c48cf6ba4a9bc8f93.php,webshell
1,0,0,0,0,0,0,0,1,0,0,0,0,0,0,0,0,0,0,0,0,1608,59,./Cleaned-Dataset/Webshell/5d4fd8b0212fda57431f126d25779ba9.php,webshell
0,0,0,0,0,0,0,0,0,0,0,0,0,0,0,0,0,0,0,0,0,5,7,./Cleaned-Dataset/Webshell/5d5f1486366d8b85607e2aef7042ec06.php,webshell
0,0,0,0,0,0,0,0,1,0,0,0,0,1,1,0,0,0,0,0,0,2,19,./Cleaned-Dataset/Webshell/5d638882f46f668e94b46e801d6c8716.php,webshell
7,0,4,4,4,4,3,3,3,1,1,1,0,1,221,0,3,0,0,1,0,2622,10772,./Cleaned-Dataset/Webshell/5d64dbfacb0a98e75c75f8c9dd47613c.php,webshell
1,0,0,0,0,0,0,0,0,0,0,0,0,1,0,1,0,0,0,0,0,488,2752,./Cleaned-Dataset/Webshell/5d70b3269240bb8ddf8bd586609d2c68.php,webshell
0,0,0,0,0,0,0,0,1,0,0,0,0,1,1,0,0,0,0,0,0,2,19,./Cleaned-Dataset/Webshell/5d71449647e69b5c57d6f05ba799ca02.php,webshell
3,0,4,8,2,3,0,0,0,0,0,0,3,42,0,0,0,1,0,0,0,1193,2129,./Cleaned-Dataset/Webshell/5d78ac5c602c4adc93efd5b34e5a88b8.php,webshell
0,0,0,0,0,0,0,0,0,0,0,0,0,0,0,0,0,0,0,0,0,7,13,./Cleaned-Dataset/Webshell/5d7b2913c1a2d0da670bd0272823f471.php,webshell
3,0,2,2,2,2,2,3,7,6,5,6,102,41,39,2,2,2,0,1,0,964,4752,./Cleaned-Dataset/Webshell/5d834413bef7af10b98a8e65221050d3.php,webshell
1,0,0,0,0,0,0,0,2,0,0,0,0,2,0,0,0,0,0,0,0,4,28,./Cleaned-Dataset/Webshell/5d8447e68647578c7c15bbca1ab9682d.php,webshell
2,0,0,0,0,0,0,0,0,0,0,0,0,0,0,0,0,0,0,0,0,4,145,./Cleaned-Dataset/Webshell/5db7f745ec0164ae5bcb7f7ff356d89a.php,webshell
0,0,0,0,0,0,0,0,0,0,1,0,0,0,0,0,0,0,0,0,0,8,41,./Cleaned-Dataset/Webshell/5dd9d750be198dd2ae1b173f16a5cd05.php,webshell
1,0,0,0,0,0,0,0,1,1,0,1,0,0,0,0,0,0,0,0,0,1,9,./Cleaned-Dataset/Webshell/5dde20486ab29ed8ddd190a8b0095a39.php,webshell
0,0,0,0,0,0,0,0,0,0,0,0,0,0,0,0,0,0,0,0,0,61,176,./Cleaned-Dataset/Webshell/5de95bf720b87f138b99e58da9782cbe.php,webshell
12,0,15,14,4,10,6,0,10,0,0,0,72,43,7,2,0,4,0,0,0,3833,15784,./Cleaned-Dataset/Webshell/5df792d2f0f1e5b7fd261510ad9f6f36.php,webshell
2,0,0,0,0,0,0,0,2,0,0,0,1,16,0,0,0,0,0,0,0,204,673,./Cleaned-Dataset/Webshell/5e0abdce8a5e691ad6301da37edcee15.php,webshell
0,0,1,0,0,0,0,0,0,0,0,0,1,2,0,0,0,0,0,0,0,223,916,./Cleaned-Dataset/Webshell/5e2ede2d1c4fa1fcc3cbfe0c005d7b13.php,webshell
0,0,28,0,0,0,0,0,0,0,0,0,0,0,0,0,0,0,0,0,0,624,1046,./Cleaned-Dataset/Webshell/5e2f3cb2b3f9067c2fa2fd459458a69b.php,webshell
5,0,2,4,2,2,1,0,0,0,0,0,0,127,0,39,2,1,0,0,0,489,3928,./Cleaned-Dataset/Webshell/5e47f14687634a9ab630708efb475ad9.php,webshell
8,0,2,3,2,2,0,1,5,5,0,0,0,0,185,2,3,0,0,0,0,1777,6055,./Cleaned-Dataset/Webshell/5e491a2b022f78745ead2cc0747d507a.php,webshell
0,0,0,0,0,0,0,0,0,0,0,0,0,0,0,0,0,0,0,0,0,173,444,./Cleaned-Dataset/Webshell/5e70063b7f7f45c8d8d6a6dfbe0e132f.php,webshell
1,0,0,0,0,0,0,0,0,0,0,0,0,0,0,0,0,0,0,0,0,1,10,./Cleaned-Dataset/Webshell/5e735053c1230082b8b26f73dad23748.php,webshell
0,0,0,0,0,0,0,0,0,0,0,0,1,0,0,0,0,0,0,0,0,35,308,./Cleaned-Dataset/Webshell/5e7f70bd137e1388d857f6ce7461499c.php,webshell
0,0,0,0,0,0,0,0,0,0,0,0,0,0,0,0,0,0,0,0,0,17,344,./Cleaned-Dataset/Webshell/5e813df94afcc5eeed8e17d4dcedc39b.php,webshell
0,0,0,0,0,0,0,0,0,0,0,0,0,0,2,1,0,0,0,0,0,0,18,./Cleaned-Dataset/Webshell/5e93d0142071afd855fdc99c45207b19.php,webshell
4,0,10,7,0,6,6,0,6,0,0,0,99,67,80,2,4,0,0,0,0,1392,5284,./Cleaned-Dataset/Webshell/5e9db00cf1c2f7772795a2f80185abf0.php,webshell
0,0,0,0,0,0,0,0,0,0,0,0,0,0,0,0,0,0,0,0,0,21,180,./Cleaned-Dataset/Webshell/5ea4f901ce1abdf20870c214b3231db3.php,webshell
6,0,11,6,6,2,0,1,22,8,0,9,116,185,4,0,5,22,0,1,0,3744,12172,./Cleaned-Dataset/Webshell/5ead03c8d574d38a74a3c3992b757d75.php,webshell
8,0,2,3,2,2,0,1,5,5,0,0,0,0,185,2,3,0,0,0,0,1777,6055,./Cleaned-Dataset/Webshell/5ebbca6eb625dea68be6b3c478a2c222.php,webshell
2,0,0,0,0,0,0,0,0,0,0,0,0,0,0,0,0,0,0,0,0,4,145,./Cleaned-Dataset/Webshell/5ec01d905949ac7c1e93b935e9427987.php,webshell
1,0,0,0,0,0,0,0,1,1,0,1,0,0,0,0,0,0,0,0,0,1,11,./Cleaned-Dataset/Webshell/5ec224ab2f44f05dde2141f8f5ef6cae.php,webshell
0,0,0,0,0,0,0,0,0,0,0,0,0,1,0,0,0,0,0,0,0,8,68,./Cleaned-Dataset/Webshell/5f104567e499831eb2212f25692088fc.php,webshell
0,0,0,0,0,0,0,0,0,0,0,0,0,0,0,0,0,0,0,0,0,88,198,./Cleaned-Dataset/Webshell/5f185dabc2629a13b5831145155c1c84.php,webshell
1,0,0,0,0,0,0,0,1,1,0,1,0,0,0,0,0,0,0,0,0,1,9,./Cleaned-Dataset/Webshell/5f370366c96b6c6b19f6a7ccd6886563.php,webshell
0,0,0,0,0,1,0,0,0,0,0,0,0,0,0,0,0,0,0,0,0,611,2485,./Cleaned-Dataset/Webshell/5f3fb817622ed369f075189104b09cef.php,webshell
2,0,0,0,0,0,0,0,1,1,0,0,0,0,0,0,0,0,0,0,0,14,49,./Cleaned-Dataset/Webshell/5f46fa876d462b5a77dd16963da44c32.php,webshell
5,0,3,4,2,2,1,0,4,0,0,0,0,252,0,42,2,1,0,0,0,1654,6613,./Cleaned-Dataset/Webshell/5f5601bae5bb21e544d26f1e51cfb3d2.php,webshell
8,0,17,20,17,17,16,6,4,0,0,0,0,8,2,2,3,0,0,0,0,1920,8212,./Cleaned-Dataset/Webshell/5f57617e91fd8a72df4899aa62081748.php,webshell
5,0,2,2,2,2,2,2,3,1,0,0,120,35,0,0,2,1,0,0,0,1027,3585,./Cleaned-Dataset/Webshell/5f58e7b222063ad71eaeaca651010ce6.php,webshell
0,0,0,0,0,0,0,0,0,0,0,0,0,1,0,0,0,0,0,0,0,5,11,./Cleaned-Dataset/Webshell/5f5e8a7e6d559f24509c6e44c7471f3e.php,webshell
0,0,0,0,0,0,0,0,0,0,0,0,0,0,0,0,0,0,0,0,0,20,353,./Cleaned-Dataset/Webshell/5f6cab969898af6a5e020fe211203174.php,webshell
7,0,4,6,5,4,3,0,6,0,0,0,3,115,0,39,2,1,0,0,0,1103,3543,./Cleaned-Dataset/Webshell/5f6e370e063252a6f34b18497b51700f.php,webshell
10,0,6,3,0,3,1,0,6,0,0,0,3,3,7,2,0,2,0,0,0,3946,13945,./Cleaned-Dataset/Webshell/5f8c56577ebbe9a7ab38e17f46f47011.php,webshell
7,0,2,6,2,2,1,4,4,0,0,0,0,3,0,2,3,1,0,0,0,2099,8409,./Cleaned-Dataset/Webshell/5f910520484542d7581d2790e1ad579f.php,webshell
0,0,0,0,0,0,0,0,0,0,0,0,0,16,0,0,0,0,0,0,0,66,455,./Cleaned-Dataset/Webshell/5f94c339685fc0d4b1d16bb71e0b1024.php,webshell
1,0,0,0,0,0,0,0,0,0,0,0,0,0,28,0,0,0,0,0,0,187,982,./Cleaned-Dataset/Webshell/5f94e3084065a027480ca0416e79d962.php,webshell
0,0,0,0,0,0,0,0,0,0,0,0,0,0,0,0,0,0,0,0,0,16,41,./Cleaned-Dataset/Webshell/5fb6f5ded8f41cf7f1b8c078b4ba6023.php,webshell
0,0,0,0,0,0,0,0,1,0,0,0,0,0,0,0,0,2,0,0,0,518,1734,./Cleaned-Dataset/Webshell/5fbe4d8edeb2769eda5f4add9bab901e.php,webshell
0,0,0,0,0,0,0,0,0,0,0,0,1,1,0,0,2,0,0,0,0,21,62,./Cleaned-Dataset/Webshell/6002ac9e61f9f5a376f3abb2d52fa847.php,webshell
13,0,7,4,4,4,4,0,9,0,0,0,3,3,4,2,2,2,0,0,0,4072,13996,./Cleaned-Dataset/Webshell/60067189e74d6fafe467cdced9ad453d.php,webshell
3,0,4,8,2,3,0,0,0,0,0,0,3,42,0,0,0,1,0,0,0,1193,2129,./Cleaned-Dataset/Webshell/6027b9c4a7a46fb5e9619c3d201c4f2c.php,webshell
0,0,0,0,0,0,0,0,0,0,0,0,0,0,0,0,0,0,0,0,0,3,80,./Cleaned-Dataset/Webshell/604822cd64c3a4e550534e62a215ecaf.php,webshell
1,0,0,0,0,0,0,0,2,0,0,0,0,2,0,0,0,0,0,0,0,4,28,./Cleaned-Dataset/Webshell/605059160934578e67ad94929f30127d.php,webshell
0,0,0,0,0,0,0,0,0,0,0,0,0,0,0,0,0,0,0,0,0,20,353,./Cleaned-Dataset/Webshell/6065fb6cb7d1a2640b494e6e5a096c44.php,webshell
0,0,0,0,0,0,0,0,0,0,0,0,1,1,0,0,0,0,0,0,0,0,12,./Cleaned-Dataset/Webshell/60716d88fce7a79f7d88c9cafeaf6a3a.php,webshell
0,0,0,0,0,0,0,0,0,0,0,0,0,1,2,0,3,0,0,0,1,19,69,./Cleaned-Dataset/Webshell/6082396061900c1d24436c9083ef9d6a.php,webshell
1,0,0,0,0,0,0,0,0,0,0,0,1,0,1,0,0,0,0,0,0,1,18,./Cleaned-Dataset/Webshell/608d522455ec08ced42c4844e006f48d.php,webshell
0,0,0,0,2,0,0,0,0,0,0,0,0,2,0,0,0,0,0,0,0,143,127,./Cleaned-Dataset/Webshell/60a1a364562640f62f7556fcac47eec4.php,webshell
1,0,0,0,0,0,0,0,0,0,0,0,0,0,0,0,0,0,0,0,0,2,137,./Cleaned-Dataset/Webshell/60b2f8e4be614da799bfd4f69a3237f8.php,webshell
13,0,7,4,4,4,4,0,9,0,0,0,3,3,4,2,2,2,0,0,0,4072,13996,./Cleaned-Dataset/Webshell/60b348489f015890799830f9f371c234.php,webshell
1,0,0,0,0,0,0,0,1,1,0,2,0,4,0,0,0,0,0,0,0,74,61,./Cleaned-Dataset/Webshell/60c1aa9ff9738fb1f336d3ba845acd7a.php,webshell
0,0,1,0,0,0,0,0,0,0,0,0,0,2,14,0,6,0,0,0,0,124,368,./Cleaned-Dataset/Webshell/60c28fd75ac48eafee5284a641705d82.php,webshell
7,0,2,5,2,2,1,0,4,1,0,0,118,198,0,8,13,0,0,0,0,2399,8025,./Cleaned-Dataset/Webshell/60e796001c096254512da85b13e2d5d3.php,webshell
0,0,0,0,0,0,0,0,0,0,0,0,0,1,0,0,0,0,0,0,0,5,11,./Cleaned-Dataset/Webshell/60ec82c02f7852e4d53b9ee1574b0346.php,webshell
0,0,0,0,0,0,0,0,2,0,0,0,2,1,0,0,0,0,0,0,0,12,57,./Cleaned-Dataset/Webshell/60ec925c70aa37d9ab83e851a7d9ba01.php,webshell
10,0,4,0,0,0,0,0,6,0,0,0,1,0,0,1,0,3,0,0,0,3145,9818,./Cleaned-Dataset/Webshell/610e5adf32eeceaa32badf18c76d0bde.php,webshell
1,0,0,0,0,0,0,0,9,0,0,0,0,2,0,0,2,0,0,0,0,36,134,./Cleaned-Dataset/Webshell/6114d6669f4ac46940cfc35631b561c8.php,webshell
0,0,0,0,0,0,0,0,0,0,0,0,0,0,0,0,0,0,0,0,0,15,41,./Cleaned-Dataset/Webshell/61411cb892e59ef7b3564515d88234f1.php,webshell
1,0,4,3,5,4,0,0,5,0,0,0,53,39,2,0,3,2,0,0,0,665,2881,./Cleaned-Dataset/Webshell/614c7555a2e211f30ae7fdc5c06c06f1.php,webshell
0,0,1,1,1,0,0,0,0,0,0,0,2,6,0,0,0,0,0,0,0,741,2213,./Cleaned-Dataset/Webshell/6163b30600f1e80d2bb5afaa753490b6.php,webshell
1,0,0,0,0,0,0,0,1,1,0,0,0,0,0,0,0,0,0,0,0,2,9,./Cleaned-Dataset/Webshell/616df260c06298acaa125dfc63dc9f83.php,webshell
1,0,0,0,0,0,0,0,0,0,0,0,0,0,0,0,0,0,0,0,0,2,8,./Cleaned-Dataset/Webshell/61790c8b9c0738a628aae7755b9c0d6d.php,webshell
1,0,0,0,0,0,0,0,0,0,0,0,0,1,0,0,0,0,0,0,0,3,29,./Cleaned-Dataset/Webshell/61b270792af25234b5924b2e6cd2621f.php,webshell
0,0,2,0,0,0,0,0,0,0,0,0,0,0,0,0,0,0,0,0,0,696,917,./Cleaned-Dataset/Webshell/61ba860ce50003c8a934a062231eb028.php,webshell
0,0,0,0,0,0,0,0,0,0,0,0,3,0,0,0,0,0,0,0,0,17,379,./Cleaned-Dataset/Webshell/61c1047ee46d6f3a341eaf4fcfd2a32a.php,webshell
1,0,0,0,0,0,0,0,0,0,0,0,0,0,0,0,0,0,0,0,0,8,112,./Cleaned-Dataset/Webshell/61c737b1b681dfff62df2fcfcc5e6c53.php,webshell
0,0,0,0,0,0,0,0,0,0,0,0,0,0,0,0,0,0,0,0,0,16,41,./Cleaned-Dataset/Webshell/61cc73cce171dd622a160fc368dc46d0.php,webshell
1,0,0,0,0,0,0,0,1,2,0,0,0,0,0,0,0,0,0,0,0,24,335,./Cleaned-Dataset/Webshell/61d458119ef55448e2716a4e1de488a2.php,webshell
0,0,0,0,0,0,0,0,4,0,0,0,0,0,0,0,0,0,0,0,0,6,51,./Cleaned-Dataset/Webshell/61e9803326b632f0ab92e6de04a93c1a.php,webshell
0,0,0,0,0,0,0,0,0,0,0,0,0,0,0,0,0,0,0,0,0,16,41,./Cleaned-Dataset/Webshell/61f04d0360bd341d36689cc0292c1499.php,webshell
0,0,4,0,0,0,0,0,0,0,0,0,0,0,0,0,0,0,0,0,0,32,198,./Cleaned-Dataset/Webshell/61f64be6881201fb106070d69472aa79.php,webshell
0,0,0,0,2,0,0,0,0,0,0,0,2,4,0,0,3,0,0,0,0,64,314,./Cleaned-Dataset/Webshell/61fe1f52b8d657e16073bdd283395957.php,webshell
0,0,0,0,0,0,0,0,0,0,0,0,0,0,2,0,0,0,0,0,0,2,15,./Cleaned-Dataset/Webshell/6201e83048c5d0561a9e5a71cc3af47f.php,webshell
1,0,0,0,0,0,0,0,1,1,0,0,0,0,0,0,0,0,0,0,0,0,7,./Cleaned-Dataset/Webshell/62199f5ac721a0cb9b28f465a513874c.php,webshell
0,0,0,1,0,0,2,0,0,0,0,0,0,15,0,0,5,0,0,0,0,153,745,./Cleaned-Dataset/Webshell/621c3c737c159e0c4ea8a85ce30919bb.php,webshell
0,1,0,0,0,0,0,0,0,0,0,0,0,1,0,0,0,0,0,0,0,4,20,./Cleaned-Dataset/Webshell/621f3eb14a046ae86c4444e165782355.php,webshell
0,0,0,0,0,0,0,0,0,0,0,0,0,0,0,0,0,0,0,0,0,11,91,./Cleaned-Dataset/Webshell/62449fe5ed7a07e191568668fc13349a.php,webshell
1,0,0,0,0,0,0,0,0,0,0,0,0,1,0,0,0,0,0,0,0,13,28,./Cleaned-Dataset/Webshell/624dd690a327913d62e0c03d0ddd69eb.php,webshell
0,0,5,8,0,0,0,0,0,0,0,0,0,0,0,0,0,1,0,0,0,174,913,./Cleaned-Dataset/Webshell/62783d1db52d05b1b6ae2403a7044490.php,webshell
0,0,0,0,0,0,0,0,3,0,0,0,0,0,4,0,0,0,0,0,0,70,397,./Cleaned-Dataset/Webshell/62992734fb17aa7d36ae86a87228dda7.php,webshell
0,0,0,0,0,0,0,0,0,0,0,0,0,0,0,0,0,0,0,0,0,9,14,./Cleaned-Dataset/Webshell/629a58eac269d0f73934dc27bf2dbb3f.php,webshell
0,0,0,0,0,0,0,0,0,0,0,0,0,0,0,0,0,0,0,0,0,65,468,./Cleaned-Dataset/Webshell/62b5d094ad1ad83178a4afdb210500ca.php,webshell
0,0,0,0,0,0,0,0,0,0,0,0,0,0,0,0,0,0,0,0,0,4,15,./Cleaned-Dataset/Webshell/62bea270d860577e28e4cd135082da36.php,webshell
0,0,0,0,0,0,0,0,0,0,0,0,0,0,0,0,0,0,0,0,0,613,2738,./Cleaned-Dataset/Webshell/62dece6f4e6a8482219d821e04936dad.php,webshell
1,0,0,0,0,0,0,0,0,0,0,0,0,0,0,0,0,0,0,0,1,45,303,./Cleaned-Dataset/Webshell/62f345c441b4da1d873e900e490953c9.php,webshell
11,0,6,3,0,3,1,0,7,0,0,0,7,3,7,2,0,2,0,0,0,4152,14588,./Cleaned-Dataset/Webshell/62f41e586a51d7646658eb7aecc14374.php,webshell
1,0,0,0,0,0,0,0,1,1,0,0,0,0,0,0,0,0,0,0,0,1,7,./Cleaned-Dataset/Webshell/63073a4cc41f04dbcfe1c140d91223d5.php,webshell
1,0,1,0,0,0,0,0,0,0,0,0,0,0,0,0,0,0,0,0,0,186,382,./Cleaned-Dataset/Webshell/630bb1dc74681ad2960524019dce0f9d.php,webshell
10,0,4,0,0,0,0,0,4,0,0,0,1,0,0,1,0,1,0,0,0,2939,9099,./Cleaned-Dataset/Webshell/631c125a7d369f2b4b9104d0a444e12d.php,webshell
5,0,8,33,3,3,3,3,2,0,0,0,4,3,401,5,7,7,0,0,0,3054,11905,./Cleaned-Dataset/Webshell/632aa9cdfe806f69e442002fa835f59b.php,webshell
1,0,0,0,0,0,0,0,0,0,0,0,0,1,0,0,0,0,0,0,0,1,127,./Cleaned-Dataset/Webshell/633b802bf099ba2f5e8cd075c2abc55d.php,webshell
9,0,3,3,2,2,1,0,3,0,0,0,11,367,0,2,0,3,0,0,0,2814,9014,./Cleaned-Dataset/Webshell/633d669d2b8c63db9ef73b88e6504656.php,webshell
0,0,0,0,0,0,0,0,0,0,0,0,0,11,0,0,0,0,0,0,0,78,269,./Cleaned-Dataset/Webshell/634191f468b68e74516dc3cd28a62f46.php,webshell
0,0,0,0,0,0,0,0,0,0,0,0,0,0,2,0,0,0,0,0,0,2,14,./Cleaned-Dataset/Webshell/634f9b97dc9286304e7a600137927684.php,webshell
0,0,1,0,0,0,0,0,0,0,0,0,1,0,0,0,0,0,0,0,0,1,7,./Cleaned-Dataset/Webshell/63624da4894c471ae21a47a67907651d.php,webshell
0,0,0,0,0,0,0,0,0,0,0,0,2,0,0,0,0,0,0,0,0,34,103,./Cleaned-Dataset/Webshell/63c7e7c4c9128b4a20daf5688c964797.php,webshell
0,0,0,0,0,0,0,0,0,0,0,0,0,0,0,0,0,0,0,0,0,95,385,./Cleaned-Dataset/Webshell/63fe3e7e7f3681986677ddccf380e458.php,webshell
0,0,0,0,0,0,0,0,1,0,0,0,0,0,0,0,0,0,0,0,0,22,290,./Cleaned-Dataset/Webshell/6405efe70abd6c117021b55eff7b2a37.php,webshell
0,0,0,0,0,0,0,0,0,0,0,0,0,0,0,0,0,0,0,0,0,15,22,./Cleaned-Dataset/Webshell/643a2534d9f416f567cfce3a11b4dae7.php,webshell
1,0,0,0,0,0,0,0,0,0,0,0,0,0,0,0,0,0,0,0,0,73,64,./Cleaned-Dataset/Webshell/643d9601e56c02cd41a7441066092be2.php,webshell
0,0,0,0,0,0,0,0,0,0,0,0,0,0,0,0,0,0,0,0,0,20,353,./Cleaned-Dataset/Webshell/644990bda61794d40f1fa58376eccf97.php,webshell
14,0,17,9,9,5,7,2,6,0,0,0,67,652,27,17,0,12,0,1,2,7691,24122,./Cleaned-Dataset/Webshell/64731fc94c5524f05cc610260fae19a1.php,webshell
0,1,0,0,0,0,0,0,0,0,0,0,0,0,1,0,0,0,0,0,0,2,27,./Cleaned-Dataset/Webshell/64ad1bc2f558b920ea037ad4cc0a3b05.php,webshell
0,1,0,0,0,0,0,0,0,0,0,0,0,0,1,0,0,0,0,0,1,1,31,./Cleaned-Dataset/Webshell/64c26c67eb66681e149ec718ad0015ce.php,webshell
0,0,0,0,0,0,0,0,0,0,0,0,7,29,0,0,3,0,0,0,0,235,731,./Cleaned-Dataset/Webshell/64d3927188047f7d05bcfb086557015f.php,webshell
7,0,2,3,2,2,1,0,1,0,0,0,1,5,0,2,4,1,0,0,0,1628,6597,./Cleaned-Dataset/Webshell/64dce0ab6bd4cd723fac23bb645f7503.php,webshell
0,0,0,0,0,0,0,0,0,0,0,0,0,0,0,0,0,0,0,0,0,20,353,./Cleaned-Dataset/Webshell/64de41b65d814ab3af6347aace093b3b.php,webshell
1,0,0,0,0,0,0,0,0,0,0,0,0,0,0,0,0,0,0,0,0,3,65,./Cleaned-Dataset/Webshell/64eb39f996484627f189b5d7fa7456f0.php,webshell
0,0,0,0,0,0,0,0,0,0,0,0,0,0,0,0,0,0,0,0,0,20,26,./Cleaned-Dataset/Webshell/64f24f09ec6efaa904e2492dffc518b9.php,webshell
5,0,3,4,2,2,1,0,6,0,0,0,0,287,0,55,3,2,0,0,0,1964,7783,./Cleaned-Dataset/Webshell/64f7ded635ae77351ffbb2718e22b581.php,webshell
0,1,0,0,0,0,0,0,0,0,0,0,0,1,0,0,0,0,0,0,0,0,129,./Cleaned-Dataset/Webshell/64f8830923da51e3b1bfe5f317cd04f8.php,webshell
1,0,0,0,0,0,0,0,0,0,0,0,0,0,0,0,0,0,0,0,0,2,98,./Cleaned-Dataset/Webshell/650cd67527aa1b7ccb99132c8443ef92.php,webshell
1,0,0,0,0,0,0,0,1,1,0,0,0,0,0,0,0,0,0,0,0,4,16,./Cleaned-Dataset/Webshell/651707a7d5472c4b3faec4b27e5ed202.php,webshell
1,0,0,0,0,0,0,0,0,0,0,0,0,0,0,0,0,0,0,0,0,1,8,./Cleaned-Dataset/Webshell/6527a8c00fcc19a95c48a92864b37559.php,webshell
0,0,0,0,0,0,0,0,0,0,0,0,1,0,0,0,0,0,0,0,0,3,27,./Cleaned-Dataset/Webshell/6528cc002029c69e5fd89d6434e3a927.php,webshell
0,0,0,0,0,0,0,0,0,0,0,0,0,0,0,0,0,0,0,0,0,81,213,./Cleaned-Dataset/Webshell/652b0ce9307eaea6d63ac267962b46d5.php,webshell
2,0,0,0,0,0,0,0,1,0,0,0,6,11,0,0,0,0,0,0,0,240,1554,./Cleaned-Dataset/Webshell/653e794c21e9775b4fa413aca066d366.php,webshell
0,0,0,0,0,0,0,0,0,0,0,0,2,0,0,0,0,0,0,0,0,34,103,./Cleaned-Dataset/Webshell/654189d1a4f099130fcdaa2a481fe61f.php,webshell
0,0,5,4,0,0,0,0,0,0,0,0,0,0,0,0,0,0,0,0,0,105,577,./Cleaned-Dataset/Webshell/65597dfe794fb4b5de63a7ffefb64a3f.php,webshell
1,0,0,0,0,0,0,0,1,0,0,0,0,0,0,0,0,0,0,0,0,1,8,./Cleaned-Dataset/Webshell/657f929291b40d89916056bd3676e62b.php,webshell
0,0,0,0,0,0,0,0,0,0,0,0,0,0,0,0,0,0,0,0,0,4,9,./Cleaned-Dataset/Webshell/65ae048fc698fff216c13f7f56ecd904.php,webshell
1,0,0,0,0,0,0,0,0,0,0,0,0,0,0,0,0,0,0,0,0,1,4,./Cleaned-Dataset/Webshell/65b55d819db3e916cef75d8fe45b843a.php,webshell
0,0,0,0,0,0,0,0,1,0,0,0,0,1,1,0,0,0,0,0,0,2,19,./Cleaned-Dataset/Webshell/65d71ebe0b7c012ca9edf5d58dc0f9ee.php,webshell
0,0,0,0,0,0,0,0,0,1,0,0,0,4,0,2,0,0,0,0,0,20,123,./Cleaned-Dataset/Webshell/65dae0ed046292e69692c54ba9b2c06a.php,webshell
0,0,0,0,0,0,0,0,0,0,0,0,0,0,0,0,0,0,0,0,0,19,350,./Cleaned-Dataset/Webshell/65dc977cd3c2f80ef770ef6d8c44dcdf.php,webshell
0,0,0,0,0,0,0,0,0,0,0,0,0,0,0,0,0,0,0,0,0,9,14,./Cleaned-Dataset/Webshell/65eed4e3fcaf378ec9654b36aa26f7e9.php,webshell
1,0,1,0,0,0,0,0,1,0,1,0,0,0,0,0,0,0,0,0,0,10,35,./Cleaned-Dataset/Webshell/65f697718fac295600c7f90143e3eda0.php,webshell
5,0,3,4,2,2,1,0,2,0,0,0,0,252,0,42,2,1,0,0,0,1666,6646,./Cleaned-Dataset/Webshell/65fdc4aeef64f042f93346ab6253ceba.php,webshell
0,0,0,0,0,0,0,0,0,0,0,0,2,4,0,0,0,0,0,0,0,41,92,./Cleaned-Dataset/Webshell/6627dfc9510d42f939fb584ac62bda76.php,webshell
7,0,2,6,2,2,1,4,4,0,0,0,0,3,0,2,3,1,0,0,0,2104,8424,./Cleaned-Dataset/Webshell/662cd625c999e775e12d723e4e726703.php,webshell
2,0,0,0,0,0,0,0,0,0,0,0,0,1,0,0,0,0,0,0,0,4,14,./Cleaned-Dataset/Webshell/663b757e1a26079be970cb3b378b77da.php,webshell
0,0,2,2,0,0,0,0,0,0,0,0,2,2,0,0,0,0,0,0,0,779,2481,./Cleaned-Dataset/Webshell/664622b65627a24e0e69773909be51e2.php,webshell
0,0,0,0,0,0,0,0,0,0,0,0,0,0,0,0,0,1,0,0,0,1,1,./Cleaned-Dataset/Webshell/665b3fb39eb80f7c11101e60582cdae9.php,webshell
0,0,0,0,0,0,0,0,0,0,0,0,0,0,0,0,0,0,0,0,0,63,152,./Cleaned-Dataset/Webshell/66799ef51f3a25ce2ebae5bd6db9d18f.php,webshell
7,0,2,5,2,2,1,0,4,1,0,0,118,198,0,8,13,0,0,0,0,2399,8025,./Cleaned-Dataset/Webshell/668c656f51d67232462d86eaa73b97fc.php,webshell
0,0,0,0,0,0,0,0,0,0,0,0,0,2,0,0,0,0,0,0,0,57,284,./Cleaned-Dataset/Webshell/66a02a906dd305fae9269c10f75d0f36.php,webshell
2,0,1,0,0,1,0,0,15,0,0,0,0,1,0,0,0,1,0,5,0,174,1273,./Cleaned-Dataset/Webshell/66c6fd187d9cc54d79c73841718c4022.php,webshell
0,0,0,0,0,0,0,0,0,0,0,0,0,0,0,0,0,0,0,0,0,57,137,./Cleaned-Dataset/Webshell/6705787bb3de02626a338c47311580db.php,webshell
0,0,0,0,0,0,0,0,0,0,0,0,0,0,0,0,0,0,0,0,0,18,501,./Cleaned-Dataset/Webshell/670dae7f28182b252e3e7f0b926dd622.php,webshell
10,0,4,0,0,0,0,0,4,0,0,0,1,0,0,1,0,1,0,0,0,2939,9099,./Cleaned-Dataset/Webshell/671cad517edd254352fe7e0c7c981c39.php,webshell
5,0,8,12,6,6,6,6,2,2,0,0,30,164,0,2,4,0,0,0,0,2725,8919,./Cleaned-Dataset/Webshell/673e167da09250f6939c548f74a03ad8.php,webshell
6,0,4,5,2,2,1,0,3,0,0,0,0,269,0,0,2,2,0,0,0,2182,7759,./Cleaned-Dataset/Webshell/67571a28a296bed14914839d5805c389.php,webshell
1,0,0,0,0,0,0,0,0,0,0,0,0,0,2,0,0,0,0,0,0,4,62,./Cleaned-Dataset/Webshell/67793e1de97afe54f5d465c2190c7caf.php,webshell
1,0,0,0,0,0,0,0,1,0,1,0,0,0,0,0,0,0,0,0,0,5,14,./Cleaned-Dataset/Webshell/67a1514ef94389bfcf038a7bea771cca.php,webshell
1,0,0,0,0,0,0,0,1,0,0,0,0,1,0,0,0,0,0,0,0,1,18,./Cleaned-Dataset/Webshell/67a69f16be394269f8beefaefe43ce23.php,webshell
0,0,0,2,0,0,0,0,6,0,0,0,7,54,7,0,2,0,0,1,0,1002,4271,./Cleaned-Dataset/Webshell/67b7380bdafb39b3c33cb815e31375d5.php,webshell
7,0,4,4,4,4,3,3,6,1,1,1,0,1,221,0,3,0,0,1,0,2535,10284,./Cleaned-Dataset/Webshell/67c270d4bedcd535e799f53df90cc24f.php,webshell
2,0,0,0,0,0,0,0,0,0,0,0,0,1,0,0,0,0,0,0,0,1,16,./Cleaned-Dataset/Webshell/67d318005e39ce9deea15ad0e818ae84.php,webshell
0,1,0,0,0,0,0,0,0,0,0,0,0,1,0,0,0,0,0,0,0,1,11,./Cleaned-Dataset/Webshell/67da91cc65232373597d8d983e36a07c.php,webshell
0,0,0,0,0,0,0,0,0,1,0,0,0,0,0,3,0,0,0,0,0,10,104,./Cleaned-Dataset/Webshell/67f3f730a3349136dcbdca9aa4b6a616.php,webshell
1,0,0,0,0,0,0,0,0,0,0,0,0,1,0,1,0,0,1,0,0,420,2388,./Cleaned-Dataset/Webshell/67fe715314269b8e0091d0243d61a71b.php,webshell
0,0,0,0,0,0,0,0,0,0,0,0,0,0,0,0,0,0,0,0,0,3,9,./Cleaned-Dataset/Webshell/680e184a55a1f26ddb33f10b5f36eebd.php,webshell
0,0,0,0,2,0,0,0,0,0,0,0,0,0,0,0,0,0,0,0,0,31,164,./Cleaned-Dataset/Webshell/6815105cacec64e06cf827c4cc09de03.php,webshell
0,0,0,0,0,0,0,0,0,0,0,0,0,1,0,0,2,0,0,0,0,40,218,./Cleaned-Dataset/Webshell/6821f335932b721a8874d7960361b2e8.php,webshell
0,1,0,0,0,0,0,0,0,0,0,0,0,1,0,0,0,0,0,0,0,0,129,./Cleaned-Dataset/Webshell/6822c8f4c024aa73531836ac4f5a5528.php,webshell
0,0,0,0,0,0,0,0,0,0,0,0,0,0,0,0,0,0,0,0,0,20,507,./Cleaned-Dataset/Webshell/68290fe3fdadf45cbf8b490f699618f8.php,webshell
0,0,0,0,0,0,0,0,0,0,0,0,0,0,0,0,0,0,0,0,0,58,137,./Cleaned-Dataset/Webshell/6841980c0737d5cbc1ef42fb82d6c44b.php,webshell
1,0,0,0,0,0,0,0,1,0,1,0,0,0,0,0,0,0,0,0,0,4,14,./Cleaned-Dataset/Webshell/6842841f4b74c9a451548baa08fafa2a.php,webshell
7,0,0,0,0,1,0,0,1,0,0,0,2,20,0,0,6,0,0,0,0,146,349,./Cleaned-Dataset/Webshell/685f5d4f7f6751eaefc2695071569aab.php,webshell
0,0,0,0,0,0,0,0,0,0,0,0,0,0,0,0,2,0,0,0,0,4,16,./Cleaned-Dataset/Webshell/6874b8fa336f4f4b6ea9cd41f9a0ae7f.php,webshell
7,0,3,3,3,2,1,0,4,0,0,0,8,372,1,11,0,3,0,0,0,2666,9213,./Cleaned-Dataset/Webshell/687b859560405bddbf8cb3d624be12fd.php,webshell
0,0,0,0,1,0,0,0,0,0,0,0,7,9,0,0,2,0,0,0,0,287,619,./Cleaned-Dataset/Webshell/688adf7ab17d540192ee66b5af0bcd82.php,webshell
0,0,0,0,0,0,0,0,0,0,0,0,0,0,2,1,0,0,0,0,1,23,379,./Cleaned-Dataset/Webshell/68a444fb9d0936003a27b007489e7d32.php,webshell
2,0,0,0,0,0,0,0,0,0,0,0,0,0,0,0,0,0,0,0,0,7,15,./Cleaned-Dataset/Webshell/68aafef538cb8739aec826af80006e44.php,webshell
0,0,0,0,0,0,0,0,0,0,0,0,0,0,1,0,0,0,0,0,0,4,9,./Cleaned-Dataset/Webshell/68afd3ca2e7a43463cd199fae0971ccc.php,webshell
0,0,0,0,0,0,0,0,0,0,0,0,2,0,0,0,0,0,0,0,0,0,16,./Cleaned-Dataset/Webshell/68b4afff3dce23749bed8ab1b51b34ac.php,webshell
0,1,0,0,0,0,0,0,1,0,0,0,3,0,0,0,4,0,0,0,0,19,59,./Cleaned-Dataset/Webshell/68cc7a8c1976d66966892956e0d0e344.php,webshell
0,0,1,0,0,0,0,0,0,0,0,0,1,0,0,0,0,0,0,0,0,9,25,./Cleaned-Dataset/Webshell/68e3e3014f7d74c25c6f7e31ede31df8.php,webshell
1,0,0,0,0,0,0,0,1,0,0,0,0,0,0,0,0,0,0,0,0,1,5,./Cleaned-Dataset/Webshell/68f28aabd5049afad66de5deb7ff5804.php,webshell
0,0,0,0,0,0,0,0,2,0,0,0,2,1,0,0,0,0,0,0,0,12,57,./Cleaned-Dataset/Webshell/6912abbcbcce9b7e89173eee5d6c2220.php,webshell
6,0,3,3,2,2,1,0,3,0,0,0,7,330,0,0,0,3,0,0,0,2239,7531,./Cleaned-Dataset/Webshell/6914a5bd58183d7be01d3546b4ad697d.php,webshell
7,0,3,2,2,2,1,0,3,0,0,0,7,213,0,0,0,3,0,0,0,1701,5566,./Cleaned-Dataset/Webshell/69311e7ff8d2aae8dae4e5548e7b8899.php,webshell
1,0,0,0,0,0,0,0,0,1,0,0,0,0,0,0,0,0,0,0,0,10,10,./Cleaned-Dataset/Webshell/694ec6e1c4f34632a9bd7065f73be473.php,webshell
1,0,0,0,0,0,0,0,0,0,0,0,0,0,0,0,0,0,0,0,0,12,762,./Cleaned-Dataset/Webshell/6955ccb2360107d62988d1941a0ca152.php,webshell
8,0,6,16,2,2,1,1,8,1,0,0,129,240,0,8,13,0,0,0,0,2756,9218,./Cleaned-Dataset/Webshell/6960dec44f50f218da5e74b5e8196917.php,webshell
0,0,0,0,0,0,0,0,0,0,0,0,0,0,0,0,0,0,0,0,0,83,190,./Cleaned-Dataset/Webshell/69688de1f88513fe0b1cb517d3250cf8.php,webshell
0,0,0,0,0,0,0,0,0,0,0,0,0,0,0,0,0,0,0,0,0,19,350,./Cleaned-Dataset/Webshell/696af2bc42194e406527d1753d1b5d9a.php,webshell
0,0,0,0,0,0,0,1,0,0,0,0,0,15,0,1,0,0,0,0,0,188,802,./Cleaned-Dataset/Webshell/697258a836a304544f2a4451ede63659.php,webshell
0,0,0,0,0,0,0,0,0,0,0,0,0,0,0,0,0,1,0,0,0,27,155,./Cleaned-Dataset/Webshell/6983ce783b036abf8a00921cacc54970.php,webshell
1,0,1,1,0,0,0,0,1,0,0,0,2,2,0,0,0,0,0,0,0,439,3728,./Cleaned-Dataset/Webshell/698769e78c9f09b8025267377d1a2b56.php,webshell
0,0,0,0,0,0,0,0,0,0,0,0,0,0,1,0,0,0,0,0,0,7,28,./Cleaned-Dataset/Webshell/69c6e81fff092fdce9dddf6f6577bfd1.php,webshell
7,0,11,2,2,2,0,0,2,0,0,0,56,12,0,2,3,0,0,0,0,771,3185,./Cleaned-Dataset/Webshell/69f849d187a6b05a3a058c2b191ec5a5.php,webshell
0,0,2,20,0,0,0,0,0,0,0,0,0,21,0,0,0,2,0,0,0,1727,9757,./Cleaned-Dataset/Webshell/6a056393dfb4451cae44075bca0ab63d.php,webshell
0,0,0,0,0,0,0,0,0,0,0,0,0,3,0,0,0,1,0,0,0,16,107,./Cleaned-Dataset/Webshell/6a068112854c4713cf6c2b7d5df5e39d.php,webshell
0,0,0,0,0,0,0,0,0,0,0,0,0,1,0,0,0,0,0,0,0,5,11,./Cleaned-Dataset/Webshell/6a35b494d1b3c5aa9a054c4b2fb853df.php,webshell
0,0,15,1,0,0,0,0,0,0,0,0,0,0,0,0,0,0,0,0,0,456,1357,./Cleaned-Dataset/Webshell/6a4b40c0690b75f6a6de38fd2b3c6d72.php,webshell
2,0,0,0,0,0,0,0,0,0,0,0,0,0,0,0,0,0,0,0,0,4,146,./Cleaned-Dataset/Webshell/6a8507429f1af4ae35a2f25bb0a98881.php,webshell
0,0,0,0,0,0,0,0,0,0,0,0,0,0,0,0,0,0,0,0,0,419,18709,./Cleaned-Dataset/Webshell/6aa494a3e5fbdab9b06d27b0831d73e4.php,webshell
0,0,0,0,0,0,0,0,0,0,0,0,0,0,0,0,0,0,0,0,0,17,344,./Cleaned-Dataset/Webshell/6aaf9631575259f111ec7843525b904e.php,webshell
0,0,0,0,0,0,0,0,0,0,0,0,0,0,0,0,0,0,0,0,0,49,356,./Cleaned-Dataset/Webshell/6abd85e7b0763bd00049c65349fec3d9.php,webshell
14,0,6,4,4,4,4,0,9,0,0,0,3,3,5,2,1,1,0,0,0,3767,13734,./Cleaned-Dataset/Webshell/6ac53ed0fcb9d1b92361406b3edfdbc8.php,webshell
0,0,4,7,8,4,4,0,5,0,0,0,0,37,7,0,0,2,0,0,0,617,2065,./Cleaned-Dataset/Webshell/6ad9564d9e0eac9d1ecd05c167adee6c.php,webshell
1,0,0,0,0,0,0,0,1,0,0,0,0,0,0,0,0,0,0,0,0,468,1050,./Cleaned-Dataset/Webshell/6adc5cd9a9c8c95d8f40a37d475a4854.php,webshell
10,0,4,6,2,2,2,0,3,0,0,0,118,160,0,9,8,0,0,0,0,2543,10049,./Cleaned-Dataset/Webshell/6adf9ffe444dfec6a0722f5a9cd25e6c.php,webshell
0,0,0,0,0,0,1,0,0,0,0,0,0,13,0,0,0,0,0,0,0,219,870,./Cleaned-Dataset/Webshell/6ae6c383923dbca3bfba0ce6b977d9f1.php,webshell
1,0,0,0,0,0,0,0,0,0,0,0,0,0,0,0,0,0,0,0,0,8,4578,./Cleaned-Dataset/Webshell/6af98c38753005a5c672093e5c7728a1.php,webshell
0,0,0,0,0,0,0,0,0,0,0,0,0,35,4,0,2,0,0,0,0,170,1166,./Cleaned-Dataset/Webshell/6b0a79a2f60b7b78d5e44af7808dd64c.php,webshell
2,0,0,0,0,0,0,0,0,0,0,0,0,0,0,0,0,0,0,0,0,4,146,./Cleaned-Dataset/Webshell/6b3305302a8011978eb2377ea41cf317.php,webshell
0,0,0,0,0,0,0,0,0,0,0,0,7,29,0,0,3,0,0,0,0,237,727,./Cleaned-Dataset/Webshell/6b3bddb0ec2b68ef90e2f7af3cc4ef20.php,webshell
1,0,0,0,0,0,0,0,0,0,0,0,0,0,0,0,0,0,0,0,0,3,88,./Cleaned-Dataset/Webshell/6b51b0cded5f602cac58bd1fc04eace4.php,webshell
1,0,0,0,0,0,0,0,1,1,0,0,0,0,0,0,0,0,0,0,0,5,32,./Cleaned-Dataset/Webshell/6b61cedac5c4ad9a6c71a97eb33fe6e5.php,webshell
8,0,2,6,2,2,1,4,7,0,0,0,0,2,2,2,3,0,0,0,0,2445,10564,./Cleaned-Dataset/Webshell/6b75fb5a49452db2bce98ed60fc784b0.php,webshell
1,0,5,2,3,2,0,0,0,0,0,0,34,23,0,0,4,0,0,0,0,722,2881,./Cleaned-Dataset/Webshell/6b83132d21e07eed645eaf79845abc01.php,webshell
1,0,0,0,0,0,0,0,0,0,0,0,0,0,0,0,0,0,0,0,0,1,10,./Cleaned-Dataset/Webshell/6b9eba62ccf6b1dafc8ba69d58184a90.php,webshell
1,0,0,0,0,0,0,0,1,1,0,1,1,0,0,0,0,0,0,0,0,2,16,./Cleaned-Dataset/Webshell/6bf4910b01aa4f296e590b75a3d25642.php,webshell
4,0,8,7,4,6,0,0,0,0,0,0,9,30,1,0,3,0,0,0,0,440,1918,./Cleaned-Dataset/Webshell/6bfc93d9f48178c2f896bec7676fc25c.php,webshell
1,0,0,0,0,0,0,0,0,0,0,0,0,0,0,0,0,0,0,0,0,1,8,./Cleaned-Dataset/Webshell/6c047867ae02f7f0562501d4fc0f1edb.php,webshell
10,0,0,0,0,0,0,0,0,0,0,0,0,42,0,0,2,0,0,0,0,445,1876,./Cleaned-Dataset/Webshell/6c137983a9ad2d2551e47a653b486071.php,webshell
0,0,0,0,0,0,0,0,2,0,0,0,3,0,0,0,0,0,1,0,0,114,599,./Cleaned-Dataset/Webshell/6c2902b77853d12547efce3586a4487d.php,webshell
0,0,0,0,0,0,0,0,0,0,0,0,0,0,0,0,0,0,0,0,0,16,41,./Cleaned-Dataset/Webshell/6c40ec0db4559b0852f9f479fa4d9e48.php,webshell
0,0,0,0,0,0,0,0,0,1,0,0,0,4,0,2,0,0,0,0,0,51,616,./Cleaned-Dataset/Webshell/6c57bb8210f2e97f146765837fb53e01.php,webshell
1,0,0,0,0,0,0,0,1,1,0,1,0,0,0,0,0,0,0,0,0,1,9,./Cleaned-Dataset/Webshell/6c668607d2585691aadd49ae5db56d8a.php,webshell
1,0,0,0,0,0,0,0,0,0,0,0,0,1,0,0,0,0,0,0,0,7,49,./Cleaned-Dataset/Webshell/6c68877bfb630130f244b3d3870289ec.php,webshell
10,0,6,3,0,3,1,0,2,0,0,0,0,69,4,2,0,1,0,0,0,3472,14371,./Cleaned-Dataset/Webshell/6c6b7fd0b552b6b0070755b56f3d61b6.php,webshell
0,0,0,0,0,0,0,0,0,0,0,0,0,0,0,0,0,0,0,0,0,16,341,./Cleaned-Dataset/Webshell/6c78eda59dd3b74708320813b5d06c78.php,webshell
7,0,0,0,0,1,0,0,1,0,0,0,2,20,0,0,6,0,0,0,0,146,349,./Cleaned-Dataset/Webshell/6c7bf66c87e56dec1052941c6de1c2d5.php,webshell
0,0,0,0,0,0,0,3,0,0,0,0,0,0,0,0,0,0,0,1,0,26,366,./Cleaned-Dataset/Webshell/6c9d3bc53493b3284e4d2cd2f0a19109.php,webshell
0,0,0,0,0,0,0,0,0,0,0,0,0,0,0,0,0,0,0,0,0,79,213,./Cleaned-Dataset/Webshell/6ca01d45a362559db86c44ac7c302cf6.php,webshell
0,0,4,0,0,0,0,0,0,0,0,0,0,2,0,0,0,0,0,0,0,27,105,./Cleaned-Dataset/Webshell/6cb98560df19790d6bfd2d29a3a7fec5.php,webshell
0,0,0,0,0,0,0,0,0,0,0,0,0,0,0,0,0,0,0,0,0,16,341,./Cleaned-Dataset/Webshell/6ccea763d0b7a365a2b291c8fd32d4a3.php,webshell
12,0,9,7,2,5,5,0,10,0,0,0,3,33,4,2,2,2,0,0,0,4177,14807,./Cleaned-Dataset/Webshell/6cd50a14ea0da0df6a246a60c8f6f9c9.php,webshell
1,0,0,0,0,0,0,0,0,0,0,0,0,0,0,0,0,0,0,0,0,1,9,./Cleaned-Dataset/Webshell/6cd646434bf653fbf66780f9caae9e14.php,webshell
1,0,0,0,0,0,0,0,1,0,1,0,0,0,0,0,0,0,0,0,0,4,14,./Cleaned-Dataset/Webshell/6d073dfa3ae689ec0efc4967f5d458d5.php,webshell
0,0,0,0,0,0,0,0,0,0,0,0,0,0,0,0,0,0,0,0,0,18,29,./Cleaned-Dataset/Webshell/6d34f90e10f9bc3e5d21d8164fdad266.php,webshell
0,0,0,0,0,0,0,0,0,0,0,0,0,0,0,0,0,0,0,0,0,17,344,./Cleaned-Dataset/Webshell/6d39def8687ec778eee85a7faba51085.php,webshell
0,0,0,0,0,0,0,0,0,0,0,0,0,0,0,0,0,0,0,0,0,1,115,./Cleaned-Dataset/Webshell/6d44af6df1ba98194229c1431524ae9d.php,webshell
0,0,0,0,0,0,0,0,0,0,0,0,0,0,2,1,0,0,0,0,0,4,20,./Cleaned-Dataset/Webshell/6d5b2b18380a1869ef54f5baf51c695a.php,webshell
0,0,0,0,0,0,0,0,0,0,0,0,0,0,0,0,0,0,0,0,0,68,148,./Cleaned-Dataset/Webshell/6daeff596d9e0db477330532c558e5b7.php,webshell
1,0,0,0,0,0,0,0,1,1,0,1,0,0,0,0,0,0,0,0,0,0,9,./Cleaned-Dataset/Webshell/6dc317773a1d54754f146ae3a3fb81c7.php,webshell
0,0,0,0,2,0,0,0,0,0,0,0,0,2,0,0,0,0,0,0,0,143,127,./Cleaned-Dataset/Webshell/6ddb3fc71e857b79db14cce4b6aa8357.php,webshell
14,0,2,2,2,2,2,2,7,5,0,0,4,4,0,38,6,0,0,0,0,2360,10834,./Cleaned-Dataset/Webshell/6e413377123550e70baba17a7bb01581.php,webshell
8,0,2,5,2,2,1,4,4,0,0,0,0,0,2,2,3,0,0,0,0,1767,7603,./Cleaned-Dataset/Webshell/6e531fd6a5b38fdccbcf4c03f9b23c73.php,webshell
0,0,0,0,0,0,0,0,0,0,0,0,0,0,0,0,0,0,0,0,0,20,353,./Cleaned-Dataset/Webshell/6e559e18769e6e5e9a2b548b86f3c9f9.php,webshell
0,0,1,0,0,0,0,0,0,0,0,0,2,8,0,7,0,0,0,0,0,87,247,./Cleaned-Dataset/Webshell/6e56cd837863b2bde08650908cedf4bc.php,webshell
0,0,1,0,0,0,0,0,0,0,0,0,0,8,0,0,0,4,0,0,0,239,315,./Cleaned-Dataset/Webshell/6e574dfc9a91f3c6f638a3a855d2d901.php,webshell
0,0,0,0,0,0,0,0,0,0,0,0,0,0,2,1,0,0,0,0,0,1,20,./Cleaned-Dataset/Webshell/6eb201737a6ef3c4880ae0b8983398a9.php,webshell
13,0,0,0,0,0,0,0,0,0,0,0,0,200,0,0,2,0,0,0,0,584,2641,./Cleaned-Dataset/Webshell/6eb9db6a3974e511b7951b8f7e7136bb.php,webshell
1,0,0,0,0,0,0,0,1,0,0,0,0,0,0,0,0,0,0,0,0,1,5,./Cleaned-Dataset/Webshell/6eb9de276e2dc8a8c5bc34c2ae6b30da.php,webshell
2,0,0,0,0,0,0,0,0,0,0,0,0,0,0,0,0,0,0,0,0,52,641,./Cleaned-Dataset/Webshell/6ec24f6526f2e48f36389ea49df5bac4.php,webshell
0,0,0,0,0,0,0,0,1,0,0,0,0,1,0,0,0,0,0,0,0,4,21,./Cleaned-Dataset/Webshell/6ed5bba21a4ba5bffef14f3469330a0d.php,webshell
0,0,0,0,0,0,0,0,0,0,0,0,4,15,2,9,3,0,0,0,0,165,564,./Cleaned-Dataset/Webshell/6ef51ac32972c989164f579995d7e689.php,webshell
10,0,3,3,3,5,3,0,4,0,0,0,5,65,0,0,2,1,0,0,0,598,1792,./Cleaned-Dataset/Webshell/6f0dce2bea2c8839b29c59fb500cc5af.php,webshell
7,0,2,5,2,2,1,0,4,1,0,0,118,198,0,8,13,0,0,0,0,2399,8025,./Cleaned-Dataset/Webshell/6f1fc4d4691ec13d84f639889947aa63.php,webshell
0,0,0,0,0,0,0,0,0,0,0,0,1,3,2,1,0,0,0,0,0,44,360,./Cleaned-Dataset/Webshell/6f3760de9242a2d06df38eb4b8c78c19.php,webshell
0,0,0,0,0,0,0,0,0,0,0,0,0,0,0,0,0,0,0,0,0,23,82,./Cleaned-Dataset/Webshell/6f70bf44835bbfa3c11513d3b6c56746.php,webshell
10,0,3,3,3,5,3,0,4,0,0,0,5,65,0,0,2,1,0,0,0,601,1806,./Cleaned-Dataset/Webshell/6f71142d721f65e6a03a99a1ef6129ec.php,webshell
11,0,15,17,4,10,6,0,10,0,0,0,35,48,7,2,0,3,0,0,0,4341,15590,./Cleaned-Dataset/Webshell/6f7685d9529897c80bf5229ee1c14dfe.php,webshell
3,1,0,0,0,0,0,0,4,0,0,0,0,1,3,0,0,0,0,0,0,25,70,./Cleaned-Dataset/Webshell/6f872572ab5b343771b26afb9fefe473.php,webshell
0,0,0,0,0,0,0,0,1,0,0,0,0,0,0,0,0,0,0,0,0,2,10,./Cleaned-Dataset/Webshell/6f94d06435364d06b96b9c085ec4c8d2.php,webshell
8,0,3,3,2,2,1,0,4,0,0,0,8,369,0,11,0,3,0,0,0,2904,9067,./Cleaned-Dataset/Webshell/6fcc283470465eed4870bcc3e2d7f14d.php,webshell
0,0,0,0,0,0,0,0,0,0,0,0,0,0,0,0,0,0,0,0,0,3,9,./Cleaned-Dataset/Webshell/6fd6b48dc97865c215806b949fa457f9.php,webshell
0,0,0,0,0,0,0,0,0,0,0,0,0,0,0,0,0,0,0,0,0,18,347,./Cleaned-Dataset/Webshell/6ff22f3f41f77407cd294f4efbec238f.php,webshell
0,1,0,0,0,0,0,0,0,0,0,0,0,0,1,0,0,0,0,0,0,3,27,./Cleaned-Dataset/Webshell/6ffbf0dac87ca6344c116bd370aa97df.php,webshell
0,1,0,0,0,0,0,0,0,0,0,0,0,0,1,0,0,0,0,0,0,2,6,./Cleaned-Dataset/Webshell/701cec1944993014f81fe3dcf3e60699.php,webshell
0,0,0,0,0,0,0,0,0,0,0,0,0,0,1,0,0,0,0,0,0,7,14,./Cleaned-Dataset/Webshell/702d42153d1598267353bcfb15fd38e2.php,webshell
0,0,28,0,0,0,0,0,0,0,0,0,0,0,0,0,0,0,0,0,0,624,1046,./Cleaned-Dataset/Webshell/703498e921cf7c9bd56077559efefc45.php,webshell
0,0,0,2,1,0,0,0,0,0,0,0,0,1,0,0,0,0,0,0,0,29,60,./Cleaned-Dataset/Webshell/7042d906ef13154e0ae8eef4a6dba921.php,webshell
0,0,0,0,0,0,0,0,0,1,0,0,0,4,0,2,0,0,0,0,0,57,582,./Cleaned-Dataset/Webshell/7044aa75194501a63cc42b08bd2cd304.php,webshell
0,0,0,0,0,0,0,0,0,0,0,0,0,0,0,0,0,0,0,0,0,26,3596,./Cleaned-Dataset/Webshell/704627682042aa2b6f521dce71d8cc3e.php,webshell
0,2,0,0,0,0,0,0,0,0,0,0,0,1,0,0,0,0,0,0,0,8,42,./Cleaned-Dataset/Webshell/70523edfee6c387ed98472ce751680f0.php,webshell
1,0,0,0,0,0,0,0,0,0,0,0,0,1,0,0,0,0,0,0,0,2,17,./Cleaned-Dataset/Webshell/708cd11cdf2f5799bbdb17ff334df44f.php,webshell
0,0,1,1,0,0,0,0,0,0,0,0,0,0,0,0,0,0,0,0,0,123,453,./Cleaned-Dataset/Webshell/70a604e649738df62ba11dacf7f502d6.php,webshell
0,1,0,0,0,0,0,0,0,0,0,0,0,0,1,0,0,0,0,0,0,4,15,./Cleaned-Dataset/Webshell/70baf1db013ff9bb4a49b55046377c74.php,webshell
1,0,0,0,0,0,0,0,0,0,0,0,0,1,0,0,0,0,0,0,0,0,12,./Cleaned-Dataset/Webshell/70d61536680ed099d577e9951c7065e7.php,webshell
7,0,2,3,2,2,1,0,1,0,0,0,0,4,0,2,2,1,0,0,0,1614,6546,./Cleaned-Dataset/Webshell/70fa6d0eea1e2a579cba71e6d2e37ada.php,webshell
1,0,0,0,0,0,0,0,0,0,0,0,0,0,0,0,0,0,0,0,0,1,10,./Cleaned-Dataset/Webshell/71072749baf8d1c5d0bde271faa218b1.php,webshell
0,0,1,0,0,0,0,0,0,0,0,0,0,4,0,0,0,0,0,0,0,4,24,./Cleaned-Dataset/Webshell/711e201e857e196ede3ae103d4eee23b.php,webshell
1,0,0,0,0,0,0,0,1,0,0,0,0,5,0,0,0,0,0,0,0,14,74,./Cleaned-Dataset/Webshell/71212e3de7f5cd5f62cb01a717101840.php,webshell
0,0,0,0,0,0,0,0,0,0,0,0,0,0,0,0,0,0,0,0,0,7,136,./Cleaned-Dataset/Webshell/712968ee4a2ab7c50b3931aac0ff45e9.php,webshell
1,0,0,0,0,0,0,0,1,0,0,0,0,0,0,0,0,0,0,0,0,15,16,./Cleaned-Dataset/Webshell/713c54c3da3031bc614a8a55dccd7e7f.php,webshell
0,0,1,0,0,0,0,0,0,0,0,0,0,8,0,0,0,4,0,0,0,239,315,./Cleaned-Dataset/Webshell/714965958a9973730234ee52bdf50ea3.php,webshell
0,0,1,0,0,0,0,0,0,0,0,0,1,0,0,0,0,0,0,0,0,2,13,./Cleaned-Dataset/Webshell/714bcba87ff43674b61f4e72ca535904.php,webshell
0,1,0,0,0,0,0,0,0,0,0,0,0,0,1,0,0,0,0,0,0,4,46,./Cleaned-Dataset/Webshell/7158f517db602bba423714ed45a2d324.php,webshell
0,0,9,2,2,2,1,0,0,0,0,0,0,8,0,0,5,0,0,0,0,590,3913,./Cleaned-Dataset/Webshell/718236e2eb8feee49680aab9e81f8886.php,webshell
1,0,0,0,0,0,0,0,1,1,0,0,0,0,0,0,0,0,0,0,0,11,35,./Cleaned-Dataset/Webshell/719ce37133c4a4637d33f59d56175cab.php,webshell
1,0,8,9,6,6,6,0,0,0,0,0,20,104,0,2,2,0,0,0,0,1408,4663,./Cleaned-Dataset/Webshell/71a1dea366486c5279426d74842d164c.php,webshell
0,0,0,0,0,0,0,0,0,0,0,0,0,0,0,0,0,0,0,0,0,231,13900,./Cleaned-Dataset/Webshell/71a7c769e644d8cf3cf32419239212c7.php,webshell
1,0,0,0,0,0,0,0,0,0,0,0,0,1,0,0,0,0,0,0,0,2,37,./Cleaned-Dataset/Webshell/72037f351abd94f25c457e4a43995f31.php,webshell
0,0,0,2,0,0,0,0,0,0,0,0,0,0,2,0,0,0,0,0,0,6,30,./Cleaned-Dataset/Webshell/720cb47cc9a5dd2f09285bf22f797d9f.php,webshell
6,0,4,5,2,2,1,0,3,0,0,0,0,269,0,0,2,2,0,0,0,2182,7759,./Cleaned-Dataset/Webshell/720ea5077791679aa3bfb2b4b281dbf8.php,webshell
1,0,0,0,0,0,0,0,1,1,0,0,0,0,0,0,0,0,0,0,0,1,16,./Cleaned-Dataset/Webshell/7219b787a0801065c347808adf4f9b5e.php,webshell
1,0,0,0,0,0,0,0,0,0,0,0,0,0,0,0,0,0,0,0,0,12,762,./Cleaned-Dataset/Webshell/721b12725570afa881aaf6bb06fa90d2.php,webshell
10,0,4,0,0,0,0,0,6,0,0,0,1,0,0,1,0,3,0,0,0,3142,9799,./Cleaned-Dataset/Webshell/7227eacb6d757dfc0cee53796fb71447.php,webshell
10,0,3,3,3,5,3,0,4,0,0,0,5,65,0,0,2,1,0,0,0,598,1792,./Cleaned-Dataset/Webshell/72327c225b0a637bb78e658209a62a5d.php,webshell
0,0,0,0,0,0,0,0,0,0,0,0,0,1,0,0,0,0,0,0,0,3,8,./Cleaned-Dataset/Webshell/7239b5cde658567d0138c1fb7515df7d.php,webshell
0,0,0,0,0,0,0,0,0,0,0,0,0,0,2,0,0,0,0,0,0,4,25,./Cleaned-Dataset/Webshell/725c8fe9fbeae110591790cf548ea627.php,webshell
3,0,14,6,7,6,0,0,11,3,0,4,70,112,0,0,7,0,0,0,1,5797,14262,./Cleaned-Dataset/Webshell/727214eb64e4804c0e846e90a7b29f3a.php,webshell
1,0,0,0,0,0,0,0,0,0,0,0,0,0,0,0,0,0,0,0,0,1,8,./Cleaned-Dataset/Webshell/7273c0cf12c6ce03b983a4d6229df0c2.php,webshell
0,0,4,0,4,0,0,0,0,0,0,0,0,29,0,0,4,0,0,0,0,311,1402,./Cleaned-Dataset/Webshell/727c339b84b731e53a26f21667149a23.php,webshell
0,0,0,0,0,0,0,0,0,0,0,0,1,0,0,0,4,0,0,0,0,49,97,./Cleaned-Dataset/Webshell/727ed154ed1430635ee8683795703930.php,webshell
1,0,0,0,0,0,0,0,1,1,0,0,0,0,0,0,0,0,0,0,0,12,42,./Cleaned-Dataset/Webshell/728531e2b54f26393fa4df5da11a6a45.php,webshell
10,0,5,16,2,2,1,1,5,1,0,0,121,333,0,8,15,0,0,1,0,3325,10964,./Cleaned-Dataset/Webshell/7295ebe4bb6abe60bd5eb84b310497c0.php,webshell
10,0,4,6,2,2,2,0,3,0,0,0,118,160,0,9,8,0,0,0,0,2537,10007,./Cleaned-Dataset/Webshell/729ebe1cfc7070777323581291546de8.php,webshell
4,0,3,4,2,2,1,0,4,0,0,0,0,217,0,0,2,2,0,1,0,1550,6083,./Cleaned-Dataset/Webshell/72a8d486f6fd817926804228a72efe20.php,webshell
2,0,0,0,0,0,0,0,0,0,0,0,0,0,0,0,0,0,0,0,0,4,146,./Cleaned-Dataset/Webshell/72a912be691d8710b91095fcb197a318.php,webshell
0,1,0,0,0,0,0,0,0,0,0,0,0,0,1,0,0,0,0,0,0,3,26,./Cleaned-Dataset/Webshell/72ba51289a4ec5b519e3adfbca341f1e.php,webshell
0,0,0,0,0,0,0,0,0,0,0,0,0,0,0,0,0,0,0,0,0,56,82,./Cleaned-Dataset/Webshell/72ba79ec286dd1b51c7872975e8f3d34.php,webshell
1,0,0,0,0,0,0,0,1,0,0,0,0,0,0,0,0,0,0,0,0,3,9,./Cleaned-Dataset/Webshell/72d1df71c41c6711ca5ba026c59ccb82.php,webshell
0,0,0,0,0,0,0,0,0,0,0,0,0,0,0,0,0,0,0,0,0,58,230,./Cleaned-Dataset/Webshell/72e016e0685478d247c17ff6fad47b5d.php,webshell
0,0,0,0,0,0,0,0,1,0,0,0,0,0,0,1,0,0,0,0,0,2,13,./Cleaned-Dataset/Webshell/72e56cb6db0bdb904803c43e841574d9.php,webshell
2,0,0,0,0,0,0,0,0,0,0,0,0,0,0,0,0,0,0,0,0,4,146,./Cleaned-Dataset/Webshell/730e368e34b3f3001e08e5c21d589263.php,webshell
0,0,0,0,0,0,0,0,1,0,0,0,7,0,0,0,0,0,0,0,0,30,209,./Cleaned-Dataset/Webshell/731200f06c93eadc6836f6c1aefeba24.php,webshell
0,0,0,0,0,0,0,0,1,0,0,0,0,1,0,0,0,0,0,0,0,2,11,./Cleaned-Dataset/Webshell/732050287ae1d36a923138e2b2eb2352.php,webshell
0,0,0,0,0,0,0,0,0,0,0,0,2,2,0,0,0,0,0,0,0,76,366,./Cleaned-Dataset/Webshell/732119c15fad46c54c12e167a03e1f6f.php,webshell
0,0,0,0,0,0,0,0,0,0,0,0,0,0,0,0,0,0,0,0,0,5,90,./Cleaned-Dataset/Webshell/7324172d54fa84a7f9010d771a73ae30.php,webshell
0,0,0,0,0,0,0,0,0,0,0,1,0,0,0,0,0,0,0,0,0,4,36,./Cleaned-Dataset/Webshell/7334875b71c982eac4876d97a375b7d2.php,webshell
0,0,0,0,0,0,0,0,0,0,0,0,0,0,0,0,0,0,0,0,0,14,25,./Cleaned-Dataset/Webshell/733794fc54a999a473c74c17238f462b.php,webshell
5,0,0,36,0,2,0,0,5,0,0,0,55,108,0,0,46,0,0,0,0,1371,5840,./Cleaned-Dataset/Webshell/734d4743e00031fd4afb85f456eec00e.php,webshell
0,0,0,0,0,0,0,0,0,0,0,0,0,0,0,0,0,0,0,0,0,18,29,./Cleaned-Dataset/Webshell/7360524ba12537988ba777543acfacfd.php,webshell
0,0,0,0,0,0,0,0,0,0,0,0,0,0,0,0,0,0,0,0,0,61,170,./Cleaned-Dataset/Webshell/736ee3f36d2c557c12b246e9ae7676d9.php,webshell
21,0,9,32,3,3,3,3,3,1,0,0,8,222,5,2,12,3,0,0,0,2548,8866,./Cleaned-Dataset/Webshell/737dc2da1aff6bd0cd6d7a3945c2df92.php,webshell
12,0,9,7,2,5,5,0,11,0,0,0,3,33,4,2,2,2,0,0,0,4199,14827,./Cleaned-Dataset/Webshell/73b933e912ec284dab919f183aa9245a.php,webshell
1,0,0,0,0,0,0,0,1,0,0,0,0,0,0,0,0,0,0,0,0,2,5,./Cleaned-Dataset/Webshell/73dacd4a02a763257904e392dff9c47c.php,webshell
0,1,0,0,0,0,0,0,0,0,0,0,0,0,1,0,0,0,0,0,0,2,10,./Cleaned-Dataset/Webshell/73fdf40334aa60dcd72b6025d710e7b3.php,webshell
1,0,0,0,0,0,0,0,1,0,0,0,0,0,0,0,0,0,0,0,0,5,33,./Cleaned-Dataset/Webshell/74250c08264f349801c588c4de0ad1c3.php,webshell
10,0,0,0,0,0,0,0,0,0,0,0,0,42,0,0,2,0,0,0,0,430,1805,./Cleaned-Dataset/Webshell/74295f8f6a292afc35f22f045dfc8561.php,webshell
0,0,5,5,5,8,0,0,0,0,0,0,3,7,0,0,3,0,0,1,0,263,1209,./Cleaned-Dataset/Webshell/74355b0074c3253bee003f080fe090d0.php,webshell
0,0,0,0,0,0,0,0,1,0,0,0,4,0,0,0,0,0,0,0,0,38,371,./Cleaned-Dataset/Webshell/7436b9e5b0f5660c658d5893fa875ada.php,webshell
7,0,2,3,2,2,1,0,4,1,0,0,100,163,0,8,12,0,0,0,0,2167,7697,./Cleaned-Dataset/Webshell/7441b42179e6e6a182cfe6e0fe0acb24.php,webshell
1,0,0,0,0,0,0,0,0,0,0,0,0,1,0,0,0,0,0,0,0,1,6,./Cleaned-Dataset/Webshell/7454a6d7a93448e09fa60cc35805e357.php,webshell
0,0,1,0,0,0,0,0,0,0,0,0,0,0,15,0,0,0,0,0,0,73,242,./Cleaned-Dataset/Webshell/7457fb8772d1c43f01a20531160b1892.php,webshell
1,0,0,0,0,0,0,0,0,0,0,1,0,0,0,0,0,0,0,0,0,1,11,./Cleaned-Dataset/Webshell/7474deaef6f910787b8f549b39df2060.php,webshell
13,0,5,26,2,2,1,1,5,1,0,0,55,300,2,1,10,0,0,0,0,2938,9494,./Cleaned-Dataset/Webshell/747ed16b7c3a389a678b55def38ae1f3.php,webshell
1,0,0,0,0,0,0,0,1,1,0,1,0,0,0,0,0,0,0,0,0,0,9,./Cleaned-Dataset/Webshell/74a647c3f9ce1365f4c739b5bcb8e9bc.php,webshell
0,0,0,0,1,0,0,0,2,0,0,0,0,4,0,0,0,0,0,0,0,19,58,./Cleaned-Dataset/Webshell/74a6d50168043ecbcc8b194d12f23290.php,webshell
4,0,12,24,9,9,7,7,4,2,0,0,31,149,0,2,4,0,0,0,0,2616,8624,./Cleaned-Dataset/Webshell/74ac2a6e53f1eb48503dced1ffa720a0.php,webshell
7,0,2,3,2,2,1,0,1,0,0,0,1,5,0,2,4,1,0,0,0,1628,6597,./Cleaned-Dataset/Webshell/74bb83eb120a80f26562844d23190238.php,webshell
1,0,0,0,0,0,0,0,0,0,0,0,0,0,0,0,0,0,0,0,0,1,10,./Cleaned-Dataset/Webshell/74beecf1bebe4f48b28b1d3acb92ebb7.php,webshell
13,0,2,2,2,2,2,2,7,5,0,0,0,0,118,25,3,0,0,0,0,2047,8921,./Cleaned-Dataset/Webshell/74bfe41edc4e2f7d6e7a25c3342493b6.php,webshell
0,0,1,1,0,0,0,0,0,0,0,0,0,0,0,0,0,0,0,0,0,57,304,./Cleaned-Dataset/Webshell/74cb5f6751cdb3514d9c1ef6adeb7997.php,webshell
1,0,2,0,1,1,0,1,0,0,0,0,0,0,0,0,0,0,0,0,0,782,1783,./Cleaned-Dataset/Webshell/74e1e7c7a6798f1663efb42882b85bee.php,webshell
0,1,0,0,0,0,0,0,0,0,0,0,0,0,1,0,0,0,0,0,0,2,15,./Cleaned-Dataset/Webshell/75156e3b05d65e5cf77675dffc373d11.php,webshell
0,0,0,0,0,0,0,0,0,0,0,0,0,0,1,0,0,0,0,0,0,5,25,./Cleaned-Dataset/Webshell/7517513dc60a0743f9618a4a41042f9d.php,webshell
0,0,0,0,0,0,0,0,0,0,0,0,0,0,0,0,0,0,0,0,0,57,161,./Cleaned-Dataset/Webshell/752081881c3848cae8e395cd0d4422ca.php,webshell
1,2,0,0,0,0,0,0,1,0,0,0,0,1,0,0,0,0,0,0,0,9,120,./Cleaned-Dataset/Webshell/753ec5dfd5efc67a3da1b23db47c71e5.php,webshell
0,0,0,0,0,0,0,0,2,0,0,0,0,0,2,0,0,0,0,0,0,7,157,./Cleaned-Dataset/Webshell/753efa7614d8c8e5e76e515e55e2b7b4.php,webshell
0,0,0,0,0,0,0,0,2,0,0,0,0,0,0,0,0,0,0,0,0,3,18,./Cleaned-Dataset/Webshell/754a56fcfbcc14100d14afac5d1c9c77.php,webshell
0,0,0,0,0,0,0,0,0,0,0,0,0,0,0,0,0,0,0,0,0,40,134,./Cleaned-Dataset/Webshell/75565867659836dd7755ad7ec0f4d39c.php,webshell
0,0,0,0,0,0,0,0,0,0,0,0,0,0,0,0,0,0,0,0,0,1,115,./Cleaned-Dataset/Webshell/755a097c11feef8b03f09497242b54cb.php,webshell
0,0,0,0,0,0,0,0,1,0,0,0,0,2,0,0,0,0,0,0,0,13,28,./Cleaned-Dataset/Webshell/755cc84fdfb90c41275fc4d4cb516f8a.php,webshell
2,0,2,1,1,1,1,0,3,0,0,0,0,217,0,0,2,1,0,0,0,2514,13260,./Cleaned-Dataset/Webshell/75962fb9cba69d13444a8770ff487dfc.php,webshell
0,0,0,0,2,0,0,0,0,0,0,0,0,2,0,0,0,0,0,0,0,159,290,./Cleaned-Dataset/Webshell/759f0ed2a14b75a4c00c7d7e75d211a5.php,webshell
5,0,3,4,2,2,1,0,2,0,0,0,0,251,0,42,2,1,0,0,0,1655,6592,./Cleaned-Dataset/Webshell/75ac30607cd13c7acf0a59bac39d6c0e.php,webshell
0,0,0,0,0,0,0,1,0,0,0,0,0,15,0,1,0,0,0,0,0,188,802,./Cleaned-Dataset/Webshell/76117b2ee4a7ac06832d50b2d04070b8.php,webshell
0,0,0,0,0,0,0,0,0,0,0,0,0,0,0,0,0,0,0,0,0,16,341,./Cleaned-Dataset/Webshell/76198010ae2d4b6621e3f7ba4e5b7089.php,webshell
0,0,0,0,0,0,0,0,97,0,0,0,9,0,0,0,0,0,0,0,0,602,2127,./Cleaned-Dataset/Webshell/7659792dfae4cba1216dd849c53e6f48.php,webshell
0,0,2,1,0,0,0,0,1,0,0,0,0,21,0,0,0,0,0,0,0,159,1144,./Cleaned-Dataset/Webshell/7663a8a776b78417a19ffd21f83a2f3a.php,webshell
9,0,5,2,2,2,1,0,10,0,0,0,1,1,7,2,0,2,0,0,0,3880,12994,./Cleaned-Dataset/Webshell/76676a4e735e605be7ae4a0354792d2b.php,webshell
0,0,0,0,0,0,0,0,0,0,0,0,0,0,1,0,0,0,0,0,0,3,28,./Cleaned-Dataset/Webshell/7667fddd213421738ce49192d1276f91.php,webshell
14,0,2,2,2,2,2,2,7,5,0,0,3,3,0,37,4,0,0,0,0,2343,10773,./Cleaned-Dataset/Webshell/7675838cfad23524a404bf9465ebca12.php,webshell
0,0,0,0,0,0,0,0,0,0,0,0,0,0,0,0,0,0,0,0,0,21,30,./Cleaned-Dataset/Webshell/769a1e6b69048f0ff99ba474fbf1402c.php,webshell
0,1,0,0,0,0,0,0,0,0,0,0,0,1,0,0,0,0,0,0,0,2,19,./Cleaned-Dataset/Webshell/769a354464d8e9d69038eca3d8c2f96c.php,webshell
0,0,0,0,0,0,0,0,0,0,0,0,0,0,0,0,0,0,0,0,0,4,9,./Cleaned-Dataset/Webshell/76a1b02ede58a7d9f61bc2f1e35eb4f4.php,webshell
0,0,0,0,0,0,0,0,0,0,0,0,0,0,0,0,0,0,0,0,0,19,350,./Cleaned-Dataset/Webshell/76b74ff2e21140461ea5a806806a39aa.php,webshell
0,0,0,0,0,0,0,0,0,0,0,0,0,0,0,0,0,0,0,0,0,810,369,./Cleaned-Dataset/Webshell/76bff7422cdde3fd0aa218a18f8dc3b1.php,webshell
4,0,2,2,2,2,1,0,0,0,0,0,0,21,0,0,2,0,0,0,0,146,734,./Cleaned-Dataset/Webshell/76c9aa05a52eccd0f05b922be35c5124.php,webshell
0,0,0,0,0,0,0,0,0,0,0,0,0,0,0,0,0,0,0,0,0,19,350,./Cleaned-Dataset/Webshell/76caff96a1934c0a094911a617efd4fb.php,webshell
1,0,0,0,0,0,0,0,1,0,1,0,0,0,0,0,0,0,0,0,0,5,14,./Cleaned-Dataset/Webshell/76d9533f2180abf5ed4c8dd7b9fb6d9c.php,webshell
0,0,0,0,0,0,0,0,1,0,0,0,0,1,1,0,0,0,0,0,0,2,19,./Cleaned-Dataset/Webshell/76f2f2e0e5a8aa795c098636ca38219c.php,webshell
0,0,0,0,0,0,0,0,1,0,0,0,0,1,1,0,0,0,0,0,0,2,19,./Cleaned-Dataset/Webshell/76f2f2e0e5a8aa795c098636ca38219c_1.php,webshell
11,0,6,3,0,3,1,0,7,0,0,0,7,3,7,2,0,2,0,0,0,4156,14505,./Cleaned-Dataset/Webshell/77019fa2c7d70aa48d15ec1431ee11b2.php,webshell
0,0,5,5,5,8,0,0,0,0,0,0,3,7,0,0,3,0,0,1,0,278,1372,./Cleaned-Dataset/Webshell/770daa0dfd779227be05b02566d090c0.php,webshell
0,0,0,0,0,0,0,0,0,0,0,0,1,0,0,0,4,0,0,0,0,19,44,./Cleaned-Dataset/Webshell/773e83612c2f1cd7011c3a13967770d9.php,webshell
0,0,0,0,0,0,0,0,1,0,0,0,0,2,0,0,0,0,0,0,0,18,28,./Cleaned-Dataset/Webshell/7759e980d7559d5ed4cd52595f87d79a.php,webshell
0,0,0,0,0,0,0,0,1,0,0,0,0,0,0,0,0,0,0,0,0,4,212,./Cleaned-Dataset/Webshell/776aa0c0890946117b71069747dc6b27.php,webshell
0,0,0,0,0,0,0,0,0,0,0,0,0,1,0,0,0,0,0,0,0,0,9,./Cleaned-Dataset/Webshell/778763106f78a59b7e134a3de0d9f202.php,webshell
0,0,0,2,0,0,0,0,6,0,0,0,7,52,7,0,2,0,0,1,0,2365,5034,./Cleaned-Dataset/Webshell/7794c34d9b8e012b2d0b272c811a511d.php,webshell
0,0,0,0,1,0,0,0,0,0,0,0,1,0,1,0,7,0,0,0,0,49,127,./Cleaned-Dataset/Webshell/77970bda2a9061e9f48385ea6cca0699.php,webshell
1,0,0,0,0,0,0,0,0,0,0,0,0,1,0,0,0,0,0,0,0,1,6,./Cleaned-Dataset/Webshell/779778bcc6f3d18913eba3594decb43f.php,webshell
1,0,0,0,0,0,0,0,0,0,0,0,0,0,0,0,0,0,0,0,0,73,64,./Cleaned-Dataset/Webshell/77b48f46a90a523a7b6ea6b70c38a6b6.php,webshell
1,0,0,0,0,0,0,0,0,0,0,0,0,0,0,0,0,0,0,0,0,2,129,./Cleaned-Dataset/Webshell/77bc2b7632f6cda9f7d59e6abfa12872.php,webshell
0,0,0,0,0,0,0,0,0,0,0,0,0,0,2,1,0,0,0,0,1,23,379,./Cleaned-Dataset/Webshell/77bfdf1704f1a821317bcda08e140fb5.php,webshell
0,0,0,0,0,0,0,0,0,0,0,0,0,0,0,0,0,0,0,0,0,8,30,./Cleaned-Dataset/Webshell/77e331abd03b6915c6c6c7fe999fcb50.php,webshell
0,0,4,2,2,2,0,0,5,0,0,0,58,79,0,2,6,0,0,0,0,1597,6856,./Cleaned-Dataset/Webshell/77e5376223eb931c3223c771815b46d1.php,webshell
0,0,0,0,0,0,0,0,0,0,0,0,0,0,0,0,0,0,0,0,0,16,495,./Cleaned-Dataset/Webshell/77eced7493de1807de30ac7085e8f828.php,webshell
2,0,0,0,0,0,0,0,1,1,0,0,0,0,0,0,0,0,0,0,0,14,49,./Cleaned-Dataset/Webshell/77f6b9a18ff463bd0ce17dae71c58a48.php,webshell
0,0,0,0,0,0,0,0,0,0,0,0,0,3,0,0,0,0,0,0,0,5,38,./Cleaned-Dataset/Webshell/780a3c7b5742b1e0ba767f20cdfffab9.php,webshell
0,0,0,1,1,0,0,0,0,0,0,0,0,0,0,0,0,0,0,0,0,103,467,./Cleaned-Dataset/Webshell/781bb6a636d545ea82b26aaff53ec58d.php,webshell
1,0,0,0,0,0,0,0,1,1,0,2,0,0,0,0,0,0,0,0,0,5,24,./Cleaned-Dataset/Webshell/782292645f172d5ad6e6244b1d6a86a9.php,webshell
0,0,0,0,0,0,0,0,1,0,0,0,3,0,0,0,0,0,0,0,0,205,2586,./Cleaned-Dataset/Webshell/7836d35a1ef7eb9a58d7fb1132e8c31c.php,webshell
0,0,0,0,0,0,0,0,2,0,0,0,0,0,0,0,0,0,0,0,0,2,9,./Cleaned-Dataset/Webshell/7839d75833484be841e3f53087405416.php,webshell
0,0,0,0,0,0,0,0,1,0,0,0,5,3,0,0,0,0,0,0,0,1716,5021,./Cleaned-Dataset/Webshell/784ee0e6fc87dcced3e63ed48280da8e.php,webshell
1,0,0,0,0,0,0,0,1,1,0,1,0,0,0,0,0,0,0,0,0,1,9,./Cleaned-Dataset/Webshell/7850d408a1b61564a5ba6a031f1cf018.php,webshell
1,0,0,0,0,0,0,0,0,0,0,0,0,6,17,0,0,0,0,0,0,28,281,./Cleaned-Dataset/Webshell/785b44305be62806ef073a375aa25b9b.php,webshell
0,0,0,0,0,0,0,0,2,0,0,0,0,0,0,0,0,0,0,0,0,24,258,./Cleaned-Dataset/Webshell/78809e9a5e164c5f5949623da4c9cd06.php,webshell
2,0,0,0,0,0,0,0,0,0,0,0,0,0,0,0,0,0,0,0,0,4,145,./Cleaned-Dataset/Webshell/788abaf2ac287891e0ebcfbbf829e906.php,webshell
0,0,2,2,0,0,0,0,0,0,0,0,2,2,0,0,0,0,0,0,0,779,2481,./Cleaned-Dataset/Webshell/789267b61b538dcba3a6830713b453f1.php,webshell
0,0,0,0,0,0,0,0,0,0,0,0,0,0,0,0,0,0,0,0,0,20,507,./Cleaned-Dataset/Webshell/7893b3e1c0b93af90c06ddd5fe92b132.php,webshell
0,0,0,0,0,0,0,0,0,0,0,0,2,0,0,0,5,0,0,0,0,28,83,./Cleaned-Dataset/Webshell/789c4cbd14ff9c9deb8e76fcd0b1cee8.php,webshell
6,0,3,3,2,2,1,0,3,0,0,0,7,330,0,0,0,3,0,0,0,2234,7515,./Cleaned-Dataset/Webshell/78a949e6ebe734c34f9d0dee6464d900.php,webshell
16,0,6,28,2,2,1,1,5,1,0,0,56,288,2,1,10,1,0,1,0,2879,9356,./Cleaned-Dataset/Webshell/78b8a6ad5c0e1bc162638574bcbb49f2.php,webshell
9,0,5,2,2,2,1,0,10,0,0,0,1,1,7,2,0,2,0,0,0,3880,12994,./Cleaned-Dataset/Webshell/78bf896c1138648472ebe03a40f4fbd6.php,webshell
1,0,0,0,0,0,0,0,0,0,0,0,0,2,0,0,0,0,0,0,0,5,17,./Cleaned-Dataset/Webshell/78cf061e8f650f652186ef518fdd479b.php,webshell
3,0,10,7,0,6,6,0,6,0,0,0,99,67,80,2,4,0,0,0,0,1392,5284,./Cleaned-Dataset/Webshell/78d59bebbda062fd4b8d3ab75b7c1308.php,webshell
0,0,0,0,0,0,0,0,0,0,0,0,0,0,0,0,0,0,0,0,0,75,330,./Cleaned-Dataset/Webshell/78de7dbd25a32db156b48204e9624f31.php,webshell
0,0,0,0,0,0,0,0,0,0,0,0,0,0,0,0,0,0,0,0,0,10,32,./Cleaned-Dataset/Webshell/792c0465d05c46c5760781317bfdee62.php,webshell
0,0,0,0,0,0,0,0,0,0,0,0,3,0,0,0,0,0,0,0,0,78,553,./Cleaned-Dataset/Webshell/79356824be93883b608f32caabcf7d72.php,webshell
0,0,0,1,0,0,2,0,0,0,0,0,0,15,0,0,5,0,0,0,0,153,745,./Cleaned-Dataset/Webshell/793b80c548c00cc1f4c03db503239334.php,webshell
1,0,0,0,0,0,0,0,1,0,0,0,0,0,0,0,0,0,0,0,0,15,16,./Cleaned-Dataset/Webshell/7951fc4108264ab853eaaa9414176900.php,webshell
0,0,0,0,0,0,0,0,0,0,0,0,0,0,0,0,0,0,0,0,0,17,344,./Cleaned-Dataset/Webshell/795e3b9b3aafa0feb562a3acd8882817.php,webshell
1,0,0,0,0,0,0,0,0,0,0,0,0,0,0,0,0,0,0,0,0,1,8,./Cleaned-Dataset/Webshell/7962f991bdf0558be31f305750940c24.php,webshell
0,0,0,0,0,0,0,0,0,0,0,0,0,0,0,0,0,0,0,0,0,18,347,./Cleaned-Dataset/Webshell/79667bc6eef7693ed5da85b31a677f9c.php,webshell
0,0,0,0,0,0,1,0,0,0,0,0,0,13,0,0,0,0,0,0,0,219,870,./Cleaned-Dataset/Webshell/7979b63fa6cf5eba13510604d90866f2.php,webshell
0,0,0,0,0,0,0,0,0,0,0,0,2,2,0,0,0,0,0,0,0,77,366,./Cleaned-Dataset/Webshell/79a35452834b5205242ce4ee99e1b3bb.php,webshell
0,0,0,0,0,0,0,0,1,0,1,0,0,0,0,0,0,0,0,0,0,4,13,./Cleaned-Dataset/Webshell/79b22d7dbf49d8cfdc564936c8a6a1e2.php,webshell
0,1,0,0,0,0,0,0,0,0,0,0,0,1,0,0,0,0,0,0,0,11,64,./Cleaned-Dataset/Webshell/79bd9191541e3b83b71f73a70417032f.php,webshell
1,0,0,0,0,0,0,0,0,0,0,0,0,1,0,0,0,0,0,0,0,0,6,./Cleaned-Dataset/Webshell/79cefddcb4ec70975fcdbba22f9a5232.php,webshell
0,0,0,0,0,0,0,0,1,0,0,0,0,0,0,1,0,0,0,0,0,1177,44,./Cleaned-Dataset/Webshell/79f4bbe611de69059a180c0e8c270480.php,webshell
0,0,0,0,0,0,0,0,0,0,0,0,0,14,0,0,0,0,0,0,0,220,533,./Cleaned-Dataset/Webshell/7a05cdee767f824205d881180c54395e.php,webshell
0,0,0,0,0,0,0,0,0,0,0,0,0,0,1,0,0,0,0,0,0,3,21,./Cleaned-Dataset/Webshell/7a0641fa4af9e1f203d9305fadc931ca.php,webshell
0,0,0,0,0,0,0,0,0,0,0,0,0,0,2,1,0,0,0,0,0,4,20,./Cleaned-Dataset/Webshell/7a30c1ae4e73d6d3248a69b9697adbac.php,webshell
2,0,0,0,0,0,0,0,0,0,0,0,0,0,0,0,0,0,0,0,0,4,146,./Cleaned-Dataset/Webshell/7a3639cb1e83848e49554a2a51230aec.php,webshell
9,0,5,2,2,2,1,0,10,0,0,0,1,1,7,2,0,3,0,0,0,3884,13037,./Cleaned-Dataset/Webshell/7a3cc460306cbf50b4f230884624acb0.php,webshell
0,0,0,0,0,0,0,0,0,0,0,0,0,0,0,0,0,0,0,0,0,28,125,./Cleaned-Dataset/Webshell/7a5550e19850d909cbbdf807833f939d.php,webshell
0,0,0,0,0,0,0,0,0,1,0,0,0,0,0,3,0,0,0,0,0,10,104,./Cleaned-Dataset/Webshell/7a77f02b305d6c09633499dcaa0312ca.php,webshell
1,0,0,0,16,0,0,0,3,0,0,0,2,21,0,0,0,0,0,0,0,163,1015,./Cleaned-Dataset/Webshell/7a7b95f90f547e4fa510b30e75a44b98.php,webshell
1,0,0,0,0,0,0,0,0,0,0,0,0,0,0,0,0,0,0,0,0,285,73,./Cleaned-Dataset/Webshell/7a815699866d62b04bb44f8c63279ace.php,webshell
0,0,0,0,0,0,0,0,0,0,0,0,0,0,0,0,0,0,0,0,0,28,125,./Cleaned-Dataset/Webshell/7aaae9aab0ddac9a2ce4e188fd4c91e5.php,webshell
0,0,1,0,0,0,0,0,1,0,0,0,0,1,0,0,0,0,0,0,0,20,62,./Cleaned-Dataset/Webshell/7aae38c8db8ea4e8f3a0a2c9f3777d32.php,webshell
6,0,12,4,4,4,2,0,7,4,0,1,126,122,6,0,3,1,0,2,0,2723,9462,./Cleaned-Dataset/Webshell/7aaf0edf41f02ae817a535ab023df826.php,webshell
7,0,2,6,2,2,1,4,4,0,0,0,0,3,0,2,3,1,0,0,0,2104,8445,./Cleaned-Dataset/Webshell/7ab4e476372b5d9a28b35e8988c3cacb.php,webshell
5,0,3,4,2,2,1,0,6,0,0,0,0,285,0,55,3,2,0,0,0,1871,7640,./Cleaned-Dataset/Webshell/7ac3227f98a0c61d3911ef429ed24be3.php,webshell
0,0,20,0,0,0,0,0,0,0,0,0,0,0,0,0,0,0,0,0,0,99,307,./Cleaned-Dataset/Webshell/7b1052d6c107da8b9457d1cbee611b6f.php,webshell
0,0,0,0,0,0,0,0,0,0,0,0,3,0,0,0,0,0,0,0,0,17,379,./Cleaned-Dataset/Webshell/7b26e79184d2b634ee30e446b49627e1.php,webshell
5,0,3,4,2,2,1,0,2,0,0,0,0,252,0,42,2,1,0,0,0,1657,6605,./Cleaned-Dataset/Webshell/7b306b32b5f9854aa1eeaa4f6d246a2f.php,webshell
0,0,4,0,0,0,0,0,2,0,0,0,0,0,2,0,0,0,0,0,0,12,46,./Cleaned-Dataset/Webshell/7b4891ec2529b0d83998cd4789463bfb.php,webshell
1,0,1,0,0,1,0,0,0,0,0,0,14,31,0,0,4,0,0,0,0,414,1721,./Cleaned-Dataset/Webshell/7b4e81ba8703e7ebeca0001ed18263b3.php,webshell
0,0,0,0,0,0,0,0,0,0,0,0,0,3,0,0,0,0,0,0,0,14,26,./Cleaned-Dataset/Webshell/7b705e3b51bb75266f34db56a2f021a3.php,webshell
0,0,1,0,0,0,0,0,0,0,0,0,0,8,0,0,0,4,0,0,0,241,317,./Cleaned-Dataset/Webshell/7b745cc4572e980253d0ea8ed365b384.php,webshell
0,0,0,1,0,0,0,0,1,0,0,0,0,0,0,0,0,0,0,0,0,39,271,./Cleaned-Dataset/Webshell/7b754e9cfcedabe82dac8bcda34aa6d9.php,webshell
1,0,0,0,0,0,0,0,1,0,1,0,0,0,0,0,0,0,0,0,0,16,294,./Cleaned-Dataset/Webshell/7b79d1fd5a9eb6ef296e7ac7082acc54.php,webshell
4,0,8,33,3,3,3,3,2,0,0,0,4,3,331,5,7,7,0,0,0,1850,10522,./Cleaned-Dataset/Webshell/7b837f27b2cc0aa292620bc2c6ae2eb6.php,webshell
0,0,0,0,0,0,0,0,0,0,0,0,0,0,0,0,0,0,0,0,0,19,350,./Cleaned-Dataset/Webshell/7b9734495625b689ad46813b8377ad0b.php,webshell
1,0,0,0,0,0,0,0,0,0,0,0,0,0,0,0,0,0,0,0,0,285,73,./Cleaned-Dataset/Webshell/7b9e03f80e1596e7fa1f863832c3104e.php,webshell
4,0,3,2,2,2,1,0,2,0,0,0,0,35,0,0,2,0,0,0,0,445,1501,./Cleaned-Dataset/Webshell/7ba33cd16804c327009a6167ce4afbef.php,webshell
10,0,3,3,3,5,3,0,4,0,0,0,5,65,0,0,2,1,0,0,0,606,1825,./Cleaned-Dataset/Webshell/7bb0f992ee11c9587612617dd1591b5a.php,webshell
0,0,0,0,0,0,0,0,0,0,0,0,0,0,0,0,0,0,0,0,0,19,103,./Cleaned-Dataset/Webshell/7bb320137162957fe529c780f9410593.php,webshell
0,1,0,0,0,0,0,0,0,0,0,0,1,0,0,0,0,0,0,0,0,2,9,./Cleaned-Dataset/Webshell/7bccb8f67fc75278b50153157c060419.php,webshell
1,0,0,0,0,0,0,0,0,0,0,0,0,0,0,0,0,0,0,0,0,74,64,./Cleaned-Dataset/Webshell/7bf92ef21d1fdfa26727f03be13c5c23.php,webshell
10,0,0,0,0,0,0,0,0,0,0,0,0,42,0,0,2,0,0,0,0,431,1803,./Cleaned-Dataset/Webshell/7c1d0af604778b2cd048fb8aefb9f287.php,webshell
0,0,0,0,0,0,0,0,0,0,0,0,0,6,0,0,0,0,0,0,0,60,138,./Cleaned-Dataset/Webshell/7c1ea90c0c0aaa3132f815247edddac9.php,webshell
7,0,0,3,0,0,0,4,3,0,0,0,0,0,2,2,3,0,0,0,0,1384,5266,./Cleaned-Dataset/Webshell/7c46cb454a164731d18c31fcd9f20e5e.php,webshell
1,0,2,6,2,2,0,0,0,0,0,0,0,24,0,0,0,0,0,0,0,324,1237,./Cleaned-Dataset/Webshell/7c4f6e7b4dbf2e6461988db832854967.php,webshell
1,0,0,0,0,0,0,0,0,0,0,0,3,0,0,0,0,0,0,0,0,5,26,./Cleaned-Dataset/Webshell/7c5b1b30196c51f1accbffb80296395f.php,webshell
10,0,3,3,3,5,3,0,4,0,0,0,5,65,0,0,2,1,0,0,0,605,1820,./Cleaned-Dataset/Webshell/7c6f7dd5a38107cb951a57afc6765e80.php,webshell
0,0,0,0,0,0,0,0,0,0,0,0,0,0,4,0,0,0,0,0,0,40,187,./Cleaned-Dataset/Webshell/7c7c6a835b09133e2ec6ba889b0ef9f2.php,webshell
0,0,0,0,0,0,0,0,0,0,0,0,1,0,0,0,0,1,0,0,0,1,6,./Cleaned-Dataset/Webshell/7c7d220c5a332fb711017a2db032c74a.php,webshell
0,0,0,0,0,0,0,0,0,0,0,0,0,0,2,0,0,0,0,0,0,3,17,./Cleaned-Dataset/Webshell/7c9b973ef067ef707958df2c86f019df.php,webshell
0,0,0,0,0,0,0,0,0,0,0,0,0,0,1,0,0,0,0,0,0,131,36,./Cleaned-Dataset/Webshell/7cab6719733da7510eb8ee8209cc5e81.php,webshell
0,1,0,0,0,0,0,0,0,0,0,0,0,0,1,0,0,0,0,0,0,3,26,./Cleaned-Dataset/Webshell/7cb3cce7cd17224af960fde03f8a9661.php,webshell
0,0,1,0,0,0,0,0,0,0,0,0,0,8,0,0,0,4,0,0,0,241,317,./Cleaned-Dataset/Webshell/7cd02602e1d4feff5f3d2ce1d6f7c1e0.php,webshell
2,0,0,0,0,0,0,0,0,0,0,0,0,0,0,0,0,0,0,0,0,4,146,./Cleaned-Dataset/Webshell/7d167d826e311c44f9efc0554287e822.php,webshell
1,0,0,0,0,0,0,0,1,1,0,1,0,0,0,0,0,0,0,0,0,1,9,./Cleaned-Dataset/Webshell/7d1821ac949189b7b1f0da3e15e6b517.php,webshell
1,0,0,0,0,0,0,0,0,0,0,0,0,1,0,0,0,0,0,0,0,3,17,./Cleaned-Dataset/Webshell/7d2cf54785427e16e5c75be79835ed98.php,webshell
10,0,6,3,0,3,1,0,6,0,0,0,3,3,7,2,0,2,0,0,0,3433,14001,./Cleaned-Dataset/Webshell/7d3a0fd7a5e8a5e5e23c632a9a857ec5.php,webshell
0,0,0,0,0,0,0,0,1,0,0,0,2,0,0,0,0,0,0,1,0,8,39,./Cleaned-Dataset/Webshell/7d3d77f0afddb0d5ec69a947d6739297.php,webshell
1,0,0,0,0,0,0,0,0,0,0,0,0,0,0,0,0,0,0,0,0,6,382,./Cleaned-Dataset/Webshell/7d87d148c97fa9d29bf5e138e497986c.php,webshell
1,0,0,0,0,0,0,0,0,0,0,0,0,0,0,0,0,0,0,0,0,10,33,./Cleaned-Dataset/Webshell/7d889054e870f8d00202eb9ae269045f.php,webshell
0,0,0,0,0,0,0,0,0,0,0,0,0,0,0,0,0,0,0,0,0,4,327,./Cleaned-Dataset/Webshell/7db57a3e994816e2c55b681cc09d9e6d.php,webshell
0,0,0,0,0,0,0,0,0,0,0,0,0,1,0,0,0,0,0,0,0,2,11,./Cleaned-Dataset/Webshell/7dbc5e2e8c7564028a01c00da8446ed4.php,webshell
2,0,2,2,2,2,1,0,0,0,0,0,0,91,0,0,2,0,0,0,0,647,3490,./Cleaned-Dataset/Webshell/7dca05506fa76ed0ec28aa5a531f956a.php,webshell
0,0,0,0,1,0,0,0,0,0,0,0,7,9,0,0,2,0,0,0,0,288,630,./Cleaned-Dataset/Webshell/7dd17f1f722a7916d73bb5170016e787.php,webshell
7,0,2,3,2,2,1,0,1,0,0,0,0,4,0,2,2,1,0,0,0,1604,7848,./Cleaned-Dataset/Webshell/7ddc4fdd5537e3df03f47f1d467b389c.php,webshell
1,0,0,0,0,0,0,0,0,0,0,0,0,1,0,1,0,0,0,0,0,275,1026,./Cleaned-Dataset/Webshell/7e1c9361e61ce0779980881a6c51922b.php,webshell
0,0,0,0,0,0,0,0,0,0,0,0,0,0,0,0,0,0,0,0,0,33,321,./Cleaned-Dataset/Webshell/7e22aea32b13e68e3a191de5149c873e.php,webshell
1,0,0,0,0,0,0,0,1,0,0,0,0,0,0,0,0,0,0,0,0,8,24,./Cleaned-Dataset/Webshell/7e3aeed030f135dde27dec792b933c4f.php,webshell
2,0,0,0,0,0,0,0,0,0,0,0,0,0,0,0,0,0,0,0,0,222,2545,./Cleaned-Dataset/Webshell/7e4deb9884ffffa5d82c22f8dc533a45.php,webshell
0,0,0,2,0,2,0,0,0,0,0,0,0,14,0,0,0,0,0,0,0,59,154,./Cleaned-Dataset/Webshell/7e4f4182e7d482cd5d0fbe0af2440c4c.php,webshell
1,0,0,0,0,0,0,0,0,0,0,0,0,4,0,0,0,0,0,0,0,4,32,./Cleaned-Dataset/Webshell/7e5e2fc5fad83f88fd2ab5cb41a1ea5d.php,webshell
0,1,0,0,0,0,0,0,0,0,0,0,0,0,1,0,0,0,0,0,0,3,13,./Cleaned-Dataset/Webshell/7e651fc0cec4ed9dae1a9aa908a734d1.php,webshell
1,0,0,1,0,0,0,0,1,0,0,0,1,0,0,0,0,1,0,0,0,16,54,./Cleaned-Dataset/Webshell/7eb8f85003e438cd102e8e89ec9cd890.php,webshell
1,0,0,0,0,0,0,0,1,0,0,0,0,1,0,0,0,0,0,0,0,1,8,./Cleaned-Dataset/Webshell/7ebc8701b66bff82b754d6a595f6010a.php,webshell
0,0,0,0,1,0,0,0,0,0,0,0,7,9,0,0,2,0,0,0,0,288,621,./Cleaned-Dataset/Webshell/7ebcf7e14286bbf23b27891dbf0ea277.php,webshell
0,0,1,0,0,0,0,0,0,0,0,0,0,2,0,0,0,3,0,0,0,164,162,./Cleaned-Dataset/Webshell/7ec8ca191a59a325b743dcdc55138ac2.php,webshell
3,0,1,2,1,1,0,0,1,1,0,0,28,103,6,2,4,0,0,0,0,3943,18576,./Cleaned-Dataset/Webshell/7ed1c922867649dc5a78cbc47fc00081.php,webshell
0,0,0,0,0,0,0,0,0,0,0,0,0,0,0,0,0,0,0,1,0,28,79,./Cleaned-Dataset/Webshell/7ed63176226f83d36dce47ce82507b28.php,webshell
0,0,0,0,0,0,0,0,0,0,0,0,0,0,0,0,0,0,0,0,0,7,68,./Cleaned-Dataset/Webshell/7ed866a30a1aceeaf9b4af7731bea4ef.php,webshell
1,0,0,0,0,0,0,0,0,0,0,0,0,0,0,0,0,0,0,0,0,1,10,./Cleaned-Dataset/Webshell/7ed88bad7ab290432560621d6f0af229.php,webshell
0,0,0,0,0,0,0,0,0,0,0,0,0,1,0,0,0,0,0,0,0,21,31,./Cleaned-Dataset/Webshell/7edefb8bd0876c41906f4b39b52cd0ef.php,webshell
1,0,0,0,0,0,0,0,1,0,0,0,0,5,0,0,0,0,0,0,0,86,337,./Cleaned-Dataset/Webshell/7ee834b03737b28d3294a7b3c7b84b24.php,webshell
0,0,0,0,0,0,0,0,0,0,0,0,0,0,1,0,0,0,0,0,0,0,11,./Cleaned-Dataset/Webshell/7eeec7520fb802ebca1e938bede7ee72.php,webshell
1,0,6,6,2,2,1,0,1,0,0,0,0,152,0,0,2,2,0,1,0,1507,6063,./Cleaned-Dataset/Webshell/7efb58d29ee6989c001495f5bd0e81c3.php,webshell
1,0,0,0,0,0,0,0,0,0,0,0,0,0,0,0,0,0,0,0,0,74,64,./Cleaned-Dataset/Webshell/7f0bc4408f4b5909d4e6cc1dda98dc81.php,webshell
0,0,0,0,0,0,0,0,0,0,0,0,0,0,0,0,0,0,0,0,0,19,350,./Cleaned-Dataset/Webshell/7f0daf82e0574cda58f92fa1048ad57f.php,webshell
0,0,5,8,0,0,0,0,0,0,0,0,0,0,0,0,0,1,0,0,0,174,913,./Cleaned-Dataset/Webshell/7f17e0f059b1fe5eb2b853b76c2c98db.php,webshell
9,0,2,5,2,2,1,4,5,0,0,0,0,0,2,2,3,0,0,0,0,1770,7781,./Cleaned-Dataset/Webshell/7f209a03d85b0746c3069fde83cef128.php,webshell
10,0,4,6,2,2,2,0,3,0,0,0,118,160,0,9,8,0,0,0,0,2543,10049,./Cleaned-Dataset/Webshell/7f23291a3845ce5f8a24345311346c48.php,webshell
0,0,0,0,0,0,0,0,0,0,0,0,0,0,0,0,0,0,0,0,0,18,347,./Cleaned-Dataset/Webshell/7f3a25b4fc6543fee99688eb9090b694.php,webshell
1,0,0,0,0,0,0,0,2,0,0,0,0,0,0,0,0,0,0,0,0,3,21,./Cleaned-Dataset/Webshell/7f3bb469abf188ca0d28fa8c7cc5afb6.php,webshell
1,0,0,0,0,0,0,0,1,1,0,2,2,0,0,0,0,0,0,0,0,21,100,./Cleaned-Dataset/Webshell/7f44f785785153f388dcdcc21ce5b6a4.php,webshell
4,0,3,4,2,2,1,0,4,0,0,0,0,254,0,42,2,1,0,0,0,1807,7154,./Cleaned-Dataset/Webshell/7f531d0b06b193dc9f29ad530e471bd9.php,webshell
0,0,0,0,0,0,0,0,0,0,0,0,0,2,0,0,0,0,0,0,0,10,51,./Cleaned-Dataset/Webshell/7f5de9288d7cde081cfdc2acb5d81849.php,webshell
0,0,0,0,0,0,0,0,0,0,0,0,0,0,0,0,0,0,0,0,0,20,353,./Cleaned-Dataset/Webshell/7f7062ff020f3014a750ea2d80eaa267.php,webshell
1,0,0,0,0,0,0,0,1,0,1,0,0,0,0,0,0,0,0,0,0,9,168,./Cleaned-Dataset/Webshell/7f7e64a6e5c0e6929337ff6b0c3d2652.php,webshell
1,0,1,0,0,1,0,0,0,0,0,0,14,31,0,0,4,0,0,0,0,414,1721,./Cleaned-Dataset/Webshell/7f83adcb4c1111653d30c6427a94f66f.php,webshell
3,0,4,8,2,3,0,0,0,0,0,0,3,42,0,0,0,1,0,0,0,1075,1970,./Cleaned-Dataset/Webshell/7f8f092a534010cf45fd31c434980a26.php,webshell
0,1,0,0,0,0,0,0,0,0,0,0,0,1,0,0,0,0,0,0,0,0,6,./Cleaned-Dataset/Webshell/7fb1f8a3d947506a3857c5d5436a35ed.php,webshell
0,0,4,22,0,0,0,0,0,0,0,0,0,21,0,0,0,3,0,0,0,1683,9550,./Cleaned-Dataset/Webshell/7fdb8f661a6e248c343f11ef171f888c.php,webshell
0,0,0,0,0,0,0,0,0,0,0,0,0,0,0,0,0,0,0,0,0,9,14,./Cleaned-Dataset/Webshell/7ff7ab23ffa616a2680d6727b6a8e0fb.php,webshell
0,0,5,5,5,8,0,0,0,0,0,0,3,7,0,0,3,0,0,1,0,263,1209,./Cleaned-Dataset/Webshell/800e56b127a7150b7284ed23ed66f27a.php,webshell
7,0,3,2,2,2,1,0,3,0,0,0,7,213,0,0,0,3,0,0,0,1701,5566,./Cleaned-Dataset/Webshell/8023394542cddf8aee5dec6072ed02b5.php,webshell
0,0,0,0,0,0,0,0,0,0,0,0,0,1,0,0,0,0,0,0,0,62,130,./Cleaned-Dataset/Webshell/802afe392c3e10dfda628d06fd2154c6.php,webshell
0,0,1,0,0,0,0,0,0,0,0,0,0,2,0,0,0,1,0,0,0,20,164,./Cleaned-Dataset/Webshell/8042713af3febec91199d6963c6191a1.php,webshell
0,0,0,0,0,0,0,0,0,0,0,0,0,0,0,0,0,0,0,0,0,19,350,./Cleaned-Dataset/Webshell/8043c319c1b5a8d4831ca13ed9ee7292.php,webshell
1,0,0,0,0,0,0,0,0,0,0,0,0,0,0,0,0,0,0,0,0,1,6,./Cleaned-Dataset/Webshell/8079ca3640781683331f13de0b27f81e.php,webshell
7,0,6,9,6,0,0,0,4,0,1,0,245,245,0,13,3,0,0,0,0,3444,9558,./Cleaned-Dataset/Webshell/807aa5f193cb03e27c89ab97e9c4a6bc.php,webshell
7,0,3,3,2,2,1,0,3,0,0,0,8,368,0,11,0,3,0,0,0,2883,8991,./Cleaned-Dataset/Webshell/807cee2d3205fe31cb8fa8d9a451c7c5.php,webshell
0,0,0,0,0,0,0,0,0,0,0,0,0,7,0,0,0,0,0,0,0,56,142,./Cleaned-Dataset/Webshell/80a9d47267697864eb42054f3992deef.php,webshell
0,0,0,0,0,0,0,0,0,0,0,0,0,0,0,0,0,0,0,0,0,7,13,./Cleaned-Dataset/Webshell/80b1160697ac4305dc7c3eb2e898d01f.php,webshell
1,0,0,0,0,0,0,0,0,0,0,0,0,0,0,0,0,0,0,0,0,2,137,./Cleaned-Dataset/Webshell/80c97388bdfce3b8a2340a823bdeea35.php,webshell
3,0,1,2,1,1,0,0,1,1,0,0,28,103,6,2,4,0,0,0,0,3943,18576,./Cleaned-Dataset/Webshell/80e56532c9a0c2a75233d3b982ff0167.php,webshell
13,0,7,5,5,8,0,0,0,0,0,0,3,7,0,0,3,0,0,0,0,456,2444,./Cleaned-Dataset/Webshell/80ed42e233a6f31e0c1da6bcabfe775f.php,webshell
3,0,4,8,2,3,0,0,0,0,0,0,3,42,0,0,0,1,0,0,0,1075,1970,./Cleaned-Dataset/Webshell/80f41bc0c2156b23a3e078c9942a99d8.php,webshell
0,0,0,0,0,0,0,0,0,0,0,0,4,0,0,0,0,0,0,0,0,20,192,./Cleaned-Dataset/Webshell/8102bb00c46883f4cbea2004e09b6cc3.php,webshell
0,0,0,0,0,0,0,0,2,0,0,0,0,0,0,0,0,0,0,0,0,3,9,./Cleaned-Dataset/Webshell/812ade31f2afe523a9ad1351748a205b.php,webshell
1,0,0,0,0,0,0,0,0,0,0,0,0,0,0,0,0,0,0,0,0,2,10,./Cleaned-Dataset/Webshell/816039ecb21f12be1b25f582ff90f5bd.php,webshell
1,0,0,0,0,0,0,0,1,0,0,0,0,0,0,0,0,1,1,0,2,16,81,./Cleaned-Dataset/Webshell/816f45b6d74138a1a3a612d3e0f42233.php,webshell
5,0,2,3,2,2,1,0,3,0,0,0,7,330,0,0,0,2,0,0,0,2246,9620,./Cleaned-Dataset/Webshell/8176558e990c8a5abcaee2009e7ef704.php,webshell
5,0,2,3,2,2,1,0,3,0,0,0,7,330,0,0,0,2,0,0,0,2246,9620,./Cleaned-Dataset/Webshell/817671e1bdc85e04cc3440bbd9288800.php,webshell
1,0,0,0,0,0,0,0,0,0,0,0,0,0,0,0,0,0,0,0,0,8,3525,./Cleaned-Dataset/Webshell/81858547eb9ea75b8b8666c3da9719a3.php,webshell
1,0,0,0,0,0,0,0,1,0,0,0,0,0,0,0,0,0,0,0,0,1609,62,./Cleaned-Dataset/Webshell/819103a41a762b9c45ae50bd654e18f5.php,webshell
1,0,0,0,0,0,0,0,1,0,0,0,0,0,0,0,0,0,0,0,0,3,17,./Cleaned-Dataset/Webshell/81932980affc948ab6332624c0a9bd2f.php,webshell
1,0,0,0,0,0,0,0,0,0,0,0,0,0,0,0,0,0,0,0,0,1,10,./Cleaned-Dataset/Webshell/819bf0fc59d31f5e0fa9b6672292bc88.php,webshell
1,0,0,0,0,0,0,0,0,0,0,0,0,0,0,0,0,0,0,0,0,8,518,./Cleaned-Dataset/Webshell/81a3f3832298c4e534737edf48fea99f.php,webshell
2,0,0,0,0,0,0,0,0,0,0,0,0,0,0,0,0,0,0,0,0,4,148,./Cleaned-Dataset/Webshell/81c0350188cdf5bde8190816f2179754.php,webshell
0,1,0,0,0,0,0,0,0,0,0,0,0,0,1,0,0,0,0,0,0,8,35,./Cleaned-Dataset/Webshell/81c1bdedd774ebf8469a86de1da8086d.php,webshell
7,0,0,0,0,1,0,0,1,0,0,0,2,20,0,0,6,0,0,0,0,159,418,./Cleaned-Dataset/Webshell/81c3a3c3099d441079382d3729161b80.php,webshell
3,0,8,12,3,3,1,1,2,0,0,0,4,3,269,5,5,4,0,0,0,2448,9531,./Cleaned-Dataset/Webshell/81d61f99f93c076790524c754b5ea075.php,webshell
1,0,0,0,0,0,0,0,1,1,0,0,0,0,0,0,0,0,0,0,0,0,7,./Cleaned-Dataset/Webshell/81e1a8867e8d3a62467c01b076efdd97.php,webshell
1,0,0,0,0,0,0,0,0,0,0,0,0,0,0,0,0,0,0,0,0,1,8,./Cleaned-Dataset/Webshell/81ec3b97fa9851e2890d51d72805d380.php,webshell
8,0,2,3,2,2,0,1,5,5,0,0,0,0,185,2,3,0,0,0,0,1777,6055,./Cleaned-Dataset/Webshell/822a2519fd96e146b334b3cf1a4f5f69.php,webshell
5,0,6,3,2,2,0,1,7,1,0,0,118,109,9,0,5,0,0,4,0,2188,9597,./Cleaned-Dataset/Webshell/823f3a4f409c44ab9725e68bac30c494.php,webshell
0,0,0,0,0,0,0,0,0,0,0,0,0,0,19,0,0,2,0,0,0,95,673,./Cleaned-Dataset/Webshell/825a3b2a6abbe6abcdeda64a73416b3d.php,webshell
1,0,0,0,0,0,0,0,1,1,0,2,0,0,0,0,0,0,0,0,0,6,26,./Cleaned-Dataset/Webshell/826caffc46dfa220b5d7ffcbbac64171.php,webshell
0,0,1,9,0,1,0,0,6,0,0,0,0,0,0,0,0,0,0,0,0,415,1163,./Cleaned-Dataset/Webshell/828f8692a764a5fdf4b2758a6b184122.php,webshell
0,0,0,0,0,0,0,0,0,0,0,0,0,0,0,0,0,0,0,0,0,16,495,./Cleaned-Dataset/Webshell/829c561b06f0622e9de8a187156682ab.php,webshell
0,0,4,7,8,4,4,0,5,0,0,0,0,37,7,0,0,2,0,0,0,617,2065,./Cleaned-Dataset/Webshell/82dca1baa018625681f4d303f0fcbf30.php,webshell
0,0,0,0,0,0,0,0,0,0,0,0,0,0,0,0,0,0,0,0,0,16,341,./Cleaned-Dataset/Webshell/82fc868a8b56fb35799b26cc3694be5f.php,webshell
0,0,0,0,0,0,0,0,0,0,0,0,2,0,0,0,0,0,0,0,0,2,15,./Cleaned-Dataset/Webshell/8310d943c652808db786ac8aff5667c6.php,webshell
0,0,0,0,0,0,0,0,1,0,0,0,0,0,0,0,0,0,0,0,0,5,20,./Cleaned-Dataset/Webshell/8320c33e4d2685ef3f2956f505083aff.php,webshell
0,0,0,0,0,0,0,0,6,0,0,0,0,0,0,0,0,0,0,0,0,1488,4869,./Cleaned-Dataset/Webshell/8334249cbb969f2d33d678fec2b680c5.php,webshell
1,0,0,0,0,0,0,0,1,1,0,0,0,0,0,0,0,0,0,0,0,1,7,./Cleaned-Dataset/Webshell/83375b922ec9316c171be224e3a8c27b.php,webshell
0,0,4,0,0,0,0,0,0,0,0,0,0,4,0,0,3,0,0,0,0,71,143,./Cleaned-Dataset/Webshell/8338c8d9eab10bd38a7116eb534b5fa2.php,webshell
1,0,0,0,0,0,0,1,1,0,0,0,0,0,16,0,0,0,0,0,0,80,534,./Cleaned-Dataset/Webshell/8339ccb4fa7ea0539c973bdc95abaf79.php,webshell
0,0,0,0,0,0,0,0,0,0,0,0,15,5,0,0,0,0,0,0,0,104,421,./Cleaned-Dataset/Webshell/835505e00bb7638405ad108875aa439d.php,webshell
0,1,0,0,0,0,0,0,0,0,0,0,0,0,1,0,0,0,0,0,0,4,27,./Cleaned-Dataset/Webshell/8372adab607f6063943598fb07db7d64.php,webshell
0,0,0,0,0,0,0,0,0,0,0,0,0,0,0,0,0,0,0,0,0,59,164,./Cleaned-Dataset/Webshell/839dc6770847d6fdff942fa56600a7af.php,webshell
0,0,0,0,0,0,0,0,0,0,0,0,0,17,0,0,0,0,0,0,0,62,782,./Cleaned-Dataset/Webshell/83bb08c4b77a0309da7365b3691cb7d5.php,webshell
1,0,0,0,0,0,0,0,0,0,0,0,0,0,0,0,0,0,0,0,0,34,310,./Cleaned-Dataset/Webshell/83d62224d05cf4b66eafbdd43c1f7ca7.php,webshell
0,0,5,8,0,0,0,0,0,0,0,0,0,0,0,0,0,1,0,0,0,187,982,./Cleaned-Dataset/Webshell/83debd119718e15a4dd20f96dd4ddfd5.php,webshell
7,0,2,3,2,2,1,0,1,0,0,0,1,5,0,2,4,1,0,0,0,1628,6597,./Cleaned-Dataset/Webshell/83f1c27c5c21accf21a6313cd3f7bf85.php,webshell
11,0,6,3,0,3,1,0,7,0,0,0,3,3,7,2,0,3,0,0,0,3935,14285,./Cleaned-Dataset/Webshell/83f83bb415b98d41fbcae9193b47c984.php,webshell
0,0,0,0,0,0,0,0,0,0,0,0,0,0,2,0,0,0,0,0,0,5,32,./Cleaned-Dataset/Webshell/8406adf874f2e9df92adec9716abc68e.php,webshell
0,0,4,6,2,2,0,0,3,0,0,0,54,61,0,0,6,0,0,0,0,1858,6129,./Cleaned-Dataset/Webshell/840d0fc6595d8c2c734a9229bd5b62ae.php,webshell
0,0,0,0,0,0,0,0,0,0,0,0,0,1,0,0,2,0,0,0,0,12,32,./Cleaned-Dataset/Webshell/8414c2c17746fdc478b65e2232438925.php,webshell
1,0,0,0,0,0,0,0,1,1,0,2,0,0,0,0,0,0,0,0,0,5,24,./Cleaned-Dataset/Webshell/8421dbc286d27630ee1316e2702bede0.php,webshell
0,0,0,0,0,0,0,0,0,0,0,0,2,0,0,0,0,0,0,0,0,2,15,./Cleaned-Dataset/Webshell/8445725027eec4812f63ce82d5e23552.php,webshell
0,0,0,0,0,0,0,0,0,0,0,0,0,0,0,0,0,0,0,0,0,20,507,./Cleaned-Dataset/Webshell/847fe297149382ebf3626e2a8aeb16ad.php,webshell
0,0,0,0,0,0,0,0,0,0,0,0,0,0,0,0,0,0,0,0,1,10,36,./Cleaned-Dataset/Webshell/84cc13a3ea44a6be69a9e35933be7705.php,webshell
1,0,0,0,0,0,0,0,0,0,0,0,0,0,0,0,0,0,0,0,0,3,42,./Cleaned-Dataset/Webshell/84d9d5128a1fe027c6003a46c66a6b0a.php,webshell
0,0,0,0,0,0,0,0,0,0,0,0,2,0,0,0,0,0,0,0,0,5,16,./Cleaned-Dataset/Webshell/84e687cabf439967fb8f095946863d94.php,webshell
1,0,0,0,0,0,0,0,1,1,0,0,0,0,0,0,0,0,0,0,0,14,42,./Cleaned-Dataset/Webshell/84fb8c8a427e07d71c46f83b465463bd.php,webshell
0,0,1,0,0,0,0,0,0,0,0,0,0,0,0,0,0,0,0,0,0,144,158,./Cleaned-Dataset/Webshell/851175ba9247b8f95050394abf166763.php,webshell
0,0,0,0,0,0,0,0,0,0,0,0,0,1,0,0,0,0,0,0,0,15,11,./Cleaned-Dataset/Webshell/852f3149e8b10a5150c945bc825301b5.php,webshell
2,0,0,0,0,0,0,0,1,1,0,0,0,0,0,0,0,0,0,0,0,14,49,./Cleaned-Dataset/Webshell/8532064c8b2c6a70050685d49cb1de26.php,webshell
0,0,0,0,0,0,0,1,2,0,0,0,0,0,6,0,0,0,0,0,0,42,279,./Cleaned-Dataset/Webshell/85529c6a867e4fe4cc73b281292dd9c5.php,webshell
0,0,0,0,0,0,0,0,0,0,0,0,0,0,32,5,1,0,0,0,0,625,3630,./Cleaned-Dataset/Webshell/857226d81f3cc8dd651cacba92f27744.php,webshell
0,0,0,0,0,0,0,0,0,0,0,0,0,0,0,0,0,0,0,0,0,3,3,./Cleaned-Dataset/Webshell/85a7808ed109ee40c8e08414d36c275e.php,webshell
0,0,0,0,0,0,0,0,2,0,0,0,2,1,0,0,0,0,0,0,0,12,57,./Cleaned-Dataset/Webshell/85dbde64b05de1e2f3eef81a7ed011ba.php,webshell
9,0,2,5,2,2,1,4,5,0,0,0,0,0,2,2,3,0,0,0,0,1752,7741,./Cleaned-Dataset/Webshell/85e19759d6c2f250c23c1a9b99530ebd.php,webshell
1,0,0,0,0,0,0,0,1,0,0,0,0,0,0,0,0,0,0,0,0,1,5,./Cleaned-Dataset/Webshell/85f724a80aa9e8cb36308e3c1939c09f.php,webshell
0,0,0,0,0,0,0,1,0,0,0,0,0,0,16,0,0,0,0,0,0,117,462,./Cleaned-Dataset/Webshell/85f7abadbc33982a4d4bee082334f242.php,webshell
0,0,0,0,0,0,0,0,0,0,0,0,0,0,0,0,0,0,0,0,0,16,341,./Cleaned-Dataset/Webshell/85f915bffe2165bdbd92be2453d94edd.php,webshell
0,0,0,0,0,0,0,0,2,0,0,0,0,4,0,0,0,0,0,0,0,90,450,./Cleaned-Dataset/Webshell/85ff8047cfe1d3c8f4e82a5dac4afec3.php,webshell
0,0,0,2,0,0,0,0,6,0,0,0,7,52,7,0,2,0,0,1,0,2252,4894,./Cleaned-Dataset/Webshell/8605bd81f108b5af4c2b6b29867431e7.php,webshell
0,0,0,1,0,0,0,0,0,0,0,0,0,0,0,0,0,0,0,0,0,629,2485,./Cleaned-Dataset/Webshell/8617fd504e2a02e5d69d553621b58baa.php,webshell
0,0,0,0,0,0,0,0,0,0,0,0,0,1,0,0,0,0,0,0,0,15,9,./Cleaned-Dataset/Webshell/8623636fe15177c1c034b3f42404f25d.php,webshell
0,0,0,0,0,0,0,0,1,0,0,0,0,2,2,0,0,0,0,0,0,6,36,./Cleaned-Dataset/Webshell/8628666be80b3205264d3ae9bdef40cd.php,webshell
13,0,2,2,2,2,2,2,8,6,0,0,0,0,120,2,3,0,0,0,0,2030,7290,./Cleaned-Dataset/Webshell/862e89a114ffc979d5182f2e9e85de17.php,webshell
0,0,3,0,0,0,0,0,0,0,0,0,15,11,0,0,9,0,0,0,0,404,1367,./Cleaned-Dataset/Webshell/863cb18d9740e28650b49e2d98b5db5e.php,webshell
1,0,0,0,0,0,0,0,0,0,0,0,0,0,0,0,0,0,0,0,0,1,8,./Cleaned-Dataset/Webshell/86409cdff0a76b629ebf078264f97064.php,webshell
0,0,3,0,0,0,0,0,0,0,0,0,15,11,0,0,9,0,0,0,0,404,1367,./Cleaned-Dataset/Webshell/864b43080edfee9e682674a7ca014f78.php,webshell
0,0,0,0,0,0,0,0,1,0,0,0,0,0,0,0,0,2,0,0,0,518,1734,./Cleaned-Dataset/Webshell/866ce456008af7ab0ce0da60e3f3dac6.php,webshell
0,0,0,0,0,0,0,0,0,0,0,0,0,0,0,0,0,1,0,0,0,27,155,./Cleaned-Dataset/Webshell/8692c95e638f250656ade4a320cf8627.php,webshell
0,0,0,0,0,0,0,0,0,0,0,0,0,1,0,0,0,0,0,0,0,9,25,./Cleaned-Dataset/Webshell/86c562d0ea7d44ac798844e9f5fdf4a5.php,webshell
1,0,0,0,0,0,0,0,1,1,0,0,0,0,0,0,0,0,0,0,0,0,16,./Cleaned-Dataset/Webshell/86ce24a4978555d8b13084d29c7ca542.php,webshell
0,0,0,0,1,0,0,0,0,0,0,0,7,9,0,0,2,0,0,0,0,286,619,./Cleaned-Dataset/Webshell/86dd24b51d8908ceef3bcb3339a893c0.php,webshell
0,0,0,0,0,0,0,0,0,0,0,0,7,29,0,0,3,0,0,0,0,240,750,./Cleaned-Dataset/Webshell/86f39917faff7a94bb741fb2b031d01d.php,webshell
1,0,0,0,0,0,0,0,0,0,0,0,0,0,0,0,0,0,0,0,0,1,10,./Cleaned-Dataset/Webshell/86f5643d9e0fbff00ecb9acedba9fafd.php,webshell
7,0,6,9,6,0,0,0,4,0,1,0,245,245,0,13,3,0,0,0,0,3457,9627,./Cleaned-Dataset/Webshell/8705c4495a9fd1811f31e2507f93e63e.php,webshell
2,0,0,0,0,0,0,0,0,0,0,0,0,0,0,0,0,0,0,0,0,4,145,./Cleaned-Dataset/Webshell/8710f8c61ce98cd1b540356b7f94da99.php,webshell
0,0,0,0,0,0,0,0,1,0,0,0,0,0,2,0,0,0,0,0,0,3,19,./Cleaned-Dataset/Webshell/872264d007f2a46f594ad67f42fc2656.php,webshell
0,0,0,0,0,0,0,0,0,0,0,0,0,0,0,0,0,0,0,0,0,9,14,./Cleaned-Dataset/Webshell/872e16d4a77a6f2a7d9c1d390da1448c.php,webshell
1,0,0,0,0,0,0,0,1,1,0,0,0,0,0,0,0,0,0,0,0,8,120,./Cleaned-Dataset/Webshell/873a04ad80625d59f6cd8be832399172.php,webshell
1,0,0,0,0,0,0,0,1,1,0,0,0,0,0,0,0,0,0,0,0,1,16,./Cleaned-Dataset/Webshell/873f79f291b6a33067177954ea2bb196.php,webshell
0,0,0,0,0,0,0,0,0,0,0,0,0,0,0,0,0,0,0,0,0,66,175,./Cleaned-Dataset/Webshell/876d0777a8b088ab238066a83a477f38.php,webshell
3,0,3,4,2,2,1,0,1,0,0,0,0,177,0,0,2,2,0,0,0,1331,4999,./Cleaned-Dataset/Webshell/87798790b0f3c0f1403c6be6b99b91d9.php,webshell
0,0,0,0,0,0,0,0,0,0,0,0,0,0,1,0,0,0,0,0,0,2,17,./Cleaned-Dataset/Webshell/8780706675f862b56c3c057f5664baa4.php,webshell
0,0,0,0,0,0,0,0,0,0,0,0,0,0,0,0,0,0,0,0,0,20,353,./Cleaned-Dataset/Webshell/878871415b6526880289a6959fde6f2d.php,webshell
1,0,1,0,0,0,0,0,0,0,0,0,0,0,0,0,0,0,0,0,0,1,33,./Cleaned-Dataset/Webshell/879deace0eb82785a981c77f2b274a2d.php,webshell
1,0,1,0,0,0,0,0,0,0,0,0,0,1,0,1,0,1,0,0,0,398,2253,./Cleaned-Dataset/Webshell/879ed50954af24e1e24031d37c84fd80.php,webshell
0,0,0,0,0,0,0,0,0,0,0,0,0,0,0,0,0,0,0,0,0,19,504,./Cleaned-Dataset/Webshell/87af5888bdad39726c2a4115694be11c.php,webshell
1,0,0,0,0,0,0,0,1,1,0,0,0,0,0,0,0,0,0,0,0,2,9,./Cleaned-Dataset/Webshell/87b5365b1c44b46f165d44ecf4f1f2ac.php,webshell
3,0,0,0,0,0,0,0,4,0,0,0,0,0,3,0,0,0,0,0,0,38,249,./Cleaned-Dataset/Webshell/87cf8209494eedd936b28ff620e28780.php,webshell
10,0,14,9,9,7,8,0,2,0,0,0,3,3,143,0,0,1,0,0,0,1158,4301,./Cleaned-Dataset/Webshell/87e6be2ee066941aa0469f43cdd9f98f.php,webshell
0,0,0,0,0,0,0,0,0,0,0,0,0,0,2,0,0,0,0,0,0,2,12,./Cleaned-Dataset/Webshell/87ed10c884df643408a91c815172c6a4.php,webshell
0,0,0,0,0,0,0,0,0,0,0,0,2,4,0,0,0,0,0,0,0,41,92,./Cleaned-Dataset/Webshell/87f11a5b6c18520eb77bfdc565530c43.php,webshell
1,0,0,0,0,0,0,0,0,0,0,0,0,0,0,0,0,0,0,0,0,5,21,./Cleaned-Dataset/Webshell/87fbd5ed5ece229b71c2b098342250f5.php,webshell
12,0,14,8,2,5,5,0,8,0,0,0,59,19,4,2,2,3,0,0,0,4188,15761,./Cleaned-Dataset/Webshell/8808c82126359cdf71de65de4aba5fcd.php,webshell
0,0,0,0,0,0,0,0,0,0,0,0,0,0,0,0,0,0,0,0,0,20,353,./Cleaned-Dataset/Webshell/88280c54d0e0763fe0c33efe33df5a12.php,webshell
0,0,1,0,0,0,0,0,0,0,0,0,1,0,0,0,0,0,0,0,0,2,13,./Cleaned-Dataset/Webshell/8861353f1aafe871bfac19c5787b269b.php,webshell
0,0,0,1,0,0,0,0,1,0,0,0,1,0,0,0,0,0,0,0,0,21,76,./Cleaned-Dataset/Webshell/886796ee7ad434716f2a7d0f584decf4.php,webshell
4,1,0,0,0,0,0,0,0,0,0,0,1,11,0,0,0,1,0,0,0,11,76,./Cleaned-Dataset/Webshell/886bfcecbcaa1b119a55287258104fdd.php,webshell
1,0,0,0,0,0,0,0,1,1,0,0,0,0,0,0,0,0,0,0,0,1,8,./Cleaned-Dataset/Webshell/88786df2394a2792c29861241cc9f300.php,webshell
0,0,0,0,0,0,0,0,0,0,0,0,0,0,2,0,0,0,0,0,0,5,32,./Cleaned-Dataset/Webshell/8880e09909b22a0b99ac45e2f3737835.php,webshell
0,0,0,0,0,0,0,0,0,0,0,0,0,0,1,0,0,0,0,0,0,3,28,./Cleaned-Dataset/Webshell/88b5860861951d2c5e183b1aa540fd5c.php,webshell
0,0,0,0,0,0,0,0,0,0,0,0,0,0,0,0,0,0,0,0,0,4,40,./Cleaned-Dataset/Webshell/88bca7b3fcab233716694d8de8f953e9.php,webshell
10,0,4,6,2,2,2,0,3,0,0,0,118,160,0,9,8,0,0,0,0,2543,10049,./Cleaned-Dataset/Webshell/88bf474ef75b16b840c04a5e05470d78.php,webshell
0,0,0,0,0,0,0,0,0,0,0,0,6,28,0,0,3,0,0,0,0,230,710,./Cleaned-Dataset/Webshell/88f3334e136e8072c9dc1f6f7985f773.php,webshell
12,0,8,4,4,4,4,0,7,0,0,0,3,3,4,2,2,2,0,0,0,4080,14066,./Cleaned-Dataset/Webshell/89194577ec4e9d95cb7c54750a79f042.php,webshell
0,2,0,0,0,0,0,0,0,0,0,0,0,1,1,0,0,0,0,0,0,3,14,./Cleaned-Dataset/Webshell/89332148326c84bfab576c114dd8b633.php,webshell
0,0,0,0,1,0,0,0,0,0,0,0,0,0,1,0,0,0,0,0,0,5,15,./Cleaned-Dataset/Webshell/898c563c0e4e462dd8f5bfff5abbbd50.php,webshell
0,0,0,0,0,0,0,0,0,0,0,0,0,0,0,0,0,0,0,0,0,18,501,./Cleaned-Dataset/Webshell/89a5017f40c91166cf36bf25d760aca4.php,webshell
0,0,0,0,0,0,0,0,0,0,0,0,0,0,0,0,0,0,0,0,0,60,137,./Cleaned-Dataset/Webshell/89b198f599137b222c75cc378a43c0ed.php,webshell
1,0,0,0,0,0,0,0,1,1,0,0,0,0,0,0,0,0,0,0,0,0,16,./Cleaned-Dataset/Webshell/89b44581dd1760b0d7181692b28c2997.php,webshell
1,0,6,6,2,2,1,0,1,0,0,0,0,156,0,0,2,2,0,1,0,1538,6168,./Cleaned-Dataset/Webshell/89bc382da07d583ce60866080e1c4fb8.php,webshell
9,0,3,3,3,2,1,1,6,1,0,1,37,554,0,12,0,3,0,0,0,4775,14608,./Cleaned-Dataset/Webshell/89bdaf60800af04fcaec05a6eb525cb6.php,webshell
0,0,0,0,0,0,0,0,0,0,0,0,0,0,0,0,0,0,0,0,0,16,341,./Cleaned-Dataset/Webshell/89c1f96e9b84af2d0fdb6cb94b81f5be.php,webshell
1,0,0,0,0,0,0,0,0,0,0,0,0,1,0,0,0,0,0,0,0,19,89,./Cleaned-Dataset/Webshell/89c257bcf3c3cc91cf2c387ea5957862.php,webshell
0,0,0,0,0,0,0,0,0,0,0,0,0,2,0,0,0,0,0,0,0,3,21,./Cleaned-Dataset/Webshell/89c3f182cfa97f6ece1f12687e3110f5.php,webshell
0,0,0,0,0,0,0,0,0,0,0,0,7,29,0,0,3,0,0,0,0,235,731,./Cleaned-Dataset/Webshell/89c8fd8bd7c65f6238d530757f24f95e.php,webshell
0,0,0,0,0,0,0,0,0,0,0,0,0,3,0,0,0,0,0,0,0,5,38,./Cleaned-Dataset/Webshell/89ce0a2b96183c4c15a9a39614bfdb4e.php,webshell
0,0,0,0,0,0,0,0,0,0,0,0,0,0,0,0,0,0,0,0,0,42,238,./Cleaned-Dataset/Webshell/89cedd38d2b1d001a9f3aef16bd5ae23.php,webshell
6,0,3,3,2,2,1,0,2,0,0,0,11,367,0,2,0,3,0,0,0,2827,9048,./Cleaned-Dataset/Webshell/89e67bf6dd4a8e175abc6e950ff2d1d5.php,webshell
9,0,14,9,9,7,8,0,1,0,0,0,3,3,143,0,0,1,0,0,0,1154,4287,./Cleaned-Dataset/Webshell/89faee6232896cf5d1a0b0b98f9996cc.php,webshell
0,0,0,0,0,0,0,0,0,0,0,0,0,13,0,0,0,0,0,0,0,94,246,./Cleaned-Dataset/Webshell/8a19240480b315b051eb03b643dae0e2.php,webshell
0,0,0,0,0,0,0,0,0,0,0,0,0,0,0,0,0,0,0,0,0,18,29,./Cleaned-Dataset/Webshell/8a28ca52aad467ca804760de61a8d199.php,webshell
12,0,6,3,0,3,1,0,8,0,0,0,7,3,7,2,0,2,0,0,0,4135,14402,./Cleaned-Dataset/Webshell/8a387ffeca92d795adf07e24b420d082.php,webshell
0,0,4,0,0,0,0,0,0,0,0,0,0,0,0,0,0,0,0,0,0,32,198,./Cleaned-Dataset/Webshell/8a68d9287b5c03e7dc700b94850969bb.php,webshell
0,0,0,0,0,0,0,0,0,0,0,0,0,0,0,0,0,0,0,0,0,20,353,./Cleaned-Dataset/Webshell/8a7de99ac8773a9401a80d2364d7627d.php,webshell
0,0,1,1,0,0,0,0,0,0,0,0,0,0,0,0,0,0,0,0,0,123,453,./Cleaned-Dataset/Webshell/8a8c8bb153bd1ee097559041f2e5cf0a.php,webshell
0,0,0,0,0,0,0,0,0,0,0,0,0,0,0,0,0,0,0,0,0,413,3093,./Cleaned-Dataset/Webshell/8a912f82e8ad2a102493a65625ab2604.php,webshell
0,0,0,0,0,0,0,0,0,0,0,0,0,1,0,0,0,0,0,0,0,4,8,./Cleaned-Dataset/Webshell/8aa94b00d24f74329732996cf3759d04.php,webshell
1,0,4,3,5,4,0,0,5,0,0,0,53,39,2,0,3,2,0,0,0,665,2881,./Cleaned-Dataset/Webshell/8accccecac7f3b3c76a57628721f1f1c.php,webshell
1,0,0,0,0,0,0,0,1,0,1,0,0,0,0,0,0,0,0,0,0,5,14,./Cleaned-Dataset/Webshell/8ad5d51933c293273e06d60b7d2b3a4f.php,webshell
1,0,6,5,5,5,5,0,0,0,0,0,17,21,0,2,2,0,0,0,0,985,3354,./Cleaned-Dataset/Webshell/8adad2d50edb8ec44b93502d112b84fc.php,webshell
5,0,3,4,2,2,1,0,6,0,0,0,0,285,0,55,3,2,0,0,0,1872,7700,./Cleaned-Dataset/Webshell/8ae034ec8f25fb3e8ea779ee3ed5d9fb.php,webshell
3,0,10,7,0,6,6,0,6,0,0,0,99,67,80,2,4,0,0,0,0,1392,5284,./Cleaned-Dataset/Webshell/8ae9d2b50dc382f0571cd7492f079836.php,webshell
13,0,7,4,4,4,4,0,9,0,0,0,3,3,4,2,2,2,0,0,0,4072,13996,./Cleaned-Dataset/Webshell/8aecbf7d2f2a218f9c1197b6d725dec2.php,webshell
1,0,0,0,0,0,0,0,0,0,0,0,0,1,0,0,0,0,0,0,0,0,6,./Cleaned-Dataset/Webshell/8af27462ab7ad5cdcba04a9d2c5b11e8.php,webshell
1,0,0,0,0,0,0,0,0,0,0,0,0,0,0,0,0,0,0,0,0,3,65,./Cleaned-Dataset/Webshell/8afb44c2bd8e4ed889ec8a935d3b3d38.php,webshell
0,0,0,0,0,0,0,0,0,0,0,0,0,0,2,0,0,0,0,0,0,4,25,./Cleaned-Dataset/Webshell/8b001ffe5aba32349b683aec44d292b9.php,webshell
0,0,0,0,0,0,0,0,0,0,0,0,0,1,0,0,0,0,0,0,0,2,9,./Cleaned-Dataset/Webshell/8b01bec2bd229df947e79a8b36740128.php,webshell
1,0,0,0,0,0,0,0,1,0,0,0,0,0,0,0,0,0,0,0,0,2,13,./Cleaned-Dataset/Webshell/8b2a51200b63a656940d5de5e33520a4.php,webshell
0,0,0,0,0,0,0,0,0,0,0,0,0,0,1,0,0,0,0,0,0,5,25,./Cleaned-Dataset/Webshell/8b5a95fb2c7eaadaef09589ca63532f8.php,webshell
1,0,3,3,3,3,3,3,1,1,0,0,0,2,0,3,0,0,0,0,0,620,3695,./Cleaned-Dataset/Webshell/8b7b130f7fffc0c56341dbeb110b1e74.php,webshell
3,1,0,0,0,0,0,0,4,0,0,0,0,1,3,0,0,0,0,0,0,25,70,./Cleaned-Dataset/Webshell/8bbc61a61d67c165d7871a0b5aa464d2.php,webshell
5,0,11,6,6,2,0,1,21,8,0,9,116,185,4,0,5,22,0,1,0,3741,12158,./Cleaned-Dataset/Webshell/8bcf4283520510e5a69e928f7e6241bf.php,webshell
0,0,0,0,0,0,0,0,0,0,0,0,0,0,0,0,0,0,0,0,0,20,353,./Cleaned-Dataset/Webshell/8beac07f04222ac6a4145182fb1aa4ad.php,webshell
0,0,0,0,0,0,0,0,0,0,0,0,0,0,0,0,0,0,0,0,0,16,126,./Cleaned-Dataset/Webshell/8befb6c254286665ba79cf8eb53286c4.php,webshell
10,0,4,5,3,4,0,0,0,0,0,0,20,39,4,2,4,0,0,0,0,332,1173,./Cleaned-Dataset/Webshell/8bfa2eeb8a3ff6afc619258e39fded56.php,webshell
1,0,0,0,2,0,0,0,3,0,0,0,15,29,0,1,2,0,0,1,4,1004,3431,./Cleaned-Dataset/Webshell/8bfe77ed895b7fe16a1f7f509eb563df.php,webshell
0,0,0,0,0,0,0,0,0,0,0,0,0,0,1,1,0,0,0,0,0,3,21,./Cleaned-Dataset/Webshell/8bfff91b277939bb0dafe97bf32c6620.php,webshell
10,0,10,9,8,8,7,5,1,0,0,0,24,527,3,11,0,8,0,0,2,4851,18668,./Cleaned-Dataset/Webshell/8c0056208504a1518fa833fb61982b0e.php,webshell
13,0,2,2,2,2,2,2,8,6,0,0,0,0,120,2,3,0,0,0,0,2030,7290,./Cleaned-Dataset/Webshell/8c0c7ff296bedd4c39a1030351dfebf7.php,webshell
7,0,2,5,2,2,1,0,4,1,0,0,118,198,0,8,13,0,0,0,0,2399,8025,./Cleaned-Dataset/Webshell/8c25f0e86bbb176a5d9a8bc4efe84ab4.php,webshell
0,0,1,0,0,0,0,0,0,0,0,0,2,0,0,0,0,0,0,0,0,0,19,./Cleaned-Dataset/Webshell/8c26b44c2ed9125fc1358e520e9d31b7.php,webshell
0,0,0,0,0,0,0,0,0,0,0,0,0,0,0,0,0,0,0,0,0,45,123,./Cleaned-Dataset/Webshell/8c561905061461c8e110587f3527cdb9.php,webshell
0,1,0,0,0,0,0,0,0,0,0,0,0,1,0,0,0,0,0,0,0,8,39,./Cleaned-Dataset/Webshell/8c765dd11adacdc4e8aebda8484c349c.php,webshell
0,0,0,0,0,0,0,1,0,0,0,0,0,0,16,0,0,0,0,0,0,117,462,./Cleaned-Dataset/Webshell/8c9103c7cebad857d068b33ba208811f.php,webshell
2,0,1,0,0,0,0,0,1,0,0,0,0,0,0,2,0,25,0,0,4,787,5217,./Cleaned-Dataset/Webshell/8caddfcca19a27dbdd4f72826a760348.php,webshell
2,0,0,0,0,0,1,0,1,0,0,0,0,4,0,0,2,4,0,0,0,1227,6776,./Cleaned-Dataset/Webshell/8cc531c4b68ad0f4a3b1fcf977eb776d.php,webshell
5,0,2,2,2,2,2,2,3,1,0,0,118,35,0,0,2,1,0,0,0,1024,3577,./Cleaned-Dataset/Webshell/8cce00ed1b1d19fff4dc852366a12efa.php,webshell
10,0,6,3,0,3,1,0,6,0,0,0,3,3,7,2,0,2,0,0,0,3946,13945,./Cleaned-Dataset/Webshell/8cdac6d440a31096421f473fd1bca719.php,webshell
0,0,0,0,0,0,0,0,4,0,0,0,0,0,0,0,0,0,0,0,0,6,51,./Cleaned-Dataset/Webshell/8cf9e43caf37a6fb6bfb6e7016e6c29d.php,webshell
0,0,1,0,0,0,0,0,0,0,0,0,1,2,0,0,0,0,0,0,0,223,916,./Cleaned-Dataset/Webshell/8d155b4239d922367af5d0a1b89533a3.php,webshell
0,0,2,4,0,0,0,0,4,0,0,0,292,267,0,21,1,0,0,0,0,7286,40725,./Cleaned-Dataset/Webshell/8d23f3d3f678d3e620b91c2115e1f714.php,webshell
1,0,0,0,0,0,0,0,1,1,0,0,0,0,0,0,0,0,0,0,0,1,16,./Cleaned-Dataset/Webshell/8d435457a4ccaaa8fad4afd405e95088.php,webshell
3,0,0,0,0,0,0,0,2,0,0,0,0,0,0,0,0,0,0,0,0,1,31,./Cleaned-Dataset/Webshell/8d443b7e71510b239e0a8ed9b2e671e3.php,webshell
0,0,0,0,0,0,0,0,0,0,0,0,0,0,0,0,0,0,0,0,0,16,41,./Cleaned-Dataset/Webshell/8d61be1dc5dde6a6ccd9bb8e9c2fbec9.php,webshell
12,0,14,8,2,5,5,0,8,0,0,0,59,19,4,2,2,3,0,0,0,4188,15761,./Cleaned-Dataset/Webshell/8d63180759e3f39decf30ef970ba97b3.php,webshell
0,0,0,0,0,0,0,0,0,0,0,0,0,0,0,0,0,0,0,0,0,70,219,./Cleaned-Dataset/Webshell/8d67393eb684ed831e3be5c33c1e76a2.php,webshell
0,0,0,0,0,0,0,0,0,0,0,0,0,0,0,0,0,0,0,0,0,18,29,./Cleaned-Dataset/Webshell/8db8489be12b8a33f58f4c79f2f61d9e.php,webshell
0,0,0,0,0,0,0,0,0,0,0,0,0,0,0,0,0,0,0,0,0,84,293,./Cleaned-Dataset/Webshell/8dbc038a869393d8aa4bd35c1eb60043.php,webshell
0,0,0,0,0,0,0,0,0,0,0,0,0,1,1,0,0,0,0,0,0,4,17,./Cleaned-Dataset/Webshell/8de11dd19a5cac70296d12750237edec.php,webshell
1,0,13,15,11,11,11,0,0,0,0,0,6,53,0,0,2,1,0,0,0,978,4323,./Cleaned-Dataset/Webshell/8df9fdd9ad9f58b707d7225c9bf98a8f.php,webshell
1,0,5,4,2,2,1,0,0,0,0,0,0,2,0,0,0,0,0,0,0,49,421,./Cleaned-Dataset/Webshell/8e019dfcfe445ff377aeb4284aa223ad.php,webshell
0,0,0,0,0,0,0,0,0,0,0,0,0,0,0,0,0,0,0,0,0,9,14,./Cleaned-Dataset/Webshell/8e0fbbe862486a9383d2d7b90b8e62ab.php,webshell
7,0,2,6,2,2,1,4,4,0,0,0,0,3,0,2,3,1,0,0,0,2119,8608,./Cleaned-Dataset/Webshell/8e210ad999217a7e8952b48550dcb27e.php,webshell
0,0,0,0,0,0,0,0,0,0,0,0,0,0,0,0,0,0,0,0,0,20,353,./Cleaned-Dataset/Webshell/8e3ec214cca91cd3ec3789c8a6caec3b.php,webshell
0,0,0,0,0,0,0,0,0,0,0,0,0,0,0,0,0,0,0,0,0,17,344,./Cleaned-Dataset/Webshell/8e4f7c6822c35cfbc32f30385c7601e9.php,webshell
0,0,0,0,0,0,0,0,0,0,0,0,0,0,0,0,0,0,0,0,0,17,344,./Cleaned-Dataset/Webshell/8e72ac312c93516e3e1df3600e69c028.php,webshell
0,0,23,18,11,13,13,0,0,0,0,0,0,0,0,0,0,8,0,8,8,907,4661,./Cleaned-Dataset/Webshell/8e7b35da81faf773260614f6618daf6b.php,webshell
1,0,0,0,0,0,0,0,1,0,0,0,0,2,0,0,0,0,0,0,0,8,27,./Cleaned-Dataset/Webshell/8e8471baf0992b181ef92e4156ae54a1.php,webshell
7,0,2,6,2,2,1,4,4,0,0,0,0,3,0,2,3,1,0,0,0,2099,8409,./Cleaned-Dataset/Webshell/8e84d950e86455fdd9188336ccb1a307.php,webshell
0,0,2,0,0,0,0,0,0,0,0,0,10,23,6,1,3,0,2,0,0,290,2489,./Cleaned-Dataset/Webshell/8e97f9cbc6c79b5d79e24b0061983c45.php,webshell
1,0,0,0,0,0,0,0,1,0,1,0,0,0,0,0,0,0,0,0,0,2,7,./Cleaned-Dataset/Webshell/8ea10aaabdd10d04d7b4e585f1de7228.php,webshell
1,0,4,8,0,0,0,0,8,0,0,0,264,333,0,20,5,0,0,0,0,13502,35191,./Cleaned-Dataset/Webshell/8ea38547146d771da6001b58f8fd5149.php,webshell
0,0,0,0,0,0,0,0,0,0,0,0,1,0,0,0,0,0,0,0,0,3,28,./Cleaned-Dataset/Webshell/8ec2f7c69693c8ec26b53fb061d57695.php,webshell
11,0,6,3,0,3,1,0,7,0,0,0,3,3,7,2,0,2,0,0,0,4093,14302,./Cleaned-Dataset/Webshell/8ee6dd2587f8c840f6c1b197a6ba317a.php,webshell
0,0,0,0,0,0,0,0,0,0,0,0,0,0,0,0,0,0,0,0,0,4,59,./Cleaned-Dataset/Webshell/8eef9163cf83a554777e0dced02f7934.php,webshell
14,0,17,9,9,5,7,2,6,0,0,0,67,652,27,17,0,12,0,1,2,7758,24122,./Cleaned-Dataset/Webshell/8efe281d6b09f7e48748613a465ac033.php,webshell
1,0,0,0,0,0,0,0,0,0,0,0,1,0,0,0,0,0,0,0,0,1,6,./Cleaned-Dataset/Webshell/8f00858b79be58764f4ad88f4df5da5f.php,webshell
0,0,23,18,11,13,13,0,0,0,0,0,0,0,0,0,0,8,0,8,8,907,4661,./Cleaned-Dataset/Webshell/8f169731d9268b53316ca43869e4264f.php,webshell
7,0,3,6,2,2,2,0,2,0,0,0,13,385,0,2,0,4,0,0,0,2998,9754,./Cleaned-Dataset/Webshell/8f1fdaa8d26a871610aff8dd0223892c.php,webshell
0,1,0,0,0,0,0,0,0,0,0,0,0,1,0,0,0,0,0,0,0,11,64,./Cleaned-Dataset/Webshell/8f36529b99672781e7c85f90851b415d.php,webshell
5,0,4,0,0,0,0,0,0,0,0,0,0,0,0,0,0,0,0,0,0,886,2750,./Cleaned-Dataset/Webshell/8f4b10299a1235e3d330ea9da504473c.php,webshell
0,0,0,0,0,1,0,0,0,0,0,0,0,0,0,0,0,0,0,0,0,2,6,./Cleaned-Dataset/Webshell/8f5b73632019fb16bdd8e7a95e96c320.php,webshell
0,1,0,0,0,0,0,0,0,0,0,0,0,0,1,0,0,0,0,0,0,2,15,./Cleaned-Dataset/Webshell/8f649009a6a0f64f359cb8a356732e55.php,webshell
0,1,0,0,0,0,0,0,0,0,0,0,0,1,0,0,0,0,0,0,0,16,131,./Cleaned-Dataset/Webshell/8f6d3d52a924f6d4126bd24735159c96.php,webshell
0,0,0,0,0,0,0,0,0,0,0,0,0,0,2,0,0,0,0,0,0,2,12,./Cleaned-Dataset/Webshell/8f6dd8aa0e5088675df90fa200d39cca.php,webshell
0,0,0,0,0,0,0,0,0,0,0,0,0,0,0,0,0,0,0,0,0,842,5931,./Cleaned-Dataset/Webshell/8f821f85e1eb2fb8db47f3fcd6bc4af4.php,webshell
2,0,0,0,0,0,1,0,0,0,0,0,0,38,0,0,2,0,0,0,0,320,1146,./Cleaned-Dataset/Webshell/8f82bc758e84a1360ef1d099e8bd3532.php,webshell
1,0,0,0,0,0,0,0,1,0,1,0,0,0,0,0,0,0,0,0,0,2,45,./Cleaned-Dataset/Webshell/8fac41fdc2c5363bffa85f9cfaa1b389.php,webshell
0,0,0,0,0,0,0,0,0,0,0,0,0,0,0,0,0,0,0,0,0,70,185,./Cleaned-Dataset/Webshell/8fe42d5d8039dd0a961c026077e3c5ff.php,webshell
5,0,3,4,2,2,1,0,6,0,0,0,0,287,0,55,3,2,0,0,0,1963,7779,./Cleaned-Dataset/Webshell/8fe7e3a51536823e3377a5baeaced39f.php,webshell
13,0,2,2,2,2,2,2,7,5,0,0,3,3,0,35,4,0,0,0,0,2498,12033,./Cleaned-Dataset/Webshell/904f10faa81b1dab2944185b58c0d89b.php,webshell
0,0,1,0,0,0,0,0,0,0,0,0,2,0,0,0,0,0,0,0,0,11,26,./Cleaned-Dataset/Webshell/9063552607dea7fb68f8b63636f73a0e.php,webshell
1,0,0,0,0,0,0,0,1,1,0,0,1,5,0,2,0,0,0,1,0,121,438,./Cleaned-Dataset/Webshell/909afc506ec7db828ff401bf20f28946.php,webshell
0,0,0,0,0,0,0,0,0,0,0,0,2,0,0,0,0,0,0,0,0,34,103,./Cleaned-Dataset/Webshell/90a41da622e382b395b120ee0c5ed65d.php,webshell
0,0,0,0,0,0,0,0,0,1,0,0,0,0,0,3,0,0,0,0,0,10,104,./Cleaned-Dataset/Webshell/90b2d4a60ebe4475a3929247e84bace0.php,webshell
3,0,1,1,1,1,1,0,2,0,0,0,0,260,0,42,2,0,0,0,0,1546,13553,./Cleaned-Dataset/Webshell/90e7b09b94299cbd29a4473dae76a225.php,webshell
0,0,0,0,0,0,0,0,0,0,0,0,0,1,0,0,2,0,0,0,0,17,32,./Cleaned-Dataset/Webshell/90fe3f255b2ddae697cad4552843c1c1.php,webshell
7,0,2,3,2,2,1,0,1,0,0,0,10,372,0,11,0,4,0,0,0,2953,9177,./Cleaned-Dataset/Webshell/911195a9b7c010f61b66439d9048f400.php,webshell
0,0,0,1,1,0,0,0,1,0,0,0,2,8,0,0,0,0,0,0,0,115,928,./Cleaned-Dataset/Webshell/911c4913817f4b1ce1e2b34b14875004.php,webshell
1,0,2,3,2,0,0,0,0,0,0,0,0,10,0,0,4,0,0,0,0,176,541,./Cleaned-Dataset/Webshell/91312f3ec02da6e47ec84d9abd0aaf4d.php,webshell
10,0,6,3,0,3,1,0,2,0,0,0,0,69,4,2,0,1,0,0,0,3472,14371,./Cleaned-Dataset/Webshell/91361c78163396f8060ff5d4050315f1.php,webshell
0,0,1,0,0,0,0,0,0,0,0,0,0,1,0,0,0,0,0,0,0,111,276,./Cleaned-Dataset/Webshell/9136a2b2603d1f2a3daeba521537ae05.php,webshell
8,0,2,5,2,2,1,4,4,0,0,0,0,0,2,2,3,0,0,0,0,1767,7603,./Cleaned-Dataset/Webshell/913a96b2a80220662a219ce335c40f89.php,webshell
1,0,13,15,11,11,11,0,0,0,0,0,6,53,0,0,2,1,0,0,0,978,4323,./Cleaned-Dataset/Webshell/917495d4a1b0f45173386f039e92777c.php,webshell
0,0,0,0,0,0,0,0,0,0,0,0,0,0,0,3,0,0,0,0,0,22,194,./Cleaned-Dataset/Webshell/918afb12f82776685a9ae5cc79f97f86.php,webshell
13,0,5,26,2,2,1,1,5,1,0,0,55,300,2,1,10,0,0,0,0,2938,9496,./Cleaned-Dataset/Webshell/91af012f55944024a38d40ca826ecb80.php,webshell
0,0,0,0,0,0,0,0,0,0,0,0,0,1,0,0,0,0,0,0,0,1,5,./Cleaned-Dataset/Webshell/91afd8b8d6927a540540715e3b42e275.php,webshell
0,0,0,0,0,0,0,0,0,0,0,0,1,0,0,0,0,1,0,0,0,1,6,./Cleaned-Dataset/Webshell/91c5fae02ab16d51fc5af9354ac2f015.php,webshell
0,0,0,0,0,0,0,3,0,0,0,0,0,0,0,0,0,0,0,1,0,26,366,./Cleaned-Dataset/Webshell/91d6ba36b50c923ce3581e59a6e49559.php,webshell
3,0,0,1,0,1,0,0,0,0,0,0,0,0,12,0,0,2,0,0,0,200,592,./Cleaned-Dataset/Webshell/91e4afc7444ed258640e85bcaf0fecfc.php,webshell
1,0,0,0,0,0,0,0,1,0,0,0,0,0,0,0,0,0,0,0,0,0,5,./Cleaned-Dataset/Webshell/91e728880cb5ae1d703c733a6ed29410.php,webshell
10,0,4,6,2,2,2,0,3,0,0,0,118,160,0,9,8,0,0,0,0,2543,10049,./Cleaned-Dataset/Webshell/91ea481a9a9d300af7be1e873ab2d9f5.php,webshell
0,0,1,1,1,1,1,0,0,0,0,0,0,8,0,0,5,0,0,0,0,2668,10342,./Cleaned-Dataset/Webshell/91f4ea447aa494a96bf68a234427a367.php,webshell
1,0,0,0,0,0,0,0,0,0,0,0,0,1,0,1,0,0,0,0,0,424,2394,./Cleaned-Dataset/Webshell/91f649b6f62ddb97819830c471268bed.php,webshell
1,0,0,0,0,0,0,0,0,0,0,0,0,0,0,0,0,0,0,0,0,1,10,./Cleaned-Dataset/Webshell/91f6d0483475e7e730d38552ede90f9a.php,webshell
1,0,0,0,0,0,0,0,1,1,0,0,0,0,0,0,0,0,0,0,0,2,9,./Cleaned-Dataset/Webshell/9204d55a91c95a3965e138e7960e4b1f.php,webshell
1,0,0,0,0,0,0,0,1,0,1,0,0,0,0,0,0,0,0,0,0,10,35,./Cleaned-Dataset/Webshell/92063b6c7e619045102d4326d3ba2e5c.php,webshell
1,0,0,0,0,0,0,0,1,1,0,0,0,0,0,0,0,0,0,0,0,0,7,./Cleaned-Dataset/Webshell/922a200bf13b9d50d95363b2cfb05c92.php,webshell
0,0,1,0,0,0,0,0,0,0,0,0,0,0,2,0,0,0,0,0,0,4,23,./Cleaned-Dataset/Webshell/92407a73a6c149f7fe52efda6956119d.php,webshell
0,1,0,0,0,0,0,0,0,0,0,0,0,0,1,0,0,0,0,0,0,2,6,./Cleaned-Dataset/Webshell/9262c4d61f1833133b201f80bcbd346f.php,webshell
3,1,0,0,0,0,0,0,4,0,0,0,0,1,3,0,0,0,0,0,0,25,70,./Cleaned-Dataset/Webshell/926ae4428b415f6ef751f4b9312239a3.php,webshell
14,0,17,9,9,5,7,2,6,0,0,0,67,652,27,17,0,12,0,1,2,7758,24122,./Cleaned-Dataset/Webshell/927009dba99ad1f1369e0874661eb4b8.php,webshell
1,0,0,0,0,0,0,0,0,0,0,0,0,0,0,0,0,0,0,0,0,7,19,./Cleaned-Dataset/Webshell/929008a47e51a7f0cbf3b6d027a98723.php,webshell
10,0,10,9,8,8,7,5,1,0,0,0,24,527,3,11,0,8,0,0,2,4851,18668,./Cleaned-Dataset/Webshell/92aed84e770e5efbad1fbbe89ee7efe2.php,webshell
1,0,0,0,0,0,0,0,0,0,0,0,2,1,0,0,0,0,0,1,0,8,40,./Cleaned-Dataset/Webshell/92b548a3cfe7305148f05af62a8df765.php,webshell
0,0,0,0,0,0,1,0,0,0,0,0,0,13,0,0,0,0,0,0,0,219,870,./Cleaned-Dataset/Webshell/92b8496136c56ba27e3aba5608aab742.php,webshell
1,0,0,0,0,0,0,0,1,1,0,0,0,0,0,0,0,0,0,0,0,0,16,./Cleaned-Dataset/Webshell/92cc7d60b4dd6a5810cf48dc96c2f0d5.php,webshell
1,0,0,0,0,0,0,0,1,0,1,0,0,0,0,0,0,0,0,0,0,16,294,./Cleaned-Dataset/Webshell/92e11d93317dcec687f110f16a5259b1.php,webshell
7,0,2,3,2,2,1,0,1,0,0,0,0,4,0,2,2,1,0,0,0,1614,6546,./Cleaned-Dataset/Webshell/92e4dca58c62278c5a0cf82388432477.php,webshell
2,0,0,0,0,0,0,0,0,0,0,0,1,0,0,0,0,0,0,0,0,1,16,./Cleaned-Dataset/Webshell/92f42338075856bc70f9778cb52e1706.php,webshell
0,0,0,0,0,0,0,0,0,0,0,0,2,0,0,0,5,0,0,0,0,28,83,./Cleaned-Dataset/Webshell/92f7eeff6db16265618f644022420fc3.php,webshell
1,0,0,0,0,0,0,0,1,0,0,0,0,0,0,0,0,0,0,0,0,0,5,./Cleaned-Dataset/Webshell/9305d71f61bdfe96c8ace7a31a006c72.php,webshell
1,0,0,0,0,0,0,0,0,0,0,0,2,1,0,0,0,0,0,1,0,8,40,./Cleaned-Dataset/Webshell/9307d9b7bb05172e8788842cad839745.php,webshell
0,0,0,0,0,0,0,0,1,0,0,0,0,2,0,0,0,0,0,0,0,2,22,./Cleaned-Dataset/Webshell/9313f5dce98514b7108622eea47eacbd.php,webshell
0,0,0,0,0,0,0,0,0,0,0,0,0,0,0,0,0,0,0,0,0,16,341,./Cleaned-Dataset/Webshell/933339b2bcb5a57f9caaa903f78ef610.php,webshell
11,0,6,3,0,3,1,0,7,0,0,0,3,3,7,2,0,3,0,0,0,3935,14285,./Cleaned-Dataset/Webshell/933ef1c526ad7dfbee7e7cdc79b39dd2.php,webshell
1,0,0,0,0,0,0,0,1,0,0,0,0,0,0,0,0,0,0,0,0,1,5,./Cleaned-Dataset/Webshell/933f7e3c3f8d0311e3e2878096f46068.php,webshell
1,0,1,0,0,0,0,0,0,0,0,0,0,0,0,0,0,1,0,0,0,2,10,./Cleaned-Dataset/Webshell/938e9f992981c775dccadaa704bc5200.php,webshell
1,0,0,0,0,0,0,0,0,0,0,0,0,0,0,0,0,0,0,0,0,8,4578,./Cleaned-Dataset/Webshell/93a7e7f43b56c946129eb3f96627fc1a.php,webshell
0,0,0,0,0,0,0,0,0,0,0,0,0,0,0,0,0,0,0,0,0,59,18715,./Cleaned-Dataset/Webshell/93c8c624071423c42d0ae2254960d78d.php,webshell
11,0,7,8,2,6,4,0,8,0,0,0,3,43,15,2,0,2,0,0,0,3401,13768,./Cleaned-Dataset/Webshell/93e434fc953d9a363eb46a629944659b.php,webshell
7,0,2,3,2,2,1,0,1,0,0,0,1,5,0,2,4,1,0,0,0,1628,6597,./Cleaned-Dataset/Webshell/93e46105c666a322ef3a4a42c7740f31.php,webshell
9,0,0,6,0,15,0,0,7,0,0,0,111,88,0,0,42,12,0,0,0,1379,7026,./Cleaned-Dataset/Webshell/93e84165804ac1fced2364d9bbdd4cf7.php,webshell
0,0,0,0,0,0,0,0,0,0,0,0,0,0,0,0,0,0,0,0,0,419,18715,./Cleaned-Dataset/Webshell/940819e8e20abda7941068483e2478e2.php,webshell
0,0,0,0,0,0,0,0,0,0,0,0,0,2,0,0,0,0,0,0,0,1,14,./Cleaned-Dataset/Webshell/940a02a7aca0a5a99e483b4956eee261.php,webshell
0,0,0,0,0,0,0,0,0,0,0,0,7,29,0,0,3,0,0,0,0,240,750,./Cleaned-Dataset/Webshell/9423b42d37aca3b0e68f41ce324d6f49.php,webshell
1,0,0,0,0,0,0,0,0,0,0,0,0,0,0,0,0,0,0,0,0,1,10,./Cleaned-Dataset/Webshell/9425117bcc5ab759cf87ce8f6106b9a0.php,webshell
13,0,8,4,4,4,4,0,9,0,0,0,3,3,4,2,2,2,0,0,0,4323,14758,./Cleaned-Dataset/Webshell/942d5308c90437c55cc2a90239e7ce2c.php,webshell
1,0,0,0,0,0,0,0,1,0,0,0,6,44,0,0,0,0,0,0,0,240,775,./Cleaned-Dataset/Webshell/943e8638c0f4bf9249aa6950345c1da9.php,webshell
4,0,3,2,2,2,1,0,2,0,0,0,0,35,0,0,2,0,0,0,0,445,1501,./Cleaned-Dataset/Webshell/945c4c598b2309f625efcad20a034336.php,webshell
7,0,3,3,2,2,1,0,4,0,0,0,11,425,0,2,0,3,0,0,0,2964,9705,./Cleaned-Dataset/Webshell/945cafb77a562f83dd94c087eeae9464.php,webshell
1,0,2,0,0,0,0,0,0,0,0,0,0,0,0,0,0,0,0,0,0,6,24,./Cleaned-Dataset/Webshell/946477e2f0b7148965040ee75d5a5989.php,webshell
0,0,0,0,0,0,0,0,0,0,0,0,0,0,0,0,0,0,0,0,0,20,24,./Cleaned-Dataset/Webshell/947f4088f047a29c46abf7eb4214a5d3.php,webshell
1,0,0,0,0,0,0,0,0,0,0,0,0,0,1,0,0,0,0,0,0,1,6,./Cleaned-Dataset/Webshell/94827273db5dbf2bb43c26493206ba68.php,webshell
9,0,0,6,0,15,0,0,7,0,0,0,111,88,0,0,42,12,0,0,0,1366,6957,./Cleaned-Dataset/Webshell/9493ed9500991793b9f14a448d26e160.php,webshell
0,0,0,0,0,0,0,0,0,0,0,0,0,0,0,0,0,0,0,0,0,18,347,./Cleaned-Dataset/Webshell/94ce457e29800e790cb2073a44d60aff.php,webshell
1,0,0,0,0,0,0,0,1,0,1,0,0,0,0,0,0,0,0,0,0,1,14,./Cleaned-Dataset/Webshell/94ddae47824bade7880b22a4f099884d.php,webshell
1,0,0,0,0,0,0,0,0,0,0,0,0,2,0,0,0,0,0,0,0,5,17,./Cleaned-Dataset/Webshell/94e75d76ab7bd42689a6fdc57a20305a.php,webshell
1,0,0,0,0,0,0,0,0,0,0,0,0,0,0,0,0,0,0,0,0,74,64,./Cleaned-Dataset/Webshell/94ec3cb13f24785251881ab4b303cda5.php,webshell
1,0,2,3,2,0,0,0,0,0,0,0,0,10,0,0,4,0,0,0,0,176,541,./Cleaned-Dataset/Webshell/94f15b32ce345f2f42907819ff25e95f.php,webshell
1,0,0,0,0,0,0,0,0,0,0,0,0,0,0,0,0,0,0,0,0,3,42,./Cleaned-Dataset/Webshell/9519cc56886083e236fb837990450044.php,webshell
0,0,0,0,0,0,0,0,0,0,0,0,0,0,0,0,0,0,0,0,0,16,341,./Cleaned-Dataset/Webshell/951a17e5755993ffc74bbb6ef3c80199.php,webshell
4,0,3,4,2,2,1,0,4,0,0,0,0,216,0,0,2,2,0,0,0,1506,5822,./Cleaned-Dataset/Webshell/9536b8e37ab3155590042bbf169a6085.php,webshell
0,0,0,0,0,0,0,0,0,0,0,0,0,0,0,0,0,0,0,0,0,17,344,./Cleaned-Dataset/Webshell/958bec0bc54fce971ff4c1bb92bd2314.php,webshell
0,0,0,0,0,0,0,0,3,0,0,0,0,0,4,0,0,0,0,0,0,70,397,./Cleaned-Dataset/Webshell/959e0a3e22f472c120cec8e00e498164.php,webshell
13,0,7,4,4,4,4,0,9,0,0,0,3,3,4,2,2,2,0,0,0,4072,13996,./Cleaned-Dataset/Webshell/959f0007edc1be882d12bdd64f61ab74.php,webshell
0,0,0,0,0,0,0,0,0,0,0,0,0,0,0,0,0,0,0,0,0,16,341,./Cleaned-Dataset/Webshell/95a4a1f4a68adae0bc38a7fa18189ba8.php,webshell
2,0,4,3,3,3,1,0,12,0,0,0,20,77,136,0,7,2,0,0,0,2326,9262,./Cleaned-Dataset/Webshell/95b4a56140a650c74ed2ec36f08d757f.php,webshell
1,0,0,0,0,0,0,0,1,1,0,0,0,1,2,0,3,0,0,0,0,19,59,./Cleaned-Dataset/Webshell/95c76b0d1b197d519302a40c71f46f1b.php,webshell
13,0,8,4,4,4,4,0,9,0,0,0,3,3,4,2,2,2,0,0,0,4072,13996,./Cleaned-Dataset/Webshell/95c80bccafc39e1bea8c558274819fff.php,webshell
1,0,0,0,0,0,0,0,2,0,0,0,0,0,0,0,0,0,0,0,0,136,428,./Cleaned-Dataset/Webshell/95cbaaea53cde3fb277d5ae80424af1e.php,webshell
0,0,0,0,0,0,0,0,0,0,0,0,0,0,0,0,0,0,0,0,0,16,46,./Cleaned-Dataset/Webshell/95d62a51ee1ffa0d10f717b90797ac6a.php,webshell
0,0,0,0,0,0,0,0,0,0,0,0,0,0,1,0,0,0,0,0,0,8,32,./Cleaned-Dataset/Webshell/95ede49295eaaefaa3bdb4ccf143cc07.php,webshell
0,0,0,0,0,0,0,0,0,0,0,0,0,0,0,0,0,0,0,0,0,1,115,./Cleaned-Dataset/Webshell/95fc76081a42c4f26912826cb1bd24b1.php,webshell
0,0,0,0,0,0,0,0,1,0,0,0,1,0,0,0,0,0,0,0,0,2,13,./Cleaned-Dataset/Webshell/95ff5c7d054f0c0cf93d65bdcd184389.php,webshell
1,0,0,0,0,0,0,0,0,0,0,0,2,31,0,14,2,0,0,0,0,701,3348,./Cleaned-Dataset/Webshell/9617101d1be1f215ad55734fa7b29158.php,webshell
7,0,3,3,2,2,1,0,1,0,0,0,8,368,0,11,0,3,0,0,0,2917,9144,./Cleaned-Dataset/Webshell/9635a04f7c9bb3dd40a48e41508f64da.php,webshell
2,0,3,2,2,0,0,0,14,10,0,26,123,93,0,0,10,0,0,0,0,1517,4929,./Cleaned-Dataset/Webshell/96488a340200971d9f84d11982abd532.php,webshell
0,0,0,0,0,0,0,0,108,0,0,0,3,0,5,14,0,0,1,0,0,3020,7399,./Cleaned-Dataset/Webshell/9653dce96c67132f4b74a016443d05f1.php,webshell
0,0,0,0,0,0,0,0,0,0,0,0,0,0,0,0,0,0,0,0,0,18,347,./Cleaned-Dataset/Webshell/965b5c3dce2538f373d4f90e07afd123.php,webshell
16,0,6,28,2,2,1,1,5,1,0,0,56,288,2,1,10,1,0,1,0,2880,9356,./Cleaned-Dataset/Webshell/9669465ec16ed400379f626381c34271.php,webshell
6,0,8,4,3,2,1,1,4,0,0,0,36,553,0,12,0,20,0,0,0,4516,15788,./Cleaned-Dataset/Webshell/96747d3e8a1965913c336bb1ea3cb78d.php,webshell
7,0,22,16,16,16,16,18,14,13,0,0,6,253,6,4,3,0,0,0,0,2116,8295,./Cleaned-Dataset/Webshell/967dc4a0d0f104b52cd5fcd9581c9e06.php,webshell
0,0,1,0,0,0,0,0,0,0,0,0,0,8,0,0,0,4,0,0,0,239,315,./Cleaned-Dataset/Webshell/968dacb152f0061cd9ba60b006c6907c.php,webshell
5,0,3,4,2,2,1,0,2,0,0,0,0,246,0,0,2,2,0,0,0,1663,6641,./Cleaned-Dataset/Webshell/96a27ecbbf46182cb46bd3beadab2fa5.php,webshell
14,0,6,4,4,4,4,0,9,0,0,0,3,3,5,2,1,1,0,0,0,3767,13734,./Cleaned-Dataset/Webshell/96a3ec2bfa3ca53df7987705c2f2b4ca.php,webshell
5,0,0,14,0,2,0,0,7,0,0,0,26,77,0,0,46,0,0,0,0,1145,4562,./Cleaned-Dataset/Webshell/96c71772cff4a1ed90c82d45c342f3e7.php,webshell
0,0,1,0,0,0,0,0,0,0,0,0,1,0,0,0,0,0,0,0,0,21,484,./Cleaned-Dataset/Webshell/96c96b269a6513071e58c09e3f2e5893.php,webshell
10,0,4,6,2,2,2,0,3,0,0,0,118,160,0,9,8,0,0,0,0,2543,10049,./Cleaned-Dataset/Webshell/96d4d746fcb001fb2e4a9e2b2351c165.php,webshell
0,0,1,0,0,0,0,0,0,0,0,0,0,2,0,0,0,1,0,0,0,20,164,./Cleaned-Dataset/Webshell/970a118c8f14a189ae3772a024254dbb.php,webshell
21,0,9,32,3,3,3,3,3,1,0,0,8,217,5,0,12,3,0,0,0,2521,8786,./Cleaned-Dataset/Webshell/970d1a58b7255a7e933dc33d5a9a67e1.php,webshell
0,0,0,0,0,0,0,0,1,0,0,0,0,0,0,1,0,0,0,0,0,1188,44,./Cleaned-Dataset/Webshell/9711f1bb32571b72b4de5033d81d2b99.php,webshell
2,0,2,2,2,2,1,0,1,0,0,0,8,124,0,9,0,2,0,0,0,1495,4780,./Cleaned-Dataset/Webshell/971fdbf05637a0133bde49eae66374ea.php,webshell
1,0,0,0,0,0,0,0,0,0,0,0,0,1,0,0,0,0,0,0,0,1,13,./Cleaned-Dataset/Webshell/9728c5acf4045701c3fe81e52266443f.php,webshell
0,0,1,1,0,0,0,0,0,0,0,0,0,4,1,0,0,0,0,0,0,86,317,./Cleaned-Dataset/Webshell/973fc89694097a41e684b43a21b1b099.php,webshell
0,0,0,1,0,0,0,0,6,0,0,0,7,52,7,0,2,0,0,0,0,4461,12303,./Cleaned-Dataset/Webshell/9742cfcde0c589505c9a3a7023c08c4b.php,webshell
1,0,0,0,0,0,0,0,1,1,0,0,0,0,0,0,0,0,0,0,0,19,31,./Cleaned-Dataset/Webshell/9745e4bea0fc8abec8964a9daf162176.php,webshell
0,0,0,0,0,0,0,0,0,0,0,0,0,0,0,0,0,0,0,0,0,21,30,./Cleaned-Dataset/Webshell/975fe274f6b0b3e0868cb78e80089228.php,webshell
13,0,7,5,5,8,0,0,0,0,0,0,3,7,0,0,3,0,0,0,0,454,2442,./Cleaned-Dataset/Webshell/977109c18d7a587209cd6f40554b6d76.php,webshell
0,0,0,0,0,0,0,0,1,0,0,0,0,0,0,1,0,0,0,0,0,1177,44,./Cleaned-Dataset/Webshell/977907c52d93030404600ba836757a92.php,webshell
1,0,0,0,0,0,1,0,0,0,0,0,0,4,0,0,2,4,0,0,0,1224,6762,./Cleaned-Dataset/Webshell/977cac1cf5ee90bb8c8fc40792995aba.php,webshell
0,0,1,1,0,0,0,0,0,0,0,0,0,0,0,0,0,0,0,0,0,38,444,./Cleaned-Dataset/Webshell/978b4d5ebdc5bb4957079c7e1c54d964.php,webshell
1,0,0,0,0,0,0,0,0,0,0,0,0,0,0,0,0,0,0,0,0,3,88,./Cleaned-Dataset/Webshell/978e677bf7395788f3da9781c938ed25.php,webshell
0,0,0,0,0,0,0,0,0,0,0,0,0,0,0,0,0,0,0,0,0,2,3,./Cleaned-Dataset/Webshell/97a1bc4e9aab9efd936d3d0f756969b7.php,webshell
0,0,0,0,0,1,0,0,0,0,0,0,0,0,0,0,0,0,0,0,0,627,2479,./Cleaned-Dataset/Webshell/97a85ec75f57275f4102891b0e8e29fe.php,webshell
0,0,0,0,0,0,0,0,0,0,0,0,0,0,0,0,0,0,0,0,0,20,353,./Cleaned-Dataset/Webshell/97aa4c837828be45b25a78f0797d7539.php,webshell
1,0,0,0,0,0,0,0,1,0,1,0,0,0,0,0,0,0,0,0,0,2,9,./Cleaned-Dataset/Webshell/97abf42b3368bb6f6b45c0a3d6cc7279.php,webshell
0,0,0,0,0,0,0,0,0,0,0,0,0,0,0,0,0,0,0,0,0,20,26,./Cleaned-Dataset/Webshell/97af88b478422067f23b001dd06d56a9.php,webshell
0,0,0,0,0,0,0,0,0,0,0,0,0,0,0,0,0,0,0,0,0,16,41,./Cleaned-Dataset/Webshell/97f3889aa88a4a8aa4d9238c17cfdbd6.php,webshell
0,0,0,0,0,0,0,0,0,0,0,0,4,0,0,0,0,0,0,0,0,4,20,./Cleaned-Dataset/Webshell/97fb010652550ffa9659d8074581227c.php,webshell
3,0,7,9,6,6,6,6,3,1,0,0,19,99,0,2,2,0,0,0,0,852,2714,./Cleaned-Dataset/Webshell/9803bc27a7ab874f7fa5633d31c5b986.php,webshell
0,0,0,0,0,0,0,0,0,0,0,0,0,0,0,0,3,0,0,0,0,10,32,./Cleaned-Dataset/Webshell/9812771286961bc84efdae11585ca73a.php,webshell
0,0,0,0,0,0,0,0,0,0,0,0,0,0,0,0,0,0,0,0,0,95,197,./Cleaned-Dataset/Webshell/98242000ecf9e796ea8454d08a62d4e9.php,webshell
8,0,3,3,2,2,1,0,6,0,0,0,11,442,0,2,0,2,0,0,0,2454,9345,./Cleaned-Dataset/Webshell/982ecde628267c629cea4e45174dfc03.php,webshell
0,0,0,0,0,0,0,0,0,0,0,0,0,0,0,0,0,0,0,0,0,26,123,./Cleaned-Dataset/Webshell/9837fecaef19d62510934263cd88e1b9.php,webshell
2,0,0,0,0,0,0,0,0,0,0,0,0,0,1,0,0,0,0,0,0,5,16,./Cleaned-Dataset/Webshell/9846ae7a5a56600e8c120fff8a6ad03c.php,webshell
0,0,0,0,0,0,0,0,0,0,0,0,1,3,3,3,0,0,0,0,0,62,243,./Cleaned-Dataset/Webshell/987f66b29bfb209a0b4f097f84f57c3b.php,webshell
0,0,0,0,0,1,0,0,0,0,0,0,0,8,0,0,0,0,0,0,0,64,225,./Cleaned-Dataset/Webshell/9894fdd06d6a57e8a99bda779170842a.php,webshell
1,0,0,0,0,0,0,0,0,0,0,0,0,0,0,0,0,0,0,0,0,1,8,./Cleaned-Dataset/Webshell/9898d336d0a3545e9b4329d86d5bfc75.php,webshell
0,0,0,0,0,0,0,0,0,0,0,0,0,3,0,0,0,0,0,0,0,14,26,./Cleaned-Dataset/Webshell/98bf58ee750868fb07c538c67d7b0883.php,webshell
5,0,9,11,6,6,6,6,3,2,0,0,28,128,0,2,2,0,0,0,0,1814,5849,./Cleaned-Dataset/Webshell/98d2d6db7de9e51ed690f380bdfdeea5.php,webshell
2,0,0,0,0,0,0,0,2,1,0,0,0,0,0,0,0,0,0,0,0,3,21,./Cleaned-Dataset/Webshell/98e23f1dec55fa5cd74a28746d1eb953.php,webshell
0,0,0,0,0,0,0,0,0,0,0,0,0,0,0,0,0,0,0,0,0,5,90,./Cleaned-Dataset/Webshell/9909649ab28c3049ec7fcdcca4d25266.php,webshell
0,0,0,0,0,0,0,0,0,0,0,0,0,0,0,0,0,0,0,0,0,13,26,./Cleaned-Dataset/Webshell/990b04ed8b70ecaac97356527ca2c0ad.php,webshell
0,1,0,0,0,0,0,0,0,0,0,0,0,1,0,0,0,0,0,0,0,1,11,./Cleaned-Dataset/Webshell/9927b02a21c5a5d0e55fd47fade26b42.php,webshell
0,0,0,0,0,0,0,0,0,0,0,0,1,0,0,0,0,0,0,0,1,1,9,./Cleaned-Dataset/Webshell/99294f5e6170cce65a29ffcca458be9d.php,webshell
1,0,0,0,0,0,0,0,1,1,0,0,0,0,0,0,0,0,0,0,0,1,7,./Cleaned-Dataset/Webshell/993620d66a95f680f4f3fc9878121406.php,webshell
1,0,0,0,0,0,0,0,1,0,0,0,0,5,0,0,0,0,0,0,0,86,337,./Cleaned-Dataset/Webshell/993b9c1afdba4d633d5d407c5682ca76.php,webshell
0,0,0,9,1,0,1,0,5,0,0,0,0,10,0,0,0,0,0,1,0,171,629,./Cleaned-Dataset/Webshell/99593720f06418265c806611a2924afe.php,webshell
0,0,0,0,0,0,0,0,0,0,0,0,0,0,0,0,0,0,0,0,0,81,213,./Cleaned-Dataset/Webshell/996401905ccd9664115bddb6357d4109.php,webshell
0,0,0,0,0,1,0,0,0,0,0,0,0,0,0,0,0,0,0,0,0,611,2485,./Cleaned-Dataset/Webshell/99755512859b64bc66ae926015d79524.php,webshell
0,0,0,0,0,0,0,0,0,0,0,0,0,0,0,0,0,0,0,0,0,16,341,./Cleaned-Dataset/Webshell/9989dfb9da2251a445aa4934356751c2.php,webshell
0,0,0,0,0,0,0,0,0,0,0,0,2,0,0,0,0,0,0,0,0,34,103,./Cleaned-Dataset/Webshell/9999fc763531b40bf07c49a025aa955b.php,webshell
3,0,4,3,3,4,3,3,6,0,0,0,119,142,0,0,6,7,0,0,0,1178,5554,./Cleaned-Dataset/Webshell/99c655960a2fc6b7f046f5fa767edfc7.php,webshell
1,0,0,0,0,0,0,0,0,0,0,0,0,0,0,0,0,0,0,0,0,3,65,./Cleaned-Dataset/Webshell/99f8f80e47a85085a999e61b2a150cc2.php,webshell
2,0,8,8,0,0,0,0,1,0,0,0,142,110,0,3,3,0,0,0,0,886,3591,./Cleaned-Dataset/Webshell/9a05c9657a62a82121ef13659234c40a.php,webshell
0,0,0,0,0,0,0,0,0,0,0,0,1,0,0,0,0,0,0,0,0,2,21,./Cleaned-Dataset/Webshell/9a1309a713c3ca4a8b073417f68d7f28.php,webshell
2,0,2,2,2,2,1,0,0,0,0,0,0,91,0,0,2,0,0,0,0,647,3490,./Cleaned-Dataset/Webshell/9a18b844240259ad8a34b82209b574e7.php,webshell
5,0,3,4,2,2,1,0,2,0,0,0,0,251,0,42,2,1,0,0,0,1649,6600,./Cleaned-Dataset/Webshell/9a1ba8d66603893ea59987c278cce305.php,webshell
1,0,0,0,0,0,0,0,1,0,0,0,0,0,0,0,0,0,0,0,0,1,5,./Cleaned-Dataset/Webshell/9a1fcfc8eabc5e710b669cb069a91754.php,webshell
1,0,0,0,0,0,0,0,0,0,0,0,0,0,0,0,0,0,0,0,0,1,8,./Cleaned-Dataset/Webshell/9a227db3f72cb46912cbf6419cc71cfd.php,webshell
1,0,0,0,0,0,0,0,0,0,0,0,0,0,0,0,0,0,0,0,0,2,98,./Cleaned-Dataset/Webshell/9a2e59324a85d19c9fdff2d4bc579b1c.php,webshell
0,0,0,1,0,0,0,0,0,0,0,0,0,0,4,0,0,0,0,0,0,71,282,./Cleaned-Dataset/Webshell/9a4412eeb6494024101c3d11e4e70a9a.php,webshell
1,0,0,0,0,0,0,0,1,1,0,0,0,0,0,0,0,0,0,0,0,1,7,./Cleaned-Dataset/Webshell/9a5d034845bff7445c7899e86a934387.php,webshell
0,0,0,0,2,0,0,0,0,0,0,0,0,2,0,0,0,0,0,0,0,143,127,./Cleaned-Dataset/Webshell/9a69ffd242d97be4ebb4c33495361419.php,webshell
1,0,7,2,2,2,1,0,5,0,0,0,1,53,0,0,2,1,0,0,0,601,2442,./Cleaned-Dataset/Webshell/9a71dafe76c34fc36b0d8c8bbdf7165e.php,webshell
0,0,1,1,1,0,0,0,0,0,0,0,2,6,0,0,0,1,0,0,0,742,2218,./Cleaned-Dataset/Webshell/9a75eb6c843ef88da55a6aea3ac882c6.php,webshell
0,0,0,1,0,0,0,0,1,0,0,0,0,0,0,0,0,0,0,0,0,39,271,./Cleaned-Dataset/Webshell/9a7d0d505a0d37e339751d21a3aef417.php,webshell
0,0,2,5,0,0,0,0,1,0,0,0,14,4,22,0,0,0,0,0,0,736,2839,./Cleaned-Dataset/Webshell/9a80c3a8db3e2c81bbac680cda989ee2.php,webshell
1,0,0,0,0,0,0,0,14,0,13,0,0,0,0,0,0,0,0,0,0,346,1988,./Cleaned-Dataset/Webshell/9a88ff5e18fe8ce7948e1a8c7df835d3.php,webshell
0,0,2,2,2,2,1,0,1,0,0,0,0,0,0,0,0,0,0,0,0,26,172,./Cleaned-Dataset/Webshell/9aa70a60b95da53059ac83627d808c0e.php,webshell
0,0,0,0,0,0,0,0,0,0,0,0,7,29,0,0,3,0,0,0,0,240,750,./Cleaned-Dataset/Webshell/9ab1db6c95ef9fc841926c5048a06a35.php,webshell
0,0,6,5,5,5,5,0,0,0,0,0,5,4,0,3,1,0,0,0,0,706,2417,./Cleaned-Dataset/Webshell/9abfef6aa7ca2ab299363033d21466ff.php,webshell
9,0,5,2,2,2,1,0,10,0,0,0,1,1,7,2,0,2,0,0,0,3880,12994,./Cleaned-Dataset/Webshell/9acba5eb2152ed9e84ac1bce3ba413e8.php,webshell
0,0,0,0,0,0,0,0,0,0,1,0,0,0,0,0,0,0,0,0,0,8,41,./Cleaned-Dataset/Webshell/9af195491101e0816a263c106e4c145e.php,webshell
0,0,0,0,0,0,0,0,0,0,0,0,0,1,0,0,0,0,0,0,0,19,85,./Cleaned-Dataset/Webshell/9afb6ed481bd61c79c9c8323a3b92edd.php,webshell
1,0,0,0,0,0,0,0,0,0,0,0,0,1,0,0,0,0,0,0,0,0,6,./Cleaned-Dataset/Webshell/9b0287fd27db6741d407efb6b42dd07f.php,webshell
0,0,0,0,0,0,0,0,0,0,0,0,0,0,0,0,0,0,0,0,0,20,353,./Cleaned-Dataset/Webshell/9b2306e58081aed8d59a4a4c463284dc.php,webshell
7,0,3,3,2,2,1,0,4,0,0,0,11,367,0,2,0,3,0,0,0,2818,9072,./Cleaned-Dataset/Webshell/9b2b1f1f068b3f9cf3001b84e02b3fe8.php,webshell
1,0,0,0,0,0,0,0,0,0,0,0,0,0,0,0,0,0,0,0,0,1,8,./Cleaned-Dataset/Webshell/9b35fc97709c8b1db30656397b6510a1.php,webshell
1,0,0,0,0,0,0,0,1,1,0,0,0,0,0,0,0,0,0,0,0,0,16,./Cleaned-Dataset/Webshell/9b3ae6186c2866b6b741f64d96fe05a8.php,webshell
0,0,0,0,0,0,0,0,0,0,0,0,0,0,0,0,0,0,0,0,0,30,36,./Cleaned-Dataset/Webshell/9b3ca91500907216b9e9079b4fb52c14.php,webshell
0,0,0,0,0,0,0,0,0,0,0,0,0,1,2,0,3,0,0,0,1,19,69,./Cleaned-Dataset/Webshell/9b4d4d6da504047df2f03addbe6ff99d.php,webshell
1,0,0,0,0,0,0,0,1,0,0,0,0,0,0,0,0,0,0,0,0,3,5,./Cleaned-Dataset/Webshell/9b60711bc75dbb09a5fc7d753ae1d80c.php,webshell
0,0,0,0,0,0,0,0,0,0,0,0,0,0,0,0,0,0,0,0,0,19,350,./Cleaned-Dataset/Webshell/9b7fb5b1b1484351d496c145ffc88777.php,webshell
0,0,0,0,0,0,0,0,0,0,0,0,0,1,0,0,0,0,0,0,0,15,11,./Cleaned-Dataset/Webshell/9b7fd5655e8719cf505137f87ecb5241.php,webshell
0,0,0,0,0,0,0,0,0,0,0,0,1,0,0,0,0,0,0,0,0,0,4,./Cleaned-Dataset/Webshell/9b991b3e7aae7eca568cae32e7d19094.php,webshell
0,0,0,0,0,0,0,0,0,0,0,0,0,0,0,0,0,0,0,0,0,16,341,./Cleaned-Dataset/Webshell/9bb2a7eb62ed9a7597dcac94e2b132c4.php,webshell
14,0,14,11,6,9,8,0,11,0,0,0,1,41,4,1,2,2,0,0,0,4142,14516,./Cleaned-Dataset/Webshell/9bc74cfb04dd0a5811876c17c3998b44.php,webshell
0,0,0,0,0,0,0,0,1,0,0,0,0,2,2,0,0,0,0,0,0,6,36,./Cleaned-Dataset/Webshell/9bcbf659dcc9687b4f94273043b0980f.php,webshell
7,0,6,9,6,0,0,0,4,0,1,0,245,245,0,13,3,0,0,0,0,3443,9558,./Cleaned-Dataset/Webshell/9be307807eba37408ad0e8bddfe84ca5.php,webshell
0,0,0,0,0,0,0,0,0,0,0,0,0,3,0,0,0,0,0,0,0,38,333,./Cleaned-Dataset/Webshell/9bf7cdad99594d9daf12097dfaca6565.php,webshell
1,0,0,0,0,0,0,0,1,1,0,0,0,0,0,0,0,0,0,0,0,1,44,./Cleaned-Dataset/Webshell/9c11ef06e2401962dfe26d6433234085.php,webshell
5,0,6,3,2,2,0,1,7,1,0,0,118,109,9,0,5,0,0,4,0,2188,9597,./Cleaned-Dataset/Webshell/9c492cec8284dc100bd166ad1e191347.php,webshell
12,0,8,8,2,6,4,0,8,0,0,0,3,43,15,2,0,2,0,0,0,3658,13896,./Cleaned-Dataset/Webshell/9c5bb5e3a46ec28039e8986324e42792.php,webshell
0,0,0,1,1,0,0,0,0,0,0,0,2,5,0,0,0,0,0,0,0,81,635,./Cleaned-Dataset/Webshell/9c5c44e8c6d436cc78b69d10797f1fbf.php,webshell
0,0,0,0,0,0,0,0,0,0,0,0,0,0,0,0,0,0,0,0,0,0,439,./Cleaned-Dataset/Webshell/9c622293f3bfb833161225a938ac763f.php,webshell
0,0,0,0,0,0,0,0,0,0,0,0,0,0,0,0,0,0,0,0,0,5,11,./Cleaned-Dataset/Webshell/9c6d3156d516132dfb57fd3d556ed915.php,webshell
0,0,1,1,1,1,1,0,0,0,0,0,0,8,0,0,5,0,0,0,0,2668,10342,./Cleaned-Dataset/Webshell/9c8f55baaf49131d925134c5a41faf2f.php,webshell
12,0,14,15,3,6,2,1,8,1,0,0,12,73,142,2,7,3,0,0,0,6840,20828,./Cleaned-Dataset/Webshell/9c9d332421a8d10bc6bb20120ac55ba6.php,webshell
0,0,1,0,0,0,0,0,0,0,0,0,0,0,15,0,0,0,0,0,0,73,242,./Cleaned-Dataset/Webshell/9ca0489e5d8a820ef84c4af8938005d5.php,webshell
14,0,2,2,2,2,2,2,7,5,0,0,3,3,0,37,4,0,0,0,0,2343,10773,./Cleaned-Dataset/Webshell/9cbd57b71e82c3335490af610a1daafa.php,webshell
0,0,1,0,0,0,0,0,0,0,0,0,1,0,0,0,0,0,0,0,0,2,13,./Cleaned-Dataset/Webshell/9cc31a44f186fc40a2da0991ea232c5f.php,webshell
0,0,0,0,0,0,3,0,0,0,0,0,15,30,0,0,0,0,0,0,0,531,2757,./Cleaned-Dataset/Webshell/9cc6ccdcd3a333f7047707084c8450b1.php,webshell
0,0,5,4,0,0,0,0,0,0,0,0,0,0,0,0,0,0,0,0,0,105,577,./Cleaned-Dataset/Webshell/9cd8c95fd47ca61f655cf2aa2d480c1f.php,webshell
1,0,0,0,0,0,0,0,2,0,0,2,2,2,0,0,0,0,0,0,0,17,108,./Cleaned-Dataset/Webshell/9ce8a9376e5e81d67407005a627e8de9.php,webshell
7,0,6,9,6,0,0,0,4,0,1,0,245,245,0,13,3,0,0,0,0,3442,9601,./Cleaned-Dataset/Webshell/9cfe372d49fe8bf2fac8e1c534153d9b.php,webshell
1,0,2,6,2,2,0,0,0,0,0,0,0,24,0,0,0,0,0,0,0,324,1237,./Cleaned-Dataset/Webshell/9d30b51e0148f6c55c6ef311c598358f.php,webshell
1,0,0,0,0,0,0,0,0,0,0,0,0,0,0,0,0,0,0,0,0,2,98,./Cleaned-Dataset/Webshell/9d317fb3a18581b666a20e45b1ca9d4e.php,webshell
0,0,0,0,0,0,0,0,0,0,0,0,0,0,0,0,0,0,0,1,0,28,79,./Cleaned-Dataset/Webshell/9d6cde814925c0c0985d647088d6baa3.php,webshell
13,0,7,4,4,4,4,0,9,0,0,0,3,3,4,2,2,2,0,0,0,4072,13996,./Cleaned-Dataset/Webshell/9d739d2512502fa38c7340e41a09f643.php,webshell
0,0,0,0,0,0,0,0,0,0,0,0,3,0,0,0,0,0,0,0,0,43,114,./Cleaned-Dataset/Webshell/9d8b994ca460e5f2995730e6dce52181.php,webshell
10,0,5,16,2,2,1,1,5,1,0,0,121,333,0,8,15,0,0,1,0,3325,10964,./Cleaned-Dataset/Webshell/9d95820688eecd046a7d8caff7040534.php,webshell
1,0,0,0,0,0,0,0,0,0,0,0,0,0,0,0,0,0,0,0,0,3,19,./Cleaned-Dataset/Webshell/9d95b6ae67a21bcc64683b586704fbce.php,webshell
5,0,6,3,2,2,0,1,7,1,0,0,118,109,9,0,5,0,0,6,0,2111,9629,./Cleaned-Dataset/Webshell/9d9f2751a5645b905943b24358b87d8d.php,webshell
0,0,0,0,0,0,0,0,1,0,0,0,7,30,0,0,3,0,0,0,0,238,738,./Cleaned-Dataset/Webshell/9dba3d09927d86c5abbbc577a8ecb208.php,webshell
1,0,0,0,0,0,0,0,1,1,0,0,0,0,0,0,0,0,0,0,0,11,42,./Cleaned-Dataset/Webshell/9dc1b2a23328f7911250ceeb9ac2208a.php,webshell
1,0,0,0,0,0,0,0,0,0,0,0,0,0,0,0,0,0,0,0,0,1,4,./Cleaned-Dataset/Webshell/9de11836cf5bda994c8fabbbc5eb36bc.php,webshell
7,0,0,3,0,0,0,4,3,0,0,0,0,0,2,2,3,0,0,0,0,1384,5266,./Cleaned-Dataset/Webshell/9dedeaad6dd6199104937b94372c3b8d.php,webshell
1,0,0,0,0,0,0,0,0,0,0,0,3,0,0,0,0,0,0,0,0,5,26,./Cleaned-Dataset/Webshell/9df7b6c3aea6c3a421781d720c5421f9.php,webshell
5,0,3,4,2,2,1,0,6,0,0,0,0,287,0,55,3,2,0,0,0,1990,8091,./Cleaned-Dataset/Webshell/9e0a1d6067d28fb7a02fdfa921786e54.php,webshell
0,1,0,0,0,0,0,0,0,0,0,0,0,1,0,0,0,0,0,0,0,0,6,./Cleaned-Dataset/Webshell/9e15565303643457fd2922049a80296c.php,webshell
0,0,0,0,0,0,0,0,0,0,0,0,2,10,0,0,0,0,0,0,0,67,189,./Cleaned-Dataset/Webshell/9e1a98fb3f02281e8a483fe2e4de25d5.php,webshell
1,0,0,0,0,0,0,0,0,0,0,0,0,1,0,0,0,0,0,0,0,3,29,./Cleaned-Dataset/Webshell/9e1bcf2d9c5a9fe8f5bb665bb90bca86.php,webshell
6,0,3,3,3,2,1,1,4,0,0,0,36,553,0,12,0,1,0,0,0,4440,14513,./Cleaned-Dataset/Webshell/9e219ee536929bbfdc2b9cffd6476a1b.php,webshell
1,0,0,0,0,0,0,0,0,0,0,0,0,0,0,0,0,0,0,0,0,1,10,./Cleaned-Dataset/Webshell/9e2f901846d8fb6dbf916f2c6a9bbbed.php,webshell
7,0,2,3,2,2,1,0,4,1,0,0,100,163,0,8,12,0,0,0,0,2167,7697,./Cleaned-Dataset/Webshell/9e30d7542d57d643a6c314b653fac825.php,webshell
0,0,0,1,0,0,0,0,0,0,0,0,0,0,0,0,0,0,0,0,0,3,13,./Cleaned-Dataset/Webshell/9e388c3419d16d192be0222178e604ae.php,webshell
1,0,0,0,0,0,0,0,0,0,0,0,0,0,0,0,0,0,0,0,0,1,8,./Cleaned-Dataset/Webshell/9e3bdcc1e97765618231caf0029d1ecc.php,webshell
1,0,0,0,0,0,0,0,1,1,0,0,0,0,0,0,0,0,0,0,0,4,13,./Cleaned-Dataset/Webshell/9e4b767e9c70b275f7e57e4314862883.php,webshell
0,0,1,0,0,0,0,0,0,0,0,0,2,0,0,0,0,0,0,0,0,2,18,./Cleaned-Dataset/Webshell/9e534d6e5e8a2c4d9d045bd1e005d518.php,webshell
0,0,1,0,0,0,0,0,0,0,0,0,0,0,0,0,0,0,0,0,0,2,10,./Cleaned-Dataset/Webshell/9e610c218e1e4bfbd6ac3489bd0a25c1.php,webshell
0,0,0,0,0,0,0,0,0,0,0,1,0,1,0,0,0,0,0,0,0,6,14,./Cleaned-Dataset/Webshell/9e69a8f499c660ee0b4796af14dc08f0.php,webshell
0,0,0,0,0,0,0,0,0,0,0,0,1,1,0,0,2,0,0,0,0,28,101,./Cleaned-Dataset/Webshell/9e8782426bf72214b0e3681009a2229e.php,webshell
3,0,2,2,2,2,2,3,8,7,5,6,130,51,49,2,2,5,0,1,0,1565,6320,./Cleaned-Dataset/Webshell/9e8dd1abe3d71a1b2909319ab0d3f203.php,webshell
10,0,4,0,0,0,0,0,6,0,0,0,1,0,0,1,0,2,0,0,0,3130,9154,./Cleaned-Dataset/Webshell/9e9ae0332ada9c3797d6cee92c2ede62.php,webshell
14,0,4,2,2,2,1,0,6,0,0,0,1,155,0,0,2,0,0,0,0,1553,5628,./Cleaned-Dataset/Webshell/9e9e51c3b0f30da9a5141efd7823324d.php,webshell
0,0,0,0,0,0,0,0,0,0,0,0,0,0,2,0,0,0,0,0,0,2,15,./Cleaned-Dataset/Webshell/9ea2dd34fb004cd6a013fb91680916a9.php,webshell
0,0,0,0,0,0,0,0,0,0,0,0,0,0,2,0,0,0,0,0,0,5,32,./Cleaned-Dataset/Webshell/9ea6fb621827ddf4ba8dca7e4fcaf0ff.php,webshell
0,0,5,5,5,8,0,0,0,0,0,0,3,7,0,0,3,0,0,1,0,263,1209,./Cleaned-Dataset/Webshell/9ea8bbeb78689440e746543075d65e1a.php,webshell
1,0,0,0,0,0,0,0,0,0,0,0,0,6,17,0,0,0,0,0,0,28,281,./Cleaned-Dataset/Webshell/9eaf5a50c571f38587d1471940661c6b.php,webshell
0,0,1,4,0,0,0,0,4,0,0,0,292,270,0,24,1,0,0,0,0,7506,45798,./Cleaned-Dataset/Webshell/9eaf8a4566a9ff84648ba8f54d2afa07.php,webshell
9,0,0,6,0,15,0,0,7,0,0,0,110,88,0,0,42,12,0,0,0,1374,7006,./Cleaned-Dataset/Webshell/9eb0ce359e598906dd3ffbcffb616eb9.php,webshell
0,0,0,0,0,0,0,0,0,0,0,0,0,0,0,0,0,0,0,0,0,257,1330,./Cleaned-Dataset/Webshell/9eb6704ae8ca935f9edba8a41b81b062.php,webshell
0,0,3,22,0,0,0,0,0,0,0,0,0,21,0,0,0,3,0,0,0,1349,8163,./Cleaned-Dataset/Webshell/9eb6d6aa762ef0c9ee96922b628f5226.php,webshell
0,0,0,0,0,0,0,0,3,0,0,0,0,0,4,0,0,0,0,0,0,70,397,./Cleaned-Dataset/Webshell/9ebd1c5fdf83c01de9893e08c2735efc.php,webshell
0,0,0,0,0,0,0,0,0,0,0,0,0,0,1,0,0,0,0,0,0,0,11,./Cleaned-Dataset/Webshell/9ed1f33b9f6e52a5e3679d28b060535c.php,webshell
1,0,0,0,0,0,0,0,0,0,0,0,0,1,0,0,0,0,0,0,0,1,127,./Cleaned-Dataset/Webshell/9ed7eaddd7bde25201de27fd7082ba59.php,webshell
0,0,0,0,0,0,0,0,0,0,0,0,0,1,0,0,2,0,0,0,0,12,32,./Cleaned-Dataset/Webshell/9eda2dcfa778575040f5a75890797227.php,webshell
0,0,0,0,0,0,0,0,23,0,0,0,0,7,0,4,0,0,0,0,0,120,487,./Cleaned-Dataset/Webshell/9f1723cfc856ab043b4b710f28f47d6d.php,webshell
11,0,5,16,2,2,1,1,5,1,0,0,135,334,1,8,15,2,0,1,0,3398,11396,./Cleaned-Dataset/Webshell/9f21edf1802fb54dc38506ee13f3c50f.php,webshell
12,0,8,8,2,6,4,0,8,0,0,0,3,43,15,2,0,2,0,0,0,3658,13896,./Cleaned-Dataset/Webshell/9f524237f89f44e9f2a2e556feafa3b6.php,webshell
1,0,0,0,0,0,0,0,1,0,1,0,0,0,0,0,0,0,0,0,0,4,12,./Cleaned-Dataset/Webshell/9f5b8478de378630c6a0b7768e4adba0.php,webshell
1,0,0,0,0,0,0,0,1,0,0,0,0,0,0,0,0,0,0,0,0,2,8,./Cleaned-Dataset/Webshell/9f5f9c09d088edc1bb460bf8d2ed395f.php,webshell
0,0,0,0,0,0,0,0,0,0,0,0,0,0,0,0,0,0,0,0,0,25,43,./Cleaned-Dataset/Webshell/9f62dde980cc65888ed73613cb85c51d.php,webshell
0,0,0,0,0,0,0,0,0,0,0,0,0,0,2,0,0,0,0,0,0,2,12,./Cleaned-Dataset/Webshell/9f7f05ac2a57f3cf0e5263d0459cd523.php,webshell
0,0,1,0,0,0,0,0,0,0,0,0,0,0,0,0,0,0,0,0,0,508,747,./Cleaned-Dataset/Webshell/9fa3e2ef5a4738afdeff3a8bf750c488.php,webshell
0,0,1,3,0,0,0,0,5,0,0,0,302,277,0,26,1,0,0,0,0,8037,49354,./Cleaned-Dataset/Webshell/9fb301fbaf98b59582c7062dc9a291af.php,webshell
1,0,1,0,0,0,0,0,0,0,0,0,0,0,0,0,0,0,0,0,0,1,13,./Cleaned-Dataset/Webshell/9fbb022971b77df378997e8b018342cc.php,webshell
0,0,0,0,0,0,0,0,0,0,0,0,0,0,2,0,0,0,0,0,0,2,9,./Cleaned-Dataset/Webshell/9fdec03cdc4d9fc1d543a95b296f445b.php,webshell
0,0,0,0,0,0,0,0,0,0,0,0,0,0,0,0,0,0,0,0,0,20,353,./Cleaned-Dataset/Webshell/9ffd916d5bb8a9d0592b0d298959e96e.php,webshell
16,0,6,28,2,2,1,1,5,1,0,0,56,288,2,1,10,1,0,1,0,2880,9356,./Cleaned-Dataset/Webshell/a0312146f069a1a2528c8ae7c1e93d1f.php,webshell
0,0,0,0,0,0,0,0,0,0,0,0,0,0,0,0,0,0,0,0,0,21,30,./Cleaned-Dataset/Webshell/a03d71401f80c3778ce869e380d86d4f.php,webshell
0,0,0,0,0,0,0,0,0,0,0,2,0,0,0,0,0,0,0,0,0,7077,23,./Cleaned-Dataset/Webshell/a048a9bf1ec36bd44ea0aa5c1d34dac9.php,webshell
13,0,8,4,4,4,4,0,9,0,0,0,3,3,4,2,2,2,0,0,0,4072,13996,./Cleaned-Dataset/Webshell/a05732f7749e84456820f08325477590.php,webshell
0,0,0,0,2,0,0,0,0,0,0,0,0,2,0,0,0,0,0,0,0,144,129,./Cleaned-Dataset/Webshell/a05754de3a116e6876a6b3b34c965a47.php,webshell
3,0,10,7,0,6,6,0,6,0,0,0,99,67,80,2,4,0,0,0,0,1392,5284,./Cleaned-Dataset/Webshell/a058fa6a49cdba85fbeca425e7f47c5b.php,webshell
0,0,0,0,0,0,0,0,0,0,0,0,0,0,0,0,0,0,0,0,0,55,155,./Cleaned-Dataset/Webshell/a0786e0e76e84bdb1f316e6807cabaed.php,webshell
1,0,0,0,0,0,0,0,0,0,0,0,0,0,0,0,0,0,0,0,0,8,755,./Cleaned-Dataset/Webshell/a0972d73a32861d05049d9a1d4a4ac7d.php,webshell
0,1,0,0,0,0,0,0,0,0,0,0,0,0,1,0,0,0,0,0,0,4,15,./Cleaned-Dataset/Webshell/a0a7e45ab8648ddebfffe29687047cb5.php,webshell
0,0,0,0,0,0,0,0,0,0,0,0,0,2,2,0,0,0,0,0,0,0,121,./Cleaned-Dataset/Webshell/a0a85d38f8a3d40ca03dbfac51c6f89b.php,webshell
11,0,7,8,2,6,4,0,8,0,0,0,3,43,15,2,0,2,0,0,0,3401,13768,./Cleaned-Dataset/Webshell/a0b45667bed5fd45ffe0623dd010b775.php,webshell
0,0,1,0,0,0,0,0,0,0,0,0,0,0,2,0,0,0,0,0,0,4,23,./Cleaned-Dataset/Webshell/a0bbaae133da340f9a7df2325596c164.php,webshell
0,0,0,0,0,0,0,3,0,0,0,0,0,0,0,0,0,0,0,1,0,26,366,./Cleaned-Dataset/Webshell/a0d276c92ac68ab0c177bb147183d247.php,webshell
11,0,6,3,0,3,1,0,7,0,0,0,7,3,7,2,0,2,0,0,0,4137,14428,./Cleaned-Dataset/Webshell/a0d43a3b045d3f636b68d8dfd1fbfee8.php,webshell
0,0,0,0,0,0,0,0,1,0,0,0,0,1,1,0,0,0,0,0,0,2,19,./Cleaned-Dataset/Webshell/a0d7eec13cd4ad955b44d33b4ab6f1be.php,webshell
2,0,0,0,0,0,0,0,0,0,0,0,0,0,0,0,0,0,0,0,0,4,145,./Cleaned-Dataset/Webshell/a0d812d201fb20f002042f8425c6ee4d.php,webshell
1,0,0,0,0,0,0,0,1,0,1,0,0,0,0,0,0,0,0,0,0,1,6,./Cleaned-Dataset/Webshell/a0e48711d436e9c4b0f727d535630c0f.php,webshell
0,0,0,0,0,0,0,0,0,0,0,0,0,0,0,0,0,0,0,0,0,7,136,./Cleaned-Dataset/Webshell/a0f9f7f5cd405a514a7f3be329f380e5.php,webshell
3,0,1,1,1,1,1,0,2,0,0,0,0,260,0,42,2,0,0,0,0,1546,13553,./Cleaned-Dataset/Webshell/a1016af80f41d0d698d554883c075d4b.php,webshell
0,0,0,0,0,0,0,0,0,0,0,0,0,2,0,0,0,0,0,0,0,28,60,./Cleaned-Dataset/Webshell/a105367c9d4f571302a34157abb96fc8.php,webshell
0,0,0,0,0,0,0,0,0,0,0,0,1,3,3,3,0,0,0,0,0,62,243,./Cleaned-Dataset/Webshell/a1220d2132e68f30b3c398257e20f01f.php,webshell
0,0,0,0,0,1,0,0,0,0,0,0,0,0,0,0,0,0,0,0,0,627,2479,./Cleaned-Dataset/Webshell/a12fc0a3d31e2f89727b9678148cd487.php,webshell
1,0,0,0,0,0,0,0,1,1,0,0,0,0,0,0,0,0,0,0,0,2,13,./Cleaned-Dataset/Webshell/a14cc5cba0fda5e330f8d8df25d8076c.php,webshell
3,0,4,2,2,2,0,0,4,0,0,0,18,2,0,0,3,0,0,0,0,410,1974,./Cleaned-Dataset/Webshell/a15210a45bd377f92c0c2ac5eb1b44a5.php,webshell
0,0,0,0,0,0,0,0,0,0,0,0,0,0,0,0,0,0,0,0,0,0,3,./Cleaned-Dataset/Webshell/a15692f651caf9a320f53a5364c2406d.php,webshell
1,0,13,15,11,11,11,0,0,0,0,0,6,53,0,0,2,1,0,0,0,964,4265,./Cleaned-Dataset/Webshell/a15b5790f404b3104249b203ed3f7959.php,webshell
0,0,0,0,0,0,1,0,0,0,0,0,0,13,0,0,0,0,0,0,0,219,870,./Cleaned-Dataset/Webshell/a15ecb3a78161c01237ea04494168f31.php,webshell
2,0,0,0,0,0,0,0,0,0,8,0,0,3,0,4,0,0,0,0,0,96,723,./Cleaned-Dataset/Webshell/a1a7bcef503babf04a8bdcccec027bfb.php,webshell
1,0,13,15,11,11,11,0,0,0,0,0,6,53,0,0,2,1,0,0,0,973,4269,./Cleaned-Dataset/Webshell/a1c235bfb56d8f7e0490e4ca2930fa97.php,webshell
1,0,0,3,0,0,0,0,1,0,0,0,0,0,0,0,0,0,0,0,0,42,329,./Cleaned-Dataset/Webshell/a1dcc7b19a8d02291a34d0ebe221448c.php,webshell
17,2,15,8,2,2,2,2,20,0,0,0,8,10,0,6,19,5,0,0,0,8048,44500,./Cleaned-Dataset/Webshell/a1e01fa3637498ea74d5c02185be19a5.php,webshell
1,0,0,0,0,0,0,0,0,0,0,0,0,0,0,0,0,0,0,0,0,1,8,./Cleaned-Dataset/Webshell/a1e2c9bd558cab4d793a48a91c50b8dc.php,webshell
3,0,10,7,0,6,6,0,6,0,0,0,100,70,80,3,4,0,0,0,0,1429,5471,./Cleaned-Dataset/Webshell/a1e2fa527663577f4c75fb9874b71a39.php,webshell
0,0,0,0,0,0,0,0,0,0,0,0,0,4,0,2,0,0,0,0,0,22,3805,./Cleaned-Dataset/Webshell/a235d06b649be74280379b57880e5ac4.php,webshell
0,0,4,4,4,4,0,0,1,0,0,0,28,2,0,0,3,0,0,0,0,218,1415,./Cleaned-Dataset/Webshell/a23c41d7f8c31ab7f4611d121f6e00bf.php,webshell
0,0,0,0,0,0,0,0,0,0,0,0,0,0,0,0,0,0,0,0,0,61,143,./Cleaned-Dataset/Webshell/a23eb25fba8b78f32544a37a0a820132.php,webshell
11,0,9,0,0,0,0,0,3,0,0,0,2,2,0,2,5,0,0,0,0,2124,7213,./Cleaned-Dataset/Webshell/a24b7c492f5f00e2a19b0fa2eb9c3697.php,webshell
0,0,0,0,0,0,0,0,0,0,0,0,0,0,0,0,0,7,0,0,0,10,148,./Cleaned-Dataset/Webshell/a24f1971be985522d77b652f8b377e2f.php,webshell
14,0,4,2,2,2,1,0,6,0,0,0,1,155,0,0,2,0,0,0,0,1553,5628,./Cleaned-Dataset/Webshell/a2516ac6ee41a7cf931cbaef1134a9e4.php,webshell
1,0,0,0,0,0,0,0,1,1,0,0,0,0,0,0,0,0,0,0,0,11,42,./Cleaned-Dataset/Webshell/a253206bb3de69372fb4b4beb19bf062.php,webshell
3,0,0,0,0,0,0,0,1,0,1,0,0,0,0,0,0,0,0,0,0,3,14,./Cleaned-Dataset/Webshell/a25ae497617ba261bfeb63863317c1c6.php,webshell
7,0,2,6,2,2,1,4,4,0,0,0,0,3,0,2,3,1,0,0,0,2119,8608,./Cleaned-Dataset/Webshell/a2652b6f129ba4a45432ba567eca5993.php,webshell
0,0,0,0,0,0,0,0,0,0,0,0,0,7,0,0,0,0,0,0,0,56,142,./Cleaned-Dataset/Webshell/a27052968b296ba0ed2b0e49cd699863.php,webshell
1,0,0,0,0,0,0,0,1,0,1,0,0,0,0,0,0,0,0,0,0,1,14,./Cleaned-Dataset/Webshell/a28ed11bb6c4af0ea9aa9c515dfcf466.php,webshell
0,0,0,0,0,0,0,0,0,0,0,0,0,0,0,0,0,0,0,0,0,20,353,./Cleaned-Dataset/Webshell/a2b2cc5e32c25896244696ace79d4ece.php,webshell
0,0,0,0,0,0,0,0,0,0,0,0,0,0,0,0,0,0,0,0,0,842,5931,./Cleaned-Dataset/Webshell/a2cfbfb92d73e68e0e098a5bd46a41ee.php,webshell
10,0,4,0,0,0,0,0,4,0,0,0,1,0,0,1,0,1,0,0,0,2926,9030,./Cleaned-Dataset/Webshell/a2d26899fc31fed830bc9d8582a15258.php,webshell
1,0,0,0,0,0,0,0,0,0,0,0,0,0,0,0,0,0,0,0,0,1,10,./Cleaned-Dataset/Webshell/a2e247f275e1639530010fba687703b8.php,webshell
0,0,0,0,0,0,0,0,0,0,0,0,0,0,0,0,0,0,0,0,0,2,7,./Cleaned-Dataset/Webshell/a2e7572a9926128899f139307abbf338.php,webshell
0,0,2,5,0,0,0,0,1,0,0,0,14,4,22,0,0,0,0,0,0,749,2908,./Cleaned-Dataset/Webshell/a2f6c353dd59bc6a04af2c139ea12d50.php,webshell
5,0,3,4,2,2,1,0,6,0,0,0,0,285,0,55,3,2,0,0,0,1871,7640,./Cleaned-Dataset/Webshell/a3077f5bc6856be9a2d9f276158014d4.php,webshell
0,0,0,0,0,0,0,0,0,0,0,0,0,0,0,0,0,0,0,0,0,49,146,./Cleaned-Dataset/Webshell/a309003bbb99b6005ff8c4c31f1bdff8.php,webshell
1,0,4,1,0,0,0,0,0,0,0,0,5,16,0,0,0,0,0,0,0,218,569,./Cleaned-Dataset/Webshell/a31e0bd6d6f1e43608920d1aa6c7963b.php,webshell
1,0,0,0,0,0,0,0,0,0,0,0,0,0,0,0,0,0,0,0,0,6,382,./Cleaned-Dataset/Webshell/a32f70453a30d539364fab5117626b54.php,webshell
0,0,0,0,0,0,0,0,2,0,0,0,0,0,0,0,0,0,0,0,0,2,9,./Cleaned-Dataset/Webshell/a33060acd24a0780f0edfe00b9c8f9c5.php,webshell
0,0,0,0,0,0,0,0,1,0,0,0,0,0,0,0,0,1,0,0,0,8,98,./Cleaned-Dataset/Webshell/a330f423cbb39e296ca989e340ce79db.php,webshell
0,0,0,0,0,0,0,0,0,0,0,0,0,0,0,0,0,0,0,0,0,16,341,./Cleaned-Dataset/Webshell/a33ad738533e26d8742e436363773628.php,webshell
0,0,0,0,0,0,0,0,0,0,0,0,0,0,0,0,0,0,0,0,0,49,143,./Cleaned-Dataset/Webshell/a356b181fe4739a1c831b97ebed6ba96.php,webshell
9,0,0,6,0,15,0,0,7,0,0,0,111,88,0,0,42,12,0,0,0,1379,7026,./Cleaned-Dataset/Webshell/a369d72637aee4bf6a4a171165d8df5c.php,webshell
0,0,0,0,0,0,0,0,1,0,0,0,1,0,0,0,0,0,0,0,0,2,8,./Cleaned-Dataset/Webshell/a37617b22a3b3df4142539053b060abb.php,webshell
0,0,0,0,0,0,0,0,0,0,0,0,0,0,0,0,0,0,0,0,0,17,125,./Cleaned-Dataset/Webshell/a394a9389c97832ef46ab37fb828dc91.php,webshell
0,0,1,0,0,0,0,0,0,0,0,0,1,2,0,0,0,0,0,0,0,223,916,./Cleaned-Dataset/Webshell/a3b46cf42a4601894e098b743023dc6c.php,webshell
0,0,0,0,0,0,0,0,0,0,0,0,0,1,0,0,0,0,0,0,0,7,9,./Cleaned-Dataset/Webshell/a3d44a95fc0f6b4f63de6a8f24e83301.php,webshell
0,0,2,5,2,2,1,4,0,0,0,0,0,0,2,2,2,0,0,0,0,1076,4395,./Cleaned-Dataset/Webshell/a3d47e7bb61eb3e231ef82aeafb1fee9.php,webshell
0,0,0,0,0,0,0,0,1,0,0,0,0,1,0,0,0,0,0,0,0,2,11,./Cleaned-Dataset/Webshell/a3e6d7d37079dbefc5d9d3bdb8936173.php,webshell
1,0,0,0,0,0,0,0,0,0,0,0,0,0,0,0,0,0,0,0,0,1,10,./Cleaned-Dataset/Webshell/a3e7a5d3d8a632c0447b4d3afba7dc52.php,webshell
9,0,14,9,9,7,8,0,2,0,0,0,4,3,143,0,0,2,0,0,0,1161,4292,./Cleaned-Dataset/Webshell/a3e88c7b14b2bc234ce10e9ec8102cc3.php,webshell
0,0,0,0,0,0,0,0,0,0,0,0,0,0,1,0,0,0,0,0,0,3,6,./Cleaned-Dataset/Webshell/a3fd52f068c6287c63f78fc3b5e06f40.php,webshell
0,0,0,0,0,0,0,0,0,0,0,0,0,0,1,0,0,0,0,0,0,3,28,./Cleaned-Dataset/Webshell/a40c4884b821fffbd93c7efdfdeaba72.php,webshell
0,0,0,0,0,0,0,0,0,0,0,0,0,0,1,0,0,0,0,0,0,4,6,./Cleaned-Dataset/Webshell/a414fc5d88995e52dd097c20bf8ba114.php,webshell
11,0,6,3,0,3,1,0,7,0,0,0,7,3,7,2,0,2,0,0,0,4398,15206,./Cleaned-Dataset/Webshell/a4157a44fee202b17766b70e1af4e546.php,webshell
1,0,0,0,0,0,0,0,0,0,0,0,0,0,0,0,0,0,0,0,0,1,10,./Cleaned-Dataset/Webshell/a4225e1630de860f214fec720d16c198.php,webshell
0,0,0,0,1,0,0,0,0,0,0,0,7,9,0,0,2,0,0,0,0,286,619,./Cleaned-Dataset/Webshell/a431f9fe6d237526f00980c710b62e9b.php,webshell
10,0,4,0,0,0,0,0,4,0,0,0,1,0,0,1,0,1,0,0,0,2926,9030,./Cleaned-Dataset/Webshell/a444c1d2230232d99e024bc63fd366b3.php,webshell
0,0,0,2,6,0,0,0,0,0,0,0,25,71,0,0,1,0,0,0,3,771,2721,./Cleaned-Dataset/Webshell/a454372e9c80877153e897c4cfab3874.php,webshell
0,0,0,0,0,0,0,0,0,0,0,0,0,0,0,0,0,0,0,0,0,17,344,./Cleaned-Dataset/Webshell/a4545731624c9f9ceb9c8e417c842ddf.php,webshell
1,0,0,0,0,0,0,0,1,0,0,0,0,1,0,0,0,2,0,0,0,9,103,./Cleaned-Dataset/Webshell/a469d1a29dcf7d86b1dfa755aac98d91.php,webshell
1,0,0,0,0,0,0,0,1,0,0,0,0,0,0,0,0,0,0,0,0,121,889,./Cleaned-Dataset/Webshell/a46bd4fdd7f88de7cdf69242b15a487c.php,webshell
13,0,7,4,4,4,4,0,9,0,0,0,3,3,4,2,2,2,0,0,0,4072,13996,./Cleaned-Dataset/Webshell/a47234704e16eef44e949cd4f333fa19.php,webshell
0,0,0,0,0,0,0,0,0,0,0,0,10,0,0,0,0,0,0,0,0,58,360,./Cleaned-Dataset/Webshell/a4fc99d2ac30e275a7e697a9dc5276eb.php,webshell
0,0,0,0,0,0,0,0,0,0,0,0,0,0,0,0,0,0,0,0,0,15,22,./Cleaned-Dataset/Webshell/a50317c263b54ebfa14cd2a6b6499b5a.php,webshell
0,0,0,0,0,0,0,0,0,0,0,0,0,1,0,0,2,0,0,0,0,20,47,./Cleaned-Dataset/Webshell/a5167eb36b6bc2d19e902b8a702118ec.php,webshell
0,0,0,0,0,0,0,0,0,0,0,0,4,0,0,0,0,0,0,1,0,10,52,./Cleaned-Dataset/Webshell/a52343f4380933574b9196616359ca01.php,webshell
0,0,0,0,0,0,0,0,0,0,0,0,0,3,0,0,0,0,0,0,0,14,26,./Cleaned-Dataset/Webshell/a524e7ae8d71e37d2fd3e5fbdab405ea.php,webshell
0,0,0,0,0,0,0,0,0,0,0,0,0,0,1,0,0,0,0,0,0,4,6,./Cleaned-Dataset/Webshell/a5276f322802782a43263d343e93c08c.php,webshell
0,0,0,0,0,0,0,0,3,0,0,0,7,29,0,0,3,0,0,0,0,235,758,./Cleaned-Dataset/Webshell/a52a48397c8173ef43c5d63adca37771.php,webshell
0,0,0,0,0,0,0,0,0,0,0,0,0,1,0,0,2,0,0,0,0,11,30,./Cleaned-Dataset/Webshell/a52ad80ad2552581b0658303aa0c7551.php,webshell
9,0,2,5,2,2,1,4,5,0,0,0,0,0,2,2,3,0,0,0,0,1752,7741,./Cleaned-Dataset/Webshell/a52b30f52424822113dac6c9cd045356.php,webshell
0,0,0,0,0,0,0,0,0,0,0,0,0,0,0,0,0,0,0,0,0,18,347,./Cleaned-Dataset/Webshell/a539bc9457e333b013148f39ef8c851f.php,webshell
0,1,0,0,0,0,0,0,0,0,0,0,0,1,0,0,0,0,0,0,0,0,6,./Cleaned-Dataset/Webshell/a565def233c4143413a9a6dd61b159bb.php,webshell
0,0,0,0,0,0,0,0,0,0,0,0,1,3,0,0,0,0,0,0,0,33,73,./Cleaned-Dataset/Webshell/a56654807925674c6b8ef0b940a0aa7a.php,webshell
2,0,3,2,6,2,1,0,5,0,0,0,55,84,4,14,2,0,0,1,0,1423,6263,./Cleaned-Dataset/Webshell/a58da9b294c9b11655c9a9b97ece41e9.php,webshell
7,0,6,9,6,0,0,0,4,0,1,0,245,245,0,13,3,0,0,0,0,3443,9558,./Cleaned-Dataset/Webshell/a59c9e0f655c660f44cc57470a0880ad.php,webshell
10,0,0,0,0,0,0,0,0,0,0,0,0,42,0,0,2,0,0,0,0,430,1805,./Cleaned-Dataset/Webshell/a5cb16905e3f9d76fa7c8220e11d7242.php,webshell
1,0,0,0,0,0,0,0,0,0,0,0,0,1,0,0,0,0,0,0,0,1,5,./Cleaned-Dataset/Webshell/a5d6a0411c7b50a70a861c2aa3be4444.php,webshell
21,0,9,32,3,3,3,3,3,1,0,0,8,217,5,0,12,3,0,0,0,2521,8786,./Cleaned-Dataset/Webshell/a5f446fc4ec030f2acc3c975be91335a.php,webshell
8,0,4,3,3,2,2,2,2,0,0,0,37,598,0,23,0,3,0,0,0,6085,18820,./Cleaned-Dataset/Webshell/a626b4e584d263bd1ccabb0d5d22ec7d.php,webshell
6,0,12,4,4,4,2,0,7,4,0,1,126,122,6,0,3,1,0,2,0,2723,9462,./Cleaned-Dataset/Webshell/a62952942bbd400e446781d7da600c63.php,webshell
7,0,0,0,0,1,0,0,1,0,0,0,2,20,0,0,6,0,0,0,0,159,418,./Cleaned-Dataset/Webshell/a637e4ad20b84543cdded0de50278129.php,webshell
0,0,23,18,11,13,13,0,0,0,0,0,0,0,0,0,0,8,0,8,8,909,4663,./Cleaned-Dataset/Webshell/a64682f3395503db02f0428b74661a76.php,webshell
0,1,0,0,0,0,0,0,0,0,0,0,0,0,1,0,0,0,0,0,0,3,26,./Cleaned-Dataset/Webshell/a647e3f7a71c7487a39ec3d69cf325a7.php,webshell
1,0,0,0,0,0,0,0,0,0,0,0,0,0,0,0,0,0,0,0,0,1,10,./Cleaned-Dataset/Webshell/a656b50e957548a03de2f293cd448e72.php,webshell
4,0,3,4,2,2,1,0,9,2,0,2,1,230,0,0,2,2,0,1,0,1826,7124,./Cleaned-Dataset/Webshell/a67aa3a73a970600332b4d7d4f4a2a0f.php,webshell
0,0,0,0,0,0,0,0,0,0,0,0,0,0,0,0,0,0,0,0,0,1084,290,./Cleaned-Dataset/Webshell/a683a995af46e4f0c46e866878a12c0c.php,webshell
0,0,13,4,3,3,0,48,0,0,0,0,0,51,0,0,4,1,0,0,0,1034,7686,./Cleaned-Dataset/Webshell/a6aa8e82d68162bf379905038d2cc729.php,webshell
0,0,0,0,0,0,0,0,0,0,0,0,0,0,0,0,0,0,0,0,0,12,59,./Cleaned-Dataset/Webshell/a6b9ce765692cbef2ce0d890ecad70c3.php,webshell
0,0,0,0,0,0,0,0,4,0,0,0,0,0,0,0,0,0,0,0,0,6,51,./Cleaned-Dataset/Webshell/a6c71627e5a7f6330063a98e1b79510c.php,webshell
0,0,0,0,0,0,0,0,0,0,0,0,0,2,0,0,0,0,0,0,0,10,51,./Cleaned-Dataset/Webshell/a6df4404aa23347eeae824e8f7323485.php,webshell
1,0,0,0,0,0,0,0,0,0,0,0,0,1,0,0,0,0,0,0,0,2,37,./Cleaned-Dataset/Webshell/a6f3b43c3442e36d08b429c90619377b.php,webshell
0,0,0,0,0,0,0,0,0,0,0,0,0,0,12,0,0,0,0,0,0,53,137,./Cleaned-Dataset/Webshell/a7214584c64ade770c4a38ede5e75f1b.php,webshell
10,0,0,0,0,0,0,0,0,0,0,0,0,42,0,0,2,0,0,0,0,430,1803,./Cleaned-Dataset/Webshell/a74882c86f5a4116d65f403539091f36.php,webshell
2,0,0,0,0,0,0,0,0,0,0,0,0,0,0,0,0,0,0,0,0,4,148,./Cleaned-Dataset/Webshell/a759b1b930cdf7c81643933cc8fe6b24.php,webshell
1,0,0,0,0,0,0,0,0,0,0,0,0,0,0,0,0,0,0,0,0,3,42,./Cleaned-Dataset/Webshell/a76ad4ab951cb70b9cdc97406f002927.php,webshell
5,0,12,24,9,9,7,7,5,2,1,0,31,149,0,2,4,0,0,0,0,2600,8620,./Cleaned-Dataset/Webshell/a76e0fc83c9d3319b19f499bd59910dc.php,webshell
0,0,2,0,0,0,0,0,0,0,0,0,10,23,6,1,3,0,2,0,0,290,2489,./Cleaned-Dataset/Webshell/a7747cf6bed20d18c4fa1633d9f7b1f7.php,webshell
0,0,4,0,0,0,0,0,0,0,0,0,9,7,0,0,2,0,0,0,0,165,583,./Cleaned-Dataset/Webshell/a77504bf8eb311d4164c580a27d4ee2e.php,webshell
0,0,4,2,2,2,1,0,0,0,0,0,1,27,0,0,0,0,0,0,0,476,2092,./Cleaned-Dataset/Webshell/a77bd663f0a02ac1c14c8c82861175cd.php,webshell
0,0,0,0,0,0,0,0,0,0,0,0,0,0,0,0,0,0,0,0,0,20,353,./Cleaned-Dataset/Webshell/a77ec8b26dcbe9744aacb49787188495.php,webshell
0,0,0,0,0,0,0,0,0,0,0,0,0,0,0,0,0,0,0,0,0,20,353,./Cleaned-Dataset/Webshell/a7810dd1c87eb5fef283645f2d284565.php,webshell
3,0,0,1,0,1,0,0,0,0,0,0,0,0,12,0,0,2,0,0,0,200,592,./Cleaned-Dataset/Webshell/a79cac2cf86e073a832aaf29a664f4be.php,webshell
1,0,0,0,0,0,0,0,0,0,0,2,0,0,1,0,0,0,0,0,0,17,93,./Cleaned-Dataset/Webshell/a7cd4159e4a57554789c94ae880a3841.php,webshell
1,0,0,0,0,0,0,0,0,0,0,0,0,0,0,0,0,0,0,0,0,0,14,./Cleaned-Dataset/Webshell/a7d2cb496e3a5a2da2318ece8f7f85fb.php,webshell
0,0,3,2,2,2,0,0,0,0,0,0,1,27,0,0,0,0,0,0,0,402,1777,./Cleaned-Dataset/Webshell/a7e3ff593ce2d928cc0b236422e78b40.php,webshell
0,0,0,0,0,0,0,0,0,0,0,0,0,0,0,0,0,0,0,0,0,65,468,./Cleaned-Dataset/Webshell/a7ec35f182e9cb510c3e538eef560fce.php,webshell
0,0,0,0,0,0,0,0,0,0,0,0,0,4,0,2,0,0,0,0,0,22,3806,./Cleaned-Dataset/Webshell/a7f07bbb2dd52f37ca7b6caed3dfcf37.php,webshell
1,0,0,0,0,0,0,0,1,1,0,1,0,0,0,0,0,0,0,0,0,1,9,./Cleaned-Dataset/Webshell/a7f841b1dc18c1d500154e742639ae1a.php,webshell
0,0,0,0,0,0,0,0,0,0,0,0,0,0,0,0,0,0,0,0,0,49,123,./Cleaned-Dataset/Webshell/a804989f1ddd740750b916a0a4a8215c.php,webshell
0,0,1,0,0,0,0,0,0,0,0,0,0,8,0,0,0,4,0,0,0,239,315,./Cleaned-Dataset/Webshell/a82cd4a13bc14f980858f7fad0404a6b.php,webshell
0,0,0,0,0,0,0,0,0,0,0,0,0,0,1,0,0,0,0,0,0,3,21,./Cleaned-Dataset/Webshell/a8431daa505548467a0beeda8039bc6b.php,webshell
10,0,0,0,0,0,0,0,0,0,0,0,0,42,0,0,2,0,0,0,0,445,1876,./Cleaned-Dataset/Webshell/a871996cf69ae3b771753c3c6c4b3d96.php,webshell
0,0,0,0,0,0,0,0,0,0,0,0,0,0,0,0,0,0,0,0,0,19,350,./Cleaned-Dataset/Webshell/a8994f9fa9f562b3a84641e528457816.php,webshell
1,0,0,0,0,0,0,0,1,1,0,0,0,0,0,0,0,0,0,0,0,2,9,./Cleaned-Dataset/Webshell/a89a639b05fb210af6e2b0914cc1a8d2.php,webshell
1,0,4,3,5,4,0,0,5,0,0,0,53,39,2,0,3,2,0,0,0,665,2881,./Cleaned-Dataset/Webshell/a8b5f5b63f3293341871d8fa59e876bb.php,webshell
0,0,0,0,0,0,0,0,108,0,0,0,3,0,5,14,0,0,1,0,0,3020,7399,./Cleaned-Dataset/Webshell/a8bbe1156d828e8538d00da5f98e5b54.php,webshell
0,1,0,0,0,0,0,0,0,0,0,0,0,0,1,0,0,0,0,0,0,2,20,./Cleaned-Dataset/Webshell/a8bf307488bc4f50a2240c7b36372970.php,webshell
0,0,0,0,0,0,0,0,0,0,0,0,0,0,0,0,0,0,0,0,0,60,179,./Cleaned-Dataset/Webshell/a8cd8e9c4896c9f8e393074bdfead354.php,webshell
11,0,13,12,4,10,6,0,10,0,0,0,15,48,7,2,0,2,0,0,0,4246,15028,./Cleaned-Dataset/Webshell/a8dc807db6b66914735c1d472ce5241d.php,webshell
0,0,0,0,0,0,0,0,0,0,0,0,0,1,0,0,3,0,0,0,0,14,63,./Cleaned-Dataset/Webshell/a8f46ce2ce741f1175bced3c3d547ee7.php,webshell
0,0,0,0,0,0,0,0,0,0,0,0,0,6,0,0,0,0,0,0,0,120,208,./Cleaned-Dataset/Webshell/a900633c78274c5c94a8222e150d5aa3.php,webshell
2,0,3,2,6,2,1,0,5,0,0,0,55,84,4,14,2,0,0,1,0,1423,6263,./Cleaned-Dataset/Webshell/a9092366da69de666f54b7bc62b1d441.php,webshell
0,0,0,0,0,0,0,0,0,0,0,0,0,0,0,0,0,0,0,0,0,48,477,./Cleaned-Dataset/Webshell/a920f39ae729445301f0a548fd76622b.php,webshell
0,1,0,0,0,0,0,0,0,0,0,0,0,0,0,0,0,0,0,0,0,5,4,./Cleaned-Dataset/Webshell/a939f80121725a31888865805c843f33.php,webshell
1,0,0,0,0,0,0,0,1,1,0,0,0,0,0,0,0,0,0,0,0,1,7,./Cleaned-Dataset/Webshell/a9479d83b46fa4b47642faf7866ed67a.php,webshell
0,0,4,0,4,0,0,0,0,0,0,0,0,29,0,0,4,0,0,0,0,311,1402,./Cleaned-Dataset/Webshell/a967eba51047504ad61393bd0c29b20f.php,webshell
0,0,0,0,0,0,0,0,0,0,0,0,0,0,0,0,0,0,0,0,0,16,341,./Cleaned-Dataset/Webshell/a9810b199b34d16880c322069b74d84e.php,webshell
10,0,2,3,2,2,0,1,5,5,0,0,0,0,186,2,3,0,0,0,0,1864,6223,./Cleaned-Dataset/Webshell/a98be458a089d3cc6ab3e0b5911717df.php,webshell
1,0,0,0,0,0,0,0,1,0,0,0,0,0,0,0,0,0,0,0,0,6,18,./Cleaned-Dataset/Webshell/a9986590b1d9d9023535948ff8491d53.php,webshell
2,0,1,26,0,3,0,0,0,0,0,0,3,3,0,3,4,2,0,1,0,6389,19211,./Cleaned-Dataset/Webshell/a9b654f00c9d574dc9020ce75e344272.php,webshell
0,0,0,2,1,0,0,0,0,0,0,0,0,1,0,0,0,0,0,0,0,29,60,./Cleaned-Dataset/Webshell/a9bbf00b57b14e70b9524d9cbe7ec4f3.php,webshell
0,0,1,4,0,0,0,0,4,0,0,0,292,270,0,24,1,0,0,0,0,7506,45798,./Cleaned-Dataset/Webshell/a9c258bb2e1636cccb251b1a62d4d46f.php,webshell
3,2,0,0,0,0,0,0,0,0,0,0,0,1,0,0,0,0,0,0,0,4,46,./Cleaned-Dataset/Webshell/a9d0af9cfd5b5143dba64b0c6192028f.php,webshell
0,0,1,0,0,0,0,0,0,0,0,0,0,2,0,0,0,3,0,0,0,164,170,./Cleaned-Dataset/Webshell/aa0937313c246cf0a044cbd2015867f2.php,webshell
8,0,2,6,2,2,1,4,7,0,0,0,0,2,2,2,3,0,0,0,0,2445,10564,./Cleaned-Dataset/Webshell/aa17b71bb93c6789911bd1c9df834ff9.php,webshell
0,0,1,0,0,0,0,0,0,0,0,0,0,2,0,0,0,0,0,0,0,25,83,./Cleaned-Dataset/Webshell/aa1935a2eab2cbc7d50b79a5325a2b97.php,webshell
1,0,0,0,0,0,0,0,1,1,0,0,0,0,0,0,0,0,0,0,0,1,44,./Cleaned-Dataset/Webshell/aa21fa5dfcff6b3c7fa3b246c0977e2d.php,webshell
0,0,0,0,0,0,0,0,0,0,0,0,0,0,0,0,0,0,0,0,0,57,127,./Cleaned-Dataset/Webshell/aa8abaf9de552c1f066f1a1a2df88973.php,webshell
0,0,0,0,0,0,0,0,0,0,0,0,0,0,0,0,0,0,0,0,0,33,321,./Cleaned-Dataset/Webshell/aac845cddc95c7c0a7eab44acd29c0fa.php,webshell
1,0,2,6,2,2,0,0,0,0,0,0,0,24,0,0,0,0,0,0,0,311,1168,./Cleaned-Dataset/Webshell/aacf7a33b23800b3c9033fd66afd5b31.php,webshell
7,0,0,0,0,1,0,0,1,0,0,0,2,20,0,0,6,0,0,0,0,146,349,./Cleaned-Dataset/Webshell/aae4888847762bd426d332763f01adda.php,webshell
0,0,0,0,0,0,0,0,0,0,0,0,0,0,0,0,0,0,0,0,0,63,152,./Cleaned-Dataset/Webshell/aaed9a9e067c24572abd895de1c61b0d.php,webshell
0,0,0,0,0,0,0,0,0,0,0,0,0,0,0,0,0,0,0,0,0,173,444,./Cleaned-Dataset/Webshell/aafec1bba6d557170183153d02f20c16.php,webshell
0,0,1,0,0,0,0,0,1,0,0,0,0,1,0,0,0,0,0,0,0,20,62,./Cleaned-Dataset/Webshell/ab03a3094a89cc661b576fb73720cf0d.php,webshell
0,0,0,0,0,0,0,0,0,0,0,0,0,0,0,0,0,0,0,0,0,60,154,./Cleaned-Dataset/Webshell/ab08fa1dd7683437ddfffd14096bcec6.php,webshell
0,0,0,0,0,0,0,0,0,0,0,0,0,24,0,0,2,0,0,0,0,159,416,./Cleaned-Dataset/Webshell/ab0fbb0e0f00ae4a2e7779fa4c3fb066.php,webshell
0,0,0,1,1,0,0,0,0,0,0,0,0,0,0,0,0,0,0,0,0,103,467,./Cleaned-Dataset/Webshell/ab1a06ab1a1fe94e3f3b7f80eedbc12f.php,webshell
3,0,8,12,3,3,1,1,2,0,0,0,4,3,269,5,5,4,0,0,0,2197,8769,./Cleaned-Dataset/Webshell/ab230817bcc99acb9bdc0ec6d264d76f.php,webshell
0,0,1,2,0,0,0,0,1,0,0,0,1,4,41,1,6,0,0,0,0,252,1093,./Cleaned-Dataset/Webshell/ab2858f58145698649337be1721670c9.php,webshell
0,0,0,0,2,0,0,0,0,0,0,0,0,2,0,0,0,0,0,0,0,144,129,./Cleaned-Dataset/Webshell/ab482d980065234ab3f36ae6caf0ee63.php,webshell
1,0,0,0,0,0,0,0,1,1,0,1,0,0,0,0,0,0,0,0,0,1,11,./Cleaned-Dataset/Webshell/ab63230ee24a988a4a9245c2456e4874.php,webshell
14,0,2,2,2,2,2,2,7,5,0,0,3,3,0,38,4,0,0,0,0,2344,10781,./Cleaned-Dataset/Webshell/ab75df785c031d696bcb613b60c3586c.php,webshell
7,0,2,5,2,2,1,0,4,1,0,0,118,198,0,8,13,0,0,0,0,2399,8025,./Cleaned-Dataset/Webshell/ab83291cfaf69cf8a6e20df890f094fe.php,webshell
1,0,8,9,6,6,6,0,0,0,0,0,20,104,0,2,2,0,0,0,0,1408,4649,./Cleaned-Dataset/Webshell/ab900d42e41d3e64b2d673dfd9fd4ad1.php,webshell
2,0,2,2,2,2,1,0,0,0,0,0,0,91,0,0,2,0,0,0,0,647,3490,./Cleaned-Dataset/Webshell/ab9c6b24ca15f4a1b7086cad78ff0f78.php,webshell
0,0,0,0,0,0,0,0,0,0,0,0,0,0,0,0,0,0,0,0,0,30,197,./Cleaned-Dataset/Webshell/aba2d21bb1d200c9bdd92154afee89cb.php,webshell
1,0,0,0,0,0,0,0,0,0,0,0,0,1,0,1,0,0,0,0,0,380,2174,./Cleaned-Dataset/Webshell/aba5960b637999e05ad0834939de7353.php,webshell
1,0,0,0,0,0,0,0,0,0,0,0,0,0,0,0,0,0,0,0,0,1,10,./Cleaned-Dataset/Webshell/abc098c67869176a6ecfe96fe6cf297d.php,webshell
0,0,0,0,0,0,0,0,0,1,0,0,0,4,0,2,0,0,0,0,0,20,123,./Cleaned-Dataset/Webshell/abc508c1a00b08c39cc0fafdc8c77015.php,webshell
0,0,1,1,1,0,0,0,0,0,0,0,2,6,0,0,0,0,0,0,0,741,2213,./Cleaned-Dataset/Webshell/abd3ae07a8a68af2f93a3fdce8855d44.php,webshell
1,0,0,0,0,0,0,0,0,0,0,0,0,0,0,0,0,0,0,0,0,1,5,./Cleaned-Dataset/Webshell/abfe17f4a59e2825f47497641c793a32.php,webshell
21,0,9,32,3,3,3,3,3,1,0,0,8,222,5,2,12,3,0,0,0,2548,8866,./Cleaned-Dataset/Webshell/ac0db0ae7d4a5d33bb725a91da9c0235.php,webshell
1,0,0,0,0,0,0,0,0,0,0,0,0,0,0,0,0,0,0,0,0,1,10,./Cleaned-Dataset/Webshell/ac11b27099a52b3a8088e3b7637c5c6c.php,webshell
1,0,0,0,0,0,0,0,0,0,0,0,0,1,0,0,0,0,0,0,0,17,87,./Cleaned-Dataset/Webshell/ac135b350719f26d595ea8dd502d1896.php,webshell
0,0,0,0,0,0,0,0,0,0,0,0,0,0,1,0,0,0,0,0,0,0,11,./Cleaned-Dataset/Webshell/ac27503c1f7b7641b078f5a74eca30b7.php,webshell
0,0,1,4,0,0,0,0,4,0,0,0,292,270,0,24,1,0,0,0,0,7506,45798,./Cleaned-Dataset/Webshell/ac34768fd7a0fac723b5c1c5afabfd9b.php,webshell
5,0,3,4,2,2,1,0,2,0,0,0,0,252,0,42,2,1,0,0,0,968,6605,./Cleaned-Dataset/Webshell/ac4a2fd89d3c8c9aa113a73bc65c2e8f.php,webshell
9,0,5,2,2,2,1,0,10,0,0,0,1,1,7,2,0,3,0,0,0,3883,13031,./Cleaned-Dataset/Webshell/ac5e258cf9628bca0dc034d864fda406.php,webshell
1,0,0,0,0,0,0,0,0,0,0,0,2,0,28,0,0,0,0,0,0,206,1061,./Cleaned-Dataset/Webshell/ac874f3e67f14847eaccc7f08d69e6f3.php,webshell
7,0,3,3,2,2,1,0,4,0,0,0,11,367,0,2,0,3,0,0,0,2820,9079,./Cleaned-Dataset/Webshell/aca9a3a7647c569cbaa6bbfc6ccd988d.php,webshell
12,0,8,4,4,4,4,0,7,0,0,0,3,3,4,2,2,2,0,0,0,4080,14066,./Cleaned-Dataset/Webshell/acb43d2807309d92ce8c503d0e2f4888.php,webshell
7,0,3,3,2,2,1,0,4,0,0,0,11,425,0,2,0,3,0,0,0,2982,9873,./Cleaned-Dataset/Webshell/acd7195486a745a34e97e665b001c796.php,webshell
0,0,4,22,0,0,0,0,0,0,0,0,0,21,0,0,0,3,0,0,0,1683,9550,./Cleaned-Dataset/Webshell/acdbba993a5a4186fd864c5e4ea0ba4f.php,webshell
0,0,0,0,0,0,0,0,0,0,0,0,0,0,0,0,0,0,0,0,0,16,126,./Cleaned-Dataset/Webshell/ace114ba6727a661979a39bf581c2a4c.php,webshell
0,0,0,0,0,0,0,0,0,0,0,0,0,0,0,0,0,0,0,0,0,49,139,./Cleaned-Dataset/Webshell/ad249c66bd719f5dbd30d3a52a4d2457.php,webshell
1,0,0,0,0,0,0,0,0,0,0,0,0,0,0,0,0,0,0,0,0,2,30,./Cleaned-Dataset/Webshell/ad2ba39f37d9a2a2d204a04588e6d836.php,webshell
0,0,0,0,0,0,0,0,0,0,0,0,0,0,0,0,0,0,0,0,0,65,163,./Cleaned-Dataset/Webshell/ad35fbfa604cf37b2e3a4f2ed389e123.php,webshell
0,0,0,0,0,0,0,0,0,0,0,0,0,0,0,0,0,0,0,0,1,10,36,./Cleaned-Dataset/Webshell/ad67695117af18e3ca9f764d9c3170a9.php,webshell
7,0,3,3,3,2,1,0,4,0,0,0,8,372,1,11,0,3,0,0,0,2666,9213,./Cleaned-Dataset/Webshell/ad75b6d97943bc1ceee24daf64bdf2b8.php,webshell
7,0,6,9,6,0,0,0,4,0,1,0,245,245,0,13,3,0,0,0,0,3442,9601,./Cleaned-Dataset/Webshell/ada56b406fe90b40df1fadfdd5490bcd.php,webshell
1,0,0,0,0,0,0,0,1,1,0,2,2,0,0,0,0,0,0,0,0,21,100,./Cleaned-Dataset/Webshell/adc8c32f89bef9f1ce608d58bb0444b8.php,webshell
0,0,0,0,0,0,0,0,0,0,0,0,0,1,0,0,2,0,0,0,0,40,218,./Cleaned-Dataset/Webshell/add50be94d88f11d78b13eb9e85b993d.php,webshell
10,0,4,6,2,2,2,0,3,0,0,0,118,160,0,9,8,0,0,0,0,2543,10049,./Cleaned-Dataset/Webshell/addce16ab77baeeb0cb9b3dbc7423fa1.php,webshell
0,0,0,0,0,0,0,0,0,0,0,0,0,0,0,0,0,0,0,0,0,17,344,./Cleaned-Dataset/Webshell/ade7ba9566bfb00420e567a646b5e19d.php,webshell
7,0,3,3,2,2,1,0,4,0,0,0,11,425,0,2,0,3,0,0,0,2964,9705,./Cleaned-Dataset/Webshell/ae025c886fbe7f9ed159f49593674832.php,webshell
3,0,4,8,2,3,0,0,0,0,0,0,3,42,0,0,0,1,0,0,0,1075,1970,./Cleaned-Dataset/Webshell/ae09fca1a0b6947d6c9b250cad3e8e20.php,webshell
1,0,0,0,0,0,0,0,0,0,0,0,0,0,0,0,0,0,0,0,0,1,7,./Cleaned-Dataset/Webshell/ae3340ee1f02714d8b6b09abaad023c4.php,webshell
15,0,15,7,0,9,1,0,4,0,0,0,11,56,0,0,3,1,0,1,0,668,2619,./Cleaned-Dataset/Webshell/ae3e6e615db8298a8d2080d5f664793d.php,webshell
0,0,0,0,0,0,0,0,0,0,0,0,0,0,0,0,0,0,0,0,0,7,68,./Cleaned-Dataset/Webshell/ae4c0524a62b74bb2f3e72dce0796ce3.php,webshell
6,0,3,3,2,2,1,0,2,0,0,0,11,367,0,2,0,3,0,0,0,2827,9048,./Cleaned-Dataset/Webshell/ae6b7f612b47529a59a95fc9ac91b550.php,webshell
0,0,0,0,0,0,0,0,0,0,0,0,0,0,0,0,0,0,0,0,1,6,719,./Cleaned-Dataset/Webshell/ae8f1e8af4d346257b3109578032f683.php,webshell
0,0,0,0,0,0,0,0,0,0,0,0,0,3,0,0,0,0,0,0,0,37,196,./Cleaned-Dataset/Webshell/ae976d6d332cee69d7898b6c0da86034.php,webshell
1,0,0,0,0,0,0,0,1,0,1,0,0,0,0,0,0,0,0,0,0,2,7,./Cleaned-Dataset/Webshell/aecb669d25e2a769ea6ac5eb14a49774.php,webshell
0,0,0,0,0,0,0,0,0,0,0,0,0,0,0,0,0,0,0,0,0,95,197,./Cleaned-Dataset/Webshell/aef3095db450f92b076138368556f9be.php,webshell
1,0,0,0,0,0,0,0,1,1,0,0,0,0,0,0,0,0,0,0,0,0,7,./Cleaned-Dataset/Webshell/aefebcdb02804e3f0644bf915b0b972e.php,webshell
0,0,0,0,0,0,0,0,0,0,0,0,0,0,0,0,0,0,0,1,1,27,358,./Cleaned-Dataset/Webshell/aeffeb2ee8cf137f48c1cf1d072ceb17.php,webshell
0,0,0,0,0,0,0,0,1,0,0,0,3,0,0,0,0,0,0,0,0,5,44,./Cleaned-Dataset/Webshell/af0c992d34c8e908ea042ffc6bca6fa7.php,webshell
10,0,4,0,0,0,0,0,4,0,0,0,1,0,0,1,0,1,0,0,0,2939,9099,./Cleaned-Dataset/Webshell/af1d885990f401a5b3fd572b59c88db1.php,webshell
5,0,3,4,2,2,1,0,6,0,0,0,0,285,0,55,3,2,0,0,0,1874,7680,./Cleaned-Dataset/Webshell/af4e6424ea403d2edb49988fac1a4091.php,webshell
1,0,1,1,0,0,0,0,1,0,0,0,2,2,0,0,0,0,0,0,0,439,3728,./Cleaned-Dataset/Webshell/af688da1dcb25be15a31b946c154f284.php,webshell
11,0,4,5,0,2,0,4,0,0,0,0,0,0,5,0,0,8,0,0,0,862,3763,./Cleaned-Dataset/Webshell/af6b59d8f7ed0e56d8df1fcb5261a90a.php,webshell
7,0,3,3,2,2,1,0,1,0,0,0,8,368,0,11,0,3,0,0,0,2917,9144,./Cleaned-Dataset/Webshell/af71bce4b23e964e62b0fb50d5c750fa.php,webshell
0,0,0,0,0,0,0,0,0,0,0,0,0,0,1,0,0,0,0,0,0,3,6,./Cleaned-Dataset/Webshell/af7791a75456c8712d6ae30188367527.php,webshell
5,0,2,4,2,2,1,0,2,0,0,0,0,252,0,42,2,1,0,0,0,1627,6605,./Cleaned-Dataset/Webshell/afb7c053aae0a2ab367ed65b620865db.php,webshell
0,0,0,0,0,0,0,0,3,0,0,0,251,258,0,24,1,0,0,0,0,5448,31570,./Cleaned-Dataset/Webshell/afdb5017cbdc67d0494d1ef31281655d.php,webshell
0,0,0,0,0,0,0,0,0,0,0,0,0,0,0,1,0,0,0,0,0,1,39,./Cleaned-Dataset/Webshell/aff8c86b39b898a1a59443165eddee05.php,webshell
0,0,0,0,0,0,0,0,0,0,0,0,0,0,0,0,0,0,0,0,0,3,16,./Cleaned-Dataset/Webshell/affe0407e5225392717428baca09a705.php,webshell
0,0,0,0,0,0,0,0,0,0,0,0,0,0,0,0,0,0,0,0,0,19,350,./Cleaned-Dataset/Webshell/b012fb0bca944cbc9e8fa55e3b4e7ce4.php,webshell
9,0,0,6,0,15,0,0,7,0,0,0,111,88,0,0,42,12,0,0,0,1366,6958,./Cleaned-Dataset/Webshell/b01761260bcc31e97d480d850192e61a.php,webshell
0,0,1,1,1,0,0,0,0,0,0,0,2,6,0,0,0,1,0,0,0,740,2216,./Cleaned-Dataset/Webshell/b01772c349603548e771615cacc3cd51.php,webshell
0,0,0,0,0,0,0,0,0,0,0,2,0,0,0,0,0,0,0,0,0,7077,23,./Cleaned-Dataset/Webshell/b033a3747e8e64202ae947fb6a7a2e4e.php,webshell
0,0,5,5,5,8,0,0,0,0,0,0,3,7,0,0,3,0,0,1,0,278,1372,./Cleaned-Dataset/Webshell/b035f93ad4f9e9aa66a04efbb3c51395.php,webshell
7,0,2,5,2,2,1,0,4,1,0,0,118,198,0,8,13,0,0,0,0,2399,8025,./Cleaned-Dataset/Webshell/b043baf50f2fe3187b2aff8ba82d1422.php,webshell
0,0,0,0,0,0,0,0,0,0,0,0,0,0,0,0,0,0,0,0,0,18,347,./Cleaned-Dataset/Webshell/b05ccfd9eeefb72098368aae2ee8c485.php,webshell
3,0,4,8,2,3,0,0,0,0,0,0,3,42,0,0,0,1,0,0,0,1193,2129,./Cleaned-Dataset/Webshell/b0639454f6941aa88ef2e128622909c5.php,webshell
12,0,3,4,2,2,1,0,0,0,0,0,1,146,2,0,3,4,0,0,0,960,4041,./Cleaned-Dataset/Webshell/b0dda48317d1b5be8aa9cb71188aa1b2.php,webshell
0,0,0,0,0,0,0,0,0,0,0,0,0,0,0,0,0,0,0,0,0,16,495,./Cleaned-Dataset/Webshell/b0df75154f7ecd6a3b662ce1756efe6a.php,webshell
4,3,2,2,0,2,1,0,0,0,0,0,0,8,0,0,0,8,0,8,0,72,483,./Cleaned-Dataset/Webshell/b0e842bdf83396c3ef8c71ff94e64167.php,webshell
0,1,0,0,0,0,0,0,0,0,0,0,0,0,1,0,0,0,0,0,0,4,15,./Cleaned-Dataset/Webshell/b0eceb777d10a97d10e4bfe2a3690b6d.php,webshell
0,0,0,0,0,0,0,0,0,0,0,0,1,0,0,0,0,0,0,0,0,3,6,./Cleaned-Dataset/Webshell/b0ef8bb0a33677a3e0a0af7463b0e85d.php,webshell
1,0,0,0,0,0,0,0,0,0,0,0,0,6,17,0,0,0,0,0,0,28,281,./Cleaned-Dataset/Webshell/b1019935245ab3b5b265ec8196b4317d.php,webshell
1,0,0,0,0,0,0,0,1,0,0,0,0,0,0,0,0,0,0,0,0,9,26,./Cleaned-Dataset/Webshell/b1021acb44f44036750f9d316cec6026.php,webshell
8,0,3,3,2,2,1,0,4,0,0,0,8,369,0,11,0,3,0,0,0,2904,9067,./Cleaned-Dataset/Webshell/b10422d6dd5dc3da91c2a1724e59beee.php,webshell
1,0,0,0,0,0,0,0,0,0,0,0,0,1,0,1,0,1,0,0,0,441,2474,./Cleaned-Dataset/Webshell/b108e75a62884acc621671837d6d44b7.php,webshell
5,0,0,36,0,2,0,0,5,0,0,0,55,108,0,0,46,0,0,0,0,1371,5840,./Cleaned-Dataset/Webshell/b11644434c19cc1197ede04319f52ff3.php,webshell
0,0,0,0,0,0,0,0,0,0,0,0,0,0,0,0,7,0,0,0,0,41,92,./Cleaned-Dataset/Webshell/b125b0973f43216f4181edd22243325b.php,webshell
0,1,0,0,0,0,0,0,0,0,0,0,0,0,3,0,0,0,0,0,0,4,25,./Cleaned-Dataset/Webshell/b149a42aef9dcb8835e7b38c9edeef65.php,webshell
2,0,2,2,2,2,1,0,0,0,0,0,0,35,0,0,2,0,0,0,0,432,1485,./Cleaned-Dataset/Webshell/b15583f4eaad10a25ef53ab451a4a26d.php,webshell
1,0,0,0,0,0,0,0,0,0,0,0,0,0,0,0,0,0,0,0,0,1,6,./Cleaned-Dataset/Webshell/b161642e4a6048b7d13ddfb560cb6bae.php,webshell
1,0,0,0,0,0,0,0,0,0,0,0,0,0,0,0,0,0,0,0,0,1,10,./Cleaned-Dataset/Webshell/b161f7c092bd381f8b4e1750ecd5627c.php,webshell
2,0,0,0,0,0,0,0,0,0,0,0,0,0,0,0,0,0,0,0,0,4,146,./Cleaned-Dataset/Webshell/b1877d0f4a76ec295c480aa66da062fe.php,webshell
1,0,0,0,0,0,0,0,1,0,1,0,0,0,0,0,0,0,0,0,0,2,7,./Cleaned-Dataset/Webshell/b1911399b61a6afc4b23514eb3cc1453.php,webshell
0,0,1,1,1,0,0,0,0,0,0,0,2,6,0,0,0,1,0,0,0,741,2216,./Cleaned-Dataset/Webshell/b1a9caac2b07a0ea4c6d5668d306dc56.php,webshell
1,0,0,0,0,0,0,0,1,1,0,0,0,0,0,0,0,0,0,0,0,11,42,./Cleaned-Dataset/Webshell/b1b09bd570dbbb51ff91164c9617b64c.php,webshell
7,0,6,9,6,0,0,0,4,0,1,0,245,245,0,13,3,0,0,0,0,3442,9601,./Cleaned-Dataset/Webshell/b1db711acddcb98238ce62ac828bcf5f.php,webshell
0,0,0,0,0,0,0,0,0,0,0,0,1,0,0,0,0,0,0,0,0,0,4,./Cleaned-Dataset/Webshell/b2041d62f1cae5ae4d6e66db283c61ee.php,webshell
0,0,0,0,0,0,0,0,1,0,0,0,7,30,0,0,3,0,0,0,0,238,738,./Cleaned-Dataset/Webshell/b21a404710858576e4e674c7847d014a.php,webshell
0,0,0,0,0,0,0,0,0,0,0,0,0,1,0,0,2,0,0,0,0,12,32,./Cleaned-Dataset/Webshell/b2218e2189a210da081b495850a908a7.php,webshell
1,0,0,0,0,0,0,0,1,0,0,0,0,4,0,0,0,0,0,0,0,16,80,./Cleaned-Dataset/Webshell/b2376ba13365d342bda78a39b4d39d0d.php,webshell
1,0,0,0,0,0,0,0,0,0,0,0,0,1,0,1,0,0,0,0,0,439,2469,./Cleaned-Dataset/Webshell/b23a01bcbcbed14aed8393eee1aecd84.php,webshell
1,0,0,0,0,0,0,0,0,0,0,0,2,31,0,3,0,0,0,0,0,318,2159,./Cleaned-Dataset/Webshell/b2453a325dfb133ff9ce5a351b054981.php,webshell
0,0,6,5,5,5,5,0,0,0,0,0,14,16,0,2,2,0,0,0,0,545,1423,./Cleaned-Dataset/Webshell/b24f98b21bb081372b6e14ffb309d1cd.php,webshell
1,0,0,6,0,0,0,0,1,0,0,0,43,38,0,0,2,2,0,1,0,722,2855,./Cleaned-Dataset/Webshell/b2655a9ec99d0c465c3f57c659abb47e.php,webshell
0,0,0,2,0,0,0,0,6,0,0,0,7,52,7,0,2,0,0,1,0,2252,4894,./Cleaned-Dataset/Webshell/b268e6fa3bf3fe496cffb4ea574ec4c7.php,webshell
0,0,0,0,0,0,0,0,0,0,0,0,0,0,0,0,0,0,0,0,0,2,15,./Cleaned-Dataset/Webshell/b2831844bddf3a0ca87d6cbbaf06ceef.php,webshell
0,0,2,20,0,0,0,0,0,0,0,0,0,21,0,0,0,2,0,0,0,1727,9757,./Cleaned-Dataset/Webshell/b292d513ce696804cce661e25ddc0240.php,webshell
1,0,0,0,0,0,0,0,0,0,0,0,0,0,0,0,0,0,0,0,0,2,98,./Cleaned-Dataset/Webshell/b2c54b11e807c24e0a2b66018e9fec3a.php,webshell
0,0,0,0,0,0,0,0,0,0,0,0,0,0,0,0,2,0,0,0,0,622,2380,./Cleaned-Dataset/Webshell/b2d308392960e68ca0f3e779535559ff.php,webshell
5,0,3,4,2,2,1,0,2,0,0,0,0,251,0,42,2,1,0,0,0,1649,6600,./Cleaned-Dataset/Webshell/b2e2d200c7c8fccdd711213428f3c932.php,webshell
3,0,8,12,3,3,1,1,2,0,0,0,4,3,269,5,5,4,0,0,0,2448,9531,./Cleaned-Dataset/Webshell/b2e693396e9427f65aa86ab475ecfdd4.php,webshell
0,0,5,8,0,0,0,0,0,0,0,0,0,0,0,0,0,1,0,0,0,174,913,./Cleaned-Dataset/Webshell/b2ec51348e95171625882cb754c599b2.php,webshell
0,0,1,0,0,0,0,0,0,0,0,0,2,8,0,7,0,0,0,0,0,87,247,./Cleaned-Dataset/Webshell/b30100cc296da8afd1b8c3f25f60b8f0.php,webshell
14,0,4,2,2,2,1,0,6,0,0,0,1,155,0,0,2,0,0,0,0,1540,5559,./Cleaned-Dataset/Webshell/b307609886afff38d1864d90ff97db57.php,webshell
0,0,0,0,0,0,0,0,0,0,0,0,0,0,0,0,0,0,0,0,0,22,169,./Cleaned-Dataset/Webshell/b309149a6f5a441b3b9527a6bc6bf097.php,webshell
0,0,1,0,0,0,0,0,0,0,0,0,0,0,0,0,0,0,0,0,0,865,2237,./Cleaned-Dataset/Webshell/b32d1730d23a660fd6aa8e60c3dc549f.php,webshell
0,0,0,0,0,0,0,0,1,0,0,0,0,0,0,0,0,0,0,0,0,35,166,./Cleaned-Dataset/Webshell/b32fe932f95a537d081001c779e7bd42.php,webshell
11,0,6,3,0,3,1,0,7,0,0,0,3,3,7,2,0,2,0,0,0,4093,14302,./Cleaned-Dataset/Webshell/b33bf239b9113a5a54a20e690a25b06e.php,webshell
0,1,0,0,0,0,0,0,0,0,0,0,0,1,0,0,0,0,0,0,0,1,6,./Cleaned-Dataset/Webshell/b340a6eeaef55bc435f5ea556625ceba.php,webshell
11,0,5,7,2,5,4,0,8,0,0,0,3,43,12,2,0,2,0,0,0,3466,13968,./Cleaned-Dataset/Webshell/b36079fceb4a361510ef3acbab1506c0.php,webshell
5,0,3,4,2,2,1,0,2,0,0,0,0,246,0,0,2,2,0,0,0,1663,6641,./Cleaned-Dataset/Webshell/b39274a4585e5c91fcdcb112b3141a3f.php,webshell
0,0,0,0,5,0,0,0,0,0,0,0,0,20,1,0,0,0,0,0,0,179,847,./Cleaned-Dataset/Webshell/b3b0c0d3691166e04f1ed393aa4f9b18.php,webshell
13,0,2,2,2,2,2,2,7,5,0,0,3,3,0,35,4,0,0,0,0,2498,12033,./Cleaned-Dataset/Webshell/b3b525b07f295381c2752859dc827877.php,webshell
5,0,3,4,2,2,1,0,2,0,0,0,0,252,0,42,2,1,0,0,0,968,6605,./Cleaned-Dataset/Webshell/b3b5d500cffdccf3508d9a84d7a0b075.php,webshell
1,0,0,0,0,0,0,0,1,0,1,0,0,0,0,0,0,0,0,0,0,2,7,./Cleaned-Dataset/Webshell/b3caa29a58349cf5761c19f72fdb8d19.php,webshell
0,0,0,0,0,0,0,0,0,0,0,0,0,0,0,0,0,0,0,0,0,19,350,./Cleaned-Dataset/Webshell/b3d763cfcb9fb502ea7edc0e5886f9a2.php,webshell
3,0,7,9,6,6,6,6,3,1,0,0,19,99,0,2,2,0,0,0,0,852,2714,./Cleaned-Dataset/Webshell/b3e56ece0c5363830715fe3dd5a345d2.php,webshell
1,0,0,0,0,0,0,0,1,0,0,0,0,0,0,0,0,0,0,0,1,749,8803,./Cleaned-Dataset/Webshell/b3ee7ea209d2ff0d920dfb870bad8ce5.php,webshell
0,0,4,2,2,2,1,0,0,0,0,0,1,27,0,0,0,0,0,0,0,476,2092,./Cleaned-Dataset/Webshell/b406321e009a660ebb2054c1892132cf.php,webshell
5,0,3,4,2,2,1,0,6,0,0,0,0,287,0,55,3,2,0,0,0,1963,7779,./Cleaned-Dataset/Webshell/b41afc16863e84c43c1e03230b84f970.php,webshell
1,0,0,0,0,0,0,0,1,0,0,0,0,0,0,0,0,0,0,0,0,14,88,./Cleaned-Dataset/Webshell/b43366c43481d79dd9852571882d7287.php,webshell
0,0,0,0,0,0,0,0,0,0,0,0,0,0,0,0,0,0,0,0,0,26,138,./Cleaned-Dataset/Webshell/b444222953be224551f4f8cf5cd7de9f.php,webshell
0,0,0,0,0,0,0,0,1,0,0,0,0,0,0,0,0,0,0,0,0,21,227,./Cleaned-Dataset/Webshell/b444cd5f874dce4e437eb99f521771b7.php,webshell
1,0,0,0,0,0,0,0,0,0,0,0,0,0,0,0,0,0,0,0,0,3,7,./Cleaned-Dataset/Webshell/b4950f5885c7f633b2e6aeceafb9bdbb.php,webshell
2,0,0,0,0,0,0,0,0,0,0,0,0,2,0,0,0,0,0,0,0,5,34,./Cleaned-Dataset/Webshell/b49814c11c9a1064cab5fb0be1208cbb.php,webshell
11,0,9,0,0,0,0,0,3,0,0,0,0,0,0,0,0,0,0,0,0,2124,7213,./Cleaned-Dataset/Webshell/b4a09911a5b23e00b55abe546ded691c.php,webshell
0,0,1,1,1,0,0,0,0,0,0,0,2,6,0,0,0,0,0,0,0,741,2213,./Cleaned-Dataset/Webshell/b4ae082c0065fec967fec0998f95eb82.php,webshell
13,0,8,4,4,4,4,0,9,0,0,0,3,3,4,2,2,2,0,0,0,4072,13996,./Cleaned-Dataset/Webshell/b4b7e32a6a09f251aeeeed69bd96203c.php,webshell
0,0,0,0,0,0,0,0,0,0,0,1,0,0,0,0,0,0,0,0,0,4,36,./Cleaned-Dataset/Webshell/b4df62cead4345f7b288a1f77ee40007.php,webshell
1,0,0,0,0,0,0,0,1,0,1,0,0,0,0,0,0,0,0,0,0,4,12,./Cleaned-Dataset/Webshell/b4f555c7128eb94e65913ee59b3e0ee2.php,webshell
0,0,0,0,1,0,0,0,0,0,0,0,7,9,0,0,2,0,0,0,0,288,621,./Cleaned-Dataset/Webshell/b50892cc24911fdd8df9b0571472d526.php,webshell
3,0,2,2,2,2,2,3,8,7,5,6,124,51,53,2,2,5,0,1,0,1549,6245,./Cleaned-Dataset/Webshell/b51b6ec3d0374a40ecb708041bce3853.php,webshell
0,0,0,0,1,0,0,0,0,0,0,0,0,3,0,0,0,0,0,0,0,27,51,./Cleaned-Dataset/Webshell/b51c8cf74f9c4d85e789f39a9f932761.php,webshell
0,0,0,0,0,0,0,0,1,0,0,0,0,0,0,1,0,0,0,0,0,1177,44,./Cleaned-Dataset/Webshell/b51e130c262bd63148b2f0db670b88d5.php,webshell
1,0,0,0,0,0,0,0,0,0,0,0,0,0,0,0,0,0,0,0,0,74,64,./Cleaned-Dataset/Webshell/b51fb40b08e72b986a8f32975c7ab485.php,webshell
0,0,1,0,0,0,0,0,0,0,0,0,0,0,16,0,0,0,0,0,0,283,2039,./Cleaned-Dataset/Webshell/b52a44cf62edc04a7ebfa3c14bf4c08d.php,webshell
0,0,1,0,0,0,0,0,0,0,0,0,0,0,2,0,0,0,0,0,0,4,25,./Cleaned-Dataset/Webshell/b547f543b8e7d02b51f756113747f887.php,webshell
0,0,0,2,0,0,0,0,6,0,0,0,7,52,7,0,2,0,0,1,0,1566,4494,./Cleaned-Dataset/Webshell/b5714e1558579109dbb24684a1fc6757.php,webshell
0,0,1,1,0,0,0,0,0,0,0,0,0,0,0,0,0,0,0,0,0,33,329,./Cleaned-Dataset/Webshell/b5978501c7112584532b4ca6fb77cba5.php,webshell
0,0,0,0,0,0,0,0,2,0,0,0,0,0,0,0,0,0,0,0,0,25,185,./Cleaned-Dataset/Webshell/b5a4a7213ed5d1b22f4eb1e2edc29373.php,webshell
1,0,0,0,0,0,0,0,0,0,0,0,0,0,0,0,0,0,0,0,0,1,10,./Cleaned-Dataset/Webshell/b5abc5002dea1a4e611f26553d87149d.php,webshell
0,0,1,0,0,0,0,0,0,0,0,0,0,2,0,0,0,0,0,0,0,25,83,./Cleaned-Dataset/Webshell/b5afeb6cbf5757b5e2a1b4609bf24d3a.php,webshell
0,0,0,0,0,0,0,0,0,0,0,0,0,1,0,0,0,0,0,0,0,8,8,./Cleaned-Dataset/Webshell/b5ca1c0418e1a36f97162a462d16b5d8.php,webshell
12,0,13,12,4,10,6,0,11,0,0,0,15,48,7,2,0,2,0,0,0,4253,15047,./Cleaned-Dataset/Webshell/b5e7e2d41f431d2e958e294f12500e2a.php,webshell
0,0,0,0,0,0,0,0,0,0,0,0,2,0,0,0,0,0,0,0,0,10,65,./Cleaned-Dataset/Webshell/b5eb88fae42b3a3cb245e1ca188d804c.php,webshell
1,0,0,0,0,0,0,0,1,1,0,0,0,0,0,0,0,0,0,0,0,4,13,./Cleaned-Dataset/Webshell/b5f467611b64482c09b106dbb1330833.php,webshell
0,0,0,0,0,0,0,0,1,0,0,0,0,0,0,0,0,0,0,0,0,12,19,./Cleaned-Dataset/Webshell/b601c78ab3e86abff1f571dd7e1d369b.php,webshell
1,0,1,9,0,0,0,0,9,0,0,0,252,354,0,16,5,0,0,0,0,5955,32474,./Cleaned-Dataset/Webshell/b603910c033f318b359bcfaa46683bb2.php,webshell
0,0,0,0,0,0,0,0,0,0,0,0,0,0,0,0,0,0,0,0,0,19,350,./Cleaned-Dataset/Webshell/b60d3d762c35f5dd429dd6a1daf1496f.php,webshell
0,1,0,0,0,0,0,0,0,0,0,0,0,1,0,0,0,0,0,0,0,0,6,./Cleaned-Dataset/Webshell/b60e492eab5af5bb2ff539dda4bca56a.php,webshell
0,0,0,0,0,0,0,0,1,0,0,0,0,0,0,1,0,0,0,0,0,1188,44,./Cleaned-Dataset/Webshell/b614e7c43a5762efd5cda250cc653316.php,webshell
0,0,2,20,0,0,0,0,0,0,0,0,0,21,0,0,0,2,0,0,0,1727,9757,./Cleaned-Dataset/Webshell/b6298adf0e54fbf293ee15abfa5dde20.php,webshell
1,0,0,0,0,0,0,0,0,0,0,0,0,1,0,1,0,0,0,0,0,403,2289,./Cleaned-Dataset/Webshell/b62d64ef981e766e497ebcc4308967e0.php,webshell
9,0,5,2,2,2,1,0,10,0,0,0,1,1,7,2,0,3,0,0,0,3883,13031,./Cleaned-Dataset/Webshell/b65618cf01350d53bc5f1d70aa21b391.php,webshell
7,0,0,0,0,0,0,0,0,0,0,0,0,0,0,0,1,0,0,0,0,269,1876,./Cleaned-Dataset/Webshell/b65c5febcf0112bf78615cc92d93bd8d.php,webshell
0,0,2,5,0,0,0,0,1,0,0,0,14,4,22,0,0,0,0,0,0,749,2908,./Cleaned-Dataset/Webshell/b6807ecff81913868516321cfce7f701.php,webshell
0,0,0,0,0,0,0,0,0,0,0,0,0,0,0,0,0,0,0,0,0,135,151,./Cleaned-Dataset/Webshell/b68b90ff6012a103e57d141ed38a7ee9.php,webshell
1,0,6,5,5,5,5,0,0,0,0,0,17,21,0,2,2,0,0,0,0,985,3354,./Cleaned-Dataset/Webshell/b68bfafc6059fd26732fa07fb6f7f640.php,webshell
1,0,0,0,0,0,0,0,0,0,0,0,1,1,0,0,0,0,0,0,0,3,20,./Cleaned-Dataset/Webshell/b6d14e24dba3115af16c52efc7fa4cb5.php,webshell
1,0,0,0,0,0,0,0,1,0,1,0,0,0,0,0,0,0,0,0,0,5,14,./Cleaned-Dataset/Webshell/b6d6d308a0d19b0530ffc9c363b7c885.php,webshell
0,0,0,0,0,0,0,0,97,0,0,0,9,0,0,0,0,0,0,0,0,602,2127,./Cleaned-Dataset/Webshell/b6d89dbb667dc18928e24154139b5f9e.php,webshell
2,0,0,0,0,0,0,0,4,0,0,0,0,0,3,0,0,1,0,0,0,38,247,./Cleaned-Dataset/Webshell/b6d94e0bfbc8c875deaad50f9a5ed75a.php,webshell
1,0,0,0,0,0,0,0,1,0,0,0,0,0,0,0,0,1,1,0,2,16,81,./Cleaned-Dataset/Webshell/b6dbb567b01728eccdc849b1bc7d4a1a.php,webshell
0,0,0,0,0,0,0,0,0,0,0,0,0,0,0,0,0,0,0,0,0,36,12,./Cleaned-Dataset/Webshell/b6f468252407efc2318639da22b08af0.php,webshell
0,0,0,0,0,0,0,0,0,0,0,0,0,0,1,0,0,0,0,0,0,2,8,./Cleaned-Dataset/Webshell/b71c28b541c8e119ca28e3cd6b0e6a4a.php,webshell
0,0,0,0,0,0,0,0,0,0,0,0,0,0,0,0,0,0,0,0,0,22,50,./Cleaned-Dataset/Webshell/b72a26901c9d3ba68ad56540836ad280.php,webshell
1,0,0,0,0,0,0,0,2,2,0,1,0,0,0,0,0,0,0,0,0,1,18,./Cleaned-Dataset/Webshell/b74d36a3966be45fa62b32df7869a523.php,webshell
0,0,0,0,0,0,0,0,0,0,0,0,1,1,0,0,6,0,0,0,0,27,87,./Cleaned-Dataset/Webshell/b75f48b1db017baee55f2c2b6f8a25a3.php,webshell
1,0,0,0,0,0,0,0,0,0,0,0,0,0,28,0,0,0,0,0,0,189,982,./Cleaned-Dataset/Webshell/b7800364374077ce8864796240162ad5.php,webshell
11,0,6,3,0,3,1,0,7,0,0,0,7,3,7,2,0,2,0,0,0,4152,14588,./Cleaned-Dataset/Webshell/b7a1b1e578e5d4f4e0f3c89358b7df6f.php,webshell
0,0,0,0,0,0,0,0,0,0,0,0,0,0,0,0,0,0,0,0,0,16,95,./Cleaned-Dataset/Webshell/b7a29ab2e5af9824ac03c53dba86ad8c.php,webshell
1,0,0,0,0,0,0,0,0,0,0,0,0,1,0,0,0,0,0,0,0,13,28,./Cleaned-Dataset/Webshell/b7a50900271784b300f05c37436bf327.php,webshell
7,0,6,9,6,0,0,0,4,0,1,0,245,245,0,13,3,0,0,0,0,3457,9627,./Cleaned-Dataset/Webshell/b7a820f0f1783ec68c9251535f66c0f2.php,webshell
1,0,2,6,2,2,0,0,0,0,0,0,0,24,0,0,0,0,0,0,0,311,1168,./Cleaned-Dataset/Webshell/b7b45e86a86e395abcefb6efee87a8df.php,webshell
0,0,0,0,0,0,0,0,0,0,0,0,0,0,0,0,0,0,0,0,0,13,21,./Cleaned-Dataset/Webshell/b7b826e078561e20934aebe86e169b1e.php,webshell
0,1,0,0,0,0,0,0,0,0,0,0,0,0,1,0,0,0,0,0,0,1,15,./Cleaned-Dataset/Webshell/b7d91fa0e48ee43ec40d6bc194425c15.php,webshell
11,0,13,12,4,10,6,0,10,0,0,0,15,48,7,2,0,2,0,0,0,4251,15047,./Cleaned-Dataset/Webshell/b7ef3dd2b8e372202a44fce1c5b92047.php,webshell
0,0,0,0,0,0,0,0,0,0,0,0,0,0,0,0,0,0,0,0,0,3,17,./Cleaned-Dataset/Webshell/b7efb1067776615f2c43734b5a51bff7.php,webshell
1,0,0,0,0,0,0,0,1,0,0,0,0,0,0,0,0,0,0,0,0,0,5,./Cleaned-Dataset/Webshell/b805582cd89a923e40bdaa4f6df56682.php,webshell
0,0,3,5,3,3,3,4,4,0,0,0,0,50,0,1,0,0,0,0,0,296,1316,./Cleaned-Dataset/Webshell/b815e81fe5dd854e9063d971daf0b445.php,webshell
0,0,0,0,0,0,0,0,0,0,0,0,0,0,0,0,0,0,0,0,0,17,498,./Cleaned-Dataset/Webshell/b8279b6469dc3035ca95429728652780.php,webshell
1,0,0,6,0,0,0,0,1,0,0,0,43,38,0,0,2,2,0,1,0,722,2852,./Cleaned-Dataset/Webshell/b82c81c2daf96e4ebe1f62b8c5c46854.php,webshell
13,0,7,4,4,4,4,0,9,0,0,0,3,3,4,2,2,2,0,0,0,4072,13996,./Cleaned-Dataset/Webshell/b83c11074a92454203d2bde521c0cbd7.php,webshell
1,0,0,0,0,0,0,0,0,0,0,0,0,1,0,0,0,0,0,0,0,17,87,./Cleaned-Dataset/Webshell/b83d76e4d24249f1adda5502a2799b21.php,webshell
2,0,8,8,0,0,0,0,1,0,0,0,142,110,0,3,3,0,0,0,0,886,3591,./Cleaned-Dataset/Webshell/b84b54df38c541003fcbf7361ce5000b.php,webshell
1,0,0,0,0,0,0,0,1,0,1,0,0,0,0,0,0,0,0,0,0,2,9,./Cleaned-Dataset/Webshell/b84b706524c2b101ecc73f790c52f114.php,webshell
0,0,0,0,0,0,0,0,0,0,0,0,0,3,0,0,0,0,0,0,0,3,11,./Cleaned-Dataset/Webshell/b84cc964e04b48bf3b90357534440603.php,webshell
0,0,4,0,0,0,0,0,0,0,0,0,0,2,0,0,0,0,0,0,0,27,105,./Cleaned-Dataset/Webshell/b860aa3459439b6f1f0deafbe8336aab.php,webshell
0,0,0,0,0,0,0,0,1,0,0,0,2,0,0,0,0,0,0,0,0,71,61,./Cleaned-Dataset/Webshell/b86597b1a452abfc20130a07d4e2815f.php,webshell
0,0,0,0,0,0,0,0,0,0,0,0,0,1,0,0,0,0,0,0,0,15,11,./Cleaned-Dataset/Webshell/b872d1dea872b6f6261408fdfe535611.php,webshell
5,0,3,4,2,2,1,0,2,0,0,0,0,251,0,42,2,1,0,0,0,1649,6600,./Cleaned-Dataset/Webshell/b87b3c6cc78d0f0d6eb2e9e73af825e0.php,webshell
0,0,0,0,0,0,0,0,0,0,0,0,0,0,0,0,0,1,0,0,0,1,1,./Cleaned-Dataset/Webshell/b88c42651a2c1e37b78ce008e4318c71.php,webshell
10,0,0,0,0,0,0,0,0,0,0,0,0,42,0,0,2,0,0,0,0,430,1805,./Cleaned-Dataset/Webshell/b8983d3388ba2d4f73e3113ad15b3a14.php,webshell
0,0,0,0,0,0,0,0,0,0,0,0,0,5,0,0,0,0,0,0,0,18,63,./Cleaned-Dataset/Webshell/b8ab22183123bb35a5ac47587eeba398.php,webshell
3,0,4,8,2,3,0,0,0,0,0,0,3,42,0,0,0,1,0,0,0,1075,1970,./Cleaned-Dataset/Webshell/b8ab26c13d95f31e9d833061c93c51d1.php,webshell
0,0,0,0,0,0,0,0,0,0,0,0,0,0,0,0,0,0,0,0,0,4,9,./Cleaned-Dataset/Webshell/b8b7531f4cc718270bcc473c9e0ce2fc.php,webshell
0,0,0,0,0,0,0,0,0,0,0,0,0,0,0,6,0,0,0,0,0,26,233,./Cleaned-Dataset/Webshell/b8cce2742067ed71b77b5c3e72f3ac12.php,webshell
0,0,0,0,0,0,0,0,0,0,0,0,0,0,0,0,0,0,0,0,0,33,277,./Cleaned-Dataset/Webshell/b8cd2010ffb2c40cd297efac074b924a.php,webshell
1,0,0,0,0,0,0,0,1,1,0,0,1,5,0,2,0,0,0,1,0,121,438,./Cleaned-Dataset/Webshell/b8d3f0f9ad8b1083f24072f8cfe13e04.php,webshell
1,0,0,0,0,0,0,0,0,0,0,0,0,0,0,0,0,0,0,0,0,1,10,./Cleaned-Dataset/Webshell/b8df28fb69b37a48599d2ca010e24180.php,webshell
0,0,0,0,0,0,0,0,0,0,0,0,0,1,0,0,0,0,0,0,0,6,9,./Cleaned-Dataset/Webshell/b90c90c85160ac633118b6b020a312be.php,webshell
0,0,3,3,0,0,1,0,0,0,0,0,10,26,0,0,2,0,0,0,0,397,1250,./Cleaned-Dataset/Webshell/b91e7b4774f42d5bdcd30c6d3923f083.php,webshell
5,0,0,0,0,0,0,0,0,0,0,0,3,1,0,2,0,0,0,1,0,458,2096,./Cleaned-Dataset/Webshell/b9721f04c3c57428a4a2a2e15444d1ca.php,webshell
1,0,0,0,0,0,0,0,1,0,0,0,0,0,0,0,0,0,0,0,0,1,8,./Cleaned-Dataset/Webshell/b97bc28bcddee819b48bb7e605b70bd6.php,webshell
0,0,0,0,0,0,0,0,0,0,0,0,0,0,0,0,0,0,4,0,0,23,251,./Cleaned-Dataset/Webshell/b9a6bf66ee2603f73fd7a918733ca93f.php,webshell
0,0,0,0,0,0,0,0,0,0,0,0,0,0,0,0,0,0,0,0,0,11,4,./Cleaned-Dataset/Webshell/b9a9aab319964351b46bd5fc9d6246a8.php,webshell
0,0,0,0,0,0,0,0,0,0,0,0,0,0,1,0,0,0,0,0,0,2,9,./Cleaned-Dataset/Webshell/b9b3bdce44cb9b13c853fd9bdaedfa88.php,webshell
7,0,2,5,2,2,1,0,5,1,0,0,118,198,0,8,13,0,0,0,0,2399,8022,./Cleaned-Dataset/Webshell/b9bb34af1a5ca212a693c756fd52c50a.php,webshell
0,0,0,0,0,0,0,0,0,0,0,0,0,1,1,0,0,0,0,0,0,2,17,./Cleaned-Dataset/Webshell/b9e5150ec4c677c34412e9a35132fae1.php,webshell
2,0,0,0,0,0,0,0,1,0,0,0,2,16,0,0,2,0,0,0,0,180,581,./Cleaned-Dataset/Webshell/b9f2d02afde945b9949836034e723d5d.php,webshell
0,0,0,0,0,0,0,0,0,0,0,0,0,0,0,0,0,0,0,0,0,20,507,./Cleaned-Dataset/Webshell/b9f50eef3a7f26acd8d03859113da103.php,webshell
0,0,1,0,0,0,0,0,0,0,0,0,0,8,0,0,0,4,0,0,0,239,315,./Cleaned-Dataset/Webshell/ba06ec3bb4b58b439a0b94b1fc1dde9e.php,webshell
0,0,0,0,0,0,0,0,0,0,0,0,0,6,0,0,0,0,0,0,0,60,138,./Cleaned-Dataset/Webshell/ba120abac165a5a30044428fac1970d8.php,webshell
0,0,5,4,0,0,0,0,0,0,0,0,0,0,0,0,0,0,0,0,0,105,577,./Cleaned-Dataset/Webshell/ba26e6f96a814f4ee2bcf5f8da45fd1d.php,webshell
6,0,0,0,0,0,0,0,11,0,7,0,0,0,0,0,0,0,0,0,0,23,150,./Cleaned-Dataset/Webshell/ba5404109e47770724a2f1f7819b7e26.php,webshell
0,1,0,0,0,0,0,0,0,0,0,0,0,0,1,0,0,0,0,0,0,2,20,./Cleaned-Dataset/Webshell/ba6f10d1cb6499ab2a2b90f67d9cfd38.php,webshell
0,0,0,0,0,0,0,0,1,0,1,0,0,0,0,0,0,0,0,0,0,1,7,./Cleaned-Dataset/Webshell/ba7473f3410cc51f4bb27fa5e0cdd106.php,webshell
1,0,0,0,0,0,0,0,1,0,0,0,0,0,0,0,0,0,0,0,0,1,8,./Cleaned-Dataset/Webshell/ba83ff979f69643c1524b6914810cb33.php,webshell
0,0,0,0,0,0,0,0,0,0,0,0,0,1,0,0,0,0,0,0,0,3,8,./Cleaned-Dataset/Webshell/baa4c6ecdad523c2dac2bb990a8c0bff.php,webshell
0,0,2,2,2,2,2,2,0,0,0,0,5,4,0,0,0,0,0,0,0,155,948,./Cleaned-Dataset/Webshell/bab69f265ae232bdaaf363a9330b3aef.php,webshell
3,0,7,29,3,3,3,3,2,0,0,0,4,3,328,5,5,6,0,0,0,1722,10101,./Cleaned-Dataset/Webshell/babf5f6518d218db6edd70260d2c55b7.php,webshell
0,0,0,0,0,0,0,0,0,0,0,0,0,0,0,0,0,0,0,0,0,257,1330,./Cleaned-Dataset/Webshell/babfa76d11943a22484b3837f105fada.php,webshell
0,0,0,0,0,0,0,0,0,0,0,0,0,0,0,0,0,0,0,2,0,3,50,./Cleaned-Dataset/Webshell/bae56ed6328446eb3c83f4fa376e3e3d.php,webshell
5,0,3,4,2,2,1,0,2,0,0,0,0,252,0,42,2,1,0,0,0,1661,6622,./Cleaned-Dataset/Webshell/baf195f4fbb6d2fc3c666a3dedf7b818.php,webshell
7,0,22,16,16,16,16,18,14,13,0,0,6,253,6,4,3,0,0,0,0,2112,8280,./Cleaned-Dataset/Webshell/baf5b872c98c18a9f7df16c538ccf676.php,webshell
0,0,0,0,0,0,0,0,0,0,0,0,0,0,0,0,0,0,0,0,0,18,347,./Cleaned-Dataset/Webshell/bb0649e9eb2ddfe7a938d5387c8dfbec.php,webshell
11,0,6,3,0,3,1,0,7,0,0,0,7,3,7,2,0,2,0,0,0,4162,14600,./Cleaned-Dataset/Webshell/bb0750b5f365c384286172a6f72dde84.php,webshell
0,0,0,0,0,0,0,0,0,0,0,0,0,0,0,0,0,0,0,0,0,16,341,./Cleaned-Dataset/Webshell/bb0dfdfecf9e7e3db59352ad908b0fb6.php,webshell
0,1,0,0,0,0,0,0,0,0,0,0,0,0,1,0,0,0,0,0,0,3,8,./Cleaned-Dataset/Webshell/bb0e88d6db9aac15cf96a72cdfb29e2c.php,webshell
1,0,0,0,0,0,0,0,1,1,0,2,0,4,0,0,0,0,0,0,0,74,61,./Cleaned-Dataset/Webshell/bb1d375c80c349772174008232e47bb4.php,webshell
0,0,3,22,0,0,0,0,0,0,0,0,0,21,0,0,0,3,0,0,0,1349,8163,./Cleaned-Dataset/Webshell/bb344103fb714e21ac0c3ef13d66dc8e.php,webshell
0,0,0,0,0,0,0,0,0,0,0,0,0,1,0,0,0,0,0,0,0,2,19,./Cleaned-Dataset/Webshell/bb411749031af5f3475530afd47a399b.php,webshell
0,0,0,0,0,0,0,0,0,0,0,0,1,2,1,0,0,0,0,0,0,7,34,./Cleaned-Dataset/Webshell/bb4988f82a6e4f851c2632f0d592e884.php,webshell
1,0,0,0,0,0,0,0,0,0,0,0,0,1,0,0,0,0,0,0,0,3,32,./Cleaned-Dataset/Webshell/bb59c3ad986161fdfe590364f35048b4.php,webshell
1,0,0,0,0,0,0,0,1,0,0,0,0,0,0,0,0,0,0,0,0,1,14,./Cleaned-Dataset/Webshell/bb5cae2b7e9b3ee81377116952956fd2.php,webshell
12,0,13,12,4,10,6,0,11,0,0,0,15,48,7,2,0,2,0,0,0,4253,15047,./Cleaned-Dataset/Webshell/bb729627a40336fa70128e6592481182.php,webshell
0,0,0,0,0,0,0,0,1,0,0,0,2,0,0,0,0,0,0,0,0,71,61,./Cleaned-Dataset/Webshell/bb9e1cc8aeed2646edb8eefd4b4abbd2.php,webshell
10,0,4,0,0,0,0,0,6,0,0,0,1,0,0,1,0,3,0,0,0,3132,9749,./Cleaned-Dataset/Webshell/bbaba04910d91fc14a53f01115cb652b.php,webshell
0,0,0,0,0,0,0,0,0,0,0,0,0,0,0,0,0,0,0,0,0,11,4,./Cleaned-Dataset/Webshell/bbefb73f01371d511b600a252fd835f9.php,webshell
0,0,0,0,0,0,0,0,2,0,0,0,0,2,0,0,0,0,0,0,0,3,24,./Cleaned-Dataset/Webshell/bbf59349e026d2a420615ed57cd2b9c1.php,webshell
12,0,6,3,0,3,1,0,8,0,0,0,7,3,7,2,0,2,0,0,0,4135,14402,./Cleaned-Dataset/Webshell/bbfcb63a533e1fe0113c51973af4df83.php,webshell
0,0,0,0,0,0,0,0,0,0,0,0,0,2,0,0,0,0,0,0,0,2,9,./Cleaned-Dataset/Webshell/bc07684776c7c8eaed2c51131906c87f.php,webshell
10,0,14,9,9,7,8,0,2,0,0,0,3,3,143,0,0,1,0,0,0,1158,4301,./Cleaned-Dataset/Webshell/bc0bfacdb74b5f8756cda6653a6c1fdc.php,webshell
0,0,2,2,2,0,0,0,0,0,0,0,5,1,0,1,0,0,0,0,0,58,483,./Cleaned-Dataset/Webshell/bc24f8e1e9f3a9161f3c8c3d8cbe75d7.php,webshell
0,0,0,0,0,0,0,0,0,0,0,0,0,0,0,0,0,0,0,0,0,17,344,./Cleaned-Dataset/Webshell/bc2b8e1987387ce66029fc1ff8b72e57.php,webshell
1,0,0,0,0,0,0,0,1,0,0,0,0,0,0,0,0,0,0,0,0,5,8,./Cleaned-Dataset/Webshell/bc3b6342e9ca6440bb26977ffd6ac3f2.php,webshell
0,0,0,0,0,0,0,0,0,0,0,0,0,0,0,0,0,0,0,0,0,325,1531,./Cleaned-Dataset/Webshell/bc46931d85ced1d1bcb76c6f79878760.php,webshell
1,0,0,2,0,0,0,0,0,0,0,0,0,0,0,0,0,0,0,0,0,226,1870,./Cleaned-Dataset/Webshell/bc486c2e00b5fc3e4e783557a2441e6f.php,webshell
5,0,9,11,6,6,6,6,3,2,0,0,28,128,0,2,2,0,0,0,0,1814,5849,./Cleaned-Dataset/Webshell/bc89a0c288b469eadcac68310649416b.php,webshell
1,0,0,0,0,0,0,0,0,0,0,0,2,0,0,0,0,0,0,0,0,28,83,./Cleaned-Dataset/Webshell/bc918a3383e69e831f1432d158e51b14.php,webshell
1,0,0,0,0,0,0,0,0,0,0,0,0,0,0,0,0,0,0,0,0,8,172,./Cleaned-Dataset/Webshell/bc98123153830ce8c9aeff67d9936e6e.php,webshell
0,0,4,7,8,4,4,0,5,0,0,0,0,37,7,0,0,2,0,0,0,617,2065,./Cleaned-Dataset/Webshell/bcb3f3d3881c2c9301bac8e32abe5e41.php,webshell
0,0,0,0,0,0,0,0,0,0,0,0,0,0,0,0,0,0,0,0,0,3,80,./Cleaned-Dataset/Webshell/bcbd0ec37e8bef31740fc0f9aaa82654.php,webshell
7,0,3,3,2,2,1,0,4,0,0,0,8,367,1,11,0,3,0,0,0,2907,8986,./Cleaned-Dataset/Webshell/bcd8219a1091b38ae6893683a63811ea.php,webshell
1,0,2,6,2,2,0,0,0,0,0,0,0,24,0,0,0,0,0,0,0,311,1168,./Cleaned-Dataset/Webshell/bd05310a77ff9aa72b6cc3289e99bbd7.php,webshell
0,0,1,0,0,0,0,0,0,0,0,0,0,0,0,0,0,0,0,0,0,144,158,./Cleaned-Dataset/Webshell/bd381a180aef9836d4ddfdbffd8b8c54.php,webshell
0,2,0,0,0,0,0,0,0,0,0,0,0,1,1,0,0,0,0,0,0,3,14,./Cleaned-Dataset/Webshell/bd3c1ef3bbcffae9f46031cb9dadc15b.php,webshell
0,0,0,0,0,0,0,0,6,0,0,0,0,0,0,0,0,0,0,0,0,1488,4869,./Cleaned-Dataset/Webshell/bd43df57cde81fec04d790c50bff1a52.php,webshell
0,2,0,0,0,0,0,0,0,0,0,0,0,0,0,0,0,0,0,0,0,0,82,./Cleaned-Dataset/Webshell/bd58c95d794da357cb4db24a8edd11ef.php,webshell
0,0,0,0,0,0,0,0,0,0,0,0,0,0,0,0,0,0,0,0,0,10,52,./Cleaned-Dataset/Webshell/bd83144a649c5cc21ac41b505a36a8f3.php,webshell
11,0,6,3,0,3,1,0,7,0,0,0,7,3,7,2,0,2,0,0,0,4138,14443,./Cleaned-Dataset/Webshell/bd907a3c521a834ca5a87940544c75b1.php,webshell
0,0,0,0,0,0,0,0,0,0,0,0,0,0,0,0,0,0,0,0,0,18,347,./Cleaned-Dataset/Webshell/bde2f81b3f3aa201ab972148c9c0a9ad.php,webshell
0,0,0,0,0,0,0,0,0,0,0,0,0,0,0,0,0,0,0,0,0,17,498,./Cleaned-Dataset/Webshell/bdfe019930cd00afbbfc147257d11f26.php,webshell
1,4,0,0,0,0,0,0,0,0,0,2,4,16,0,0,2,2,0,0,0,67,190,./Cleaned-Dataset/Webshell/be0033c2d7ad584c19f4a7c75b3977a4.php,webshell
0,0,0,0,0,0,0,0,0,0,0,0,0,0,0,0,0,0,0,0,0,13,88,./Cleaned-Dataset/Webshell/be07b0ee2f1e547a63fe0d7a30637e8b.php,webshell
8,0,4,3,3,2,2,2,2,0,0,0,37,598,0,23,0,3,0,0,0,5839,18077,./Cleaned-Dataset/Webshell/be14429bf1722346dbaf15e05139eae6.php,webshell
5,0,3,4,2,2,1,0,6,0,0,0,0,287,0,55,3,2,0,0,0,1876,7701,./Cleaned-Dataset/Webshell/be187495fb9896fb93947542b1dd27e6.php,webshell
0,0,0,0,0,0,0,0,0,0,0,0,0,0,0,0,0,0,0,0,0,15,143,./Cleaned-Dataset/Webshell/be46a02a564e0c9caf246801742f56a4.php,webshell
1,0,0,0,0,0,0,0,0,0,0,0,2,0,28,0,0,0,0,0,0,206,1061,./Cleaned-Dataset/Webshell/be4dde36e91159ba161c6c23554ac6dd.php,webshell
7,0,2,6,2,2,1,4,4,0,0,0,0,3,0,2,3,1,0,0,0,2099,8409,./Cleaned-Dataset/Webshell/be4fdb6f20cd3c596990c9252ecced6f.php,webshell
7,0,0,0,0,1,0,0,1,0,0,0,2,20,0,0,6,0,0,0,0,159,418,./Cleaned-Dataset/Webshell/be5945d39e0f7b3cc419a3dcbbf23d21.php,webshell
0,0,0,0,0,0,0,0,0,0,0,0,0,0,0,0,0,0,0,0,0,22,50,./Cleaned-Dataset/Webshell/be77a0a138e89c667a41440d28ffd7b2.php,webshell
1,0,0,0,0,0,0,0,0,0,0,0,0,0,0,0,0,0,0,0,0,3,67,./Cleaned-Dataset/Webshell/be790e791c8d0af501f0244652d2a4e3.php,webshell
0,0,1,4,0,0,0,0,3,0,0,0,259,250,0,19,5,0,0,0,0,6373,36422,./Cleaned-Dataset/Webshell/bea9633ebdc9eeb403b9717ea2d76dc4.php,webshell
1,0,0,0,0,0,0,0,1,1,0,0,1,5,0,2,0,0,0,1,0,121,438,./Cleaned-Dataset/Webshell/beb1a537f53c0578f922a5aae9c013aa.php,webshell
0,0,0,0,0,0,0,0,1,0,0,0,0,0,0,0,0,0,0,0,0,29,207,./Cleaned-Dataset/Webshell/beb3eb2510ab7a3cdc65be3e6af2e4a6.php,webshell
0,0,0,0,0,0,0,0,1,0,0,0,0,1,0,0,0,0,0,0,0,17,64,./Cleaned-Dataset/Webshell/bebebdce7cce41a4a66e99ce96c6dcd2.php,webshell
0,0,0,0,0,0,0,0,0,0,0,0,0,0,4,0,0,0,0,0,0,27,326,./Cleaned-Dataset/Webshell/bebf689969caadfc21ae6d6080b24791.php,webshell
1,0,0,0,0,0,0,0,0,0,0,0,0,1,0,0,0,0,0,0,0,3,17,./Cleaned-Dataset/Webshell/bed855b96614b6894b047e629cc367ba.php,webshell
10,0,6,16,2,2,1,1,8,1,0,0,129,240,0,8,13,0,0,0,0,2725,9149,./Cleaned-Dataset/Webshell/beefe30bb56da8d09950b9b56d21165b.php,webshell
0,0,0,0,0,0,0,0,0,0,0,0,0,0,0,0,0,0,0,0,0,17,344,./Cleaned-Dataset/Webshell/bf03435b4c8cc7614d494ac4f3c34688.php,webshell
0,0,0,0,0,0,0,0,1,0,0,0,0,0,0,0,0,0,0,0,0,21,227,./Cleaned-Dataset/Webshell/bf04b4d640d69c666b3fdd7b8c7e1564.php,webshell
0,0,0,0,0,0,0,0,0,0,0,0,0,0,0,0,0,0,0,0,0,5,8,./Cleaned-Dataset/Webshell/bf0569c8e6a7b3309be77592d1e79d94.php,webshell
2,0,4,3,3,3,1,0,12,0,0,0,20,77,136,0,7,2,0,0,0,2326,9262,./Cleaned-Dataset/Webshell/bf09675a2e52c63acb7133695db91bca.php,webshell
0,0,0,0,0,0,0,0,0,0,0,0,0,0,0,0,0,0,0,0,0,7,107,./Cleaned-Dataset/Webshell/bf1cfac0fd52490d3d5932c29abcef61.php,webshell
8,0,17,20,17,17,16,6,4,0,0,0,0,8,2,2,3,0,0,0,0,1920,8212,./Cleaned-Dataset/Webshell/bf3b86fff48f5b83b6b2b4192f782453.php,webshell
0,0,0,0,0,0,0,0,0,0,0,0,0,1,0,0,0,0,0,0,0,3,8,./Cleaned-Dataset/Webshell/bf46b3e5cf35029c1fd9ff79558aab31.php,webshell
2,0,0,0,0,0,0,0,0,0,0,0,0,0,0,0,0,0,0,0,0,4,147,./Cleaned-Dataset/Webshell/bf530a66bd151c37952be0efba0c76e1.php,webshell
0,0,0,0,0,0,0,0,0,0,0,0,7,29,0,0,3,0,0,0,0,235,731,./Cleaned-Dataset/Webshell/bf54636e5664439383a27f7f8b125203.php,webshell
0,0,0,0,0,0,0,0,0,0,0,0,0,0,0,0,0,0,0,0,0,11,793,./Cleaned-Dataset/Webshell/bf89ba3f154d36ff303441b1034e6855.php,webshell
0,0,1,0,0,0,0,0,0,0,0,0,0,0,0,0,0,0,0,0,0,2,10,./Cleaned-Dataset/Webshell/bf90de9ead37ea9f5302ac3ce9caf2c4.php,webshell
0,0,0,0,0,0,0,0,0,0,0,0,0,0,0,0,0,0,0,0,0,9,18,./Cleaned-Dataset/Webshell/bfd170c3c77c43bb80c1fdf01f94d920.php,webshell
0,0,0,0,0,0,0,0,0,0,0,0,0,0,0,0,0,0,0,0,0,16,341,./Cleaned-Dataset/Webshell/c0017cd5ab896c425705c45a50d5fb26.php,webshell
1,0,0,0,0,0,0,0,0,0,0,0,0,0,0,0,0,0,0,0,0,1,8,./Cleaned-Dataset/Webshell/c011f48d58d5b9723603de02936dd82d.php,webshell
0,0,0,0,0,0,0,0,0,0,0,0,0,0,1,0,0,0,0,0,0,4,6,./Cleaned-Dataset/Webshell/c01ef892aa7c5b49e829411280ba7f64.php,webshell
0,0,0,0,0,0,0,0,0,0,0,0,0,0,0,0,0,0,0,0,0,49,356,./Cleaned-Dataset/Webshell/c03e1a2eca4716d4e76be768e97a673d.php,webshell
0,0,1,1,0,0,0,0,6,0,0,0,5,2,0,0,0,0,0,1,0,68,518,./Cleaned-Dataset/Webshell/c04819ebb9354d7313bf254859e8e292.php,webshell
0,0,0,0,0,0,0,0,0,0,0,0,0,0,0,0,0,0,0,0,0,419,18715,./Cleaned-Dataset/Webshell/c04d160a5447f26c877c5633b73c6941.php,webshell
0,0,0,0,0,0,0,0,1,0,0,0,0,0,0,0,0,0,0,0,0,5,22,./Cleaned-Dataset/Webshell/c051ce2759b14c99c28be7fd37cecfc2.php,webshell
1,0,0,0,0,0,0,0,0,0,0,0,0,0,0,0,0,0,0,0,0,3,7,./Cleaned-Dataset/Webshell/c0752052c29b45bf6c77c0cc9dcb5321.php,webshell
4,1,0,0,0,0,0,0,0,0,0,0,1,11,0,0,0,1,0,0,0,11,76,./Cleaned-Dataset/Webshell/c0753c1ec17f3366d19cb9c77b9cb206.php,webshell
0,0,1,0,0,0,0,0,0,0,0,0,1,0,0,0,0,0,0,0,0,21,484,./Cleaned-Dataset/Webshell/c08bb6e7c5ac63636c96a6cc72d92fb0.php,webshell
5,0,3,4,2,2,1,0,6,0,0,0,0,285,0,55,3,2,0,0,0,1872,7700,./Cleaned-Dataset/Webshell/c094d928f0afedc854a20b46a0e5ab4b.php,webshell
0,0,0,0,0,0,0,0,23,0,0,0,0,7,0,4,0,0,0,0,0,120,487,./Cleaned-Dataset/Webshell/c0c76f12fa47690cb97a88072f43cc6d.php,webshell
0,0,0,0,0,0,0,0,0,0,0,0,0,0,0,0,0,0,0,0,0,24,107,./Cleaned-Dataset/Webshell/c0e85ec057ee05fb1b7102bb0c76c1d3.php,webshell
0,0,0,0,0,0,0,0,0,0,0,0,2,0,0,0,0,0,0,1,0,6,27,./Cleaned-Dataset/Webshell/c0ecd9ce54b02c65dde035fc6c85a468.php,webshell
9,0,0,6,0,15,0,0,7,0,0,0,111,88,0,0,42,12,0,0,0,1366,6958,./Cleaned-Dataset/Webshell/c0f9bc41a886604d4ce9a40064caac26.php,webshell
2,0,1,1,1,3,1,0,1,0,0,0,9,3,2,0,0,0,0,0,0,273,1820,./Cleaned-Dataset/Webshell/c0ff025d87d2d5cda115009c78af05ba.php,webshell
0,0,0,0,0,0,0,0,0,0,0,0,0,0,0,0,0,0,0,0,0,19,350,./Cleaned-Dataset/Webshell/c10a4880b40092d4f0a4a557040552a9.php,webshell
0,0,0,0,2,0,0,0,0,0,0,0,0,2,0,0,0,0,0,0,0,142,127,./Cleaned-Dataset/Webshell/c10d297325ee3eee2f1e44f4c0373273.php,webshell
1,0,0,0,0,0,0,0,0,0,0,0,1,1,0,0,0,0,0,0,0,3,20,./Cleaned-Dataset/Webshell/c10fdc230df9b122813e575db59c934d.php,webshell
10,0,4,0,0,0,0,0,6,0,0,0,1,0,0,1,0,3,0,0,0,3142,9799,./Cleaned-Dataset/Webshell/c111ba965c10e9902e77bc9b6013f928.php,webshell
1,0,0,0,0,0,0,0,1,0,0,0,0,0,0,0,0,0,0,0,0,5,16,./Cleaned-Dataset/Webshell/c140b744f4895eff97cdf766a7e53a97.php,webshell
1,0,0,0,0,0,0,0,1,0,1,0,0,0,0,0,0,0,0,0,0,9,168,./Cleaned-Dataset/Webshell/c16c3c89298421b72f5d8e23f4edf614.php,webshell
1,0,0,0,0,0,0,0,0,0,0,0,0,0,0,0,0,0,0,0,0,1,8,./Cleaned-Dataset/Webshell/c170064748653f26d2d49d53a24a5d69.php,webshell
0,0,0,0,0,0,0,0,0,0,0,0,0,0,0,0,0,0,0,0,0,1,7,./Cleaned-Dataset/Webshell/c1a6188bd2066674dabc77a57664f859.php,webshell
1,0,0,0,0,0,0,0,1,0,1,0,0,0,0,0,0,0,0,0,0,3,48,./Cleaned-Dataset/Webshell/c1abaf14c68af59c46add06f41209ce4.php,webshell
1,0,0,0,0,0,0,0,0,0,0,0,0,0,0,0,0,0,0,0,0,3,13,./Cleaned-Dataset/Webshell/c1b3129114168207fa654187705a70da.php,webshell
0,0,0,0,0,0,0,0,0,0,0,0,0,0,0,0,0,0,0,0,0,7,48,./Cleaned-Dataset/Webshell/c1b7f4fb2598192b2057697121aa2066.php,webshell
0,0,0,0,0,0,0,0,0,0,0,0,0,0,0,0,0,0,0,0,0,58,137,./Cleaned-Dataset/Webshell/c1c3e430599dc62206980646b3f02cf0.php,webshell
0,0,0,0,0,0,0,0,0,0,0,0,2,0,0,0,0,0,0,0,0,0,12,./Cleaned-Dataset/Webshell/c1c90d1465e45433a462584b9e58dfb0.php,webshell
6,0,4,5,2,2,1,0,3,0,0,0,0,269,0,0,2,2,0,0,0,2178,7760,./Cleaned-Dataset/Webshell/c1e006b3f76b05bb1232e884f1230e09.php,webshell
1,0,0,3,0,0,0,0,1,0,0,0,0,0,0,0,0,0,0,0,0,42,329,./Cleaned-Dataset/Webshell/c1ee1547a66318fc367812b8ebd79c8f.php,webshell
0,1,0,0,0,0,0,0,0,0,0,0,0,0,1,0,0,0,0,0,0,2,8,./Cleaned-Dataset/Webshell/c1fb01fd313e70da98efca2aae195c65.php,webshell
1,0,0,0,0,0,0,0,0,0,0,0,0,0,0,0,0,0,0,0,0,1,10,./Cleaned-Dataset/Webshell/c20b3d06d0028d3336c078594956cdb7.php,webshell
0,0,0,0,0,0,0,0,1,0,0,0,4,0,0,0,0,0,0,0,0,38,371,./Cleaned-Dataset/Webshell/c218072df4f371652fb1258af1ae5af9.php,webshell
0,0,0,0,0,0,0,0,0,0,0,0,0,0,2,0,0,0,0,0,0,5,32,./Cleaned-Dataset/Webshell/c235c698902439ac68ef12bc12bd6514.php,webshell
1,0,0,0,0,0,0,0,1,0,0,0,0,2,0,0,0,0,0,0,0,4,22,./Cleaned-Dataset/Webshell/c2380239e0a9ff7e9e5c40fca40a76c1.php,webshell
0,0,0,0,0,0,0,0,0,0,0,0,1,0,0,0,4,0,0,0,0,49,97,./Cleaned-Dataset/Webshell/c24a66f88c25f62e1472625536620275.php,webshell
0,0,0,0,0,0,0,0,0,0,0,0,0,40,47,2,3,0,0,0,0,1252,4574,./Cleaned-Dataset/Webshell/c26ef23df528a3eb0bbe9335992313ce.php,webshell
0,1,0,0,0,0,0,0,0,0,0,0,0,0,1,0,0,0,0,0,0,3,13,./Cleaned-Dataset/Webshell/c27074507e8d0544f1795319d90936c3.php,webshell
1,0,3,3,3,3,3,3,1,1,0,0,0,2,0,3,0,0,0,0,0,619,3695,./Cleaned-Dataset/Webshell/c27bcf9f74a98acdb89138105f391952.php,webshell
0,0,1,0,0,0,0,0,0,0,0,0,0,1,0,0,0,0,0,0,0,111,276,./Cleaned-Dataset/Webshell/c282757c410cf44354ed586ab0eb124a.php,webshell
1,0,0,0,0,0,0,0,0,0,0,0,0,0,0,0,0,0,0,0,0,2,137,./Cleaned-Dataset/Webshell/c2ac9f1fc6fd9065867e311c7def71cd.php,webshell
1,0,0,0,0,0,0,0,1,0,0,0,0,0,0,0,0,0,0,0,0,0,12,./Cleaned-Dataset/Webshell/c2b6219c020facff7ee75424b95a6fd7.php,webshell
0,0,0,0,0,0,0,0,3,0,0,0,0,1,0,0,0,0,0,0,0,12,110,./Cleaned-Dataset/Webshell/c2bb569c54197d4fa4947f8f811cf95a.php,webshell
1,2,0,0,0,0,0,0,1,0,0,0,0,1,0,0,0,0,0,0,0,9,120,./Cleaned-Dataset/Webshell/c2c06e373de1e4c40fdc982af2c65830.php,webshell
0,0,0,0,0,0,0,0,0,0,0,0,0,0,0,0,0,0,0,0,0,63,164,./Cleaned-Dataset/Webshell/c2c5b887839c7d7db8b95ee89a9b506d.php,webshell
0,0,1,0,0,0,0,0,0,0,0,0,0,1,0,0,0,0,0,0,0,111,276,./Cleaned-Dataset/Webshell/c2e8346a5515c81797af36e7e4a3828e.php,webshell
1,0,0,0,0,0,0,0,1,0,1,0,0,0,0,0,0,0,0,0,0,2,9,./Cleaned-Dataset/Webshell/c2f3327d60884561970c63ffa09439a4.php,webshell
0,0,0,0,0,0,0,0,0,0,0,0,0,0,0,0,0,0,0,0,0,15,143,./Cleaned-Dataset/Webshell/c317987ca58ae6abf2136818fb19a0b5.php,webshell
0,1,0,0,0,0,0,0,0,0,0,0,0,0,1,0,0,0,0,0,0,4,27,./Cleaned-Dataset/Webshell/c3230e64cf9be1ea5f1624cd9ee12777.php,webshell
0,0,0,0,0,0,0,0,1,0,0,0,3,0,0,0,0,0,0,0,0,5,44,./Cleaned-Dataset/Webshell/c337c04fff92cedaae179902e9207ceb.php,webshell
1,0,1,1,0,0,1,0,1,0,0,0,10,24,0,0,2,0,0,0,0,302,1517,./Cleaned-Dataset/Webshell/c33eb81243a668bfccbc68b58cc66f18.php,webshell
1,0,0,1,0,1,0,0,0,0,0,0,14,31,0,0,4,0,0,0,0,1282,4352,./Cleaned-Dataset/Webshell/c34d778cd6666abdf31fc4a26d83a54c.php,webshell
0,0,0,1,0,2,0,0,3,0,0,0,6,23,0,1,2,0,0,0,0,298,1404,./Cleaned-Dataset/Webshell/c372b725419cdfd3f8a6371cfeebc2fd.php,webshell
1,0,0,0,0,0,0,0,0,0,0,0,0,0,0,0,0,0,0,0,0,2,10,./Cleaned-Dataset/Webshell/c37e12b611d1e40d2492788df2b3ef47.php,webshell
0,0,1,0,0,0,0,0,0,0,0,0,2,0,0,0,0,0,0,0,0,9,13,./Cleaned-Dataset/Webshell/c38ae5ba61fd84f6bbbab98d89d8a346.php,webshell
0,1,0,0,0,0,0,0,0,0,0,0,0,0,1,0,0,0,0,0,0,1,15,./Cleaned-Dataset/Webshell/c38d1785a803f50f8bd26c9cf87780b8.php,webshell
0,1,1,0,0,0,0,0,0,0,0,0,0,0,0,0,0,0,0,0,0,1,8,./Cleaned-Dataset/Webshell/c3aef43f25b2e36b8138069c2fbe2678.php,webshell
7,0,11,2,2,2,0,0,2,0,0,0,56,12,0,2,3,0,0,0,0,771,3185,./Cleaned-Dataset/Webshell/c3b9bce4614dcf787128e5f74f4b340f.php,webshell
1,1,0,0,0,0,0,0,0,0,0,0,0,0,0,0,0,0,0,0,0,30,93,./Cleaned-Dataset/Webshell/c3cbe7f9a96246b78be210654265bf70.php,webshell
0,0,1,0,0,0,0,0,0,0,0,0,0,1,0,0,0,0,0,0,0,111,276,./Cleaned-Dataset/Webshell/c413b953a4893efa91f16ff211d3545d.php,webshell
1,0,0,0,0,0,0,0,1,0,0,0,2,1,0,0,0,0,0,0,0,4,20,./Cleaned-Dataset/Webshell/c41be44fc6740756ca4b07afbca0eae0.php,webshell
12,0,9,7,2,5,5,0,11,0,0,0,3,33,4,2,2,2,0,0,0,4199,14827,./Cleaned-Dataset/Webshell/c423c20de00a0925c4a96b212a939e00.php,webshell
5,0,3,4,2,2,1,0,2,0,0,0,0,252,0,42,2,1,0,0,0,1657,6605,./Cleaned-Dataset/Webshell/c43d0a82c1a83533598b82e5c4fdcf86.php,webshell
1,0,0,0,0,0,0,0,1,0,0,0,6,44,0,0,0,0,0,0,0,240,775,./Cleaned-Dataset/Webshell/c43d8e97806e8c14b1ced4f677e374dc.php,webshell
1,0,0,0,0,0,0,0,1,1,0,0,0,0,0,0,0,0,0,0,0,4,13,./Cleaned-Dataset/Webshell/c4400c36a0a1cd5b02f7a687587be87b.php,webshell
1,0,0,0,0,0,0,0,1,1,0,0,0,0,0,0,0,0,0,0,0,11,42,./Cleaned-Dataset/Webshell/c444a28ab6db2fe4e0fe0ba15b6dff03.php,webshell
1,0,0,0,0,0,0,0,0,0,0,0,0,0,0,0,0,0,0,0,0,22,205,./Cleaned-Dataset/Webshell/c44c0c49d9461d59e2985eb386d27632.php,webshell
1,0,0,0,0,0,0,0,0,0,0,0,0,0,1,0,0,0,0,0,0,0,8,./Cleaned-Dataset/Webshell/c4525261f4183061fbed7671ae2cf193.php,webshell
2,0,0,0,0,0,0,0,1,0,0,0,0,0,0,0,0,0,0,0,0,356,142,./Cleaned-Dataset/Webshell/c45a808f4a6bd9d88dc7e8079ecb7392.php,webshell
0,0,4,2,2,2,0,0,5,0,0,0,58,79,0,2,6,0,0,1,0,1566,6856,./Cleaned-Dataset/Webshell/c4740b2b456bfba29fdf0975bc8385e0.php,webshell
0,0,0,0,0,0,0,0,0,0,0,0,0,1,1,0,0,0,0,0,0,4,17,./Cleaned-Dataset/Webshell/c476a24200057abb8eb34dce7d27e8f8.php,webshell
1,0,0,0,0,0,0,0,1,1,0,0,0,0,0,0,0,0,0,0,0,4,13,./Cleaned-Dataset/Webshell/c478958ee813994853eb7bcaedaf87a8.php,webshell
6,0,3,3,2,2,1,0,3,0,0,0,6,330,0,0,0,3,0,0,0,2226,9515,./Cleaned-Dataset/Webshell/c48d450b4007e3321bd4b1861be3fdfe.php,webshell
3,1,1,0,0,0,0,0,0,0,0,0,0,4,1,0,0,0,0,0,0,1,32,./Cleaned-Dataset/Webshell/c4d36c011f6637b4c950740f9542c376.php,webshell
0,0,0,1,0,0,0,0,1,0,0,0,1,4,39,1,6,0,0,0,0,241,976,./Cleaned-Dataset/Webshell/c4eafbfbef6ecfd69aff8d6f9fe48bb5.php,webshell
1,0,0,0,0,0,0,0,1,0,0,0,0,0,0,0,0,0,0,0,0,1623,62,./Cleaned-Dataset/Webshell/c4f0cc605718ead4abc3216b5e8113bd.php,webshell
0,0,0,0,0,0,0,0,0,0,0,0,0,0,0,0,0,0,0,0,0,33,321,./Cleaned-Dataset/Webshell/c50054fb0bacc44ded48d217b4847f65.php,webshell
0,0,0,0,0,0,0,0,0,0,0,0,0,4,0,0,0,0,0,0,0,9,55,./Cleaned-Dataset/Webshell/c50d55d1d0b202ce1d8481256561d2e2.php,webshell
1,0,0,0,0,0,0,0,0,0,0,0,0,0,0,0,0,0,0,0,0,1,8,./Cleaned-Dataset/Webshell/c50fb08bd2a6131646eb3c5a172840c3.php,webshell
1,0,0,0,0,0,0,0,1,1,0,0,0,0,0,0,0,0,0,0,0,4,16,./Cleaned-Dataset/Webshell/c5298d7ce33e1cbee5022f33aa3992fb.php,webshell
5,0,4,0,0,0,0,0,0,0,0,0,0,0,0,0,0,0,0,0,0,888,2752,./Cleaned-Dataset/Webshell/c5392dcf5f093576f2d2b340e6afaf98.php,webshell
1,0,0,0,0,0,0,0,0,0,0,0,0,1,0,0,0,0,0,0,0,0,12,./Cleaned-Dataset/Webshell/c5855291a97188e76cabd57ab7f6184a.php,webshell
0,0,0,0,0,0,0,0,0,0,0,0,0,0,0,0,0,0,0,0,0,17,344,./Cleaned-Dataset/Webshell/c58e1f485317f6bba8933b9784e1bd3c.php,webshell
0,0,0,0,0,0,0,0,0,0,0,0,1,0,0,0,0,0,0,0,0,54,348,./Cleaned-Dataset/Webshell/c5a456f002af3e3f19404e856da8825f.php,webshell
0,0,1,1,0,0,0,0,0,0,0,0,0,0,0,0,0,0,0,0,0,33,329,./Cleaned-Dataset/Webshell/c5a53c71e1bb7a4333256081ccf4073c.php,webshell
1,0,0,0,0,0,0,0,0,0,0,0,0,0,0,0,0,0,0,0,0,2,83,./Cleaned-Dataset/Webshell/c5b88a49de687a0b2f73899c154c5b7f.php,webshell
8,0,2,6,2,2,1,4,7,0,0,0,0,2,2,2,3,0,0,0,0,2445,10564,./Cleaned-Dataset/Webshell/c5b9d73edf55eb8d369de2cf8b80fef0.php,webshell
0,0,0,0,0,0,0,0,0,0,0,0,7,29,0,0,3,0,0,0,0,240,750,./Cleaned-Dataset/Webshell/c5ee3131e4de1b80379cfc61dc3b91e8.php,webshell
0,0,0,0,0,0,0,0,0,1,0,0,0,4,0,2,0,0,0,0,0,57,582,./Cleaned-Dataset/Webshell/c5f2484dc63ef40a6623b94825f4f472.php,webshell
1,0,0,0,0,0,0,0,0,0,0,0,0,1,0,0,0,0,0,0,0,0,6,./Cleaned-Dataset/Webshell/c5f7c22391dc9cb5e23a59f72ff0dec0.php,webshell
1,0,0,0,0,0,0,0,0,0,0,0,0,0,0,0,0,0,0,0,0,1,8,./Cleaned-Dataset/Webshell/c60723ef865a571bfa921e146c552f9d.php,webshell
0,0,0,0,0,0,0,0,0,0,0,0,0,0,0,0,0,0,0,0,0,20,353,./Cleaned-Dataset/Webshell/c609d9e6bc844fb9d49fee78fa764e55.php,webshell
0,0,0,0,1,0,0,0,0,0,0,0,0,0,1,0,0,0,0,0,0,5,15,./Cleaned-Dataset/Webshell/c6381412df74dbf3bcd5a2b31522b544.php,webshell
0,0,0,0,0,0,0,0,0,0,0,0,1,0,0,0,0,0,0,0,0,3,6,./Cleaned-Dataset/Webshell/c642aafab31b4023e4a8923db804534b.php,webshell
1,0,0,0,0,0,0,0,1,0,0,0,0,0,0,0,0,0,0,0,0,3,5,./Cleaned-Dataset/Webshell/c64abc8552f85a8b381f6bfce62b32c4.php,webshell
0,0,0,0,0,0,0,0,0,0,0,0,0,0,0,0,0,0,0,0,0,0,2,./Cleaned-Dataset/Webshell/c64c54b9d258c4bb921cdae817c843b4.php,webshell
0,0,0,0,0,0,0,0,0,0,0,0,0,2,0,0,0,0,0,0,0,7,42,./Cleaned-Dataset/Webshell/c65b41727cc9a46906ad592efa21f031.php,webshell
0,0,0,0,0,0,0,1,0,0,0,0,0,0,19,0,0,0,0,0,0,136,552,./Cleaned-Dataset/Webshell/c66997827603f28d1b2210c3a2a073e7.php,webshell
1,0,0,0,0,0,0,0,1,0,1,0,0,0,0,0,0,0,0,0,0,4,14,./Cleaned-Dataset/Webshell/c6916c1be3d879b725fcda6145d58a1a.php,webshell
1,0,0,0,0,0,0,0,0,0,0,0,0,0,0,0,0,0,0,0,0,224,73,./Cleaned-Dataset/Webshell/c6a8b49b2bbaade38a59409b33a14bad.php,webshell
4,0,3,4,2,2,1,0,4,0,0,0,0,216,0,0,2,2,0,0,0,1506,5822,./Cleaned-Dataset/Webshell/c6ae7930aa5502045906e46838148092.php,webshell
3,0,0,0,0,0,0,0,4,1,0,2,0,3,3,0,2,0,0,0,0,50,309,./Cleaned-Dataset/Webshell/c6b8da0f0ad99cf39898011c0b818d2e.php,webshell
1,0,0,0,0,0,0,0,0,0,0,0,0,4,0,0,0,0,0,0,0,4,32,./Cleaned-Dataset/Webshell/c6bce273ffb5c90fd8b218d8476a63b9.php,webshell
1,0,0,0,0,0,0,0,0,0,0,0,0,1,0,0,0,0,0,0,0,146,505,./Cleaned-Dataset/Webshell/c6bdc2f7e8d0d580be5719e96b40d561.php,webshell
10,0,6,3,0,3,1,0,2,0,0,0,0,69,4,2,0,1,0,0,0,3501,14371,./Cleaned-Dataset/Webshell/c6e1ab93ae7ff005aea166da2212d2df.php,webshell
0,0,0,0,4,0,0,0,0,0,0,0,0,2,0,0,0,0,0,0,0,29,45,./Cleaned-Dataset/Webshell/c6eeacbe779518ea78b8f7ed5f63fc11.php,webshell
7,5,0,0,0,0,0,0,4,0,0,1,2,15,6,0,0,0,0,0,0,62,353,./Cleaned-Dataset/Webshell/c6fb15b4246ebc4f24df27cc5454a376.php,webshell
11,0,4,5,0,2,0,4,0,0,0,0,0,0,5,0,0,8,0,0,0,862,3763,./Cleaned-Dataset/Webshell/c7064227b00b3a5da4193d328f42941a.php,webshell
5,0,0,14,0,2,0,0,7,0,0,0,26,77,0,0,46,0,0,0,0,1145,4562,./Cleaned-Dataset/Webshell/c719423279a6a533425ee72690936b78.php,webshell
0,0,0,0,0,0,0,0,0,0,0,0,0,0,0,0,0,0,0,0,0,72,156,./Cleaned-Dataset/Webshell/c738f6f645a9947f00f40f7ba1c053fa.php,webshell
0,0,1,0,0,0,0,0,0,0,0,0,0,1,0,0,0,0,0,0,0,111,276,./Cleaned-Dataset/Webshell/c76560e677d077e434b4ecbeb0521855.php,webshell
5,0,3,9,3,3,3,3,8,0,0,0,0,134,0,1,6,7,0,0,0,1321,5131,./Cleaned-Dataset/Webshell/c77a50053490c53c94769263bfa90d00.php,webshell
0,0,0,0,0,0,0,0,0,0,0,0,0,0,0,0,0,0,0,0,0,68,148,./Cleaned-Dataset/Webshell/c7994062f7d59258d0289f5302f3547f.php,webshell
5,0,2,2,2,2,2,2,3,1,0,0,118,35,0,0,2,1,0,0,0,1024,3577,./Cleaned-Dataset/Webshell/c79bc0378c6b692cac86b7455faa8b63.php,webshell
0,0,0,0,0,0,0,0,0,0,0,0,0,1,0,0,3,0,0,0,0,14,63,./Cleaned-Dataset/Webshell/c7a1d65fcf689783fce74f85c3db0b47.php,webshell
4,0,4,3,2,5,1,0,0,0,0,0,9,3,2,0,0,0,0,0,0,297,1332,./Cleaned-Dataset/Webshell/c7b195caf4707cd9f59d159ae5d5ecf2.php,webshell
0,0,0,0,0,0,0,0,0,0,0,0,0,1,0,0,2,0,0,0,0,11,30,./Cleaned-Dataset/Webshell/c7be5806a106269cb761ee885c3a19ea.php,webshell
1,0,0,0,0,0,0,0,0,0,0,0,0,0,0,0,0,0,0,0,0,34,95,./Cleaned-Dataset/Webshell/c7c065e17ad59a8762baca81d5211118.php,webshell
0,0,0,0,0,0,0,0,0,0,0,0,0,0,0,0,0,0,0,0,0,16,341,./Cleaned-Dataset/Webshell/c7e821e58a72c87d65beb80fe46db058.php,webshell
11,0,6,3,0,3,1,0,7,0,0,0,7,3,7,2,0,2,0,0,0,4398,15206,./Cleaned-Dataset/Webshell/c7e92c30e801080075b76b4d03ef438e.php,webshell
1,0,0,0,0,0,0,0,1,0,0,0,0,0,0,0,0,0,0,0,0,11,552,./Cleaned-Dataset/Webshell/c8330c270a51124a9d8c63a9ade8192a.php,webshell
0,0,0,0,0,0,0,0,0,0,0,0,7,29,0,0,3,0,0,0,0,239,733,./Cleaned-Dataset/Webshell/c8538c00cd3dfa0cc43bbe242ac25377.php,webshell
0,0,5,5,5,8,0,0,0,0,0,0,3,7,0,0,3,0,0,1,0,263,1209,./Cleaned-Dataset/Webshell/c859f0109d548a9bda195a7ca56dbe1d.php,webshell
0,0,0,0,0,0,0,0,0,0,0,0,0,0,0,0,0,0,0,0,0,61,176,./Cleaned-Dataset/Webshell/c85c0ebcd1b4d299000b9d31986db3f2.php,webshell
0,0,0,0,0,0,0,0,0,0,0,0,0,0,0,0,0,0,0,0,0,17,344,./Cleaned-Dataset/Webshell/c87214fceda87611e605225d778b008f.php,webshell
0,0,0,0,0,0,0,0,1,0,0,0,2,0,0,0,0,0,0,0,0,71,61,./Cleaned-Dataset/Webshell/c88b3b373f4857f0d52126e08e50700f.php,webshell
10,0,4,5,3,4,0,0,0,0,0,0,20,39,4,2,4,0,0,0,0,332,1173,./Cleaned-Dataset/Webshell/c88b4f4c7966bbbe71bf9cc24d201560.php,webshell
1,0,0,0,0,0,0,0,0,0,0,0,0,1,0,0,0,0,0,0,0,0,6,./Cleaned-Dataset/Webshell/c8962cf6940721a536535ca8049cee95.php,webshell
1,0,0,0,0,0,0,0,1,1,0,0,0,0,0,0,0,0,0,0,0,0,7,./Cleaned-Dataset/Webshell/c8b0bc6d08219feca6c01116a4cff185.php,webshell
0,0,0,0,0,0,0,0,0,0,0,0,0,0,0,0,0,0,0,0,0,33,321,./Cleaned-Dataset/Webshell/c8bc0fde4cbdef6197b1568f6806c7ba.php,webshell
1,0,0,0,0,0,0,0,0,0,0,0,0,1,0,1,0,0,0,0,0,403,2289,./Cleaned-Dataset/Webshell/c8c3d18ad52e29e2e9e6a375fae583cb.php,webshell
0,0,0,0,0,0,0,0,0,0,0,0,0,4,0,0,0,0,0,0,0,9,55,./Cleaned-Dataset/Webshell/c8d0a07ceea94dd2f0096d25c11401b6.php,webshell
1,0,0,0,0,0,0,0,0,0,0,0,0,0,0,0,0,0,0,0,0,3,136,./Cleaned-Dataset/Webshell/c8dc78116ca3fdd541c58e51458b4b1e.php,webshell
0,0,0,0,0,0,0,0,0,0,0,0,0,0,0,0,0,0,0,0,0,16,341,./Cleaned-Dataset/Webshell/c91126ce6df429a5fed701e34042103e.php,webshell
0,0,0,0,0,0,0,0,0,0,0,0,0,0,0,0,0,0,0,0,0,16,41,./Cleaned-Dataset/Webshell/c9304b2d39efc473f3d7ece744cfae5d.php,webshell
0,0,1,0,0,0,0,0,0,0,0,0,0,2,0,0,0,0,0,0,0,25,83,./Cleaned-Dataset/Webshell/c9403665c2730cab3b77d0c348657cd1.php,webshell
0,0,0,0,0,2,0,0,0,0,0,0,0,3,0,0,2,0,0,0,0,34,56,./Cleaned-Dataset/Webshell/c954b1d6238b8f5a8f561d9a1b15ccb1.php,webshell
7,0,22,16,16,16,16,18,14,13,0,0,6,253,6,4,3,0,0,0,0,2116,8295,./Cleaned-Dataset/Webshell/c971ed008c9ee45bc40e3aa9728c58d8.php,webshell
0,0,0,0,0,0,0,0,0,0,0,0,0,3,0,0,0,0,0,0,0,0,11,./Cleaned-Dataset/Webshell/c9742c27928ef4a044994c681a616c94.php,webshell
7,0,2,6,2,2,1,4,4,0,0,0,0,3,0,2,3,1,0,0,0,2119,8608,./Cleaned-Dataset/Webshell/c97e0262ff9f9facffa294b00c89c7c2.php,webshell
2,0,0,0,0,0,0,0,0,0,0,0,0,0,1,0,0,0,0,0,0,5,16,./Cleaned-Dataset/Webshell/c9a14308c91eb6201a9b31bfaac0966d.php,webshell
11,0,5,16,2,2,1,1,5,1,0,0,135,334,1,8,15,2,0,1,0,3398,11396,./Cleaned-Dataset/Webshell/c9e963a41adcf6b28a544412946199be.php,webshell
0,0,0,0,0,0,0,0,0,0,0,0,0,0,0,0,0,0,0,0,0,9,14,./Cleaned-Dataset/Webshell/c9ee02069aa00b2b26d7b92a1ebd7ba6.php,webshell
0,0,4,0,0,0,0,0,0,0,0,0,0,2,0,0,0,0,0,0,0,27,103,./Cleaned-Dataset/Webshell/c9fac84775b6e81572d93916c9684753.php,webshell
0,0,0,0,0,0,0,0,0,0,0,0,0,0,0,0,0,0,0,0,0,7,107,./Cleaned-Dataset/Webshell/ca041c502a1c2977d8ff39131a766963.php,webshell
0,0,0,0,0,0,0,0,0,0,0,0,0,0,0,0,0,0,0,0,0,17,344,./Cleaned-Dataset/Webshell/ca14ef5e50044aaff079e1203375725d.php,webshell
1,0,0,0,0,0,0,0,0,0,0,0,0,0,0,0,0,0,0,0,0,12,150,./Cleaned-Dataset/Webshell/ca2dc983524be85a75e46c9a7a889f59.php,webshell
4,0,3,4,2,2,1,0,4,0,0,0,0,244,0,0,2,2,0,1,0,1680,6482,./Cleaned-Dataset/Webshell/ca38e73613b79a0d6bde9872286bbc23.php,webshell
0,0,0,0,0,0,0,0,0,0,0,0,0,0,0,0,0,0,0,0,0,20,353,./Cleaned-Dataset/Webshell/ca5c3ffcf8ebb1c5113f190ded8ed88e.php,webshell
1,0,0,0,0,0,0,0,1,1,0,0,0,0,0,0,0,0,0,0,0,1,7,./Cleaned-Dataset/Webshell/ca65f39ea7bdd2776ac2d8f35686bc89.php,webshell
10,0,2,2,2,2,2,2,6,4,0,0,0,0,142,30,3,0,0,0,0,2338,9813,./Cleaned-Dataset/Webshell/ca6d9e077cc5000514fec771cf990623.php,webshell
0,0,2,2,2,2,1,0,1,0,0,0,0,0,0,0,0,0,0,0,0,26,172,./Cleaned-Dataset/Webshell/ca6fef6807e1785cee2a720bc3a2d7a0.php,webshell
9,0,0,6,0,15,0,0,7,0,0,0,111,88,0,0,42,12,0,0,0,1366,6959,./Cleaned-Dataset/Webshell/cab74f985ebe7d55d0414724be1ec306.php,webshell
13,0,7,5,5,8,0,0,0,0,0,0,3,7,0,0,3,0,0,0,0,455,2442,./Cleaned-Dataset/Webshell/cae346b4db60cd8294fbeed952059b37.php,webshell
11,0,9,0,0,0,0,0,3,0,0,0,0,0,0,0,0,0,0,0,0,2137,7282,./Cleaned-Dataset/Webshell/cafe09abd86995ad723b4c23e941b68f.php,webshell
0,0,0,0,0,0,0,0,0,0,0,0,1,0,0,0,0,0,0,0,0,3,27,./Cleaned-Dataset/Webshell/cb1a99529dc2d0792efcd0419b98f228.php,webshell
9,0,3,3,3,2,1,1,6,1,0,1,37,554,0,12,0,3,0,0,0,4775,14608,./Cleaned-Dataset/Webshell/cb219ac1a715835a08f660dda1a8b69d.php,webshell
1,0,0,0,0,0,0,0,1,0,0,0,0,0,0,0,0,0,0,0,0,6,18,./Cleaned-Dataset/Webshell/cb28d003ecd7279660aef61e3a1d4540.php,webshell
1,0,0,0,0,0,0,0,0,0,0,0,0,0,0,0,0,0,0,0,0,1733,64,./Cleaned-Dataset/Webshell/cb3817e06834c61500a8fe5a1b0b72f3.php,webshell
1,0,0,0,0,0,0,0,1,1,0,0,0,0,0,0,0,0,0,0,0,1,7,./Cleaned-Dataset/Webshell/cb3c8d53f1df661ce27a8e53b5d76880.php,webshell
1,0,0,0,0,0,0,0,0,0,0,0,0,1,0,0,0,0,0,0,0,4,33,./Cleaned-Dataset/Webshell/cb4704f3d0cace728b199a4eff3176d2.php,webshell
1,0,0,0,0,0,0,0,1,0,1,0,0,0,0,0,0,0,0,0,0,5,14,./Cleaned-Dataset/Webshell/cb5413bf9765d5d694759e6e0167c558.php,webshell
0,0,0,0,0,0,0,0,0,0,0,0,0,3,0,0,0,0,0,0,0,5,38,./Cleaned-Dataset/Webshell/cb5c52d477ebb814f37b48ce1785fd0a.php,webshell
1,0,0,0,0,0,0,0,1,1,0,0,0,1,0,0,0,0,0,0,0,10,85,./Cleaned-Dataset/Webshell/cb6ae6c65cd17c595b2c3f89f915962a.php,webshell
12,0,14,15,3,6,2,1,8,1,0,0,12,73,142,2,7,3,0,0,0,6840,20828,./Cleaned-Dataset/Webshell/cb70a99bc08c2a9bf6e95b03fe5399b9.php,webshell
0,0,0,0,0,0,0,0,0,0,0,0,0,0,0,0,0,0,0,0,0,5,13,./Cleaned-Dataset/Webshell/cb757a8b30b1c45da3cf795b406acdbb.php,webshell
1,0,0,0,0,0,0,0,0,0,0,0,0,0,0,0,0,0,0,0,0,1,10,./Cleaned-Dataset/Webshell/cbc38f2b8b53ddf55cb411d52e805104.php,webshell
0,1,0,0,0,0,0,0,0,0,0,0,0,0,1,0,0,0,0,0,0,4,27,./Cleaned-Dataset/Webshell/cbd263cb3d6afd08c280f594e80528fc.php,webshell
10,0,3,3,3,5,3,0,4,0,0,0,5,65,0,0,2,1,0,0,0,601,1806,./Cleaned-Dataset/Webshell/cbdbbf516682eb2581fe87f02fae40a2.php,webshell
1,0,0,0,0,0,0,0,0,0,0,0,0,1,0,1,0,0,0,0,0,275,1026,./Cleaned-Dataset/Webshell/cbe5a01518832331906a018c0cb92bcd.php,webshell
1,0,5,2,3,2,0,0,0,0,0,0,34,23,0,0,4,0,0,0,0,722,2881,./Cleaned-Dataset/Webshell/cbfc93d6cbe3f7bbb9cea32e2e23d7da.php,webshell
0,0,0,0,0,0,0,0,0,0,0,1,0,1,0,0,0,0,0,0,0,6,14,./Cleaned-Dataset/Webshell/cc10a1b1a3d464d53152d8f026664c57.php,webshell
0,0,0,0,0,0,0,0,0,0,0,0,0,0,0,0,0,0,0,0,0,61,176,./Cleaned-Dataset/Webshell/cc3a555cb9221e06bc0c34c9b62e9707.php,webshell
0,0,0,0,0,0,0,0,3,0,0,0,7,33,0,0,3,0,0,0,0,267,900,./Cleaned-Dataset/Webshell/cc5d4952e73d1ee14d79f833bce647cf.php,webshell
0,0,15,1,0,0,0,0,0,0,0,0,0,0,0,0,0,0,0,0,0,456,1357,./Cleaned-Dataset/Webshell/cc67441ba06356c2428d5d0282596469.php,webshell
0,0,0,1,0,2,0,0,3,0,0,0,6,23,0,1,2,0,0,0,0,298,1404,./Cleaned-Dataset/Webshell/cc6e570a7500dcbd78629c51efd5119c.php,webshell
0,0,0,0,0,0,0,0,0,0,0,0,0,0,0,0,0,0,0,0,0,16,341,./Cleaned-Dataset/Webshell/cc94327aca93613bfda289fbdd20114b.php,webshell
0,0,0,0,0,0,0,0,3,0,0,0,0,0,0,0,0,1,0,0,0,12,65,./Cleaned-Dataset/Webshell/ccbb8011ac8ec01eeb6dd583e21307cc.php,webshell
7,5,0,0,0,0,0,0,4,0,0,1,2,15,6,0,0,0,0,0,0,62,353,./Cleaned-Dataset/Webshell/cced320901cae6242f4ea9e9a8b72a41.php,webshell
0,0,0,0,0,0,0,0,0,0,0,0,0,0,0,0,0,0,0,0,0,18,347,./Cleaned-Dataset/Webshell/ccf7f88f3134cede48d13d55ec7ff82b.php,webshell
0,0,0,0,0,0,0,0,0,0,0,0,0,0,0,0,0,0,0,0,0,9,31,./Cleaned-Dataset/Webshell/cd0733817a3648f8b6df7f78a42ec81b.php,webshell
1,0,0,0,0,0,0,0,1,0,1,0,0,0,0,0,0,0,0,0,0,4,14,./Cleaned-Dataset/Webshell/cd2997fc97c440cd8dd6b7d601f6dc90.php,webshell
0,0,0,0,0,0,0,0,0,0,0,0,4,15,2,9,3,0,0,0,0,165,564,./Cleaned-Dataset/Webshell/cd43d85974b4646fdfb0c3c19b5a743d.php,webshell
0,0,0,2,0,0,0,0,6,0,0,0,7,52,7,0,2,0,0,1,0,1566,4494,./Cleaned-Dataset/Webshell/cd6308c1d5fa27357b11bbd235fa4497.php,webshell
0,0,0,0,0,0,0,0,0,0,0,0,0,0,2,1,0,0,0,0,0,40,403,./Cleaned-Dataset/Webshell/cd79e78c59513e52d369a3b6699429c5.php,webshell
0,0,9,2,2,2,1,0,0,0,0,0,0,8,0,0,5,0,0,0,0,590,3913,./Cleaned-Dataset/Webshell/cda66acf690cc8a6129ae25fadd5cf7d.php,webshell
0,0,0,0,0,0,0,0,0,0,0,0,1,0,0,0,0,0,0,0,0,35,308,./Cleaned-Dataset/Webshell/cdac617ae09ee5653d7ec6bf71ed3ef3.php,webshell
9,0,14,9,9,7,8,0,2,0,0,0,4,3,143,0,0,2,0,0,0,1161,4292,./Cleaned-Dataset/Webshell/cde459dccc64a9c0cde46ed167d19ce1.php,webshell
0,0,1,0,0,0,0,0,0,0,0,0,2,0,0,0,0,0,0,0,0,9,13,./Cleaned-Dataset/Webshell/cdf8a20ba0c1e24655ba3597282075d6.php,webshell
7,0,10,6,6,2,0,1,23,8,0,9,115,180,4,0,3,22,0,1,0,3679,11916,./Cleaned-Dataset/Webshell/ce02afebc5911c0f0f20d1c37c113910.php,webshell
1,0,0,0,0,0,0,0,0,0,0,0,0,1,0,1,0,0,0,0,0,399,2269,./Cleaned-Dataset/Webshell/ce43ce4734494e25eaaf305c66af3804.php,webshell
1,0,0,0,0,0,0,0,0,0,0,0,0,1,0,0,0,0,0,0,0,3,32,./Cleaned-Dataset/Webshell/ce6a53536ea70c8586f73d44cfa942cd.php,webshell
10,0,3,3,3,5,3,0,4,0,0,0,5,65,0,0,2,1,0,0,0,601,1806,./Cleaned-Dataset/Webshell/ce74af179c530484b406e7e6d4c282c6.php,webshell
1,0,0,0,0,0,0,0,0,0,0,0,0,0,0,0,0,0,0,0,0,3,136,./Cleaned-Dataset/Webshell/ce830d832dda510c30b9b26a9c19bcc4.php,webshell
1,0,1,0,0,0,0,0,1,0,0,0,0,0,2,0,0,0,0,0,0,7,43,./Cleaned-Dataset/Webshell/ce95123d4881867293a1aa8143089bdb.php,webshell
1,0,0,0,0,0,0,0,1,1,0,0,0,1,0,0,0,0,0,0,0,10,85,./Cleaned-Dataset/Webshell/ced050df5ca42064056a7ad610a191b3.php,webshell
7,0,3,3,2,2,1,0,4,0,0,0,11,367,0,2,0,3,0,0,0,2818,9072,./Cleaned-Dataset/Webshell/ced8ec864e3332ec16781807d60eb7a0.php,webshell
0,0,0,0,0,0,0,0,0,0,0,0,1,0,0,0,4,0,0,0,0,19,44,./Cleaned-Dataset/Webshell/cf01cb6e09ee594545693c5d327bdd50.php,webshell
0,0,0,0,0,0,0,0,0,0,0,0,0,0,0,0,0,0,0,0,0,14,31,./Cleaned-Dataset/Webshell/cf0904951d840b3fe57ee4bf5c0ffc52.php,webshell
1,0,0,0,0,0,0,0,1,1,0,0,0,1,2,0,3,0,0,0,0,19,59,./Cleaned-Dataset/Webshell/cf154f3c3ebee15bef6fde3137eeedf8.php,webshell
10,0,0,0,0,0,0,0,0,0,0,0,0,42,0,0,2,0,0,0,0,432,1805,./Cleaned-Dataset/Webshell/cf1f90e41ccc0527a58858f7a758b018.php,webshell
0,0,0,0,0,0,0,0,0,0,0,0,0,0,0,0,0,0,0,0,0,1,115,./Cleaned-Dataset/Webshell/cf2ab009cbd2576a806bfefb74906fdf.php,webshell
11,0,8,5,2,5,2,0,8,0,0,0,15,9,7,2,0,2,0,0,0,4045,13920,./Cleaned-Dataset/Webshell/cf37833c6c6e603e1d3be1a9056a1ebf.php,webshell
0,0,0,0,0,0,0,0,0,0,0,0,0,0,0,0,7,0,0,0,0,41,92,./Cleaned-Dataset/Webshell/cf3a985c5d1da2b8e0b4dfcf93a329f8.php,webshell
0,0,0,0,0,0,0,0,0,0,0,0,1,2,1,0,0,0,0,0,0,7,34,./Cleaned-Dataset/Webshell/cf4452b7ae0eebc3cc06afc419b956b8.php,webshell
0,0,0,0,0,0,0,0,0,0,0,0,0,0,0,0,0,0,0,0,1,6,719,./Cleaned-Dataset/Webshell/cf4abbd568ce0c0dfce1f2e4af669ad2.php,webshell
0,0,0,0,0,0,0,0,0,0,0,0,0,0,0,0,0,0,0,0,0,71,179,./Cleaned-Dataset/Webshell/cf4fdcc8656496983e4eb0d514def9f8.php,webshell
0,0,0,0,0,0,0,0,0,0,0,0,0,0,24,0,0,0,0,0,0,106,329,./Cleaned-Dataset/Webshell/cf65a6b62eea244356a2d7790769114d.php,webshell
0,0,0,0,0,0,0,0,0,0,0,0,0,0,0,0,0,0,0,0,0,13,21,./Cleaned-Dataset/Webshell/cf82556e70a009f3eb85f2e174f3f78a.php,webshell
13,0,5,26,2,2,1,1,5,1,0,0,55,300,2,1,10,0,0,0,0,2938,9494,./Cleaned-Dataset/Webshell/cfa5b35644ed1455fb00814a3bb54e41.php,webshell
6,5,0,0,0,0,0,0,4,0,0,1,2,13,6,0,0,0,0,0,0,55,304,./Cleaned-Dataset/Webshell/cfb12a4ab872096f1d3eadf8ffd05054.php,webshell
1,0,0,0,0,0,0,0,0,0,0,0,0,0,0,0,0,0,0,0,0,2233,64,./Cleaned-Dataset/Webshell/cfbbe5e40172857cff655482ed988eef.php,webshell
0,0,3,2,2,2,0,0,0,0,0,0,1,27,0,0,0,0,0,0,0,402,1777,./Cleaned-Dataset/Webshell/cfbd3de004bebe54a16d6b8938c59e72.php,webshell
1,0,0,0,0,0,0,0,0,0,0,0,0,0,1,0,0,0,0,0,0,1,6,./Cleaned-Dataset/Webshell/cfdacdf7fd3ef605e3f156d5c1687077.php,webshell
7,0,4,4,4,4,3,3,6,1,1,1,0,1,221,0,3,0,0,1,0,2521,10275,./Cleaned-Dataset/Webshell/cfe1b9a3082d5a6046aaf377098c3f2c.php,webshell
5,0,1,0,0,0,0,0,0,1,0,0,2,33,0,1,2,1,0,0,0,773,3402,./Cleaned-Dataset/Webshell/cff5038fb4a51799ee0bb6ec83754921.php,webshell
0,0,1,0,5,0,0,0,1,0,0,0,0,0,0,0,0,0,0,0,0,22,195,./Cleaned-Dataset/Webshell/d0005805094e03f6c226cce5895878b3.php,webshell
0,0,0,0,0,0,0,0,0,0,0,0,0,1,0,0,2,0,0,0,0,12,32,./Cleaned-Dataset/Webshell/d01798c5abfadd6a2e7a6ddb9c05c468.php,webshell
0,0,0,0,0,0,0,0,0,0,0,0,0,0,0,0,0,0,0,0,0,58,123,./Cleaned-Dataset/Webshell/d021742c72b3ce1d06e74323eb49c5cc.php,webshell
1,0,0,0,0,0,0,0,0,0,0,0,0,0,0,0,0,0,0,0,0,1,8,./Cleaned-Dataset/Webshell/d030ab27950afa86c4409bb33c21c7a3.php,webshell
0,0,1,1,1,0,0,0,0,0,0,0,2,6,0,0,0,1,0,0,0,740,2216,./Cleaned-Dataset/Webshell/d04f1cb379b1a135b268ce679cd680ce.php,webshell
20,1,21,22,19,19,19,0,14,0,0,5,267,261,87,0,18,6,4,4,4,3823,13317,./Cleaned-Dataset/Webshell/d055a53ae7292d84c8c61c8d449675e5.php,webshell
3,0,4,8,2,3,0,0,0,0,0,0,3,42,0,0,0,1,0,0,0,1080,1882,./Cleaned-Dataset/Webshell/d06b5260e12852c9145b4c65c999be48.php,webshell
0,0,1,1,1,0,0,0,0,0,0,0,2,6,0,0,0,1,0,0,0,741,2216,./Cleaned-Dataset/Webshell/d06bad02c9dd959222d26006dbc7cac3.php,webshell
0,0,0,0,0,0,0,0,6,0,0,0,0,0,0,0,0,0,0,0,0,1488,4869,./Cleaned-Dataset/Webshell/d083237ead14574c2ffc2cfb25838145.php,webshell
11,0,8,5,2,5,2,0,8,0,0,0,15,9,7,2,0,2,0,0,0,4049,13919,./Cleaned-Dataset/Webshell/d089e7168373a0634e1ac18c0ee00085.php,webshell
1,0,0,0,0,0,0,0,1,0,0,0,0,0,0,0,0,0,0,0,0,5,33,./Cleaned-Dataset/Webshell/d09e7f42f55097e56b5cfbe6b0f22068.php,webshell
10,0,4,0,0,0,0,0,4,0,0,0,1,0,0,1,0,1,0,0,0,2926,9030,./Cleaned-Dataset/Webshell/d0a0e308810d37325fffe9a5e822234a.php,webshell
0,0,0,0,0,0,0,0,0,0,0,0,7,29,0,0,3,0,0,0,0,243,795,./Cleaned-Dataset/Webshell/d0bec5b4feab431b5c2f4e204dcbda91.php,webshell
0,1,0,0,0,0,0,0,0,0,0,0,0,0,1,0,0,0,0,0,0,4,46,./Cleaned-Dataset/Webshell/d0c87dfbcc430e62630bfd8bb42e5180.php,webshell
1,0,0,0,0,0,0,0,0,0,0,0,0,0,2,0,0,0,0,0,0,3,13,./Cleaned-Dataset/Webshell/d0c96b59831f55c61b872f314734ef6a.php,webshell
0,0,0,0,0,0,0,0,0,0,0,0,0,0,0,1,0,0,0,0,0,1,39,./Cleaned-Dataset/Webshell/d0d228e123334be3bd763d1235d182c2.php,webshell
0,0,0,0,0,0,0,0,0,0,0,0,0,1,0,0,0,0,0,0,0,4,8,./Cleaned-Dataset/Webshell/d1096b4fce3cb0cebc1cf9160da14c58.php,webshell
5,0,8,12,6,6,6,6,2,2,0,0,30,164,0,2,4,0,0,0,0,2725,8919,./Cleaned-Dataset/Webshell/d10b526510826f7926d188aa6aaac4ea.php,webshell
0,0,0,0,2,0,0,0,0,0,0,0,2,4,0,0,3,0,0,0,0,64,314,./Cleaned-Dataset/Webshell/d11383b120668ffe4b2ec88fd7d06904.php,webshell
0,0,0,0,0,0,0,0,0,0,0,0,0,0,0,0,0,0,0,0,0,20,353,./Cleaned-Dataset/Webshell/d1198009bd7b20b88d4c1434b994986f.php,webshell
10,0,0,0,0,0,0,0,0,0,0,0,0,42,0,0,2,0,0,0,0,432,1805,./Cleaned-Dataset/Webshell/d1260c12f94c75319997b9880e5f0de3.php,webshell
0,0,0,0,0,0,0,0,0,0,0,0,0,0,0,0,0,0,0,0,0,16,341,./Cleaned-Dataset/Webshell/d14546f3aea9b5266a1729293f236d83.php,webshell
14,0,2,2,2,2,2,2,7,5,0,0,4,4,0,38,6,0,0,0,0,2360,10834,./Cleaned-Dataset/Webshell/d19703048fc2aff5b739c3af0b47ccb9.php,webshell
1,0,0,0,0,0,0,0,1,1,0,2,0,0,0,0,0,0,0,0,0,7,48,./Cleaned-Dataset/Webshell/d1a86ebc2ae1b908e1f563e338eb36b2.php,webshell
0,0,0,0,0,0,0,0,0,0,0,0,0,0,0,0,0,0,0,0,0,240,299,./Cleaned-Dataset/Webshell/d1b7b311a7ffffebf51437d7cd97dc65.php,webshell
1,0,6,5,5,5,5,0,0,0,0,0,17,21,0,2,2,0,0,0,0,985,3354,./Cleaned-Dataset/Webshell/d1c69bb152645438440e6c903bac16b2.php,webshell
6,0,4,5,2,2,1,0,3,0,0,0,0,269,0,0,2,2,0,0,0,2178,7760,./Cleaned-Dataset/Webshell/d1ed3b0ed9f45c0d7a6d128ed31d23e2.php,webshell
0,0,0,0,0,0,0,0,1,0,0,0,2,0,0,0,0,0,0,1,0,8,39,./Cleaned-Dataset/Webshell/d1faec2de3c679fda846206f3188be7e.php,webshell
0,0,0,0,0,0,0,0,0,0,0,0,0,0,0,0,0,0,0,0,0,20,353,./Cleaned-Dataset/Webshell/d200f521ece0e7f8bfdc0943b9221fee.php,webshell
1,0,0,0,0,0,0,0,0,0,0,0,0,0,1,0,0,0,0,0,0,0,8,./Cleaned-Dataset/Webshell/d201d61510f7889f1a47257d52b15fa2.php,webshell
0,0,4,0,0,0,0,0,2,0,0,0,0,0,2,0,0,0,0,0,0,12,46,./Cleaned-Dataset/Webshell/d21c9d8bfc27ae866d38764921c9fe6a.php,webshell
0,0,0,0,0,0,0,1,0,0,0,0,0,0,0,0,0,0,0,0,0,9,140,./Cleaned-Dataset/Webshell/d2376adafe0dd0e90737bc6013df91c0.php,webshell
5,0,3,4,2,2,1,0,6,0,0,0,0,287,0,55,3,2,0,0,0,1963,7777,./Cleaned-Dataset/Webshell/d2396f06014495631897689b5af4605c.php,webshell
1,0,13,15,11,11,11,0,0,0,0,0,6,53,0,0,2,1,0,0,0,969,4284,./Cleaned-Dataset/Webshell/d240732ff4a6edf733538544f854fe05.php,webshell
0,1,0,0,0,0,0,0,0,0,0,0,0,0,1,0,0,0,0,0,0,3,27,./Cleaned-Dataset/Webshell/d24efe9fa31fe74d096d17c7159c4f29.php,webshell
0,0,0,0,0,0,0,0,0,0,0,0,0,1,0,0,0,0,0,0,0,3,11,./Cleaned-Dataset/Webshell/d25eaa144213440a78229b4000a70490.php,webshell
7,0,3,2,2,2,1,0,3,0,0,0,7,213,0,0,0,3,0,0,0,1701,5566,./Cleaned-Dataset/Webshell/d2623b6e22e7bbce884347cb781540aa.php,webshell
1,0,0,0,0,0,0,0,1,1,0,0,0,0,0,0,0,0,0,0,0,4,13,./Cleaned-Dataset/Webshell/d27292895da9afa5b60b9d3014f39294.php,webshell
3,0,0,0,0,0,0,0,4,0,0,0,0,0,3,0,0,0,0,0,0,38,249,./Cleaned-Dataset/Webshell/d273bcba24cb858b061018fab85b2a16.php,webshell
0,0,1,9,0,1,0,0,6,0,0,0,0,0,0,0,0,0,0,0,0,415,1163,./Cleaned-Dataset/Webshell/d28445de424594a5f14d0fe2a7c4e94f.php,webshell
7,0,3,3,2,2,1,0,1,0,0,0,8,368,0,11,0,3,0,0,0,2917,9144,./Cleaned-Dataset/Webshell/d2ade54c28c73f261a31fd10b174c07d.php,webshell
0,0,0,0,0,0,0,0,0,0,0,0,1,0,0,0,0,0,0,0,0,1,16,./Cleaned-Dataset/Webshell/d2b69c0ccdd58fa12f2121ac0b7972f1.php,webshell
0,0,0,1,0,0,0,0,0,0,0,0,0,0,1,0,0,0,0,0,0,0,11,./Cleaned-Dataset/Webshell/d2e4c74d6a2e9a0df5f171c08426a22c.php,webshell
1,0,8,9,6,6,6,0,0,0,0,0,20,104,0,2,2,0,0,0,0,1408,4663,./Cleaned-Dataset/Webshell/d2f56c95575b5d27aad53e6122313dbb.php,webshell
1,0,13,15,11,11,11,0,0,0,0,0,6,53,0,0,2,1,0,0,0,978,4323,./Cleaned-Dataset/Webshell/d3206e649aa75e49b6337494ba8df392.php,webshell
0,0,2,0,0,0,0,0,0,0,0,0,1,0,0,0,0,0,0,0,0,10,58,./Cleaned-Dataset/Webshell/d3376e259d0db3b555f245a97a05d49f.php,webshell
1,0,0,0,0,0,0,0,0,0,0,0,0,1,0,0,0,0,0,0,0,1,6,./Cleaned-Dataset/Webshell/d3524e6e9c7af1355111994120cace37.php,webshell
0,0,0,0,0,0,0,0,0,0,0,0,0,1,0,0,0,0,0,0,0,15,9,./Cleaned-Dataset/Webshell/d36984e54024b065e55200b6238fbe2b.php,webshell
1,0,0,0,0,0,0,0,1,0,0,0,0,0,0,0,0,0,0,0,0,1,14,./Cleaned-Dataset/Webshell/d37542908d659d3fda7966f11d06f751.php,webshell
0,0,0,0,0,0,0,0,0,0,0,0,0,0,0,0,0,0,0,0,0,84,182,./Cleaned-Dataset/Webshell/d375846183d08a5841d262d13aecef3a.php,webshell
1,0,0,0,0,0,0,0,0,0,0,0,0,1,0,0,0,0,0,0,0,1,13,./Cleaned-Dataset/Webshell/d37860b3daecffd4cfa132435ad4a844.php,webshell
0,0,0,0,0,0,0,0,0,0,0,0,0,0,0,0,0,0,0,0,0,16,341,./Cleaned-Dataset/Webshell/d37d7a42f0bb2d57992030342a7df265.php,webshell
0,1,0,0,0,0,0,0,0,0,0,0,1,1,0,0,0,0,0,0,0,3,17,./Cleaned-Dataset/Webshell/d38920b1f6aa9bcc976df1f350e5963f.php,webshell
0,0,0,0,0,0,0,0,0,0,0,0,0,2,2,0,0,0,0,0,0,0,121,./Cleaned-Dataset/Webshell/d3914a915c2cede57dc0aaf8d168f79a.php,webshell
1,0,0,0,0,0,0,0,0,0,0,0,0,0,0,0,0,0,0,0,0,1,10,./Cleaned-Dataset/Webshell/d3cdbbcf35778750b773264f1c0995a8.php,webshell
14,0,14,11,6,9,8,0,11,0,0,0,1,41,4,1,2,2,0,0,0,4142,14516,./Cleaned-Dataset/Webshell/d3daadf8e76ac2a98814394caba0d73d.php,webshell
1,0,0,0,0,0,0,0,1,0,0,0,0,0,0,0,0,0,0,0,0,468,1050,./Cleaned-Dataset/Webshell/d3eeab7369b69c7473bb1734f17fc984.php,webshell
10,0,4,0,0,0,0,0,6,0,0,0,1,0,0,1,0,3,0,0,0,3145,9818,./Cleaned-Dataset/Webshell/d3f38a6dc54a73d304932d9227a739ec.php,webshell
1,0,0,0,0,0,0,0,1,0,0,0,0,4,0,0,0,0,0,0,0,16,80,./Cleaned-Dataset/Webshell/d409f3d634673ebf84244617cbffcc86.php,webshell
13,0,7,4,4,4,4,0,9,0,0,0,3,3,4,2,2,2,0,0,0,4072,13996,./Cleaned-Dataset/Webshell/d42faa5ce099000d3f19c2bcdb153be9.php,webshell
1,0,1,0,0,0,0,0,0,0,0,0,0,0,0,0,0,2,0,0,0,3,13,./Cleaned-Dataset/Webshell/d460998f351ad7494285fa50c5c37879.php,webshell
0,0,0,2,0,0,0,0,6,0,0,0,7,52,7,0,2,0,0,1,0,1566,4494,./Cleaned-Dataset/Webshell/d46ff1b7bce8087ac78d08e618398d6e.php,webshell
0,0,0,0,0,0,0,0,0,0,0,0,0,0,0,0,0,0,0,0,0,23,305,./Cleaned-Dataset/Webshell/d481f9f91aeeee3ab9d5f26e4fef647f.php,webshell
0,0,0,0,0,0,0,0,0,0,0,0,0,4,0,0,0,0,0,0,0,25,63,./Cleaned-Dataset/Webshell/d48adb1139dd1b0424a9048b11c017ac.php,webshell
1,0,0,0,0,0,0,0,0,0,0,0,0,0,0,0,0,0,0,0,0,17,58,./Cleaned-Dataset/Webshell/d4aa800a680988d87137aaaee9195ec6.php,webshell
5,0,2,4,2,2,1,0,2,0,0,0,0,246,0,0,2,2,0,0,0,1632,6641,./Cleaned-Dataset/Webshell/d4b0f698a9be04bec4b28ee983c7cbbe.php,webshell
0,0,0,0,0,0,0,0,0,0,0,0,0,0,2,0,0,0,0,0,0,4,25,./Cleaned-Dataset/Webshell/d4b1fa5facefcd901a3deaf12365a856.php,webshell
1,0,0,0,0,0,0,0,0,0,0,0,0,0,0,0,0,0,0,0,0,49,119,./Cleaned-Dataset/Webshell/d4bc4a8c21093af16fd6dee8a6bb85ad.php,webshell
0,0,5,8,0,0,0,0,0,0,0,0,0,0,0,0,0,1,0,0,0,187,982,./Cleaned-Dataset/Webshell/d4c247204240d67ddd6e8e7502b711a7.php,webshell
0,0,0,0,1,0,0,0,0,0,0,0,1,0,1,0,7,0,0,0,0,49,127,./Cleaned-Dataset/Webshell/d4c5b90f9b4926845cf0630fbbae60ee.php,webshell
1,0,0,0,0,0,0,0,1,0,0,0,0,0,0,0,0,0,0,0,0,1616,62,./Cleaned-Dataset/Webshell/d4e284d2d10d72c9fd8605a23d1280af.php,webshell
0,0,0,2,0,0,0,0,6,0,0,0,7,52,7,0,2,0,0,1,0,2364,5018,./Cleaned-Dataset/Webshell/d4f56e901e1f6106c29be80e5f360a1d.php,webshell
0,1,0,0,0,0,0,0,0,0,0,0,0,0,1,0,0,0,0,0,0,2,27,./Cleaned-Dataset/Webshell/d51ebb152edecc56e46d2eab9f0a1337.php,webshell
0,0,0,0,0,0,0,0,0,0,0,0,0,2,0,0,0,2,0,0,0,2,12,./Cleaned-Dataset/Webshell/d52f0beb76ea11aafd93ec85635efd5b.php,webshell
1,0,0,0,0,0,0,0,1,1,0,0,0,0,0,0,0,0,0,0,0,4,16,./Cleaned-Dataset/Webshell/d539eefaf258fdf80652e503d4cfad3f.php,webshell
0,0,4,6,2,2,0,0,3,0,0,0,54,61,0,0,6,0,0,0,0,1858,6129,./Cleaned-Dataset/Webshell/d5624a34e5757a61ae0080279c66e4d5.php,webshell
0,1,0,0,0,0,0,0,0,0,0,0,0,0,1,0,0,0,0,0,0,3,13,./Cleaned-Dataset/Webshell/d573c1937950b24abe2527be1d6f8176.php,webshell
1,0,0,0,0,0,0,0,1,1,0,0,0,0,0,0,0,0,0,0,0,0,7,./Cleaned-Dataset/Webshell/d5ac783eeea63c90f01ba79ee32c7475.php,webshell
0,0,0,0,0,0,0,0,0,0,0,0,0,1,0,0,3,0,0,0,0,14,63,./Cleaned-Dataset/Webshell/d5c2517adda943112e0b98dd974be28c.php,webshell
0,0,0,0,0,0,0,0,0,0,0,0,0,0,0,0,0,0,0,0,0,4,9,./Cleaned-Dataset/Webshell/d5c3e419e7958852218777b7b1242f24.php,webshell
0,1,0,0,0,0,0,0,0,0,0,0,0,1,0,0,0,0,0,0,0,2,11,./Cleaned-Dataset/Webshell/d5e97f3a56a7061c301163e4baf7b3bb.php,webshell
0,0,0,0,0,0,0,0,0,0,0,0,0,0,0,0,0,0,0,0,0,11,26,./Cleaned-Dataset/Webshell/d5f43bb62771751f5b4f0fe0c203e656.php,webshell
0,0,0,0,0,0,0,0,0,0,0,0,9,0,0,0,0,0,0,0,0,32,124,./Cleaned-Dataset/Webshell/d5f4f18cb4f322aba0cae3597b61ff99.php,webshell
0,0,0,0,0,0,3,0,0,0,0,0,15,30,0,0,0,0,0,0,0,531,2757,./Cleaned-Dataset/Webshell/d60c0b4593ed9f4594a2f240e63a842c.php,webshell
0,0,0,0,0,0,0,0,0,0,0,0,0,0,0,2,0,0,0,0,0,158,1966,./Cleaned-Dataset/Webshell/d627c8788b1541a9f17fca816feb3794.php,webshell
0,0,0,0,0,0,0,0,1,0,0,0,2,0,0,0,0,0,0,1,0,8,39,./Cleaned-Dataset/Webshell/d63fc77942a4a7a191a651907bb8a314.php,webshell
12,0,6,3,0,3,1,0,8,0,0,0,7,3,7,2,0,2,0,0,0,4144,14436,./Cleaned-Dataset/Webshell/d66d98c87a3cf6039fc78f3dcac96339.php,webshell
0,0,0,0,0,0,0,0,0,0,0,0,0,0,0,0,0,0,0,0,0,16,341,./Cleaned-Dataset/Webshell/d67225824ae1da7a6ef0d6f80949f1cf.php,webshell
0,0,0,0,0,0,0,0,0,0,0,0,0,0,0,0,0,0,0,0,0,1,1,./Cleaned-Dataset/Webshell/d6be42723d40bd031612032e79633a24.php,webshell
9,0,6,16,2,2,1,1,8,1,0,0,129,241,0,8,13,0,0,0,0,2715,9152,./Cleaned-Dataset/Webshell/d6e0078bef78735e76a0835f0b764fd9.php,webshell
0,0,0,0,0,0,0,0,1,0,0,0,0,1,0,0,0,0,0,0,0,2,11,./Cleaned-Dataset/Webshell/d6e431e7a96c2f73d091cc2575d3903c.php,webshell
0,0,0,0,0,0,0,0,0,0,0,0,0,0,0,0,0,0,0,0,0,30,197,./Cleaned-Dataset/Webshell/d6ebc9b44a441a0870d8e7d6e99a1928.php,webshell
1,0,0,0,0,0,0,0,1,0,0,0,3,1,0,0,0,0,0,0,0,5,25,./Cleaned-Dataset/Webshell/d6f03c74e13326e92b7f2921748bd6c5.php,webshell
1,0,0,0,0,0,0,0,1,1,0,1,0,0,0,0,0,0,0,0,0,1,9,./Cleaned-Dataset/Webshell/d6f06f6af30838dd72593bd5ec513b89.php,webshell
5,0,0,0,0,0,0,0,0,0,0,0,3,1,0,2,0,0,0,1,0,457,2096,./Cleaned-Dataset/Webshell/d707bbfaf2fa738781ef475aab8e0801.php,webshell
0,4,0,0,0,0,0,0,1,0,0,0,0,7,0,0,0,0,0,0,0,16,115,./Cleaned-Dataset/Webshell/d70be3ecc25033d53b23e9221bda1ca0.php,webshell
4,0,3,4,2,2,1,0,4,0,0,0,0,216,0,0,2,2,0,0,0,1480,5822,./Cleaned-Dataset/Webshell/d72d8d690134727e3681ec343af8c2f4.php,webshell
5,0,8,33,3,3,3,3,2,0,0,0,4,3,401,5,7,7,0,0,0,3054,11905,./Cleaned-Dataset/Webshell/d73444d7acca0fe0304ae0a601e91446.php,webshell
0,0,0,0,0,0,0,0,0,0,0,0,0,0,0,0,0,0,0,0,0,19,350,./Cleaned-Dataset/Webshell/d73878fb09e496908535bc19b1b9aa74.php,webshell
3,0,8,12,3,3,1,1,2,0,0,0,4,3,269,5,5,4,0,0,0,2197,8769,./Cleaned-Dataset/Webshell/d76dc20a4017191216a0315b7286056f.php,webshell
0,0,1,0,0,0,0,0,0,0,0,0,1,4,0,0,0,0,0,0,0,22,53,./Cleaned-Dataset/Webshell/d7a4b0df45d34888d5a09f745e85733f.php,webshell
1,0,0,0,0,0,0,0,1,1,0,0,0,0,0,0,0,0,0,0,0,2,9,./Cleaned-Dataset/Webshell/d7b955b73a3d24c39d43ceb0b597f87d.php,webshell
10,0,3,3,3,5,3,0,4,0,0,0,5,65,0,0,2,1,0,0,0,606,1825,./Cleaned-Dataset/Webshell/d7ba398e7d7482b96fd6a90aff2be181.php,webshell
5,0,9,11,6,6,6,6,3,2,0,0,28,128,0,2,2,0,0,0,0,1814,5849,./Cleaned-Dataset/Webshell/d7d8a1cf272da5349880e999d1875c2d.php,webshell
0,0,1,1,1,0,0,0,0,0,0,0,2,6,0,0,0,1,0,0,0,742,2218,./Cleaned-Dataset/Webshell/d7f42d446c52591e0760e5760c33080f.php,webshell
1,0,0,0,0,0,0,0,1,1,0,0,0,0,0,0,0,0,0,0,0,2,13,./Cleaned-Dataset/Webshell/d7fe021a3c65b479107291894c2a392c.php,webshell
1,0,0,0,0,0,0,0,0,0,0,0,0,0,1,0,0,0,0,0,0,1,6,./Cleaned-Dataset/Webshell/d80cdff9ba7b390515a9b927caa466b6.php,webshell
0,0,0,0,0,0,0,0,0,0,0,0,0,0,0,0,0,0,0,0,0,57,143,./Cleaned-Dataset/Webshell/d82228697b61af08533bcf7096b85722.php,webshell
1,0,0,0,0,0,0,0,1,0,0,0,0,0,0,0,0,0,0,0,0,0,5,./Cleaned-Dataset/Webshell/d8398a16681b91fe25294ddba8cf1308.php,webshell
1,0,0,0,0,0,0,0,1,0,0,0,0,0,0,0,0,1,1,0,2,16,81,./Cleaned-Dataset/Webshell/d84c056e863189c6c9e3cabe2815a9da.php,webshell
2,0,0,0,0,0,0,0,0,0,0,0,0,1,0,0,0,0,0,0,0,4,14,./Cleaned-Dataset/Webshell/d86b024037d65bbc0c97bc7999b8d9be.php,webshell
0,0,0,0,0,0,0,0,0,0,0,0,0,0,0,0,0,0,0,0,0,1,1,./Cleaned-Dataset/Webshell/d86d644c909e1ce85f4c92122fd270e5.php,webshell
1,0,0,0,0,0,0,0,0,0,0,0,0,0,0,0,0,0,0,0,0,1,5,./Cleaned-Dataset/Webshell/d87b019e74064aa90e2bb143e5e16cfa.php,webshell
1,0,0,0,0,0,0,0,0,0,0,0,0,1,0,0,0,0,0,0,0,1,127,./Cleaned-Dataset/Webshell/d87f18e9e4f88fe9480e7fe6a4e70b3d.php,webshell
11,0,3,3,0,3,1,0,7,0,0,0,3,3,7,2,0,2,0,0,0,4020,14290,./Cleaned-Dataset/Webshell/d88875a4bf403defcf8fa5a5bee6b37f.php,webshell
1,0,0,0,0,0,0,0,1,0,0,0,0,0,0,0,0,0,0,0,0,15,16,./Cleaned-Dataset/Webshell/d89efa4983370a0bfec8bcdc2097db75.php,webshell
10,0,4,0,0,0,0,0,6,0,0,0,1,0,0,1,0,3,0,0,0,3132,9749,./Cleaned-Dataset/Webshell/d8ae5819a0a2349ec552cbcf3a62c975.php,webshell
0,0,0,0,0,0,0,0,0,0,0,0,0,0,0,0,0,0,0,0,0,59,18715,./Cleaned-Dataset/Webshell/d8aecf7ce22f667a9d58cc281b73f250.php,webshell
0,0,0,0,0,0,0,0,0,0,0,0,0,0,0,0,0,0,0,0,0,116,682,./Cleaned-Dataset/Webshell/d8c14b360d2b09c18a24cc43c0766b18.php,webshell
1,0,0,0,0,0,0,0,1,1,0,0,0,4,0,0,0,0,0,0,0,22,144,./Cleaned-Dataset/Webshell/d8e9028872e670f0ba18b994ee784c80.php,webshell
0,0,0,0,0,0,0,0,0,0,0,0,0,10,0,0,0,0,0,0,0,63,176,./Cleaned-Dataset/Webshell/d905d2d696dec14786b92b46d6ad2ab3.php,webshell
0,0,0,1,0,0,0,0,0,0,0,0,1,0,0,0,0,0,0,0,0,1,9,./Cleaned-Dataset/Webshell/d9133e117c6d6f37c5a8f09808f024f0.php,webshell
1,0,2,3,2,0,0,0,0,0,0,0,0,10,0,0,4,0,0,0,0,171,522,./Cleaned-Dataset/Webshell/d9137248716550f3c75ce7eea18935c5.php,webshell
0,0,0,5,0,0,0,0,0,0,0,0,61,14,18,0,3,0,0,1,0,1644,6616,./Cleaned-Dataset/Webshell/d91f4ac6939e743225416a2649005e62.php,webshell
0,0,0,0,0,0,0,0,0,0,0,0,2,0,0,0,0,0,0,0,0,34,103,./Cleaned-Dataset/Webshell/d921159a8c62a4a910bcd4202a12e2c2.php,webshell
1,0,0,0,0,0,0,0,0,0,0,0,0,0,0,0,0,0,0,0,0,1,10,./Cleaned-Dataset/Webshell/d92ac8f5704fd94c96bd2487ffa56f27.php,webshell
0,0,0,0,0,0,0,0,0,0,0,0,0,2,0,0,0,0,0,0,0,7,42,./Cleaned-Dataset/Webshell/d942145f5e4447ea03911ce52749c671.php,webshell
0,0,0,0,0,0,0,0,0,1,0,0,0,4,0,2,0,0,0,0,0,51,616,./Cleaned-Dataset/Webshell/d95923ea561dca34d4edd2443efa9989.php,webshell
0,0,0,0,0,0,0,0,0,0,0,0,0,0,0,0,0,0,0,0,0,18,47,./Cleaned-Dataset/Webshell/d9647e41366232fdba4960fa1141f5f6.php,webshell
0,0,0,0,0,0,0,0,0,0,0,0,0,0,0,0,0,0,0,0,0,7,5462,./Cleaned-Dataset/Webshell/d97aa8933c6c82ff113b6462f8ea243f.php,webshell
0,0,0,0,0,0,0,0,0,0,0,0,0,0,0,0,0,0,0,0,0,7,5462,./Cleaned-Dataset/Webshell/d97aa8933c6c82ff113b6462f8ea243f_1.php,webshell
0,0,0,0,0,0,0,0,0,0,0,0,0,0,0,0,0,0,0,0,0,16,41,./Cleaned-Dataset/Webshell/d98705a84d405681fc8a84893a64a867.php,webshell
1,0,1,0,0,0,0,0,0,0,0,0,0,0,0,0,0,0,0,0,0,186,382,./Cleaned-Dataset/Webshell/d9acefc40748df4a8dc062fd2627bd69.php,webshell
1,0,0,0,0,0,0,0,0,0,0,0,0,1,0,1,0,0,0,0,0,439,2469,./Cleaned-Dataset/Webshell/d9b987c4e8d135b86f3d1d0a19187683.php,webshell
1,0,1,0,0,0,0,0,1,0,1,0,0,0,0,0,0,0,0,0,0,10,35,./Cleaned-Dataset/Webshell/d9c087b9afef970361fe61ae918d1388.php,webshell
0,0,0,0,0,0,0,0,0,0,0,0,0,0,0,0,0,0,0,0,0,20,30,./Cleaned-Dataset/Webshell/d9c6ac9a9c8f7a4141ca94e255cc3942.php,webshell
0,0,0,0,0,0,0,0,1,0,0,0,0,1,0,0,0,0,0,0,0,4,21,./Cleaned-Dataset/Webshell/d9c7aa8a301a60dab17510ef94670580.php,webshell
0,0,0,0,0,0,0,0,0,0,0,0,1,0,0,0,0,1,0,0,0,1,9,./Cleaned-Dataset/Webshell/d9c7fd93f35ee8b8ab5644712f8fa329.php,webshell
10,0,6,3,0,3,1,0,2,0,0,0,0,69,4,2,0,1,0,0,0,3500,14371,./Cleaned-Dataset/Webshell/d9e1a24f7b7cd91bc3aedddbe7f68b1f.php,webshell
0,0,0,0,0,0,0,0,108,0,0,0,3,0,5,14,0,0,1,0,0,3020,7399,./Cleaned-Dataset/Webshell/d9e21e71aa4a5f58dfe69972c99a243a.php,webshell
1,0,0,0,0,0,0,0,0,0,0,0,0,0,0,0,0,0,0,0,0,1,10,./Cleaned-Dataset/Webshell/d9fc1a7d472b60d124c582664777265a.php,webshell
0,0,0,0,0,0,0,0,0,0,0,0,4,0,0,0,0,0,0,1,0,10,52,./Cleaned-Dataset/Webshell/da075aaaf02eb8d8bf57a71307ec8c42.php,webshell
1,0,0,0,0,0,0,0,1,1,0,2,0,0,0,0,0,0,0,0,0,4,24,./Cleaned-Dataset/Webshell/da164124099d2802f82c2f4e66d407af.php,webshell
0,0,0,0,0,0,0,0,0,0,0,0,0,5,0,0,0,0,0,0,0,22,134,./Cleaned-Dataset/Webshell/da1bedfb56b91d2bd6f99d033cf239c1.php,webshell
0,0,0,0,0,0,0,0,0,0,0,0,0,0,0,0,0,0,0,0,0,17,344,./Cleaned-Dataset/Webshell/da44f81752967231c3335f4b0084fc9e.php,webshell
1,0,0,0,2,0,0,0,3,0,0,0,15,29,0,1,2,0,0,1,4,1004,3431,./Cleaned-Dataset/Webshell/da4f865d7835fc4bc5f906274c92d81f.php,webshell
0,0,0,0,0,0,0,0,0,0,0,0,0,0,0,0,0,0,0,0,0,18,347,./Cleaned-Dataset/Webshell/da690c581a8f49c5ccde52f6082ea674.php,webshell
0,0,0,0,0,0,0,3,0,0,0,0,0,0,0,0,0,0,0,1,0,26,366,./Cleaned-Dataset/Webshell/da6fef43c101edf4c0293b6b74fa1d5c.php,webshell
20,1,21,22,19,19,19,0,14,0,0,5,267,261,87,0,18,6,4,4,4,3823,13317,./Cleaned-Dataset/Webshell/da7bcbe65dd843fba64bbf077bb63ca3.php,webshell
0,0,0,0,0,0,0,0,0,0,0,0,0,0,1,0,0,0,0,0,0,2,17,./Cleaned-Dataset/Webshell/da7cde1f57cc1d1722db75e7769db857.php,webshell
2,0,6,4,12,2,0,0,3,1,0,0,47,69,0,0,3,21,0,1,0,2083,5713,./Cleaned-Dataset/Webshell/da92803aed2950898eb3bee4fda20818.php,webshell
5,0,4,5,2,2,1,0,2,0,0,0,0,269,0,0,2,2,0,0,0,2177,7752,./Cleaned-Dataset/Webshell/daab57846ab4a4a4ab7a7e42f493b6ec.php,webshell
0,0,0,0,0,0,0,0,0,0,0,0,1,2,1,0,0,0,0,0,0,7,34,./Cleaned-Dataset/Webshell/daaca9cb9c541c14f5edbedf3f45dde3.php,webshell
1,0,7,2,2,2,1,0,5,0,0,0,1,53,0,0,2,1,0,0,0,601,2442,./Cleaned-Dataset/Webshell/dae2161e34b971da3a5be0df560204e2.php,webshell
1,1,0,0,0,0,0,0,0,0,0,0,2,0,0,0,0,0,0,0,0,12,38,./Cleaned-Dataset/Webshell/dae6cec7540c4e9f6049ed1ee190a60a.php,webshell
1,0,0,0,0,0,0,0,0,0,0,0,0,2,0,0,0,0,0,0,0,3,53,./Cleaned-Dataset/Webshell/daebca0b10e51c9708eee0d0ac31c570.php,webshell
1,0,0,0,0,0,0,1,1,0,0,0,0,0,16,0,0,0,0,0,0,80,534,./Cleaned-Dataset/Webshell/daf96b3f2e68f51e190c14725f28949d.php,webshell
1,0,0,0,0,0,0,0,1,0,0,0,1,0,0,0,2,0,0,0,0,5,40,./Cleaned-Dataset/Webshell/db034214d1cbeccf713989955b7892d8.php,webshell
0,0,4,2,2,2,1,0,0,0,0,0,1,27,0,0,0,0,0,0,0,476,2092,./Cleaned-Dataset/Webshell/db23f0c7e1c5bb5e145d375aa1b2d320.php,webshell
11,0,6,3,0,3,1,0,7,0,0,0,7,3,7,2,0,2,0,0,0,4162,14600,./Cleaned-Dataset/Webshell/db3121cd98c49ef6114cc60f2fea32a1.php,webshell
13,0,2,2,2,2,2,2,6,4,0,0,0,0,162,47,3,0,0,0,0,2733,11797,./Cleaned-Dataset/Webshell/db4db6334987e6512668eecaf704e4cf.php,webshell
1,0,0,0,0,0,0,0,1,0,0,0,2,2,0,0,0,0,0,0,0,40,291,./Cleaned-Dataset/Webshell/db511ce3f3d2706d9608af53a2d560fc.php,webshell
0,0,0,0,0,0,0,0,0,0,0,0,0,0,0,0,0,0,0,0,0,19,350,./Cleaned-Dataset/Webshell/db58eefa16a9b9619182cb0d00ce5974.php,webshell
1,0,6,6,2,2,1,0,1,0,0,0,0,152,0,0,2,2,0,1,0,1507,6063,./Cleaned-Dataset/Webshell/db5bfa9aaa78dbcdbc130d17cad81b31.php,webshell
0,0,0,0,0,0,0,0,0,0,0,0,0,0,0,1,0,0,0,0,0,30,60,./Cleaned-Dataset/Webshell/db6721612aa509e2a0dfed719a19622f.php,webshell
10,0,10,0,0,1,0,2,22,0,0,0,3,1,2,0,3,0,0,0,0,427,2305,./Cleaned-Dataset/Webshell/db6ce2694dad52c47caf518a07a10f05.php,webshell
0,0,0,0,0,0,0,0,0,0,0,0,0,2,0,0,0,0,0,0,0,7,42,./Cleaned-Dataset/Webshell/db77cad200c0c342abd56a62d699c598.php,webshell
0,0,0,0,0,0,0,0,0,0,0,0,0,0,0,0,0,0,0,0,0,17,498,./Cleaned-Dataset/Webshell/db88de19195798b7b11e78a61e0f72fb.php,webshell
1,0,0,0,0,0,0,0,0,0,0,0,0,1,0,0,0,0,0,0,0,2,17,./Cleaned-Dataset/Webshell/db98cb76d5a402bd58973dc96781996f.php,webshell
10,0,6,16,2,2,1,1,8,1,0,0,130,240,0,8,13,0,0,0,0,2742,9198,./Cleaned-Dataset/Webshell/dbb32f96d32d6faf07db01f61143a304.php,webshell
1,0,0,0,0,0,0,0,0,0,0,0,0,0,0,0,0,0,0,0,0,49,119,./Cleaned-Dataset/Webshell/dbb53840121787818a3f563589d2f814.php,webshell
11,0,6,3,0,3,1,0,7,0,0,0,7,3,7,2,0,2,0,0,0,4138,14443,./Cleaned-Dataset/Webshell/dbc6abfb0ed05529166aac006053b95a.php,webshell
10,0,0,0,0,0,0,0,0,0,0,0,0,42,0,0,2,0,0,0,0,430,1805,./Cleaned-Dataset/Webshell/dbf6ef2ded67b76fcb03eec004ac06fa.php,webshell
0,0,0,0,0,0,0,0,0,0,0,0,0,3,0,0,0,1,0,0,0,16,107,./Cleaned-Dataset/Webshell/dc080f33624127245d2642242e8e1eaf.php,webshell
0,1,0,0,0,0,0,0,0,0,0,0,1,1,0,0,0,0,0,0,0,1,14,./Cleaned-Dataset/Webshell/dc2bca9ccdb15bd06bbf9b684adceebe.php,webshell
0,0,0,0,0,0,0,0,0,0,0,0,0,0,0,0,0,0,0,0,0,135,151,./Cleaned-Dataset/Webshell/dc5c2c2392b84a1529abd92e98e9aa5b.php,webshell
0,0,0,0,0,0,0,0,0,0,0,0,0,0,0,0,0,0,0,0,0,12,23,./Cleaned-Dataset/Webshell/dc68f879cbbca55202642848532c64cc.php,webshell
14,0,3,4,3,3,3,3,2,1,0,0,0,2,0,3,1,0,0,0,0,3249,19705,./Cleaned-Dataset/Webshell/dccdb53f6c262df830698664fca288f0.php,webshell
7,0,2,5,2,2,1,0,5,1,0,0,118,198,0,8,13,0,0,0,0,2399,8022,./Cleaned-Dataset/Webshell/dcd4b1c4ec892fbf984468225529e6f2.php,webshell
3,0,0,0,0,0,0,0,1,0,0,0,1,1,0,0,0,0,0,0,0,4,22,./Cleaned-Dataset/Webshell/dcdb3fc3e1d9310a76d900af58f68df0.php,webshell
0,0,0,0,0,0,0,0,0,0,0,0,0,0,0,0,0,0,0,0,0,7,71,./Cleaned-Dataset/Webshell/dcf3bb799ba9b2aa5349e8b678fd2f8b.php,webshell
0,0,0,0,0,0,0,0,0,0,0,0,0,1,0,0,0,0,0,0,0,5,11,./Cleaned-Dataset/Webshell/dd0119bedd81e84fd0144463996c83cd.php,webshell
10,0,6,16,2,2,1,1,8,1,0,0,129,240,0,8,13,0,0,0,0,2725,9145,./Cleaned-Dataset/Webshell/dd16a7ea7da89a7981cffae2855866ae.php,webshell
0,0,0,0,0,0,0,0,1,0,0,0,0,1,1,0,0,0,0,0,0,2,19,./Cleaned-Dataset/Webshell/dd1cf5bf5d40d168742a293d601f93e9.php,webshell
1,0,0,0,0,0,0,0,1,0,0,0,0,0,0,0,0,0,0,0,0,1,5,./Cleaned-Dataset/Webshell/dd351b1b23b059beefd5181e6c815e29.php,webshell
0,0,1,2,0,1,0,0,0,0,0,0,0,0,0,0,0,26,0,0,0,554,1474,./Cleaned-Dataset/Webshell/dd405bb426aff695b018bc89717e7a18.php,webshell
1,0,0,0,0,0,0,0,0,0,0,0,0,0,0,0,0,0,0,0,0,1,10,./Cleaned-Dataset/Webshell/dd5a37f5b0067dcab8975bbe9490600a.php,webshell
0,0,0,0,0,0,0,0,0,0,0,0,0,0,0,0,0,0,0,0,0,6,47,./Cleaned-Dataset/Webshell/dda0a5491da21413cb7171d506aaafbd.php,webshell
9,0,0,6,0,15,0,0,7,0,0,0,111,88,0,0,42,12,0,0,0,1366,6958,./Cleaned-Dataset/Webshell/ddaf9f1986d17284de83a17fe5f9fd94.php,webshell
10,0,14,9,9,7,8,0,2,0,0,0,3,3,143,0,0,1,0,0,0,1154,4297,./Cleaned-Dataset/Webshell/ddb461ab66036f3f22c71599c3708173.php,webshell
2,0,1,26,0,3,0,0,0,0,0,0,3,3,0,3,4,2,0,1,0,6389,19211,./Cleaned-Dataset/Webshell/ddb6621a3006daff355d8312b71d32b4.php,webshell
0,0,0,0,0,0,0,0,0,0,0,0,0,0,0,0,0,0,0,0,0,16,341,./Cleaned-Dataset/Webshell/ddb7d76c34158f6259d215a2b2621131.php,webshell
0,0,0,1,0,2,0,0,3,0,0,0,6,23,0,1,2,0,0,0,0,298,1404,./Cleaned-Dataset/Webshell/ddc515f35d9c8cbfdbed0d80346ef837.php,webshell
14,0,3,4,3,3,3,3,2,1,0,0,0,2,0,3,1,0,0,0,0,3249,19705,./Cleaned-Dataset/Webshell/ddf2b5fc9f0a5f29a6dece2f02affb87.php,webshell
1,0,0,0,0,0,0,0,1,1,0,0,0,0,0,0,0,0,0,0,0,14,42,./Cleaned-Dataset/Webshell/de0035526c978db798bc411cdeaf8fde.php,webshell
1,0,2,6,2,2,0,0,0,0,0,0,0,24,0,0,0,0,0,0,0,324,1237,./Cleaned-Dataset/Webshell/de0b7923a98c1e6a750222c2b5d5738d.php,webshell
3,0,0,0,0,0,0,0,4,0,0,0,0,0,3,0,0,0,0,0,0,38,249,./Cleaned-Dataset/Webshell/de404053a7f33585cd1ff655f62dec85.php,webshell
9,0,0,6,0,15,0,0,7,0,0,0,111,88,0,0,42,12,0,0,0,1366,6959,./Cleaned-Dataset/Webshell/de4952ceabaee6db5bfbc708700d6ddd.php,webshell
1,0,0,0,0,0,0,0,1,0,1,0,0,0,0,0,0,0,0,0,0,3,48,./Cleaned-Dataset/Webshell/de4eceb84a2b89537c34e1da6e71d1db.php,webshell
0,0,3,0,0,0,0,0,0,0,0,0,10,15,0,0,5,0,0,0,0,366,1049,./Cleaned-Dataset/Webshell/de66d18c88c438fe92b3d966f52244c6.php,webshell
0,0,0,0,0,0,0,0,0,0,0,0,0,0,0,0,0,0,0,0,0,51,150,./Cleaned-Dataset/Webshell/de6b515901ebae927c8453979c7756da.php,webshell
0,0,2,5,0,0,0,0,1,0,0,0,14,4,22,0,0,0,0,0,0,736,2839,./Cleaned-Dataset/Webshell/de73c85512f59a7d4b16dd338cef49ee.php,webshell
0,0,0,0,0,0,0,0,0,0,0,0,0,40,47,2,3,0,0,0,0,1252,4574,./Cleaned-Dataset/Webshell/de79a85f6ce08cc7881a95904ce84d80.php,webshell
0,0,0,0,0,0,0,0,0,0,0,0,0,0,0,0,0,0,0,0,0,222,1010,./Cleaned-Dataset/Webshell/de9455697f18d40f1a031fe2d50c65ee.php,webshell
0,0,0,0,0,0,1,0,0,0,0,0,0,6,0,0,2,0,0,0,0,55,151,./Cleaned-Dataset/Webshell/de9abc2e38420cad729648e93dfc6687.php,webshell
1,0,0,0,0,0,0,0,0,0,0,0,0,1,0,0,0,0,0,0,0,2,10,./Cleaned-Dataset/Webshell/deab7ea1c54657bb46f181f0ae0694d4.php,webshell
0,0,1,0,0,0,0,0,0,0,0,0,0,0,2,0,0,0,0,0,0,4,25,./Cleaned-Dataset/Webshell/deb6c49b8a8783352431356e4249f103.php,webshell
0,0,1,0,0,0,0,0,0,0,0,0,0,2,0,0,0,0,0,0,0,2,11,./Cleaned-Dataset/Webshell/debaeb4a288ee46544a94a6b6b491b2b.php,webshell
0,0,0,0,0,0,0,0,0,0,0,0,0,0,0,0,0,0,0,0,0,16,41,./Cleaned-Dataset/Webshell/debbf2afe49d81e9332a6e54ac4ac45c.php,webshell
0,0,0,0,0,0,0,0,0,0,0,0,0,0,4,0,0,0,0,0,0,40,187,./Cleaned-Dataset/Webshell/debf4a36f0a371229be20df60bc2347d.php,webshell
0,0,0,0,1,0,0,0,0,0,0,0,7,9,0,0,2,0,0,0,0,286,623,./Cleaned-Dataset/Webshell/dec0e5851889e04800c41141d23affbc.php,webshell
1,0,0,0,0,0,0,0,1,1,0,0,0,4,0,0,0,0,0,0,0,22,144,./Cleaned-Dataset/Webshell/ded52d8dd548e614b74a0b557568d316.php,webshell
2,0,0,0,0,0,0,0,1,1,0,0,0,0,0,0,0,0,0,0,0,14,49,./Cleaned-Dataset/Webshell/df02e942effc471756afd021836e0b41.php,webshell
0,0,0,0,3,0,0,0,2,0,0,0,4,4,0,0,3,0,0,0,0,72,375,./Cleaned-Dataset/Webshell/df0d8d1d291146ad3319ad6d651721da.php,webshell
0,0,0,0,0,0,0,0,1,0,0,0,2,0,0,0,0,0,0,0,0,71,61,./Cleaned-Dataset/Webshell/df2fd24e0cf8868cd7e75bdb0998392c.php,webshell
5,0,3,4,2,2,1,0,2,0,0,0,0,252,0,42,2,1,0,0,0,1657,6605,./Cleaned-Dataset/Webshell/df37c6b51abf35944e47634cf2d5648c.php,webshell
1,0,0,0,0,0,0,0,0,0,0,0,0,0,0,0,0,0,0,0,0,2,98,./Cleaned-Dataset/Webshell/df5157c5347488b2812ac9904c388c2a.php,webshell
0,0,0,0,0,0,0,0,0,0,0,0,2,0,0,0,0,0,0,0,0,0,16,./Cleaned-Dataset/Webshell/df52e60ec5ba68c4f88b8714d5d9092e.php,webshell
0,0,2,2,2,2,2,0,0,0,0,0,1,5,0,0,1,0,0,0,0,48,258,./Cleaned-Dataset/Webshell/df58dfb35f8ef8fd454250e2297d31ed.php,webshell
0,0,0,0,0,0,0,0,0,0,0,0,0,0,1,0,0,0,0,0,0,0,11,./Cleaned-Dataset/Webshell/df5fe2cf57eabe047ec73850ee3b1335.php,webshell
0,0,0,0,0,0,0,0,1,0,0,0,3,0,0,0,0,0,0,0,0,5,44,./Cleaned-Dataset/Webshell/df63cba025f26153a96822489cbf0456.php,webshell
1,0,0,0,0,0,0,0,1,0,0,0,0,0,0,0,0,0,0,0,0,5,8,./Cleaned-Dataset/Webshell/df73270ea65c4e17531a48806efc4897.php,webshell
0,0,0,0,0,0,0,0,0,0,0,0,0,2,0,0,0,0,0,0,0,12,71,./Cleaned-Dataset/Webshell/df7b0979e6538d76a093fe942add4d31.php,webshell
0,0,0,0,0,0,0,0,0,0,0,0,0,0,0,0,0,0,0,0,0,60,179,./Cleaned-Dataset/Webshell/df96e7e6711719a015223dbb97522554.php,webshell
1,0,1,0,0,0,0,0,0,0,0,0,0,0,0,0,0,0,0,0,0,186,382,./Cleaned-Dataset/Webshell/df9faa6f9320551ccb953c0f9565bec2.php,webshell
1,0,0,0,0,0,0,0,0,0,0,0,0,2,0,0,0,0,0,0,0,2,22,./Cleaned-Dataset/Webshell/dfa370618f648e1a0ee431ac449ae04f.php,webshell
4,0,3,4,2,2,1,0,4,0,0,0,0,217,0,0,2,2,0,1,0,1550,6083,./Cleaned-Dataset/Webshell/dfa75f62bf806d192b3d191824732140.php,webshell
14,0,17,9,9,5,7,2,6,0,0,0,67,652,27,17,0,12,0,1,2,7758,24122,./Cleaned-Dataset/Webshell/dfb4321ea9bca9baaa82791d0a6e8adb.php,webshell
11,0,9,0,0,0,0,0,3,0,0,0,0,0,0,0,0,0,0,0,0,2137,7282,./Cleaned-Dataset/Webshell/e0075c39dc310b545b27ba84e0ecf29f.php,webshell
1,0,8,9,6,6,6,0,0,0,0,0,20,104,0,2,2,0,0,0,0,1408,4649,./Cleaned-Dataset/Webshell/e0202adff532b28ef1ba206cf95962f2.php,webshell
0,0,0,0,0,0,0,0,0,0,0,0,0,0,1,1,0,0,0,0,0,9,38,./Cleaned-Dataset/Webshell/e03b5df1fa070675da8b6340ff4a67c2.php,webshell
0,0,0,0,0,0,0,0,0,0,0,0,0,0,0,0,0,0,0,0,0,17,344,./Cleaned-Dataset/Webshell/e0444d5ffea458d9b57cf61b8b00ec50.php,webshell
0,0,1,0,0,0,0,0,0,0,0,0,0,2,0,0,0,3,0,0,0,164,170,./Cleaned-Dataset/Webshell/e0823dee1f9ddf471773e5232e453eef.php,webshell
11,0,6,3,0,3,1,0,7,0,0,0,7,3,7,2,0,2,0,0,0,4162,14600,./Cleaned-Dataset/Webshell/e085de9996a4455d2d11b1614815aca9.php,webshell
7,0,2,6,2,2,1,4,4,0,0,0,0,3,0,2,3,1,0,0,0,2104,8424,./Cleaned-Dataset/Webshell/e092977974c578e31e6024d9ae6df8ed.php,webshell
14,0,17,9,9,5,7,2,6,0,0,0,67,652,27,17,0,12,0,1,2,7691,24122,./Cleaned-Dataset/Webshell/e0b2769279fcb2828f2ec4537897f212.php,webshell
1,0,0,0,0,0,0,0,1,1,0,1,0,0,0,0,0,0,0,0,0,1,9,./Cleaned-Dataset/Webshell/e0d3b34fbe71a77133951e0f0ff1de4b.php,webshell
0,0,0,0,0,0,0,0,0,0,0,0,0,0,4,0,0,0,0,0,0,27,326,./Cleaned-Dataset/Webshell/e0d514abac655dd36bf54f665f019c61.php,webshell
0,0,0,0,0,0,0,0,0,0,0,0,0,0,0,0,0,0,0,0,0,6,47,./Cleaned-Dataset/Webshell/e0e4dce4f2190f6677ef1ca24ee4ff70.php,webshell
3,0,8,12,3,3,1,1,2,0,0,0,4,3,269,5,5,4,0,0,0,2197,8769,./Cleaned-Dataset/Webshell/e0e948886936c1fb25a1f3f25350af5e.php,webshell
0,0,0,0,0,0,0,0,0,0,0,0,0,0,0,0,0,0,0,0,0,49,139,./Cleaned-Dataset/Webshell/e0efded8e3a23a28db2540d24ebaed3c.php,webshell
0,0,1,0,0,0,0,0,0,0,0,0,0,3,8,0,0,0,0,0,0,128,587,./Cleaned-Dataset/Webshell/e1025af8f7550461e642029741e89c83.php,webshell
0,0,0,0,0,0,0,0,0,0,0,0,0,0,2,1,0,0,0,0,0,40,403,./Cleaned-Dataset/Webshell/e1370dc8d2aacc4b9a82976133360dc6.php,webshell
0,0,1,0,0,0,0,0,0,0,0,0,0,8,0,0,0,4,0,0,0,239,315,./Cleaned-Dataset/Webshell/e147350a686e5cbe6a2cfc230d324aab.php,webshell
1,0,1,0,0,0,0,0,0,0,0,0,0,0,0,0,0,0,0,0,0,1,33,./Cleaned-Dataset/Webshell/e150f332b4dfb0b93b05b025a5a5fc82.php,webshell
1,0,0,0,0,0,0,0,1,1,0,0,0,0,0,0,0,0,0,0,0,1,8,./Cleaned-Dataset/Webshell/e153fc929a82e6d7267804b077504c45.php,webshell
1,0,0,0,0,0,0,0,0,0,0,0,0,0,0,0,0,0,0,0,0,5,17,./Cleaned-Dataset/Webshell/e1a4b4a98ae8cf3e914a93bdcf364c3c.php,webshell
1,0,0,0,0,0,0,0,1,0,1,0,0,0,0,0,0,0,0,0,0,4,12,./Cleaned-Dataset/Webshell/e1a816e171663a1443d3481982591f7c.php,webshell
0,0,1,0,0,0,0,0,0,0,0,0,0,3,8,0,0,0,0,0,0,128,587,./Cleaned-Dataset/Webshell/e1adda1f866367f52de001257b4d6c98.php,webshell
0,0,0,0,0,0,0,0,0,0,0,0,1,0,0,0,4,0,0,0,0,44,97,./Cleaned-Dataset/Webshell/e1c38b45874943b6470a7c969ff7c5cb.php,webshell
0,0,0,0,0,0,0,0,0,0,0,0,0,0,0,0,0,0,0,0,0,7,13,./Cleaned-Dataset/Webshell/e1cf45c58667ef78bd3bcf2038eaf035.php,webshell
1,0,0,0,0,0,0,0,0,0,0,0,0,0,0,0,0,0,0,0,0,2,83,./Cleaned-Dataset/Webshell/e1db2e3ad0a6fab2f9533cc82701fe40.php,webshell
3,0,7,29,3,3,3,3,2,0,0,0,4,3,331,5,7,7,0,0,0,1831,10354,./Cleaned-Dataset/Webshell/e1e6941b8f135e0b1f85770f529f2d93.php,webshell
1,0,0,0,0,0,0,0,1,0,0,0,1,3,0,0,0,0,0,0,0,5,40,./Cleaned-Dataset/Webshell/e1f48c9b69f14db81a56817e00280cf8.php,webshell
9,0,3,3,2,2,1,0,3,0,0,0,11,367,0,2,0,3,0,0,0,2816,9016,./Cleaned-Dataset/Webshell/e226542e877b1895ea75d8889036caab.php,webshell
5,0,8,12,6,6,6,6,2,2,0,0,30,164,0,2,4,0,0,0,0,2725,8919,./Cleaned-Dataset/Webshell/e2283c8f5ddf2e86a638ab07f4ee5c03.php,webshell
10,0,4,0,0,0,0,0,6,0,0,0,1,0,0,1,0,2,0,0,0,3130,9154,./Cleaned-Dataset/Webshell/e23bc0f1dfabc4a7a7d9628e195823a7.php,webshell
1,0,0,0,0,0,0,0,0,0,0,0,0,0,0,0,0,0,0,0,0,8,1878,./Cleaned-Dataset/Webshell/e23f60b25ca49ca3d64f3adf352ee0e6.php,webshell
9,0,2,4,2,2,1,0,9,0,0,0,10,78,7,0,8,4,0,1,0,1322,4899,./Cleaned-Dataset/Webshell/e24545cbef890237c44f06c4481766be.php,webshell
1,0,0,0,0,0,0,0,1,1,0,2,0,0,0,0,0,0,0,0,0,4,24,./Cleaned-Dataset/Webshell/e25544aff30501bb0f83620898eaed63.php,webshell
1,0,0,0,0,0,0,0,0,0,0,0,0,0,0,0,0,0,0,0,0,2,83,./Cleaned-Dataset/Webshell/e26357ed1d2b65426d9d7c4d4816177e.php,webshell
1,0,0,0,0,0,0,0,0,0,0,0,0,1,0,0,0,0,0,0,0,1,6,./Cleaned-Dataset/Webshell/e26cf6d65b12b8a92373d411be2a59b8.php,webshell
3,0,7,29,3,3,3,3,2,0,0,0,4,3,331,5,7,7,0,0,0,1831,10354,./Cleaned-Dataset/Webshell/e2830d3286001d1455479849aacbbb38.php,webshell
5,0,3,4,2,2,1,0,2,0,0,0,0,251,0,42,2,1,0,0,0,1649,6600,./Cleaned-Dataset/Webshell/e2b257383a85b16e2bfac0fc6d1775e4.php,webshell
1,0,0,0,0,0,0,0,0,0,0,2,0,0,1,0,0,0,0,0,0,10,73,./Cleaned-Dataset/Webshell/e2b8a1d6f084f300333fa981b50c2140.php,webshell
0,0,0,0,0,0,0,0,0,0,0,0,0,0,0,0,0,0,0,0,0,396,971,./Cleaned-Dataset/Webshell/e2b95bf8ef2901f24f12d70df70be3d6.php,webshell
0,0,0,0,0,0,0,0,0,0,0,0,0,0,1,0,1,0,0,0,0,8,33,./Cleaned-Dataset/Webshell/e2cb37bc3204ab3d07e673cabadf88d8.php,webshell
14,0,2,2,2,2,2,2,7,5,0,0,3,3,0,38,4,0,0,0,0,2344,10781,./Cleaned-Dataset/Webshell/e2d6ca0af583d0aaf02cba369a177575.php,webshell
10,0,4,6,2,2,2,0,3,0,0,0,118,160,0,9,8,0,0,0,0,2537,10007,./Cleaned-Dataset/Webshell/e317c79268b9f15071d0552c426ab8de.php,webshell
14,0,17,9,9,5,7,2,6,0,0,0,67,652,27,17,0,12,0,1,2,7758,24122,./Cleaned-Dataset/Webshell/e331b421e5cd8cbc6e525ee4ae877eb1.php,webshell
0,0,3,7,0,0,0,0,0,0,0,0,0,0,1,0,0,0,0,0,0,200,1567,./Cleaned-Dataset/Webshell/e34766bfed7d5a519e548af06cbc5406.php,webshell
10,0,3,3,3,5,3,0,4,0,0,0,5,65,0,0,2,1,0,0,0,601,1806,./Cleaned-Dataset/Webshell/e34fe6daafeb12396440f14caa3631a5.php,webshell
0,0,0,0,0,0,0,0,0,0,0,0,0,0,1,1,0,0,0,0,0,3,21,./Cleaned-Dataset/Webshell/e37bae567b320664192c860cbd9f4e68.php,webshell
3,0,2,2,2,2,2,3,7,6,5,6,102,41,39,2,2,2,0,1,0,964,4752,./Cleaned-Dataset/Webshell/e39389d19701b365e818464fed422c0a.php,webshell
0,1,0,0,0,0,0,0,0,0,0,0,0,0,1,0,0,0,0,0,0,1,31,./Cleaned-Dataset/Webshell/e3b09d591fcc4cb013ee351b3400573c.php,webshell
0,0,1,1,0,0,0,0,0,0,0,0,0,0,0,0,0,0,0,0,0,57,309,./Cleaned-Dataset/Webshell/e3b461f7464d81f5022419d87315a90d.php,webshell
3,0,4,8,2,3,0,0,0,0,0,0,3,42,0,0,0,1,0,0,0,1080,1882,./Cleaned-Dataset/Webshell/e3e6a73127ecb1486f11e5ceec733c99.php,webshell
10,0,4,0,0,0,0,0,4,0,0,0,1,0,0,1,0,1,0,0,0,2926,9030,./Cleaned-Dataset/Webshell/e408bbaca8ab4f0b6de2f012671c68fb.php,webshell
10,0,10,0,0,1,0,2,22,0,0,0,3,1,2,0,3,0,0,0,0,427,2305,./Cleaned-Dataset/Webshell/e408febde54790b8f96cc7be4bc4a9f3.php,webshell
0,0,0,0,0,0,0,0,1,0,0,0,0,0,0,0,0,0,0,0,0,35,166,./Cleaned-Dataset/Webshell/e41115c658ea710a50f275a2b663077c.php,webshell
0,0,0,0,0,0,0,0,0,0,0,0,1,1,0,0,2,0,0,0,0,28,101,./Cleaned-Dataset/Webshell/e42eb75e2bee190ad5fab232b92f9ae7.php,webshell
0,0,0,0,0,0,0,0,0,0,0,0,0,0,2,0,0,0,0,0,0,4,25,./Cleaned-Dataset/Webshell/e449f48861062e7d052eafafbb67427a.php,webshell
4,0,3,4,2,2,1,0,9,2,0,2,1,230,0,0,2,2,0,1,0,1826,7124,./Cleaned-Dataset/Webshell/e454a7475f2b7d6402b412b1348f2cc8.php,webshell
0,0,0,0,0,0,0,0,0,0,0,0,0,0,0,0,0,0,0,0,0,17,344,./Cleaned-Dataset/Webshell/e473fe4465a3d51b3ac4c115d9a90ae9.php,webshell
0,0,0,0,0,0,0,0,0,0,0,0,0,0,0,0,0,0,0,0,0,34,239,./Cleaned-Dataset/Webshell/e47cd598e02e90a68689318af69cdd01.php,webshell
10,0,6,16,2,2,1,1,8,1,0,0,130,240,0,8,13,0,0,0,0,2742,9198,./Cleaned-Dataset/Webshell/e4b1001eec4b5d415d8dac7fff8661d1.php,webshell
1,0,0,0,2,0,0,0,3,0,0,0,15,29,0,1,2,0,0,1,4,1004,3431,./Cleaned-Dataset/Webshell/e4d04dd9faa26b69a41f0059c3d6c058.php,webshell
0,0,0,0,0,0,0,2,0,0,0,0,0,0,0,0,0,0,0,0,0,38,662,./Cleaned-Dataset/Webshell/e4e95c2631841ffa6d5a10e645dc22eb.php,webshell
0,0,0,0,0,0,0,0,0,0,0,0,0,0,0,0,0,0,0,0,0,21,36,./Cleaned-Dataset/Webshell/e5187aa6e08f97f3092fd05bb7507f8b.php,webshell
1,0,0,0,0,0,0,0,1,1,0,0,0,0,0,0,0,0,0,0,0,1,7,./Cleaned-Dataset/Webshell/e5212bc05378e6c9eff1ce1944af66cb.php,webshell
1,0,0,0,0,0,0,0,1,0,0,0,0,0,0,0,0,0,0,0,0,0,5,./Cleaned-Dataset/Webshell/e52aa513ef46dc18675c16ef6b2353b5.php,webshell
1,0,0,0,0,0,0,0,1,0,0,0,0,1,0,1,0,0,0,0,0,172,632,./Cleaned-Dataset/Webshell/e54028560f1c0144aa2f5f2ab4967f3c.php,webshell
0,0,0,0,0,0,0,0,0,0,0,0,0,0,0,0,0,0,0,0,0,19,504,./Cleaned-Dataset/Webshell/e560917201d9d6f34d87e4b8b4e9b526.php,webshell
10,0,6,3,0,3,1,0,6,0,0,0,3,3,7,2,0,2,0,0,0,3435,14001,./Cleaned-Dataset/Webshell/e574211cfefb3374a354e56e105bf979.php,webshell
0,0,1,2,0,0,0,0,1,0,0,0,1,4,41,1,6,0,0,0,0,252,1093,./Cleaned-Dataset/Webshell/e57cd978725a081e84931961969ed528.php,webshell
0,0,0,0,0,0,0,0,0,0,0,0,0,0,0,0,0,0,0,0,0,17,498,./Cleaned-Dataset/Webshell/e593ea42e5064d2c1283b0e8beb70332.php,webshell
0,0,0,0,0,0,0,0,0,0,0,0,0,0,0,0,0,0,0,0,0,28,145,./Cleaned-Dataset/Webshell/e5a7f5632afa70f14353bf0cd34e6390.php,webshell
0,0,0,0,0,0,0,0,0,0,0,0,0,0,0,1,0,0,0,0,0,28,3609,./Cleaned-Dataset/Webshell/e5a80ced95b30ae97b6bb3c9209abb9d.php,webshell
7,0,3,6,2,2,2,0,2,0,0,0,13,385,0,2,0,4,0,0,0,2998,9754,./Cleaned-Dataset/Webshell/e5b2131dd1db0dbdb43b53c5ce99016a.php,webshell
1,0,0,0,0,0,0,0,0,0,0,0,0,1,0,0,0,0,0,0,0,1,5,./Cleaned-Dataset/Webshell/e5bbdc10e2cb8365dbe1355290b8ad9f.php,webshell
0,0,0,0,0,0,0,0,0,0,0,0,0,0,0,0,0,0,0,0,0,14,31,./Cleaned-Dataset/Webshell/e5be832a631b547e6ffe4e9fafd67a18.php,webshell
1,1,0,0,0,0,0,0,0,0,0,0,0,1,0,0,0,0,0,0,0,2,11,./Cleaned-Dataset/Webshell/e5c0b190ca7843a95c7a8bc0e03d03be.php,webshell
0,0,0,0,0,0,0,0,0,0,0,0,0,0,0,0,0,0,1,0,0,125,676,./Cleaned-Dataset/Webshell/e5d09c452363d2d480d870245e91101c.php,webshell
1,0,1,0,0,0,0,0,1,0,0,0,0,0,2,0,0,0,0,0,0,7,43,./Cleaned-Dataset/Webshell/e5db1032ddde4c81f6f537002731fbbb.php,webshell
0,0,0,0,0,0,0,0,0,0,0,0,0,0,1,0,0,0,0,0,0,131,36,./Cleaned-Dataset/Webshell/e5dbe352683be2f18dc8ea184d062d9d.php,webshell
0,0,0,0,0,0,0,0,0,0,0,0,0,0,0,0,0,0,0,0,0,61,143,./Cleaned-Dataset/Webshell/e5e6ce51d0e541d0e11f446d9df1e22e.php,webshell
0,2,0,0,0,0,0,0,0,0,0,0,0,0,2,0,0,0,0,0,0,9,20,./Cleaned-Dataset/Webshell/e600dd7883ee23bf3335af221f61631e.php,webshell
0,0,0,0,0,0,0,0,0,0,0,0,0,0,0,0,0,0,0,0,0,17,344,./Cleaned-Dataset/Webshell/e60b6678137414d66141200180bf522a.php,webshell
1,0,0,0,0,0,0,0,0,0,0,0,1,0,0,0,0,0,0,0,0,3,33,./Cleaned-Dataset/Webshell/e610a271f656fd27cff5defbf4bd2f0d.php,webshell
0,0,0,0,0,0,0,0,0,0,0,0,0,0,0,0,0,0,0,0,0,2,7,./Cleaned-Dataset/Webshell/e616c18e7044c550aad924aa17083caf.php,webshell
0,0,0,0,0,0,0,0,0,0,0,0,0,0,0,0,0,0,0,0,0,16,341,./Cleaned-Dataset/Webshell/e61acff3423c72982f6352acccd2b291.php,webshell
2,0,0,0,0,0,0,0,2,0,2,0,0,0,0,0,0,0,0,0,0,10,176,./Cleaned-Dataset/Webshell/e61ae33a891cf373088ddfcf2f271a7d.php,webshell
1,0,0,0,0,0,0,0,1,0,1,0,0,0,0,0,0,0,0,0,0,1,14,./Cleaned-Dataset/Webshell/e62a7e0ff860879bff2c0e5fb0ce633b.php,webshell
3,2,0,0,0,0,0,0,0,0,0,0,0,1,0,0,0,0,0,0,0,4,46,./Cleaned-Dataset/Webshell/e62ce3a514b56a9c9a07b042ef7ea1b2.php,webshell
0,0,0,0,0,0,0,0,0,0,0,0,0,0,0,1,0,0,0,0,0,30,60,./Cleaned-Dataset/Webshell/e63b110fad70a00afcbf7f7a3ab0bc1b.php,webshell
0,0,0,0,0,0,0,0,0,0,0,0,0,0,0,0,0,0,0,0,0,325,1531,./Cleaned-Dataset/Webshell/e640f6d7dca9799ccb73543359009e79.php,webshell
10,0,14,9,9,7,8,0,2,0,0,0,3,3,143,0,0,1,0,0,0,1158,4301,./Cleaned-Dataset/Webshell/e66322adaa547dee2c9bae53c2dec4f8.php,webshell
0,0,0,0,0,0,0,0,0,1,0,0,0,0,0,3,0,0,0,0,0,10,104,./Cleaned-Dataset/Webshell/e67ef9481220842444ab0c69dfb7e0b5.php,webshell
13,0,5,26,2,2,1,1,5,1,0,0,55,300,2,1,10,0,0,0,0,2938,9496,./Cleaned-Dataset/Webshell/e69c9f205435c515d6b0d1012e0767e2.php,webshell
0,0,0,0,0,0,0,0,0,0,0,0,0,0,0,0,0,0,0,0,0,20,353,./Cleaned-Dataset/Webshell/e6a1992bd9e222991afb0b1d21c78566.php,webshell
8,0,11,5,4,4,4,5,0,0,0,0,0,64,0,0,4,6,5,6,5,1476,7620,./Cleaned-Dataset/Webshell/e6ac5b34f222abbf774e377d074b93f1.php,webshell
0,0,0,0,0,0,0,0,0,0,0,0,0,1,0,0,0,0,0,0,0,4,11,./Cleaned-Dataset/Webshell/e6b63dc9e72d0d1a6f568758d9717323.php,webshell
0,0,0,0,0,0,0,0,0,0,0,0,0,0,0,0,0,0,0,0,0,20,30,./Cleaned-Dataset/Webshell/e6d48c5a44d6a26d661d81466c7e65c6.php,webshell
0,0,1,0,0,1,0,0,1,0,0,0,12,3,0,3,0,0,0,0,0,166,668,./Cleaned-Dataset/Webshell/e6ea16ef74df66017b5b1c042eecbff3.php,webshell
0,0,0,0,0,0,0,0,0,0,0,0,0,0,2,0,0,0,0,0,0,2,15,./Cleaned-Dataset/Webshell/e72a2c2072efb1ebd5e8c7b855aeac57.php,webshell
0,1,1,0,0,0,0,0,0,0,0,0,0,0,0,0,0,0,0,0,0,1,8,./Cleaned-Dataset/Webshell/e75f168ad1235b775d450bca262a05ca.php,webshell
1,0,0,0,0,0,0,0,0,0,0,0,0,0,0,0,0,0,0,0,0,3,65,./Cleaned-Dataset/Webshell/e770ab08183e002a6f4f1d944b21e343.php,webshell
2,0,0,0,0,0,0,0,0,0,8,0,0,3,0,4,0,0,0,0,0,96,723,./Cleaned-Dataset/Webshell/e7827130ec4d30433139a350dcd1aa09.php,webshell
0,0,0,0,0,0,0,0,0,0,0,0,0,0,0,0,0,0,0,0,0,7,48,./Cleaned-Dataset/Webshell/e78f48f298f3869961be2228df3764f7.php,webshell
0,0,0,0,0,0,0,0,0,0,0,0,0,0,1,0,0,0,0,0,0,3,21,./Cleaned-Dataset/Webshell/e79024578f92218cba575e3ee83c4dee.php,webshell
5,0,9,11,6,6,6,6,3,2,0,0,28,128,0,2,2,0,0,0,0,1814,5849,./Cleaned-Dataset/Webshell/e79084e93651f6a2fcfd377b1dd9030c.php,webshell
2,1,0,0,0,0,0,0,1,0,0,0,0,0,1,0,0,0,0,0,0,23,211,./Cleaned-Dataset/Webshell/e79ebe50463a664aff84392facb14c12.php,webshell
0,0,0,0,0,0,0,0,0,0,0,1,0,1,0,0,0,0,0,0,0,6,14,./Cleaned-Dataset/Webshell/e7a360f1a5336c1beb849d40aabc1ba1.php,webshell
0,1,0,0,0,0,0,0,0,0,0,0,0,0,1,0,0,0,0,0,0,3,13,./Cleaned-Dataset/Webshell/e7cb348420bd055377b8b54a98119ed4.php,webshell
1,0,0,0,0,0,0,0,0,0,0,0,1,3,0,0,0,0,0,0,0,333,1481,./Cleaned-Dataset/Webshell/e7def61a3c8069ff4a6ee0ab0ef0b6ba.php,webshell
0,0,1,0,0,0,0,0,0,0,0,0,0,4,0,0,0,0,0,0,0,7,34,./Cleaned-Dataset/Webshell/e82b33ff66d82602af04091d2f833cf2.php,webshell
0,1,0,0,0,0,0,0,0,0,0,0,0,0,1,0,0,0,0,0,0,3,8,./Cleaned-Dataset/Webshell/e82d9369d54cce6cbbc16d03e5932265.php,webshell
0,2,0,0,0,0,0,0,0,0,0,0,0,1,0,0,0,0,0,0,0,23,48,./Cleaned-Dataset/Webshell/e8410e13c18eaf32358bd5bbfef4ef06.php,webshell
1,0,0,0,0,0,0,0,0,0,0,0,0,1,0,1,0,0,0,0,0,424,2394,./Cleaned-Dataset/Webshell/e842dd927885ec6cb4e59c8d21b40791.php,webshell
0,0,0,0,0,0,0,0,0,0,0,0,0,0,0,0,0,0,0,0,0,19,350,./Cleaned-Dataset/Webshell/e85298e3ab3906b9c4658eb83cab7e52.php,webshell
9,0,3,3,2,2,1,0,3,0,0,0,11,367,0,2,0,3,0,0,0,2816,9016,./Cleaned-Dataset/Webshell/e853bd4808b3834f08d91207b8753cd9.php,webshell
5,0,3,9,3,3,3,3,8,0,0,0,0,134,0,1,6,7,0,0,0,1321,5131,./Cleaned-Dataset/Webshell/e86cb7892abcde7c12500aa6284a2664.php,webshell
12,0,8,8,2,6,4,0,8,0,0,0,3,43,15,2,0,2,0,0,0,3667,13947,./Cleaned-Dataset/Webshell/e86ef1fedc0b53c70c6c5f39400aab4d.php,webshell
6,0,11,6,6,2,0,1,22,8,0,9,116,185,4,0,5,22,0,1,0,3744,12172,./Cleaned-Dataset/Webshell/e8ab3ab5f376e6093792a659781cec15.php,webshell
0,0,0,0,0,0,0,0,0,0,0,0,0,0,0,0,0,0,0,0,0,5,90,./Cleaned-Dataset/Webshell/e8b1b62f0b315303a4ae52f8eca4a334.php,webshell
4,0,3,4,2,2,1,0,4,0,0,0,0,254,0,42,2,1,0,0,0,1807,7154,./Cleaned-Dataset/Webshell/e8ce9ed9c1510f4fc73cbcb3fbf89eae.php,webshell
0,0,0,1,1,0,0,0,0,0,0,0,0,3,0,0,0,0,0,0,0,41,70,./Cleaned-Dataset/Webshell/e8dc3b5a1913cdac20d3546966209820.php,webshell
0,0,0,0,0,0,0,0,0,0,0,0,0,0,1,0,0,0,0,0,0,8,32,./Cleaned-Dataset/Webshell/e8e3b60ecd628e9efb9b7a4a2f2e48f7.php,webshell
0,0,5,5,5,4,5,7,0,0,0,0,4,0,0,0,0,1,0,0,0,359,1268,./Cleaned-Dataset/Webshell/e8ead31d8586d22f21138a76c809c6c5.php,webshell
0,0,0,0,0,0,0,1,0,0,0,0,0,0,16,0,0,0,0,0,0,133,466,./Cleaned-Dataset/Webshell/e8ef02ad5cb108ec79e7b0d33968611d.php,webshell
17,2,15,8,2,2,2,2,20,0,0,0,8,10,0,6,19,5,0,0,0,8048,44500,./Cleaned-Dataset/Webshell/e8fc53c035ef8b3862f2dfa6c6cca063.php,webshell
0,0,0,0,0,0,0,0,0,0,0,0,0,0,0,0,0,0,0,0,0,19,504,./Cleaned-Dataset/Webshell/e8fef38059e3928b3cd6bfd1ff12a8d4.php,webshell
1,0,0,0,0,0,0,0,1,1,0,0,0,0,0,0,0,0,0,0,0,4,16,./Cleaned-Dataset/Webshell/e910398aac92f5c5a70fb49dfaec3501.php,webshell
4,0,8,12,6,6,6,6,2,2,0,0,30,164,0,2,4,0,0,0,0,2722,8905,./Cleaned-Dataset/Webshell/e919fafb108381cb16b54d63749d699a.php,webshell
0,1,0,0,0,0,0,0,0,0,0,0,0,1,0,0,0,0,0,0,0,21,64,./Cleaned-Dataset/Webshell/e91a9eae8effe4e9095d0190d895c0ff.php,webshell
2,0,0,0,0,0,0,0,0,0,0,0,0,0,0,0,0,0,0,0,0,4,147,./Cleaned-Dataset/Webshell/e921e31a46109ac9f97292c90e689e54.php,webshell
0,0,6,5,5,5,5,0,0,0,0,0,5,4,0,3,1,0,0,0,0,706,2417,./Cleaned-Dataset/Webshell/e9220d71e42995668cb16241064750fc.php,webshell
9,0,14,9,9,7,8,0,1,0,0,0,3,3,143,0,0,1,0,0,0,1154,4287,./Cleaned-Dataset/Webshell/e92d844396a4d9509f48059a23fa2bda.php,webshell
5,0,12,24,9,9,7,7,5,2,1,0,31,149,0,2,4,0,0,0,0,2600,8620,./Cleaned-Dataset/Webshell/e96634f41e52d5529291da0fcb53eda3.php,webshell
1,0,2,2,2,2,2,2,1,0,0,0,21,45,5,11,2,0,0,0,0,399,2152,./Cleaned-Dataset/Webshell/e9cb3852f279a215bf2f5ceea179cb8a.php,webshell
8,0,2,5,2,2,1,4,4,0,0,0,0,0,2,2,3,0,0,0,0,1767,7603,./Cleaned-Dataset/Webshell/e9dae5dcf3271f72bf0920925cdc75a0.php,webshell
0,0,0,0,0,0,0,0,0,0,0,0,2,0,0,0,0,0,0,0,0,0,16,./Cleaned-Dataset/Webshell/e9f3cef8e9e68234ef7e80cc37f7dc9f.php,webshell
0,0,1,0,0,0,0,0,0,0,0,0,0,2,0,0,0,0,0,0,0,2,11,./Cleaned-Dataset/Webshell/ea0b8ddad2fb8429f184e256a56ccfc5.php,webshell
1,0,0,0,0,0,0,0,1,1,0,1,0,0,0,0,0,0,0,0,0,2,11,./Cleaned-Dataset/Webshell/ea15c9fe1aa08c2f11a208c2e4b58e72.php,webshell
0,0,2,4,0,0,0,0,4,0,0,0,292,267,0,21,1,0,0,0,0,7286,40725,./Cleaned-Dataset/Webshell/ea1942767f0371996dea08c795fe2d8e.php,webshell
1,0,0,0,0,0,0,0,1,1,0,0,0,0,0,0,0,0,0,0,0,11,35,./Cleaned-Dataset/Webshell/ea1bf53a3ae2ed95cf3f48e8ed79e901.php,webshell
11,0,8,5,2,5,2,0,8,0,0,0,15,9,7,2,0,2,0,0,0,4049,13919,./Cleaned-Dataset/Webshell/ea2afbcb7444c6572f7b3634dd3cfb71.php,webshell
0,0,0,0,0,0,0,0,0,0,0,0,0,0,0,0,0,0,0,0,0,5,16,./Cleaned-Dataset/Webshell/ea40787c13033f8799c263a5e47dbc73.php,webshell
1,0,0,0,0,0,0,0,0,0,0,0,0,0,0,0,0,0,0,0,0,7,5462,./Cleaned-Dataset/Webshell/ea48addfa58006e94998cd9fd916de5e.php,webshell
7,0,4,4,4,4,3,3,3,1,1,1,0,1,221,0,3,0,0,1,0,2622,10772,./Cleaned-Dataset/Webshell/ea56e7d81d85c455bcd819d5da7aba4b.php,webshell
3,0,0,0,0,0,0,0,4,1,0,2,0,3,3,0,2,0,0,0,0,50,309,./Cleaned-Dataset/Webshell/ea898c0f1bae5d3f7e27e808fbd4debd.php,webshell
1,0,0,0,0,0,0,0,1,1,0,2,0,0,0,0,0,0,0,0,0,4,25,./Cleaned-Dataset/Webshell/eacaf531b45a83f8d9f64ae2be270acd.php,webshell
0,0,0,0,0,0,0,0,0,0,0,0,0,0,0,0,0,0,0,0,0,7,71,./Cleaned-Dataset/Webshell/eaf08aeaa0db5b7ee2002780a65dc83d.php,webshell
0,0,0,0,0,0,0,0,0,0,0,0,0,0,0,0,0,0,0,0,0,4477,15,./Cleaned-Dataset/Webshell/eaf7996068bd94fe32db4ba616f3b200.php,webshell
0,0,1,0,0,0,0,0,0,0,0,0,1,0,0,0,0,0,0,0,0,1,13,./Cleaned-Dataset/Webshell/eb029b30ff17bb6df72c4a647924fa96.php,webshell
1,0,0,0,0,0,0,0,1,0,0,0,0,0,0,0,0,0,0,0,1,749,8803,./Cleaned-Dataset/Webshell/eb0bbf3cbabacbae67cfddcad59ca411.php,webshell
0,0,0,0,0,0,0,0,0,0,0,0,1,0,1,0,0,0,0,0,0,4,13,./Cleaned-Dataset/Webshell/eb1d63a5119d9e9c6715c07b4db425af.php,webshell
10,0,6,3,0,3,1,0,6,0,0,0,3,3,7,2,0,2,0,0,0,3435,14001,./Cleaned-Dataset/Webshell/eb1e8244155657c8dc2921a80827f3f4.php,webshell
0,0,5,5,5,8,0,0,0,0,0,0,3,7,0,0,3,0,0,1,0,262,1207,./Cleaned-Dataset/Webshell/eb64682bc40f0094fca2b7f2c1093653.php,webshell
0,0,0,0,0,0,0,0,0,0,0,0,0,2,0,0,0,0,0,0,0,4,15,./Cleaned-Dataset/Webshell/eb86ec5c605b5130b8fa30f50e3d5d1a.php,webshell
0,0,0,0,0,0,0,0,0,0,0,0,1,0,0,0,0,0,0,0,0,19,35,./Cleaned-Dataset/Webshell/eb887d431603abd2ce4041de5b3f31d9.php,webshell
0,0,0,0,0,0,0,0,0,0,0,0,1,0,0,0,0,0,0,0,0,3,6,./Cleaned-Dataset/Webshell/eb8c30e79de1737e853804049f39a4c7.php,webshell
0,0,0,0,0,0,0,0,0,0,0,0,0,0,0,0,0,0,0,0,0,19,350,./Cleaned-Dataset/Webshell/ebd1e8519d4d13698ba01138599c5d4c.php,webshell
1,0,0,0,0,0,0,0,0,0,0,0,0,0,1,0,0,0,0,0,0,1,6,./Cleaned-Dataset/Webshell/ebfd89993cfa878aec9a4463d541983a.php,webshell
1,0,3,4,2,2,1,2,4,0,0,0,0,0,0,0,0,0,0,0,0,335,2746,./Cleaned-Dataset/Webshell/ebfe814220d0c4f0547cd4c23a9f2978.php,webshell
0,0,0,0,0,0,0,0,0,0,0,0,0,0,0,0,0,0,0,0,0,201,1493,./Cleaned-Dataset/Webshell/ec02e43d100b388c9fa583c75f2cc15d.php,webshell
0,0,0,0,0,0,0,0,11,0,0,0,0,0,0,0,0,0,0,0,0,6661,275,./Cleaned-Dataset/Webshell/ec07cc635d47704ce1ca4c106bb2320d.php,webshell
0,0,0,0,0,0,3,0,0,0,0,0,15,30,0,0,0,0,0,0,0,531,2757,./Cleaned-Dataset/Webshell/ec0b7b900021b632cdfbb93ac61c6d1e.php,webshell
1,0,0,0,0,0,0,0,0,0,0,0,0,1,0,0,0,0,0,0,0,8,8,./Cleaned-Dataset/Webshell/ec0f7cd80f4b01a4dc9d10fac7f1c810.php,webshell
0,0,0,0,0,0,0,0,0,0,0,0,0,0,0,0,0,0,0,0,0,17,344,./Cleaned-Dataset/Webshell/ec13ab978ad85f7465e5fa7ec74352bb.php,webshell
0,0,0,0,0,0,0,0,0,0,0,0,0,0,0,0,0,0,0,0,0,18,347,./Cleaned-Dataset/Webshell/ec2b34213a21eefe2b8792dcfeb9bdf6.php,webshell
1,0,8,9,6,6,6,0,0,0,0,0,20,104,0,2,2,0,0,0,0,1408,4663,./Cleaned-Dataset/Webshell/ec4697e5125e84eda5f748221a250229.php,webshell
0,0,0,0,0,0,0,0,0,0,0,0,0,0,0,0,0,0,0,0,0,17,344,./Cleaned-Dataset/Webshell/ec48956764730d0a7fcec2cb47b9d866.php,webshell
6,5,0,0,0,0,0,0,4,0,0,1,2,13,6,0,0,0,0,0,0,55,304,./Cleaned-Dataset/Webshell/ec55cbcd272d7eb4b45c2fb25d8bbd30.php,webshell
0,0,0,0,0,0,0,0,0,0,0,0,0,0,0,0,0,0,0,0,0,18,347,./Cleaned-Dataset/Webshell/ec566bbc27f63166664859aa73c54dbb.php,webshell
0,0,0,0,0,0,0,0,1,0,0,0,5,3,0,0,0,0,0,0,0,1716,5021,./Cleaned-Dataset/Webshell/ec8a4da162f4efab991c01de9619d82a.php,webshell
0,0,0,0,0,0,0,0,1,0,0,0,0,0,2,0,0,0,0,0,0,3,19,./Cleaned-Dataset/Webshell/eca51b981cfcc3be29e07be61a5b1356.php,webshell
0,0,0,0,0,0,0,0,0,0,0,0,1,0,0,0,0,0,0,0,0,1,16,./Cleaned-Dataset/Webshell/ecbc9c06ed734345a15e40a79f8ed940.php,webshell
0,0,0,0,0,1,0,0,0,0,0,0,0,7,0,0,0,3,0,0,0,244,1174,./Cleaned-Dataset/Webshell/ecbe38f85ec691dd56486fb99066a4d2.php,webshell
0,0,0,0,0,0,0,0,0,0,0,0,0,0,0,0,0,0,0,0,0,18,29,./Cleaned-Dataset/Webshell/ecc082a2107ea6127dac041949a9ad0d.php,webshell
2,0,0,0,0,0,0,0,2,1,0,1,0,0,0,0,0,0,0,0,0,8,75,./Cleaned-Dataset/Webshell/ecc204c395155aed4278051fe70cdb9e.php,webshell
0,0,0,0,2,0,0,0,0,0,0,0,0,2,0,0,0,0,0,0,0,142,127,./Cleaned-Dataset/Webshell/ecc9f6fd91aeec4b9d7b2a7e50c8c95b.php,webshell
0,0,0,0,0,0,1,0,0,0,0,0,0,0,0,0,0,0,0,0,0,13,120,./Cleaned-Dataset/Webshell/ecf91602ce5aaf4a923fb3ebd3219f57.php,webshell
10,0,6,16,2,2,1,1,8,1,0,0,129,240,0,8,13,0,0,0,0,2725,9145,./Cleaned-Dataset/Webshell/ed080372fb630065d11635bd5f7baed9.php,webshell
0,0,0,0,0,0,0,0,1,0,0,0,1,0,0,0,0,0,0,0,0,2,21,./Cleaned-Dataset/Webshell/ed5485d794004e68f54f8986d4cf1600.php,webshell
0,0,0,0,0,0,0,0,0,0,0,0,0,0,0,0,0,0,0,0,0,11,110,./Cleaned-Dataset/Webshell/ed5613259d50e69448567a58912a09ca.php,webshell
0,0,0,0,0,0,0,0,0,0,0,0,7,29,0,0,3,0,0,0,0,248,790,./Cleaned-Dataset/Webshell/ed8d96aca0dd938931b99f452d9b2e71.php,webshell
1,0,0,0,0,0,0,0,0,0,0,0,0,0,0,0,0,0,0,0,0,1,10,./Cleaned-Dataset/Webshell/edb29c6ca6d8702d95590dcc570dc091.php,webshell
2,0,2,2,2,2,1,0,0,0,0,0,0,91,0,0,2,0,0,0,0,647,3490,./Cleaned-Dataset/Webshell/edbc3ba23e44d31aec329b68302685b2.php,webshell
7,0,3,3,2,2,1,0,3,0,0,0,8,368,0,11,0,3,0,0,0,2883,8990,./Cleaned-Dataset/Webshell/eddf7a8fde1e50a7f2a817ef7cece24f.php,webshell
0,0,0,0,0,0,0,0,0,0,0,0,0,0,0,0,0,0,0,0,0,19,350,./Cleaned-Dataset/Webshell/ee138920b6033f4af59170556d62b362.php,webshell
0,0,0,0,0,0,0,0,0,0,0,0,0,0,0,0,0,0,0,0,0,0,5,./Cleaned-Dataset/Webshell/ee1d41b6302c58a2231ba16d8aaffad7.php,webshell
0,1,0,0,0,0,0,0,0,0,0,0,0,1,0,0,0,0,0,0,0,4,20,./Cleaned-Dataset/Webshell/ee28d33ca19e9ee42f1c501369af926f.php,webshell
11,0,8,7,2,5,5,0,10,0,0,0,3,33,4,2,2,2,0,0,0,4032,14394,./Cleaned-Dataset/Webshell/ee3f3b059ccca9ad336d15567f2f24bc.php,webshell
0,0,3,3,0,3,1,0,0,0,0,0,0,7,0,0,3,0,0,0,0,38,263,./Cleaned-Dataset/Webshell/ee45a75ac3dadaa80cecca676decdb1c.php,webshell
0,0,0,2,6,0,0,0,0,0,0,0,25,71,0,0,1,0,0,0,3,771,2721,./Cleaned-Dataset/Webshell/ee7a7c80082b8b8b163482a81973ad4c.php,webshell
1,0,0,0,0,0,0,0,0,0,0,0,0,0,0,0,0,0,0,0,0,1,7,./Cleaned-Dataset/Webshell/ee8caef59ce4b7ea42a2fd1898580983.php,webshell
0,0,0,0,0,0,0,0,0,0,0,0,1,0,0,0,4,0,0,0,0,19,44,./Cleaned-Dataset/Webshell/ee945f7a5139d1fe3e161756473862b1.php,webshell
0,0,0,0,0,0,0,0,0,0,0,0,0,1,0,0,0,0,0,0,0,4,20,./Cleaned-Dataset/Webshell/ee94952dc53d9a29bdf4ece54c7a7aa7.php,webshell
0,0,0,0,0,0,0,0,0,0,0,0,2,0,0,0,0,0,0,0,0,7,47,./Cleaned-Dataset/Webshell/ee9ed7c0ca20ee8f7d399efe7dc1230b.php,webshell
0,0,0,0,0,0,0,0,0,0,0,0,0,3,0,0,0,0,0,0,0,37,196,./Cleaned-Dataset/Webshell/eeaa982864cd9b6c823c723c4dbe838e.php,webshell
1,0,0,0,0,0,0,0,0,0,0,0,0,1,0,0,0,0,0,0,0,7,49,./Cleaned-Dataset/Webshell/eeb3f4065f51024789caae37378472ba.php,webshell
0,0,0,0,0,0,0,0,0,0,0,0,0,0,0,0,0,0,0,0,0,1,7,./Cleaned-Dataset/Webshell/eec1a61df6a49588b822203f49081e74.php,webshell
1,0,0,0,0,0,0,0,0,0,0,0,0,0,0,0,0,0,0,0,0,1,10,./Cleaned-Dataset/Webshell/eed03340a08907c535f14af892b78c15.php,webshell
6,0,3,3,2,2,1,0,3,0,0,0,7,330,0,0,0,3,0,0,0,2234,7515,./Cleaned-Dataset/Webshell/eed14de3907c9aa2550d95550d1a2d5f.php,webshell
0,0,0,0,0,0,0,0,0,0,0,0,0,0,0,0,0,0,0,0,0,15,22,./Cleaned-Dataset/Webshell/eedd780f590e3deb0accbec86deecbcc.php,webshell
0,0,0,0,0,0,0,1,0,0,0,0,0,0,16,0,0,0,0,0,0,117,462,./Cleaned-Dataset/Webshell/eedfddf763237251df85af6b541140c5.php,webshell
11,0,5,16,2,2,1,1,5,1,0,0,135,334,1,8,15,2,0,1,0,3398,11396,./Cleaned-Dataset/Webshell/eee64676e1a83535f81bc27c11702a8f.php,webshell
3,0,8,12,3,3,1,1,2,0,0,0,4,3,269,5,5,4,0,0,0,2197,8769,./Cleaned-Dataset/Webshell/eee65ab81d2bae76b640acd348f7765b.php,webshell
0,0,0,0,0,0,0,0,0,0,0,0,0,0,0,0,0,0,0,0,0,16,341,./Cleaned-Dataset/Webshell/eefd16eb43ccc2d2ee49489a1626dd6f.php,webshell
1,0,0,0,0,0,0,0,1,1,0,2,0,0,0,0,0,0,0,0,0,4,26,./Cleaned-Dataset/Webshell/ef0260328b07e557252c34fc9bef9451.php,webshell
1,0,0,0,0,0,0,0,0,0,0,0,0,0,0,0,0,0,0,0,0,1,6,./Cleaned-Dataset/Webshell/ef1ae1c6e410515c0919610ba7e10c83.php,webshell
0,0,0,0,0,0,0,0,0,0,0,0,0,0,0,0,0,0,0,0,0,98,1650,./Cleaned-Dataset/Webshell/ef20a5920633fbf37b29643717fc1ed7.php,webshell
0,0,0,0,0,0,0,0,0,0,0,0,3,0,0,0,0,0,0,0,0,43,114,./Cleaned-Dataset/Webshell/ef2c3718d63c22558372492820214f5c.php,webshell
0,1,0,0,0,0,0,0,0,0,0,0,0,1,0,0,0,0,0,0,0,5,340,./Cleaned-Dataset/Webshell/ef3a9630872602435ca7caab91697216.php,webshell
0,0,0,0,0,0,0,0,0,0,0,0,0,0,0,0,0,0,0,0,0,9,18,./Cleaned-Dataset/Webshell/ef3b2a636a4053264a3ff9db7009600e.php,webshell
7,0,3,3,2,2,1,0,3,0,0,0,8,368,0,11,0,3,0,0,0,2883,8991,./Cleaned-Dataset/Webshell/ef40e65b6a9cf30c56c8c8678d038bbb.php,webshell
6,0,3,3,2,2,1,0,2,0,0,0,11,367,0,2,0,3,0,0,0,2827,9048,./Cleaned-Dataset/Webshell/ef43fef943e9df90ddb6257950b3538f.php,webshell
0,0,8,12,7,8,0,0,0,0,0,0,0,19,0,0,0,0,0,0,0,184,572,./Cleaned-Dataset/Webshell/ef453873e2ec9b0dadf6afb8b8d96ef2.php,webshell
0,0,0,0,0,0,0,0,0,0,0,0,0,0,0,0,0,0,0,0,0,4477,15,./Cleaned-Dataset/Webshell/ef464f4370dffb778fa8ab778d2c71a9.php,webshell
0,0,0,0,0,0,0,0,0,0,0,0,0,0,0,0,0,0,0,0,0,20,353,./Cleaned-Dataset/Webshell/ef5e8cffdcb531e02877e1b7591be113.php,webshell
0,0,2,5,0,0,0,0,1,0,0,0,14,4,22,0,0,0,0,0,0,749,2908,./Cleaned-Dataset/Webshell/ef8828e0bc0641a655de3932199c0527.php,webshell
0,1,0,0,0,0,0,0,0,0,0,0,0,1,0,0,0,0,0,0,0,21,64,./Cleaned-Dataset/Webshell/ef8a9cc982993d9c60496c243afcc3d7.php,webshell
0,0,0,0,0,0,0,0,0,0,0,0,0,0,0,0,0,0,0,0,0,20,353,./Cleaned-Dataset/Webshell/ef8d6840523c5134367d93c5adc036c9.php,webshell
2,0,1,0,0,0,0,0,1,0,0,0,0,0,0,2,0,25,0,0,4,787,5217,./Cleaned-Dataset/Webshell/ef9203d890c8b544db6bf78fe970df84.php,webshell
0,0,0,0,0,0,0,0,0,0,0,0,0,0,0,0,0,0,0,0,0,19,350,./Cleaned-Dataset/Webshell/ef994ff2684a3a2f44dcd55a838571b1.php,webshell
0,0,0,0,0,0,0,0,0,0,0,0,7,29,0,0,3,0,0,0,0,240,750,./Cleaned-Dataset/Webshell/efaf1d21a14db2e9c5c4aee131b5b515.php,webshell
1,0,0,0,0,0,0,0,0,0,0,0,0,1,0,0,0,0,0,0,0,4,33,./Cleaned-Dataset/Webshell/efb8f918106b96ba27be627f0ba7f16c.php,webshell
1,0,0,0,0,0,0,0,0,0,0,0,0,0,0,0,0,0,0,0,0,1,10,./Cleaned-Dataset/Webshell/efbbd4d7346ca15a684f783affbe1a63.php,webshell
4,0,10,7,0,6,6,0,6,0,0,0,99,67,80,2,4,0,0,0,0,1392,5284,./Cleaned-Dataset/Webshell/efc5b4f8d71e924e69cb72a005fd2ce2.php,webshell
7,0,3,3,2,2,1,0,4,0,0,0,8,368,0,11,0,3,0,0,0,2882,8983,./Cleaned-Dataset/Webshell/eff39674c95812ebe1961048e56ee68e.php,webshell
1,0,0,0,0,0,0,0,0,0,0,0,0,0,0,0,0,0,0,0,0,1,8,./Cleaned-Dataset/Webshell/f00712fb04675778b3e07a33d59d0050.php,webshell
7,0,2,6,2,2,1,4,4,0,0,0,0,3,0,2,3,1,0,0,0,2104,8445,./Cleaned-Dataset/Webshell/f01b39e19128bacc55f41a3e905ef2de.php,webshell
0,0,0,0,0,0,0,0,0,0,0,0,0,0,2,0,0,0,0,0,0,3,17,./Cleaned-Dataset/Webshell/f0284e5aac05bdd70be88d809b0c6c6b.php,webshell
0,0,0,0,0,0,0,0,6,0,0,0,0,0,0,0,0,0,0,0,0,13,66,./Cleaned-Dataset/Webshell/f038d0e9ccd5deb8c84bf4b8889e79c0.php,webshell
0,0,0,0,0,0,0,0,0,0,0,0,0,0,0,0,0,0,0,0,0,20,353,./Cleaned-Dataset/Webshell/f03ebf53a1b6a595d93bbc7f8c26aa68.php,webshell
0,0,0,0,0,0,0,0,0,0,0,0,0,0,0,0,0,0,0,0,0,7,13,./Cleaned-Dataset/Webshell/f048267beb530b975b4dcfcf35a965d4.php,webshell
1,0,0,0,0,0,0,0,0,0,0,0,0,0,0,0,0,0,0,0,0,1,10,./Cleaned-Dataset/Webshell/f053f39a8a1878c4f413044675153f29.php,webshell
1,0,0,0,0,0,0,0,0,0,0,0,0,0,0,0,0,0,0,0,0,1,8,./Cleaned-Dataset/Webshell/f0552cc22c0a3ad34234117d070f19d3.php,webshell
1,0,0,0,0,0,0,0,0,0,0,0,0,0,0,0,0,0,0,0,0,1,4,./Cleaned-Dataset/Webshell/f06af6339b76a016ef947e5b9f4a8810.php,webshell
5,0,3,4,2,2,1,0,6,0,0,0,0,293,0,55,3,2,0,0,0,1880,7682,./Cleaned-Dataset/Webshell/f06c836d7743e9c98251eb6ed11af0f6.php,webshell
5,0,3,4,2,2,1,0,6,0,0,0,0,287,0,55,3,2,0,0,0,1876,7701,./Cleaned-Dataset/Webshell/f075c956d8fe05d2dfa751f3972fb0b6.php,webshell
1,0,0,0,0,0,0,0,1,1,0,2,0,0,0,0,0,0,0,0,0,4,25,./Cleaned-Dataset/Webshell/f076493578de67bada56b02c72d0de77.php,webshell
0,0,0,0,0,0,0,0,2,0,0,0,0,4,0,0,0,0,0,0,0,90,450,./Cleaned-Dataset/Webshell/f08ec157fa6e09d71b277ddf3134d9d7.php,webshell
0,0,1,0,0,0,0,0,0,0,0,0,0,0,2,0,0,0,0,0,0,4,25,./Cleaned-Dataset/Webshell/f091d1b9274c881f8e41b2f96e6b9936.php,webshell
0,0,0,0,0,0,0,0,0,0,0,0,0,0,0,0,0,0,0,0,0,4,5,./Cleaned-Dataset/Webshell/f092637e5c891834a7b121c8008619ad.php,webshell
11,0,13,12,4,10,6,0,10,0,0,0,15,48,7,2,0,2,0,0,0,4497,15790,./Cleaned-Dataset/Webshell/f0bc3fd3c9ea05570243f85ea8ba8478.php,webshell
1,0,0,0,0,0,0,0,0,0,0,0,0,0,0,0,0,0,0,0,0,1,8,./Cleaned-Dataset/Webshell/f0c22704626c7d23e23c80fefcc589c8.php,webshell
0,0,0,0,0,0,0,0,0,0,0,0,0,0,0,0,0,0,0,0,0,16,495,./Cleaned-Dataset/Webshell/f0c2b420fd163d12ce4d66518cb89e25.php,webshell
1,0,0,0,0,0,0,0,1,0,0,0,0,0,0,0,0,0,0,0,0,8,32,./Cleaned-Dataset/Webshell/f0dca0b114aa7c1fc54a2f0134d3e546.php,webshell
2,0,0,0,0,0,0,0,2,0,2,0,0,0,0,0,0,0,0,0,0,10,176,./Cleaned-Dataset/Webshell/f0f0747462714bbe7ea55fb49cc056ba.php,webshell
1,0,0,0,0,0,0,0,2,0,0,2,2,2,0,0,0,0,0,0,0,17,108,./Cleaned-Dataset/Webshell/f0f7594a19b024622aea58e8e7e37355.php,webshell
0,0,0,0,0,0,0,0,0,0,0,0,1,0,0,0,4,0,0,0,0,44,97,./Cleaned-Dataset/Webshell/f11a0f522b3d5dd838d518b1a86e676e.php,webshell
1,0,0,0,0,0,0,0,1,1,0,2,0,0,0,0,0,0,0,0,0,6,26,./Cleaned-Dataset/Webshell/f1335f3722c9564bad55bd5a4fcd28f9.php,webshell
0,1,0,0,0,0,0,0,0,0,0,0,0,0,1,0,0,0,0,0,0,1,31,./Cleaned-Dataset/Webshell/f13742554fc9b399a969f87afcb728ba.php,webshell
0,0,0,0,0,0,0,0,1,0,0,0,3,0,0,0,0,0,0,0,0,205,2586,./Cleaned-Dataset/Webshell/f138af058576e58e15da2268a2f510bb.php,webshell
0,0,0,0,0,0,0,0,0,0,0,0,0,0,0,0,0,0,0,0,0,60,150,./Cleaned-Dataset/Webshell/f15c9fe3927cd0e74d8777848353b04a.php,webshell
1,0,0,0,0,0,0,0,0,0,0,0,0,0,0,0,0,0,0,0,0,1,8,./Cleaned-Dataset/Webshell/f1d12746796f95ca5d9bdcf3bac0c735.php,webshell
0,0,0,0,0,0,0,0,0,0,0,0,0,1,0,0,0,0,0,0,0,1,9,./Cleaned-Dataset/Webshell/f20cc64a43716e904e13fc9e18490a9d.php,webshell
0,0,0,0,0,0,0,0,0,0,0,0,1,0,0,0,0,0,0,0,0,19,35,./Cleaned-Dataset/Webshell/f216b8c63097362d40b91cd3e2287aaa.php,webshell
5,0,0,0,0,0,0,0,0,0,0,0,0,4,0,0,0,0,0,0,0,84,105,./Cleaned-Dataset/Webshell/f217b64ba2f597f87a4995551b704fc4.php,webshell
1,0,13,15,11,11,11,0,0,0,0,0,6,53,0,0,2,1,0,0,0,969,4284,./Cleaned-Dataset/Webshell/f217ebd0a183576c6243e114571ff9de.php,webshell
0,1,0,0,0,0,0,0,0,0,0,0,0,0,1,0,0,0,0,0,0,2,20,./Cleaned-Dataset/Webshell/f21b30eac54b1403b4ccdc4f0d72785d.php,webshell
10,0,4,0,0,0,0,0,6,0,0,0,1,0,0,1,0,3,0,0,0,3145,9818,./Cleaned-Dataset/Webshell/f23ed02eaff8eb6a46c588212f7210bd.php,webshell
0,0,0,0,0,0,0,0,0,0,0,0,0,0,0,0,0,0,0,0,0,766,5391,./Cleaned-Dataset/Webshell/f2535e082733f456237df252decd503c.php,webshell
0,0,0,0,0,1,0,0,0,0,0,0,0,0,0,0,0,0,0,0,0,627,2479,./Cleaned-Dataset/Webshell/f26277d322b446c3e0a67aae7d9c7eb6.php,webshell
5,0,3,4,2,2,1,0,6,0,0,0,0,287,0,55,3,2,0,0,0,1963,7777,./Cleaned-Dataset/Webshell/f26296b5608c0549592e08966df6fd0b.php,webshell
7,0,3,3,2,2,1,0,3,0,0,0,8,368,0,11,0,3,0,0,0,2883,8990,./Cleaned-Dataset/Webshell/f2658780fd002b9c41899302b6af88f3.php,webshell
0,0,0,0,0,0,0,2,0,0,0,0,0,0,0,0,0,0,0,0,0,20,325,./Cleaned-Dataset/Webshell/f2780aef224cd6c8e252df90c89d5700.php,webshell
5,0,3,4,2,2,1,0,2,0,0,0,0,251,0,42,2,1,0,0,0,1655,6592,./Cleaned-Dataset/Webshell/f2809c9f0880a66309551db7e7ae7a03.php,webshell
1,0,0,0,0,0,0,0,14,0,13,0,0,0,0,0,0,0,0,0,0,346,1992,./Cleaned-Dataset/Webshell/f2859a497bf5b11ca9115cd203f2c99e.php,webshell
10,0,3,3,3,5,3,0,4,0,0,0,5,65,0,0,2,1,0,0,0,605,1820,./Cleaned-Dataset/Webshell/f288c29189fd729bd07be16c5ffdbcd1.php,webshell
1,0,8,9,6,6,6,0,0,0,0,0,20,104,0,2,2,0,0,0,0,1408,4649,./Cleaned-Dataset/Webshell/f28c8f0a6f2ba1137388245b7429c494.php,webshell
10,0,2,3,2,2,0,1,5,5,0,0,0,0,186,2,3,0,0,0,0,1864,6223,./Cleaned-Dataset/Webshell/f2d1a40a77c614b57a36ad9f03f6d268.php,webshell
0,0,0,0,0,0,0,0,0,0,0,0,0,0,0,0,0,0,0,0,0,7,64,./Cleaned-Dataset/Webshell/f2d65165a8a0e470c0e498a03f88add8.php,webshell
0,0,0,0,0,0,0,0,0,0,0,0,0,0,0,0,2,0,0,0,0,4,16,./Cleaned-Dataset/Webshell/f2e0015d06cb4c1c9dff74a3d4ecfe32.php,webshell
0,0,0,0,0,0,0,0,0,0,0,0,0,1,0,0,0,0,0,0,0,1,12,./Cleaned-Dataset/Webshell/f2f95352cd88e46b3f3e78ea19b0d40e.php,webshell
11,0,6,3,0,3,1,0,7,0,0,0,7,3,7,2,0,2,0,0,0,4138,14443,./Cleaned-Dataset/Webshell/f2fa878de03732fbf5c86d656467ff50.php,webshell
1,0,5,4,2,2,1,0,0,0,0,0,0,2,0,0,0,0,0,0,0,49,421,./Cleaned-Dataset/Webshell/f2febc8afa589c0b9f6a24d0e709429f.php,webshell
12,0,6,3,0,3,1,0,8,0,0,0,7,3,7,2,0,2,0,0,0,4144,14436,./Cleaned-Dataset/Webshell/f31fde37804183fd27fbd88db1af86e1.php,webshell
3,0,0,0,0,0,0,0,3,3,0,6,0,0,0,0,0,0,0,0,0,24,527,./Cleaned-Dataset/Webshell/f34ee39c75fdd981045d6a5596a9702c.php,webshell
0,0,0,0,0,0,0,0,0,0,0,0,0,0,0,0,0,0,0,0,0,18,30,./Cleaned-Dataset/Webshell/f3582d73177cb2d7d4fa71a34911d0bd.php,webshell
11,0,9,0,0,0,0,0,3,0,0,0,0,0,0,0,0,0,0,0,0,2137,7282,./Cleaned-Dataset/Webshell/f370e21eab56c4811b8ba26765d62284.php,webshell
0,0,0,0,0,0,0,0,0,0,0,0,0,4,0,0,0,0,0,0,0,9,55,./Cleaned-Dataset/Webshell/f38e51368b1a5d46afe3f5d48c090471.php,webshell
0,0,0,0,0,0,0,0,0,0,0,0,0,0,0,0,0,0,0,0,0,20,353,./Cleaned-Dataset/Webshell/f38e6ab6474f64baada118780c4a0797.php,webshell
0,1,0,0,0,0,0,0,0,0,0,0,0,0,1,0,0,0,0,0,0,2,15,./Cleaned-Dataset/Webshell/f3990fb8a258b52a0b6d5b1c9e4eab29.php,webshell
0,0,0,0,0,0,0,0,0,0,0,0,0,0,0,0,0,0,0,0,0,4,13,./Cleaned-Dataset/Webshell/f3a1a7746340eb3e77e07bc183fe66cd.php,webshell
13,0,5,26,2,2,1,1,5,1,0,0,55,300,2,1,10,0,0,0,0,2938,9494,./Cleaned-Dataset/Webshell/f3a37b49fe3f586603be910d795b116f.php,webshell
3,0,10,8,0,0,0,0,1,0,0,0,145,108,0,3,3,0,0,0,0,826,3568,./Cleaned-Dataset/Webshell/f3aa2ea75d665a3963a23c0252638f3d.php,webshell
0,1,0,0,0,0,0,0,0,0,0,0,0,1,0,0,0,0,0,0,0,5,340,./Cleaned-Dataset/Webshell/f3b099d00fddd8440c8e503a274b7353.php,webshell
0,0,3,1,0,0,0,0,2,0,0,0,2,4,2,3,0,1,0,0,0,84,948,./Cleaned-Dataset/Webshell/f3b996f5c45f88192bcdc6d937a1d545.php,webshell
0,0,0,0,0,0,0,0,0,0,0,0,0,0,0,0,0,0,0,0,0,4,3,./Cleaned-Dataset/Webshell/f3bad3addc90788798edbcc3d170b0c1.php,webshell
1,0,0,0,0,0,0,0,1,1,0,0,0,0,0,0,0,0,0,0,0,8,120,./Cleaned-Dataset/Webshell/f3be089a4ace867fd64bc76ec184624f.php,webshell
5,0,0,14,0,2,0,0,7,0,0,0,26,77,0,0,46,0,0,0,0,1153,4564,./Cleaned-Dataset/Webshell/f3ca29b7999643507081caab926e2e74.php,webshell
0,0,0,0,4,0,0,0,0,0,0,0,0,2,0,0,0,0,0,0,0,29,45,./Cleaned-Dataset/Webshell/f3e2fc3ffaf392cb9eab4c9d60cf21a3.php,webshell
2,0,2,2,2,2,1,0,0,0,0,0,0,91,0,0,2,0,0,0,0,641,3532,./Cleaned-Dataset/Webshell/f3eee3b0ec8c8633bc77327c9edfaea5.php,webshell
0,0,0,0,3,0,0,0,0,0,0,0,4,4,0,0,3,0,0,0,0,73,325,./Cleaned-Dataset/Webshell/f41366493430654bd17de6261827c750.php,webshell
8,0,8,5,4,4,4,5,0,0,0,0,0,65,0,0,4,6,5,6,5,1249,6238,./Cleaned-Dataset/Webshell/f414d638f95d31f809cf11d2dce69016.php,webshell
0,0,0,0,0,0,0,0,0,0,0,0,0,2,0,0,0,0,0,0,0,10,51,./Cleaned-Dataset/Webshell/f41564c69d9f6859688f1f81d34b400a.php,webshell
0,0,0,0,0,0,0,0,0,0,0,0,0,0,1,0,1,0,0,0,0,8,33,./Cleaned-Dataset/Webshell/f436c8b026a1f847095f1975fd361317.php,webshell
1,0,0,0,0,0,0,0,1,0,0,0,0,6,0,0,0,0,0,0,0,71,276,./Cleaned-Dataset/Webshell/f43cc0032f2e218cf8325bccac25c6a6.php,webshell
1,0,0,0,0,0,0,0,0,0,0,0,0,0,28,0,0,0,0,0,0,187,982,./Cleaned-Dataset/Webshell/f44e5d9ff6d0a1df7ebfb9c02ef6053e.php,webshell
11,0,9,0,0,0,0,0,3,0,0,0,2,2,0,2,5,0,0,0,0,2124,7213,./Cleaned-Dataset/Webshell/f46edd55b4e880b42771e2bed353c7f1.php,webshell
5,0,3,4,2,2,1,0,6,0,0,0,0,287,0,55,3,2,0,0,0,1964,7783,./Cleaned-Dataset/Webshell/f490031f286fb1372ba1fa42cd01e797.php,webshell
0,2,0,0,0,0,0,0,0,0,0,0,0,0,3,0,0,0,0,0,0,10,73,./Cleaned-Dataset/Webshell/f494894599e9fa7f26539cf006e3f4f7.php,webshell
0,1,0,0,0,0,0,0,0,0,0,0,0,1,0,0,0,0,0,0,0,8,39,./Cleaned-Dataset/Webshell/f49994d3ea741ab2960b5becbcd246c6.php,webshell
0,0,0,0,0,0,0,0,0,0,0,0,0,0,0,0,0,0,0,0,0,20,353,./Cleaned-Dataset/Webshell/f4c915ee6603f9dc26f7a502ecff37fd.php,webshell
0,0,2,0,0,0,0,0,0,0,0,0,3,2,4,0,4,0,0,0,0,532,3082,./Cleaned-Dataset/Webshell/f4f5ec96597afc9120166861834cc950.php,webshell
0,1,0,0,0,0,0,0,0,0,0,0,0,1,0,0,0,0,0,0,0,5,340,./Cleaned-Dataset/Webshell/f501cd92f4cdc919a8af124c91a6ffd1.php,webshell
0,0,0,1,0,0,1,0,0,0,0,0,0,0,0,0,0,0,0,0,0,29,114,./Cleaned-Dataset/Webshell/f506e66e8fa03d8c6fddd4938bd55105.php,webshell
2,0,0,0,0,0,0,0,0,0,0,0,1,0,0,0,0,0,0,0,0,1,16,./Cleaned-Dataset/Webshell/f51c0f9311d6aac6525bbda3334876c3.php,webshell
0,0,0,0,0,0,0,0,0,1,0,0,0,4,0,2,0,0,0,0,0,20,123,./Cleaned-Dataset/Webshell/f5255b39bf6150debb248e552af7a362.php,webshell
0,0,2,2,2,0,0,0,0,0,0,0,3,10,0,0,0,0,0,0,0,102,684,./Cleaned-Dataset/Webshell/f52d1bc9ad16042db47bbe365f80eed9.php,webshell
13,0,2,2,2,2,2,2,7,5,0,0,0,0,138,30,3,0,0,0,0,2333,9819,./Cleaned-Dataset/Webshell/f5388606baa455aa3b4cc3871bd527ba.php,webshell
0,0,1,4,0,0,0,0,3,0,0,0,259,250,0,19,5,0,0,0,0,6373,36422,./Cleaned-Dataset/Webshell/f5475977bad585dae968a984d9097a5a.php,webshell
2,0,0,0,0,0,0,0,1,0,0,0,0,0,0,0,0,0,0,0,0,356,142,./Cleaned-Dataset/Webshell/f54d5854d2b8ce9b6465fed32e8014cf.php,webshell
0,0,0,0,0,0,0,0,0,0,0,0,0,0,3,0,0,0,0,0,0,3,22,./Cleaned-Dataset/Webshell/f54dc7f38816b75723397e9aa35b36b1.php,webshell
0,0,0,0,0,0,0,0,0,0,0,0,0,0,0,0,0,0,0,0,0,7,34,./Cleaned-Dataset/Webshell/f57dfd6a9c880edd94fac9029a7e03ff.php,webshell
0,0,0,0,0,0,0,0,0,0,0,0,0,4,0,0,0,0,0,2,0,98,300,./Cleaned-Dataset/Webshell/f593cce6ce79ed5be11d941c3bd730dd.php,webshell
0,0,0,0,0,0,0,0,0,0,0,0,0,0,0,0,0,0,0,0,0,16,41,./Cleaned-Dataset/Webshell/f59503e6af82c336558501a582e7225b.php,webshell
5,0,3,4,2,2,1,0,2,0,0,0,0,251,0,42,2,1,0,0,0,1655,6592,./Cleaned-Dataset/Webshell/f596f8cd38fb35fda8d6e72e17ed78d4.php,webshell
0,0,0,0,2,0,0,0,0,0,0,0,2,4,0,0,3,0,0,0,0,66,314,./Cleaned-Dataset/Webshell/f5b3acb631c15c7668672099f2d3f5f4.php,webshell
0,0,0,0,0,0,0,0,0,0,0,0,0,0,0,0,0,0,0,0,0,16,341,./Cleaned-Dataset/Webshell/f5d013c163325c5edcbee7b7c19da170.php,webshell
0,0,0,0,0,0,0,0,0,0,0,0,1,0,0,0,0,0,0,0,0,3,43,./Cleaned-Dataset/Webshell/f5d721a4225c37480bc91b4da9efb15a.php,webshell
0,0,0,0,0,0,0,0,0,0,0,0,0,0,0,0,0,0,0,0,0,39,47,./Cleaned-Dataset/Webshell/f5e64491a49e40e2c03099317ac7c618.php,webshell
11,0,8,5,2,5,2,0,8,0,0,0,15,9,7,2,0,2,0,0,0,4049,13919,./Cleaned-Dataset/Webshell/f603a59f0fd4f2401c40ec28ddc0391f.php,webshell
0,0,0,0,0,0,0,0,0,0,0,0,2,0,0,0,0,0,0,0,0,5,16,./Cleaned-Dataset/Webshell/f613887d93e54d6179e4f8fbf24a7a5c.php,webshell
14,0,4,2,2,2,1,0,6,0,0,0,1,155,0,0,2,0,0,0,0,1540,5559,./Cleaned-Dataset/Webshell/f618f41f7ebeb5e5076986a66593afd1.php,webshell
1,0,0,0,0,0,0,0,1,0,1,0,0,0,0,0,0,0,0,0,0,10,35,./Cleaned-Dataset/Webshell/f6231b225053b0d6571fe46aaea56f53.php,webshell
0,0,0,0,0,0,0,0,0,0,0,0,1,0,0,0,0,0,0,0,0,1,3,./Cleaned-Dataset/Webshell/f6254a21a9993673a9023b77952765f3.php,webshell
0,0,6,5,5,5,5,0,0,0,0,0,16,26,0,2,2,0,0,0,0,761,2148,./Cleaned-Dataset/Webshell/f627d6d0c989462728933c6155b23e70.php,webshell
3,0,2,0,0,0,0,0,0,0,0,0,3,3,0,0,0,0,0,0,0,0,37,./Cleaned-Dataset/Webshell/f63e099f3a10c500be8398ef803931d0.php,webshell
0,0,0,0,0,0,0,0,0,0,0,0,0,0,0,0,0,0,0,0,0,17,344,./Cleaned-Dataset/Webshell/f670e4ffe4bd382fe5269dfd7a205403.php,webshell
8,0,6,16,2,2,1,1,8,1,0,0,129,240,0,8,13,0,0,0,0,2725,9145,./Cleaned-Dataset/Webshell/f69a7594be7b73cff4b0f6d423990643.php,webshell
1,0,0,0,0,0,0,0,1,0,1,0,0,0,0,0,0,0,0,0,0,2,45,./Cleaned-Dataset/Webshell/f69c72496e21421d9691b59976de857c.php,webshell
1,0,0,0,0,0,0,0,0,0,0,0,0,0,0,0,0,0,0,0,0,2,10,./Cleaned-Dataset/Webshell/f69f06dfe490c8bcba7282db0c515f3a.php,webshell
4,0,4,3,2,5,1,0,0,0,0,0,9,3,2,0,0,0,0,0,0,297,1332,./Cleaned-Dataset/Webshell/f6c0865fefbb535263c6abed8b742f5b.php,webshell
5,0,2,4,2,2,1,0,2,0,0,0,0,246,0,0,2,2,0,0,0,1632,6641,./Cleaned-Dataset/Webshell/f6c26af6feaf54cf6d58f9e4e0713b87.php,webshell
11,0,15,17,4,10,6,0,10,0,0,0,35,48,7,2,0,3,0,0,0,4341,15590,./Cleaned-Dataset/Webshell/f6c48e167df7c1ca7a9994a4c2e8cd43.php,webshell
0,0,0,0,0,0,0,1,0,0,0,0,0,24,0,1,5,0,0,0,0,362,1535,./Cleaned-Dataset/Webshell/f6d38cd6b0d2ec6f55bf8fa5c1a469f1.php,webshell
7,0,6,9,6,0,0,0,4,0,1,0,245,245,0,13,3,0,0,0,0,3444,9558,./Cleaned-Dataset/Webshell/f6ed34c9d4276ffef65b97b77ecb3e7d.php,webshell
11,0,13,12,4,10,6,0,10,0,0,0,15,48,7,2,0,2,0,0,0,4497,15790,./Cleaned-Dataset/Webshell/f6f8421fc9ac29a24ecdc3f90077ec80.php,webshell
0,1,0,0,0,0,0,0,0,0,0,0,0,0,1,0,0,0,0,0,0,3,8,./Cleaned-Dataset/Webshell/f7027812ea0fa2ffd73f093e3467ae76.php,webshell
1,0,0,0,0,0,0,0,0,0,0,0,0,0,0,0,0,0,0,0,0,3,75,./Cleaned-Dataset/Webshell/f71889eb9c528d1ccacbfc27089f5bdc.php,webshell
3,0,10,8,0,0,0,0,1,0,0,0,145,108,0,3,3,0,0,0,0,826,3568,./Cleaned-Dataset/Webshell/f72aa78162c86f10acc80eb0e03fcd88.php,webshell
7,0,11,2,2,2,0,0,2,0,0,0,56,12,0,2,3,0,0,0,0,771,3185,./Cleaned-Dataset/Webshell/f7501e3bd3fe5f23152609568f1141f5.php,webshell
1,0,0,0,0,0,0,0,0,0,0,0,0,0,7,0,0,0,0,0,0,16,68,./Cleaned-Dataset/Webshell/f758a00339ead4351ca529c5fd3b9519.php,webshell
0,0,0,0,0,0,0,0,0,0,0,0,0,1,0,0,0,0,0,0,0,15,9,./Cleaned-Dataset/Webshell/f7714566d634c1d7eb27379388f7335e.php,webshell
0,0,0,0,0,0,0,0,0,0,0,0,0,1,0,0,0,0,0,0,0,6,35,./Cleaned-Dataset/Webshell/f78213380d9802149c839974b188f0d0.php,webshell
1,0,0,0,0,0,0,0,0,0,0,0,0,0,0,0,0,0,0,0,0,1,10,./Cleaned-Dataset/Webshell/f78527689ead632358fe07f9349c29f9.php,webshell
0,0,0,0,0,0,0,0,0,0,0,0,2,0,0,0,5,0,0,0,0,28,83,./Cleaned-Dataset/Webshell/f797dd5d8e13fe5c8898dbe3beb3cc5b.php,webshell
1,0,0,0,0,0,0,0,1,0,0,0,1,0,0,0,6,0,0,0,0,42,168,./Cleaned-Dataset/Webshell/f79c524118467d10ef5a930fe69d257d.php,webshell
0,1,0,0,0,0,0,0,1,0,0,0,0,1,0,0,0,0,0,0,0,5,342,./Cleaned-Dataset/Webshell/f7f1328a6ddb481368aa24a9d29762f9.php,webshell
11,0,6,3,0,3,1,0,8,0,0,0,7,3,7,2,0,2,0,0,0,4142,14435,./Cleaned-Dataset/Webshell/f8129ecde6bdd4232d2fac2dcc11dd19.php,webshell
1,0,13,15,11,11,11,0,0,0,0,0,6,53,0,0,2,1,0,0,0,964,4265,./Cleaned-Dataset/Webshell/f815568d52d66c1c1bef79cdcd83096f.php,webshell
0,1,0,0,0,0,0,0,0,0,0,0,1,0,0,0,0,0,0,0,0,2,9,./Cleaned-Dataset/Webshell/f839ec525fc661dce0d2b0f9c99ae97b.php,webshell
0,0,0,0,0,0,0,0,0,1,0,0,0,4,0,2,0,0,0,0,0,20,123,./Cleaned-Dataset/Webshell/f83b7fbd64f4b264b17af623ff6ba8be.php,webshell
3,0,4,3,3,4,3,3,6,0,0,0,119,142,0,0,6,7,0,0,0,1177,5554,./Cleaned-Dataset/Webshell/f85db2de599745c7167e6cb61c298f75.php,webshell
0,0,0,0,0,0,0,0,0,0,0,0,0,1,0,0,0,0,0,0,0,1,9,./Cleaned-Dataset/Webshell/f8746f252b1963449d89c76a4dd4779b.php,webshell
0,0,0,0,0,0,0,0,0,0,0,0,0,0,0,0,0,0,0,0,0,19,350,./Cleaned-Dataset/Webshell/f87671cafa9fe3cd3c5c89f80a5ec135.php,webshell
0,0,0,0,0,0,0,0,1,0,0,0,0,0,0,1,0,0,0,0,0,1188,44,./Cleaned-Dataset/Webshell/f89ab75eb1a2899ae31e5e9de269898a.php,webshell
0,0,0,0,0,0,0,0,0,1,0,0,0,4,0,2,0,0,0,0,0,45,596,./Cleaned-Dataset/Webshell/f89bc876044035c35536bea3db11c559.php,webshell
1,0,0,0,0,0,0,0,0,0,0,0,0,0,0,0,0,0,0,0,0,1,10,./Cleaned-Dataset/Webshell/f8a5f6596c88579a7e6faeeba3359f40.php,webshell
0,0,0,0,0,0,0,1,0,0,0,0,0,0,19,0,0,0,0,0,0,136,552,./Cleaned-Dataset/Webshell/f8a6d5306fb37414c5c772315a27832f.php,webshell
0,0,0,0,0,0,0,0,0,0,0,0,0,0,0,0,0,0,0,0,0,17,344,./Cleaned-Dataset/Webshell/f8cdbd99e7194593d0b631ec2cba8d44.php,webshell
3,0,3,4,2,2,1,0,1,0,0,0,0,177,0,0,2,2,0,0,0,1331,4999,./Cleaned-Dataset/Webshell/f8ecee782a16b699616f46d27335b881.php,webshell
5,0,3,4,2,2,1,0,6,0,0,0,0,287,0,55,3,2,0,0,0,1990,8091,./Cleaned-Dataset/Webshell/f8fc5f998324606ff34fe5b601a6edf2.php,webshell
0,0,0,0,0,0,0,0,0,0,0,0,0,0,0,0,0,0,0,0,0,84,182,./Cleaned-Dataset/Webshell/f914459bc5abb89630dcdcf95b1917de.php,webshell
0,0,0,0,0,0,0,0,0,0,0,0,0,0,0,0,0,0,0,0,0,26,123,./Cleaned-Dataset/Webshell/f917bd0bc417b8ac3bfaef9b572b40bd.php,webshell
0,0,0,0,0,0,0,0,0,0,0,0,0,0,0,0,0,0,0,0,0,20,353,./Cleaned-Dataset/Webshell/f936d5f401752d325acbe0b9401b0a13.php,webshell
1,0,0,0,0,0,0,0,0,0,0,0,1,0,0,0,0,0,0,0,0,2,10,./Cleaned-Dataset/Webshell/f9391134bab1046530769a9ccd916657.php,webshell
0,0,0,0,0,0,0,0,0,0,0,0,0,0,0,0,2,0,7,0,0,144,1378,./Cleaned-Dataset/Webshell/f943c15529aa0b34c07ca1f493358746.php,webshell
1,0,0,0,0,0,0,0,1,0,0,0,0,0,0,0,0,0,0,0,0,1,5,./Cleaned-Dataset/Webshell/f949e6a767be70e45a10d59457b85402.php,webshell
0,0,0,0,2,0,0,0,0,0,0,0,2,4,0,0,3,0,0,0,0,66,314,./Cleaned-Dataset/Webshell/f94d6606c78de1b948616698c93f3ea1.php,webshell
6,0,0,0,0,0,0,0,0,0,0,0,0,1,0,0,0,0,0,0,0,2,48,./Cleaned-Dataset/Webshell/f97d1b80a2d9a03e77905f815c14d8b1.php,webshell
8,0,2,5,2,2,1,4,4,0,0,0,0,0,2,2,3,0,0,0,0,1750,7583,./Cleaned-Dataset/Webshell/f9ae08305be01371a82b51cfc62d9a6b.php,webshell
0,0,0,0,0,0,0,0,0,0,0,0,1,1,0,0,2,0,0,0,0,9,34,./Cleaned-Dataset/Webshell/f9f3d8c2fae3a5a67a11c1c1b353445d.php,webshell
0,0,0,2,0,0,0,0,6,0,0,0,7,52,7,0,2,0,0,1,0,2364,5018,./Cleaned-Dataset/Webshell/f9ff3184da4199b3c27faef6a37f9795.php,webshell
0,0,1,0,0,0,0,0,0,0,0,0,1,0,0,0,0,0,0,0,0,9,25,./Cleaned-Dataset/Webshell/fa06160b3ffc497afc725d21954e72da.php,webshell
6,0,4,5,2,2,1,0,3,0,0,0,0,269,0,0,2,2,0,0,0,2178,7760,./Cleaned-Dataset/Webshell/fa0a05b09cd538c7a81232a7334f5891.php,webshell
9,0,0,6,0,15,0,0,7,0,0,0,110,88,0,0,42,12,0,0,0,1374,7006,./Cleaned-Dataset/Webshell/fa261e8dc5f376678f02ebecb45038d1.php,webshell
0,0,4,5,4,4,3,0,0,0,0,0,0,4,4,1,2,0,0,0,0,246,1141,./Cleaned-Dataset/Webshell/fa2e47aad5e70611a5aaeb20ee0c63b7.php,webshell
0,0,0,0,0,0,0,0,0,0,0,0,2,2,0,0,0,0,0,0,0,78,368,./Cleaned-Dataset/Webshell/fa5c4c9a0c1b492ab091fefd0e797113.php,webshell
0,1,0,0,0,0,0,0,0,0,0,0,0,0,1,0,0,0,0,0,0,4,15,./Cleaned-Dataset/Webshell/fa5ccc768361c79b16b1ca39a8f851fd.php,webshell
10,0,6,3,0,3,1,0,6,0,0,0,3,3,7,2,0,2,0,0,0,3435,14001,./Cleaned-Dataset/Webshell/fa5e437ab61b4ad5d19fb01918af768b.php,webshell
0,0,2,5,2,2,1,4,0,0,0,0,0,0,2,2,2,0,0,0,0,1076,4395,./Cleaned-Dataset/Webshell/fa8d793893f7e4cec3263f024decb241.php,webshell
9,0,2,4,2,2,1,0,9,0,0,0,10,78,7,0,8,4,0,1,0,1325,4900,./Cleaned-Dataset/Webshell/fadd4aa7a773f2a4929c48028e60b517.php,webshell
0,0,0,0,0,0,0,0,0,0,0,0,0,0,0,0,0,0,0,0,0,413,3093,./Cleaned-Dataset/Webshell/faef6603aef941a33b0e08d552427141.php,webshell
0,0,0,0,0,0,0,0,0,0,0,0,0,2,0,0,0,0,0,0,0,6,12,./Cleaned-Dataset/Webshell/faf03d209feebccc6c14d30c32b38f92.php,webshell
0,1,0,0,0,0,0,0,0,0,0,0,0,1,0,0,0,0,0,0,0,4,20,./Cleaned-Dataset/Webshell/faf9de75f6328150d66a037603b8a214.php,webshell
9,0,2,4,2,2,1,0,9,0,0,0,10,78,7,0,8,4,0,1,0,1322,4899,./Cleaned-Dataset/Webshell/fb01ecd14aa7cd71083fea8fce184710.php,webshell
14,0,17,9,9,5,7,2,6,0,0,0,67,652,27,17,0,12,0,1,2,7758,24122,./Cleaned-Dataset/Webshell/fb034b6772f8388507144a65216954e1.php,webshell
2,0,0,0,0,0,0,0,0,0,0,0,0,0,0,0,0,0,0,0,0,4,146,./Cleaned-Dataset/Webshell/fb037e1ec664d0eaf6b09ecd3d0604d2.php,webshell
1,0,0,0,0,0,0,0,0,0,0,0,0,1,0,0,0,0,0,0,0,0,6,./Cleaned-Dataset/Webshell/fb1fbbc91a8d9075c017fbc99440a703.php,webshell
0,0,3,0,0,0,0,0,0,0,0,0,0,0,0,0,0,0,0,0,0,1200,1235,./Cleaned-Dataset/Webshell/fb2b7c4e7d3a01abe5bae8d19d1fcb4e.php,webshell
1,0,0,0,0,0,0,0,1,0,0,0,0,0,0,0,0,0,0,0,0,0,5,./Cleaned-Dataset/Webshell/fb2c197f8f62fde379a344ba9b1c862f.php,webshell
16,0,6,28,2,2,1,1,5,1,0,0,56,288,2,1,10,1,0,1,0,2879,9356,./Cleaned-Dataset/Webshell/fb55f6f26444bc5e5c0ead80b95c0511.php,webshell
1,0,0,0,0,0,0,0,1,1,0,0,0,0,0,0,0,0,0,0,0,4,16,./Cleaned-Dataset/Webshell/fb730b61ddb062790d8e5ce5370d352d.php,webshell
0,0,0,0,0,0,0,0,0,0,0,0,0,0,0,0,0,0,0,0,0,224,1010,./Cleaned-Dataset/Webshell/fb7d532d3da04b0c462c1c476dea503a.php,webshell
0,0,0,0,0,0,0,0,0,0,0,0,0,0,0,0,0,0,0,0,0,18,347,./Cleaned-Dataset/Webshell/fb93ce7de0b236f014bc6453df696fb2.php,webshell
0,1,0,0,0,0,0,0,0,0,0,0,0,1,0,0,0,0,0,0,0,16,131,./Cleaned-Dataset/Webshell/fba151d9cc5d20b4d9406ce6331dc1ab.php,webshell
0,0,0,0,0,0,0,1,0,0,0,0,0,0,0,0,0,0,0,0,0,9,140,./Cleaned-Dataset/Webshell/fbc28c379d61417a2141eca9ce1a81e1.php,webshell
6,0,0,0,0,0,0,0,0,0,0,0,0,1,0,0,0,0,0,0,0,2,48,./Cleaned-Dataset/Webshell/fbc293b4183f487bf4488d6f07dd8882.php,webshell
0,0,0,0,0,0,0,0,0,0,0,0,0,5,0,0,3,0,0,0,0,38,191,./Cleaned-Dataset/Webshell/fbeb622dcbaac30bb84adf2891108fbf.php,webshell
1,0,0,0,0,0,0,0,0,0,0,0,1,0,1,0,0,0,0,0,0,1,18,./Cleaned-Dataset/Webshell/fbf2e76e6f897f6f42b896c855069276.php,webshell
11,0,6,3,0,3,1,0,7,0,0,0,7,3,7,2,0,2,0,0,0,4398,15206,./Cleaned-Dataset/Webshell/fbf6d11259a39abbc8008520e321d9dc.php,webshell
0,0,0,0,1,0,0,0,0,0,0,0,7,9,0,0,2,0,0,0,0,286,623,./Cleaned-Dataset/Webshell/fbfb4fa83452dd13d7b81e51d4ab5dd2.php,webshell
5,0,3,4,2,2,1,0,2,0,0,0,0,251,0,42,2,1,0,0,0,1655,6592,./Cleaned-Dataset/Webshell/fc08f637ed9fa6668da3f9fc5a8f06bc.php,webshell
7,0,2,6,2,2,1,4,4,0,0,0,0,3,0,2,3,1,0,0,0,2104,8424,./Cleaned-Dataset/Webshell/fc0a162ef6f1b8238a5531cd9bbc9938.php,webshell
1,0,13,15,11,11,11,0,0,0,0,0,6,53,0,0,2,1,0,0,0,973,4269,./Cleaned-Dataset/Webshell/fc1ee2481976c4be26fbb4c5627a7c89.php,webshell
3,0,4,8,2,3,0,0,0,0,0,0,3,42,0,0,0,1,0,0,0,1078,1880,./Cleaned-Dataset/Webshell/fc1fa6db78491a6606bbc79029d72a5f.php,webshell
0,0,1,1,1,0,0,0,0,0,0,0,2,6,0,0,0,1,0,0,0,741,2216,./Cleaned-Dataset/Webshell/fc20a93cf68031ce2b88da3c80318316.php,webshell
0,0,0,0,0,0,0,0,0,0,0,0,0,0,0,0,0,0,0,0,0,70,185,./Cleaned-Dataset/Webshell/fc22c9cd8db770447d62fc8a14934c30.php,webshell
0,0,0,0,0,0,0,0,0,0,0,0,2,0,0,0,0,0,0,0,0,0,9,./Cleaned-Dataset/Webshell/fc3cb8c2c1c04829de23f67b138d5654.php,webshell
0,0,0,0,0,0,0,0,0,0,0,0,0,1,0,0,0,0,0,0,0,8,8,./Cleaned-Dataset/Webshell/fc401612f8d780c775a8eecd6a5ab165.php,webshell
0,1,0,0,0,0,0,0,0,0,0,0,0,1,0,0,0,0,0,0,0,0,47,./Cleaned-Dataset/Webshell/fc4f3797a88a1c619c41a38957c9b8a7.php,webshell
0,0,0,0,0,0,0,0,2,0,0,0,0,0,0,0,0,0,0,0,0,3,18,./Cleaned-Dataset/Webshell/fc5377db3ce427a10b97138d67de4466.php,webshell
0,0,1,0,0,0,0,0,0,0,0,0,0,0,1,0,0,0,0,0,0,1,6,./Cleaned-Dataset/Webshell/fc54a9276c4859ffbe81bc59719987c8.php,webshell
7,0,2,3,2,2,1,0,1,0,0,0,1,5,0,2,4,1,0,0,0,1628,6597,./Cleaned-Dataset/Webshell/fc6cd5e6d7c2b0071de599eed1cc9ca2.php,webshell
9,0,14,9,9,7,8,0,1,0,0,0,3,3,143,0,0,1,0,0,0,1154,4287,./Cleaned-Dataset/Webshell/fc72af78b632dfac91e79638354d9eea.php,webshell
9,0,2,4,2,2,1,0,9,0,0,0,10,78,7,0,8,4,0,1,0,1325,4900,./Cleaned-Dataset/Webshell/fc7c67ca2e48fe395992ebd2a12c4b7d.php,webshell
0,0,0,2,0,0,0,0,6,0,0,0,7,52,7,0,2,0,0,1,0,2252,4894,./Cleaned-Dataset/Webshell/fc84f6349de9339720616cde21f626bb.php,webshell
0,0,0,0,0,0,0,0,0,0,0,0,1,1,0,0,3,1,2,0,1,74,572,./Cleaned-Dataset/Webshell/fca81bebf48ff4c7f77c04b8ae215cd3.php,webshell
6,0,4,5,2,2,1,0,3,0,0,0,0,269,0,0,2,2,0,0,0,2182,7759,./Cleaned-Dataset/Webshell/fcb054541aa1af94da5c8d743d411dc2.php,webshell
0,0,0,0,0,0,0,0,0,0,0,0,0,0,0,0,0,0,0,0,0,4,327,./Cleaned-Dataset/Webshell/fcc2f4994556cc83610892133b7739e4.php,webshell
0,0,0,0,0,0,0,0,0,0,0,0,0,0,0,0,0,0,0,0,0,125,84,./Cleaned-Dataset/Webshell/fcc9f200f592290ee2b98749f1e34e11.php,webshell
0,0,1,0,0,0,0,0,0,0,0,0,0,0,2,0,0,0,0,0,0,4,25,./Cleaned-Dataset/Webshell/fcd01740ca9d0303094378248fdeaea9.php,webshell
2,0,0,0,0,0,0,0,0,0,0,0,0,0,0,0,0,0,0,0,0,4,146,./Cleaned-Dataset/Webshell/fcd8c14720778e3ff8a947ad5ba49859.php,webshell
0,0,0,0,0,0,0,0,0,0,0,0,0,4,0,0,0,1,0,0,0,6,38,./Cleaned-Dataset/Webshell/fce13f8f72356593ed741c4cd219c306.php,webshell
0,0,5,0,0,0,0,0,0,0,0,0,0,0,0,0,0,0,0,0,0,1561,1541,./Cleaned-Dataset/Webshell/fce8e8cc2e0e35eb40f0a25d0f4f0d9e.php,webshell
1,0,0,0,0,0,0,0,1,1,0,0,0,0,0,0,0,0,0,0,0,12,42,./Cleaned-Dataset/Webshell/fcee6226d09d150bfa5f103bee61fbde.php,webshell
0,0,0,0,0,0,0,0,1,0,0,0,1,0,0,0,0,0,0,0,0,47,448,./Cleaned-Dataset/Webshell/fd141197c89d27b30821f3de8627ac38.php,webshell
0,0,0,0,0,0,0,0,0,0,0,0,2,2,0,0,0,0,0,0,0,30,138,./Cleaned-Dataset/Webshell/fd28cf2b36ffdef0a67774908627183b.php,webshell
0,0,0,0,0,0,0,0,2,0,0,0,0,0,2,0,0,0,0,0,0,7,157,./Cleaned-Dataset/Webshell/fd2d146a166594e9cc6ab62110110138.php,webshell
0,0,0,0,0,0,0,0,0,0,0,0,1,1,0,0,3,1,2,0,1,74,572,./Cleaned-Dataset/Webshell/fd47023a126865f8efd43b0c9177acdd.php,webshell
1,0,0,0,0,0,0,0,1,1,0,0,0,0,0,0,0,0,0,0,0,1,44,./Cleaned-Dataset/Webshell/fd78f1f2a5cc8a6a3d8a9cee1695fd76.php,webshell
0,0,0,0,0,0,0,0,1,0,0,0,0,0,0,0,0,0,0,0,0,21,227,./Cleaned-Dataset/Webshell/fd8fcb802df289e56f10ccfbfffb8476.php,webshell
1,0,0,0,0,0,0,0,0,0,0,0,0,0,0,0,0,0,0,0,0,4,14,./Cleaned-Dataset/Webshell/fdb9736b6cf7d4bdd32b489ed56c3be3.php,webshell
0,0,0,0,0,0,0,0,0,0,0,0,0,0,0,0,0,0,0,0,0,18,347,./Cleaned-Dataset/Webshell/fdba80ae58d67e5ec8839621d71b019f.php,webshell
3,0,4,8,2,3,0,0,0,0,0,0,3,42,0,0,0,1,0,0,0,1193,2129,./Cleaned-Dataset/Webshell/fdbf54d5bf3264eb1c4bff1fac548879.php,webshell
9,0,0,6,0,15,0,0,7,0,0,0,111,88,0,0,42,12,0,0,0,1368,6959,./Cleaned-Dataset/Webshell/fdd455a7c3cdc0d794eb8310bf519548.php,webshell
0,1,0,0,0,0,0,0,0,0,0,0,0,0,1,0,0,0,0,0,0,4,27,./Cleaned-Dataset/Webshell/fde248af975bacad2ea54aa49f20c01e.php,webshell
1,1,0,0,0,0,0,0,0,0,0,0,4,1,0,0,0,0,0,0,0,9,93,./Cleaned-Dataset/Webshell/fdf4af5aa699525a79e574403855a7b1.php,webshell
10,0,3,3,3,5,3,0,4,0,0,0,5,65,0,0,2,1,0,0,0,606,1825,./Cleaned-Dataset/Webshell/fe0e150eea28fdcea8da6d65ba110c94.php,webshell
0,0,0,0,0,0,0,0,0,0,0,0,0,0,0,0,0,0,0,0,0,18,347,./Cleaned-Dataset/Webshell/fe1c7de0179a3b7cdf97438f4684003f.php,webshell
1,0,0,0,0,0,0,0,0,0,0,0,0,0,0,0,0,0,0,0,0,30,80,./Cleaned-Dataset/Webshell/fe3b3d79d5f903af0d614b9add4edf53.php,webshell
9,0,0,6,0,15,0,0,7,0,0,0,111,88,0,0,42,12,0,0,0,1366,6958,./Cleaned-Dataset/Webshell/fe5177ca06ccf656dfa357496a802a2b.php,webshell
0,0,0,0,0,0,0,0,0,0,0,0,0,1,0,0,2,0,0,0,0,32,178,./Cleaned-Dataset/Webshell/fe57b774c950b0d3483b4df0699f1271.php,webshell
0,0,0,0,0,0,0,0,0,0,0,0,0,0,0,0,0,0,0,0,0,135,151,./Cleaned-Dataset/Webshell/fe676680ced97b7d224fdb13c37c521a.php,webshell
5,0,3,4,2,2,1,0,2,0,0,0,0,251,0,42,2,1,0,0,0,1649,6600,./Cleaned-Dataset/Webshell/fe7dfe14e6318a2e2a6e748560e6a144.php,webshell
0,0,1,0,0,0,0,0,1,0,0,0,0,0,5,0,0,0,0,0,0,134,1336,./Cleaned-Dataset/Webshell/fea4ae6a9c7d8a43bd286fa39a017eb1.php,webshell
1,0,0,0,0,0,0,0,0,0,0,2,0,0,1,0,0,0,0,0,0,12,89,./Cleaned-Dataset/Webshell/feb14bdf4920b4eaf8990488dd93c3bc.php,webshell
1,0,0,0,0,0,0,0,0,0,0,0,0,0,0,0,0,0,0,0,0,2,83,./Cleaned-Dataset/Webshell/fecb324885be22904a0872aa60953117.php,webshell
2,0,0,0,0,0,0,0,2,1,0,1,0,0,0,0,0,0,0,0,0,8,75,./Cleaned-Dataset/Webshell/fed3ea96208354c11c04165f647cf4c2.php,webshell
0,1,0,0,0,0,0,0,0,0,0,0,0,0,1,0,0,0,0,0,0,2,8,./Cleaned-Dataset/Webshell/fed74314e15ef9f65641c58d416a43e1.php,webshell
0,0,0,0,0,0,0,1,0,0,0,0,0,0,16,0,0,0,0,0,0,133,466,./Cleaned-Dataset/Webshell/feda4b12134ecaced506525afbe63598.php,webshell
0,0,0,0,0,0,0,0,0,0,0,0,0,1,0,0,3,0,0,0,0,14,63,./Cleaned-Dataset/Webshell/fee5a6722abcb26dd0f5d0d3f1c9a276.php,webshell
9,0,5,2,2,2,1,0,10,0,0,0,1,1,7,2,0,3,0,0,0,3884,13037,./Cleaned-Dataset/Webshell/ff112972ac45630b1e1c4f7bae008dfa.php,webshell
13,0,5,26,2,2,1,1,5,1,0,0,55,300,2,1,10,0,0,0,0,2938,9494,./Cleaned-Dataset/Webshell/ff2b4158618d05e8e48d4f914953821c.php,webshell
12,0,3,4,2,2,1,0,0,0,0,0,1,146,2,0,3,4,0,0,0,960,4041,./Cleaned-Dataset/Webshell/ff2f7bd3b935bdfc49fc8e8e97e52665.php,webshell
0,0,0,0,0,0,0,0,0,0,0,0,0,1,0,0,0,0,0,0,0,15,11,./Cleaned-Dataset/Webshell/ff3296c7f500a96189e56427e6855d28.php,webshell
9,0,0,6,0,15,0,0,7,0,0,0,111,88,0,0,42,12,0,0,0,1379,7027,./Cleaned-Dataset/Webshell/ff3826f761d44b7efedbf5089cf77e46.php,webshell
7,0,3,3,2,2,1,0,4,0,0,0,11,367,0,2,0,3,0,0,0,2820,9079,./Cleaned-Dataset/Webshell/ff4bb51ce8715c401933a0e1692066fb.php,webshell
1,0,0,0,0,0,0,0,0,0,0,0,0,0,0,0,0,0,0,0,0,1,10,./Cleaned-Dataset/Webshell/ff5d442907953a0187159e095376b1fe.php,webshell
0,0,0,0,0,0,0,0,0,0,0,0,0,0,0,0,0,0,0,0,0,17,344,./Cleaned-Dataset/Webshell/ff76430f84ae90b4cfe24f028cae27bb.php,webshell
1,0,0,0,0,0,0,0,0,0,0,0,0,0,0,0,0,0,0,0,0,1,8,./Cleaned-Dataset/Webshell/ff797281eb9c0257bdec20c929e34467.php,webshell
0,1,0,0,0,0,0,0,0,0,0,0,0,0,3,0,0,0,0,0,0,4,25,./Cleaned-Dataset/Webshell/ff7dc91b8c431de5222dc5dfe4552e76.php,webshell
1,0,0,0,0,0,0,0,1,0,0,0,0,2,0,0,0,0,0,0,0,4,22,./Cleaned-Dataset/Webshell/ff8e0234e20c3edccf37d240d1bda4dd.php,webshell
2,0,0,0,0,0,0,0,0,0,0,0,0,0,0,0,0,0,0,0,0,7,35,./Cleaned-Dataset/Webshell/ffae041d3fb446d8d32d86b5f39fe4f3.php,webshell
1,0,13,15,11,11,11,0,0,0,0,0,6,53,0,0,2,1,0,0,0,970,4272,./Cleaned-Dataset/Webshell/ffb95456d3cae6a6676c082908d0023b.php,webshell
0,0,4,2,2,2,1,0,0,0,0,0,1,27,0,0,0,0,0,0,0,476,2092,./Cleaned-Dataset/Webshell/ffbc5c7652c367122604c776df3c3b14.php,webshell
1,0,0,0,0,0,0,0,1,0,0,0,1,3,0,0,0,0,0,0,0,2,40,./Cleaned-Dataset/Webshell/ffbd0eac5d5a47ba859d93fc70e30e43.php,webshell
0,0,5,5,5,4,5,7,0,0,0,0,4,0,0,0,0,1,0,0,0,359,1268,./Cleaned-Dataset/Webshell/ffc4a4a1bcb4055693bac0457505dddd.php,webshell
0,2,0,0,0,0,0,0,0,0,0,0,0,1,1,0,0,0,0,0,0,4,14,./Cleaned-Dataset/Webshell/ffd7e5b969e56a23213d703d2f659841.php,webshell
1,0,0,0,0,0,0,0,0,0,0,0,0,1,0,1,0,0,0,0,0,415,2349,./Cleaned-Dataset/Webshell/ffdc00c58e3d0c27f9d1ede37042b3c2.php,webshell
2,0,1,0,0,1,0,0,15,0,0,0,0,1,0,0,0,1,0,5,0,174,1273,./Cleaned-Dataset/Webshell/ffe488e990e44612d168901ebd8324ee.php,webshell
0,0,0,0,0,0,0,0,0,0,0,0,0,40,47,2,3,0,0,0,0,1252,4574,./Cleaned-Dataset/Webshell/ffe5980e2158f295a3a7893268236d88.php,webshell
0,0,4,0,0,0,0,0,0,0,0,0,0,4,0,0,3,0,0,0,0,71,143,./Cleaned-Dataset/Webshell/fff6d6a6bb744db972cb4b6b98e0ae96.php,webshell
0,0,0,0,0,0,0,0,22,0,0,0,6,5,0,0,0,0,0,0,0,434,453,./Cleaned-Dataset/Webshell/fffbc29f7de88e1213a6a5caa3d9301a.php,webshell
